v -180.1667 2.057585 -170.6667
v -170.6667 2.057585 -170.6667
v -170.6667 2.057585 -186.1667
v -180.1667 2.057585 -186.1667
v -170.6667 2.057585 -170.6667
v -128 2.057585 -170.6667
v -128 2.057585 -186.1667
v -170.6667 2.057585 -186.1667
v -128 2.057585 -170.6667
v -85.33333 2.057585 -170.6667
v -85.33333 2.057585 -186.1667
v -128 2.057585 -186.1667
v -42.66667 2.057585 -170.6667
v -51 2.057585 -171.1667
v -53.83334 2.057585 -171.1667
v -85.33334 2.057585 -186.1667
v -79.83334 2.057585 -183.8333
v -78.16667 2.057585 -183.8333
v -85.33334 2.057585 -170.6667
v -81.33334 2.057585 -177
v -81.33334 2.057585 -179.8333
v -85.33334 2.057585 -186.1667
v -79.16667 2.057585 -170.6667
v -79.33334 2.057585 -171.1667
v -80 2.057585 -171.5
v -85.33334 2.057585 -170.6667
v -80.66667 2.057585 -181.5
v -80.16667 2.057585 -181.8333
v -80.33334 2.057585 -183.3333
v -81 2.057585 -173.8333
v -81 2.057585 -176
v -81.33334 2.057585 -177
v -85.33334 2.057585 -170.6667
v -70.66667 2.057585 -170.6667
v -42.66667 2.057585 -170.6667
v -53.83334 2.057585 -171.1667
v -70.5 2.057585 -171.1667
v -42.66667 2.057585 -170.6667
v -42.66667 2.057585 -170.8333
v -43.5 2.057585 -171.1667
v -51 2.057585 -171.1667
v -53.83334 2.057585 -171.1667
v -54.5 2.057585 -171.6667
v -63.83334 2.057585 -171.6667
v -70.5 2.057585 -171.1667
v -85.33334 2.057585 -170.6667
v -80 2.057585 -171.5
v -81 2.057585 -173.8333
v -77 2.057585 -183.5
v -76.33334 2.057585 -182.5
v -74.66667 2.057585 -182.5
v -77 2.057585 -183.5
v -74.66667 2.057585 -182.5
v -73.66667 2.057585 -182.5
v -80.33334 2.057585 -183.3333
v -79.83334 2.057585 -183.8333
v -85.33334 2.057585 -186.1667
v -81.33334 2.057585 -179.8333
v -80.66667 2.057585 -181.5
v -80.33334 2.057585 -183.3333
v -85.33334 2.057585 -186.1667
v -74.66667 2.057585 -182.5
v -76.33334 2.057585 -182.5
v -76.33334 2.057585 -181.1667
v -73.66667 2.057585 -182.5
v -72.66667 2.057585 -181.6667
v -69.83334 2.057585 -181.6667
v -73.66667 2.057585 -182.5
v -69.83334 2.057585 -181.6667
v -69 2.057585 -181.6667
v -85.33334 2.057585 -186.1667
v -78.16667 2.057585 -183.8333
v -77 2.057585 -183.5
v -71.66667 2.057585 -181.1667
v -70.83334 2.057585 -181.1667
v -70.66667 2.057585 -181.5
v -72.66667 2.057585 -181.6667
v -72.5 2.057585 -181.3333
v -69.83334 2.057585 -181.6667
v -72.66667 2.057585 -181.6667
v -70.66667 2.057585 -181.5
v -69 2.057585 -181.6667
v -67.66667 2.057585 -181.3333
v -65.5 2.057585 -181.3333
v -69 2.057585 -181.6667
v -65.5 2.057585 -181.3333
v -64.66667 2.057585 -181.3333
v -63.83334 2.057585 -171.6667
v -66.83334 2.057585 -171.6667
v -70.5 2.057585 -171.1667
v -66.83334 2.057585 -171.6667
v -70.5 2.057585 -171.6667
v -70.5 2.057585 -171.1667
v -43.5 2.057585 -171.1667
v -44.16667 2.057585 -171.8333
v -48.83334 2.057585 -171.8333
v -51 2.057585 -171.1667
v -67.66667 2.057585 -181.3333
v -67.33334 2.057585 -180.8333
v -66.5 2.057585 -180.8333
v -65.5 2.057585 -181.3333
v -64.66667 2.057585 -181.3333
v -63.83334 2.057585 -180.6667
v -62.66667 2.057585 -180.6667
v -57 2.057585 -180.6667
v -55.33334 2.057585 -180.8333
v -54.83334 2.057585 -181.3333
v -64.66667 2.057585 -181.3333
v -61.66667 2.057585 -180.6667
v -64.66667 2.057585 -181.3333
v -62.66667 2.057585 -180.6667
v -61.66667 2.057585 -180.6667
v -53.5 2.057585 -181.3333
v -53.16667 2.057585 -180.8333
v -52.83334 2.057585 -180.8333
v -54.83334 2.057585 -181.3333
v -53.5 2.057585 -181.3333
v -42.66667 2.057585 -186.1667
v -53.5 2.057585 -181.3333
v -52.83334 2.057585 -180.8333
v -51.66667 2.057585 -180.8333
v -51.66667 2.057585 -180.8333
v -50.83334 2.057585 -180.1667
v -50 2.057585 -180.1667
v -46.83334 2.057585 -180.1667
v -44.5 2.057585 -180.5
v -44.33334 2.057585 -180.8333
v -51.66667 2.057585 -180.8333
v -48.5 2.057585 -180.1667
v -51.66667 2.057585 -180.8333
v -50 2.057585 -180.1667
v -48.5 2.057585 -180.1667
v -62.66667 2.057585 -180.6667
v -63.83334 2.057585 -180.6667
v -63.5 2.057585 -180.1667
v -60.5 2.057585 -180
v -60.5 2.057585 -179.1667
v -59 2.057585 -180.1667
v -61.66667 2.057585 -180.6667
v -60.5 2.057585 -180
v -59 2.057585 -180.1667
v -57 2.057585 -180.6667
v -50 2.057585 -180.1667
v -50.83334 2.057585 -180.1667
v -50.66667 2.057585 -179.6667
v -46.83334 2.057585 -180.1667
v -48.5 2.057585 -180.1667
v -48.16667 2.057585 -179.8333
v -70.66667 2.057585 -172.6667
v -69.5 2.057585 -172.6667
v -70.16667 2.057585 -173.3333
v -70.66667 2.057585 -172.6667
v -70.16667 2.057585 -173.3333
v -70.16667 2.057585 -173.8333
v -71 2.057585 -174.5
v -69.5 2.057585 -172.6667
v -70.66667 2.057585 -172.6667
v -70.5 2.057585 -171.6667
v -66.83334 2.057585 -171.6667
v -68 2.057585 -172.6667
v -68.66667 2.057585 -172.6667
v -70.5 2.057585 -171.6667
v -70.5 2.057585 -171.6667
v -68.66667 2.057585 -172.6667
v -69.5 2.057585 -172.6667
v -59.33334 2.057585 -172.1667
v -55 2.057585 -172.1667
v -57.66667 2.057585 -172.6667
v -63.33334 2.057585 -172.1667
v -62.66667 2.057585 -172.1667
v -63.16667 2.057585 -172.5
v -45.83334 2.057585 -172
v -46.16667 2.057585 -172.5
v -46.83334 2.057585 -172.5
v -48.16667 2.057585 -172
v -62.66667 2.057585 -172.1667
v -63.33334 2.057585 -172.1667
v -63.83334 2.057585 -171.6667
v -61.83334 2.057585 -172.1667
v -62.66667 2.057585 -172.1667
v -63.83334 2.057585 -171.6667
v -61.16667 2.057585 -172.1667
v -61.83334 2.057585 -172.1667
v -63.83334 2.057585 -171.6667
v -59.33334 2.057585 -172.1667
v -61.16667 2.057585 -172.1667
v -63.83334 2.057585 -171.6667
v -54.5 2.057585 -171.6667
v -55 2.057585 -172.1667
v -59.33334 2.057585 -172.1667
v -63.83334 2.057585 -171.6667
v -44.16667 2.057585 -171.8333
v -44.33334 2.057585 -172.1667
v -45.83334 2.057585 -172
v -45.83334 2.057585 -172
v -48.16667 2.057585 -172
v -48.83334 2.057585 -171.8333
v -44.16667 2.057585 -171.8333
v -50 2.057585 -171.8333
v -50.33334 2.057585 -171.8333
v -51 2.057585 -171.1667
v -48.83334 2.057585 -171.8333
v -50 2.057585 -171.8333
v -51 2.057585 -171.1667
v -77 2.057585 -183.5
v -73.66667 2.057585 -182.5
v -69 2.057585 -181.6667
v -77 2.057585 -183.5
v -69 2.057585 -181.6667
v -64.66667 2.057585 -181.3333
v -54.83334 2.057585 -181.3333
v -42.66667 2.057585 -186.1667
v -85.33334 2.057585 -186.1667
v -44.33334 2.057585 -180.8333
v -42.66667 2.057585 -181
v -42.66667 2.057585 -186.1667
v -53.5 2.057585 -181.3333
v -51.66667 2.057585 -180.8333
v -20.16667 2.057585 -170.6667
v -20.33333 2.057585 -171
v -25.33333 2.057585 -171
v -27 2.057585 -170.6667
v -42.66667 2.057585 -186.1667
v -24.83333 2.057585 -182.5
v -23.83333 2.057585 -182.5
v -42.66667 2.057585 -186.1667
v -42.66667 2.057585 -181
v -42.33334 2.057585 -180.6667
v -31 2.057585 -180.6667
v -24.83333 2.057585 -182.5
v -25.33333 2.057585 -171
v -26 2.057585 -171
v -27 2.057585 -170.6667
v -29.83333 2.057585 -180.6667
v -26.83333 2.057585 -180.6667
v -24.83333 2.057585 -182.5
v -31 2.057585 -180.6667
v -29.83333 2.057585 -180.6667
v -24.83333 2.057585 -182.5
v -23.83333 2.057585 -182.5
v -22.83333 2.057585 -181.6667
v -20 2.057585 -181.6667
v -23.83333 2.057585 -182.5
v -20 2.057585 -181.6667
v -19 2.057585 -181.6667
v -26 2.057585 -171
v -26.66667 2.057585 -171
v -27 2.057585 -170.6667
v -22.83333 2.057585 -181.6667
v -22.66667 2.057585 -181.3333
v -21.83333 2.057585 -181.1667
v -20.83333 2.057585 -181.1667
v -20 2.057585 -181.6667
v -19 2.057585 -181.6667
v -17.83333 2.057585 -181.3333
v -15.5 2.057585 -181.3333
v -17 2.057585 -170.6667
v 0 2.057585 -170.6667
v -4 2.057585 -171.1667
v -16.66667 2.057585 -171.1667
v -19 2.057585 -181.6667
v -15.5 2.057585 -181.3333
v -14.83333 2.057585 -181.3333
v 0 2.057585 -170.6667
v -1.166668 2.057585 -171.1667
v -4 2.057585 -171.1667
v 0 2.057585 -186.1667
v -3.666668 2.057585 -181.3333
v -1.833332 2.057585 -180.8333
v -15.5 2.057585 -181.3333
v -17.83333 2.057585 -181.3333
v -17.33333 2.057585 -180.8333
v -6.666668 2.057585 -180.8333
v -5.5 2.057585 -180.8333
v -5 2.057585 -181.3333
v -14.83333 2.057585 -181.3333
v -13.5 2.057585 -180
v -12.16667 2.057585 -180
v -14.83333 2.057585 -181.3333
v -12.16667 2.057585 -180
v -11.5 2.057585 -180
v -9.5 2.057585 -180
v -6.666668 2.057585 -180.8333
v -5 2.057585 -181.3333
v -14.83333 2.057585 -181.3333
v -11.5 2.057585 -180
v -3.666668 2.057585 -181.3333
v -3.333332 2.057585 -180.8333
v -2.833332 2.057585 -180.8333
v -23.83333 2.057585 -182.5
v -19 2.057585 -181.6667
v -14.83333 2.057585 -181.3333
v -5 2.057585 -181.3333
v 0 2.057585 -186.1667
v -42.66667 2.057585 -186.1667
v -2.833332 2.057585 -180.8333
v -1.833332 2.057585 -180.8333
v -3.666668 2.057585 -181.3333
v -5 2.057585 -181.3333
v -3.666668 2.057585 -181.3333
v 0 2.057585 -186.1667
v -42.33334 2.057585 -180.6667
v -42.33334 2.057585 -180.3333
v -40.66667 2.057585 -180.5
v -40.66667 2.057585 -180.5
v -31.33333 2.057585 -180.5
v -31 2.057585 -180.6667
v -42.33334 2.057585 -180.6667
v -29.83333 2.057585 -180.6667
v -29.5 2.057585 -180.1667
v -28.83333 2.057585 -180.1667
v -28 2.057585 -180.1667
v -27 2.057585 -180.1667
v -26.83333 2.057585 -180.6667
v -28 2.057585 -180.1667
v -26.83333 2.057585 -180.6667
v -29.83333 2.057585 -180.6667
v -28.83333 2.057585 -180.1667
v -40.66667 2.057585 -180.5
v -40 2.057585 -179.8333
v -39.33334 2.057585 -179.8333
v -33.66667 2.057585 -179.8333
v -31.5 2.057585 -180.1667
v -31.33333 2.057585 -180.5
v -40.66667 2.057585 -180.5
v -37.5 2.057585 -179.8333
v -40.66667 2.057585 -180.5
v -39.33334 2.057585 -179.8333
v -37.5 2.057585 -179.8333
v -27 2.057585 -179.3333
v -27 2.057585 -179
v -26.66667 2.057585 -179
v -27 2.057585 -179.3333
v -26.66667 2.057585 -179
v -26.5 2.057585 -179.3333
v -27 2.057585 -179.6667
v -27 2.057585 -180.1667
v -28 2.057585 -180.1667
v -27 2.057585 -179.6667
v -28 2.057585 -180.1667
v -27 2.057585 -179.3333
v -27 2.057585 -179.6667
v -12.16667 2.057585 -180
v -13.5 2.057585 -180
v -13.5 2.057585 -179.3333
v -11.5 2.057585 -180
v -11 2.057585 -179.1667
v -10.33333 2.057585 -179.1667
v -9.5 2.057585 -180
v -39.33334 2.057585 -179.8333
v -40 2.057585 -179.8333
v -39.83334 2.057585 -179.5
v -35.16667 2.057585 -179.5
v -34.16667 2.057585 -179.5
v -33.66667 2.057585 -179.8333
v -36.83334 2.057585 -179.3333
v -36.66667 2.057585 -178.5
v -35.16667 2.057585 -179.5
v -37.5 2.057585 -179.8333
v -36.83334 2.057585 -179.3333
v -35.16667 2.057585 -179.5
v -33.66667 2.057585 -179.8333
v -6.833332 2.057585 -172.3333
v -7.166668 2.057585 -172.8333
v -7.666668 2.057585 -172.8333
v -9.5 2.057585 -172.1667
v -9.5 2.057585 -172.1667
v -5.166668 2.057585 -172.1667
v -6.833332 2.057585 -172.3333
v -15.83333 2.640918 -172.1667
v -12.66667 2.057585 -172.1667
v -13.16667 2.057585 -172.5
v -15.66667 2.807585 -172.5
v -25 2.057585 -171.1667
v -22.33333 2.057585 -171.1667
v -23.83333 2.057585 -172.3333
v -15.83333 2.640918 -172.1667
v -16.66667 2.057585 -172
v -16.66667 2.057585 -171.1667
v -12.66667 2.057585 -172.1667
v -16.66667 2.057585 -171.1667
v -4 2.057585 -171.1667
v -9.5 2.057585 -172.1667
v -11.33333 2.057585 -172.1667
v -12 2.057585 -172.1667
v -12.66667 2.057585 -172.1667
v -16.66667 2.057585 -171.1667
v -11.33333 2.057585 -172.1667
v -12 2.057585 -172.1667
v -16.66667 2.057585 -171.1667
v -4 2.057585 -171.1667
v -5.166668 2.057585 -172.1667
v -9.5 2.057585 -172.1667
v -35 2.057585 -171.5
v -32.83334 2.057585 -171.5
v -33.66667 2.057585 -172
v -1.833332 2.057585 -180.8333
v -0.8333321 2.057585 -179.8333
v 0 2.057585 -180.1667
v 0 2.057585 -186.1667
v -39 2.057585 -171.5
v -39.5 2.057585 -171.5
v -40.16667 2.057585 -170.8333
v -30.5 2.057585 -170.6667
v -31.33333 2.057585 -171.5
v -32.16667 2.057585 -171.5
v -38 2.057585 -171.5
v -39 2.057585 -171.5
v -40.16667 2.057585 -170.8333
v -30.5 2.057585 -170.6667
v -32.16667 2.057585 -171.5
v -32.83334 2.057585 -171.5
v -40.16667 2.057585 -170.8333
v -42.66667 2.057585 -170.8333
v -42.66667 2.057585 -170.6667
v -30.5 2.057585 -170.6667
v -37.66667 2.057585 -171.5
v -38 2.057585 -171.5
v -40.16667 2.057585 -170.8333
v -30.5 2.057585 -170.6667
v -32.83334 2.057585 -171.5
v -35 2.057585 -171.5
v -35 2.057585 -171.5
v -37.66667 2.057585 -171.5
v -40.16667 2.057585 -170.8333
v -30.5 2.057585 -170.6667
v -21.33333 2.057585 -171.1667
v -20.5 2.057585 -171.1667
v -20.83333 2.057585 -171.5
v -26.66667 2.057585 -171
v -26 2.057585 -171
v -26.66667 2.057585 -171.3333
v -20.33333 2.057585 -171
v -20.5 2.057585 -171.1667
v -21.33333 2.057585 -171.1667
v -20.33333 2.057585 -171
v -21.33333 2.057585 -171.1667
v -22.33333 2.057585 -171.1667
v -25.33333 2.057585 -171
v -20.33333 2.057585 -171
v -22.33333 2.057585 -171.1667
v -25 2.057585 -171.1667
v 0 2.057585 -171.8333
v -0.5 2.057585 -172
v -1.166668 2.057585 -171.1667
v 0 2.057585 -170.6667
v 15.33333 2.057585 -170.6667
v 9.666667 2.057585 -170.8333
v 7 2.057585 -170.8333
v 0 2.057585 -170.6667
v 0 2.057585 -186.1667
v 5.666667 2.057585 -181
v 7.166667 2.057585 -181
v 0 2.057585 -180.1667
v 4 2.057585 -180.5
v 5.666667 2.057585 -181
v 0 2.057585 -186.1667
v 42.66667 2.057585 -186.1667
v 42 2.057585 -178.8333
v 42.66667 2.057585 -178.3333
v 15.33333 2.057585 -170.6667
v 15.33333 2.057585 -170.8333
v 9.666667 2.057585 -170.8333
v 7.166667 2.057585 -181
v 7.5 2.057585 -180.6667
v 19 2.057585 -180.6667
v 7.166667 2.057585 -181
v 19 2.057585 -180.6667
v 20 2.057585 -180.6667
v 0 2.057585 -180.1667
v 2.5 2.057585 -179.8333
v 4 2.057585 -180.5
v 7.5 2.057585 -180.6667
v 7.5 2.057585 -180.5
v 7.833333 2.057585 -180.5
v 7.5 2.057585 -180.6667
v 7.833333 2.057585 -180.5
v 9.166667 2.057585 -180.5
v 9.166667 2.057585 -180.5
v 18.5 2.057585 -180.5
v 19 2.057585 -180.6667
v 7.5 2.057585 -180.6667
v 20 2.057585 -180.6667
v 20.33333 2.057585 -180.1667
v 21 2.057585 -180.1667
v 20 2.057585 -180.6667
v 21 2.057585 -180.1667
v 21.83333 2.057585 -180.1667
v 4 2.057585 -180.5
v 5.333333 2.057585 -180.5
v 5.666667 2.057585 -181
v 9.166667 2.057585 -180.5
v 9.833334 2.057585 -179.8333
v 10.66667 2.057585 -179.8333
v 16.16667 2.057585 -179.8333
v 18.33333 2.057585 -180.1667
v 18.5 2.057585 -180.5
v 9.166667 2.057585 -180.5
v 12.33333 2.057585 -179.8333
v 9.166667 2.057585 -180.5
v 10.66667 2.057585 -179.8333
v 12.33333 2.057585 -179.8333
v 21 2.057585 -180.1667
v 20.33333 2.057585 -180.1667
v 20.33333 2.057585 -179.8333
v 21.83333 2.057585 -180.1667
v 22.16667 2.057585 -180
v 30.66667 2.057585 -180
v 21.83333 2.057585 -180.1667
v 30.66667 2.057585 -180
v 31.33333 2.057585 -180
v 0 2.057585 -186.1667
v 7.166667 2.057585 -181
v 20 2.057585 -180.6667
v 29.5 2.057585 -179.5
v 30 2.057585 -179.5
v 30.66667 2.057585 -180
v 22.16667 2.057585 -180
v 22.66667 2.057585 -179.5
v 23.66667 2.057585 -179.5
v 28.16667 2.057585 -179.5
v 29.5 2.057585 -179.5
v 30.66667 2.057585 -180
v 22.16667 2.057585 -180
v 23.66667 2.057585 -179.5
v 24.83333 2.057585 -179.5
v 24.83333 2.057585 -179.5
v 28.16667 2.057585 -179.5
v 30.66667 2.057585 -180
v 22.16667 2.057585 -180
v 35.16667 2.057585 -170.6667
v 35.5 2.057585 -170.6667
v 35.16667 2.057585 -171
v 26.33333 2.057585 -170.6667
v 26.16667 2.057585 -171
v 24.5 2.057585 -171
v 23.83333 2.057585 -170.6667
v 24.5 2.057585 -171
v 23.83333 2.057585 -171
v 23.83333 2.057585 -170.6667
v 10.66667 2.057585 -179.8333
v 9.833334 2.057585 -179.8333
v 10 2.057585 -179.5
v 14.66667 2.057585 -179.5
v 15.66667 2.057585 -179.5
v 16.16667 2.057585 -179.8333
v 13 2.057585 -179.3333
v 13.16667 2.057585 -178.5
v 14.66667 2.057585 -179.5
v 12.33333 2.057585 -179.8333
v 13 2.057585 -179.3333
v 14.66667 2.057585 -179.5
v 16.16667 2.057585 -179.8333
v 23.66667 2.057585 -179.5
v 22.66667 2.057585 -179.5
v 23 2.057585 -179
v 28.16667 2.057585 -179.5
v 24.83333 2.057585 -179.5
v 25.83333 2.057585 -178.6667
v 27.16667 2.057585 -178.6667
v 30 2.057585 -179.5
v 29.5 2.057585 -179.5
v 29.66667 2.057585 -179.1667
v 34.66667 2.057585 -178.1667
v 35.83334 2.057585 -178.1667
v 36.33334 2.057585 -179
v 33.66667 2.057585 -179.5
v 37.66667 2.057585 -179.5
v 33.66667 2.057585 -179.5
v 36.33334 2.057585 -179
v 20 2.057585 -180.6667
v 21.83333 2.057585 -180.1667
v 31.33333 2.057585 -180
v 42.66667 2.057585 -186.1667
v 0 2.057585 -186.1667
v 38.83334 2.057585 -179.5
v 39.5 2.057585 -178.8333
v 40.5 2.057585 -178.8333
v 31.33333 2.057585 -180
v 37.66667 2.057585 -179.5
v 38.83334 2.057585 -179.5
v 40.5 2.057585 -178.8333
v 39.5 2.057585 -178.8333
v 39.83334 2.057585 -178.3333
v 42.66667 2.057585 -186.1667
v 31.33333 2.057585 -180
v 38.83334 2.057585 -179.5
v 4 2.057585 -172
v 3.666667 2.057585 -172.5
v 2.333333 2.057585 -172
v 42.66667 2.057585 -186.1667
v 38.83334 2.057585 -179.5
v 42 2.057585 -178.8333
v 7 2.057585 -170.8333
v 5.666667 2.057585 -172
v 4 2.057585 -172
v 24.5 2.057585 -171
v 26.16667 2.057585 -171
v 25.66667 2.057585 -172
v 10.33333 2.057585 -171.5
v 10.83333 2.057585 -171.5
v 10.33333 2.057585 -171.8333
v 14.83333 2.057585 -171.5
v 15.66667 2.057585 -171.5
v 16 2.057585 -171.8333
v 15.33333 2.057585 -170.8333
v 15.66667 2.057585 -171.5
v 14.83333 2.057585 -171.5
v 10.83333 2.057585 -171.5
v 10.33333 2.057585 -171.5
v 9.666667 2.057585 -170.8333
v 11.83333 2.057585 -171.5
v 10.83333 2.057585 -171.5
v 9.666667 2.057585 -170.8333
v 12.16667 2.057585 -171.5
v 11.83333 2.057585 -171.5
v 9.666667 2.057585 -170.8333
v 15.33333 2.057585 -170.8333
v 14.83333 2.057585 -171.5
v 12.16667 2.057585 -171.5
v 9.666667 2.057585 -170.8333
v 29 2.057585 -170.6667
v 29.66667 2.057585 -170.6667
v 29 2.057585 -171.5
v 42 2.057585 -170.6667
v 42.66667 2.057585 -170.6667
v 42.66667 2.057585 -171.3333
v 23.66667 2.057585 -171
v 23.83333 2.057585 -171
v 23.5 2.057585 -171.1667
v 23.83333 2.057585 -171
v 23.66667 2.057585 -171
v 23.83333 2.057585 -170.6667
v 31.33333 2.057585 -180
v 33.66667 2.057585 -179.5
v 37.66667 2.057585 -179.5
v 38.83334 2.057585 -179.5
v 40.5 2.057585 -178.8333
v 42 2.057585 -178.8333
v 2.333333 2.057585 -172
v 0 2.057585 -171.8333
v 0 2.057585 -170.6667
v 7 2.057585 -170.8333
v 4 2.057585 -172
v 45.66667 2.057585 -170.6667
v 46.16667 2.057585 -170.6667
v 45.83334 2.057585 -171
v 42.66667 2.057585 -186.1667
v 47.33334 2.057585 -179.3333
v 48.66667 2.057585 -179.3333
v 48.66667 2.057585 -179.3333
v 68.66667 2.057585 -179.3333
v 68.66667 2.057585 -186.1667
v 42.66667 2.057585 -186.1667
v 46.16667 2.057585 -179
v 47 2.057585 -179
v 47.33334 2.057585 -179.3333
v 45.33334 2.057585 -179
v 46.16667 2.057585 -179
v 47.33334 2.057585 -179.3333
v 42.66667 2.057585 -170.6667
v 44.16667 2.057585 -170.6667
v 43.16667 2.057585 -171.3333
v 42.66667 2.057585 -171.3333
v 50.33334 2.057585 -179
v 51.16667 2.057585 -178.1667
v 51.66667 2.057585 -178.1667
v 50.33334 2.057585 -179
v 51.66667 2.057585 -178.1667
v 52.33334 2.057585 -178.1667
v 52.33334 2.057585 -178.1667
v 68.66667 2.057585 -178.1667
v 68.66667 2.057585 -179.3333
v 50.33334 2.057585 -179
v 68.66667 2.057585 -179.3333
v 48.66667 2.057585 -179.3333
v 50.33334 2.057585 -179
v 43.16667 2.057585 -171.3333
v 43.16667 2.057585 -171.6667
v 42.66667 2.057585 -171.3333
v 47 2.057585 -179
v 46.16667 2.057585 -179
v 46.33334 2.057585 -178.6667
v 46.83334 2.057585 -178.6667
v 51.66667 2.057585 -178.1667
v 51.16667 2.057585 -178.1667
v 51.33334 2.057585 -177.8333
v 52.33334 2.057585 -178.1667
v 53 2.057585 -177.5
v 54.33334 2.057585 -177.5
v 52.33334 2.057585 -178.1667
v 54.33334 2.057585 -177.5
v 56.5 2.057585 -177.5
v 56.5 2.057585 -177.5
v 68.66667 2.057585 -177.5
v 68.66667 2.057585 -178.1667
v 52.33334 2.057585 -178.1667
v 53 2.057585 -177.5
v 53.16667 2.057585 -177.1667
v 54 2.057585 -177.1667
v 54.33334 2.057585 -177.5
v 58.5 2.057585 -175.5
v 58.5 2.057585 -174.1667
v 59.33334 2.057585 -172
v 68.66667 2.057585 -170.6667
v 68.66667 2.057585 -177.5
v 59.33334 2.057585 -172
v 59.33334 2.057585 -170.6667
v 68.66667 2.057585 -170.6667
v 68.66667 2.057585 -177.5
v 56.5 2.057585 -177.5
v 57.33334 2.057585 -177.1667
v 68.66667 2.057585 -177.5
v 57.33334 2.057585 -177.1667
v 58.5 2.057585 -175.5
v 54.83334 2.057585 -175.5
v 54.83334 2.057585 -174
v 55.16667 2.057585 -174.3333
v 55.83334 2.057585 -176.3333
v 54.33334 2.057585 -176
v 54.83334 2.057585 -175.5
v 56.5 2.057585 -176.1667
v 55.83334 2.057585 -176.3333
v 54.83334 2.057585 -175.5
v 55.16667 2.057585 -174.3333
v 57.33334 2.057585 -174.3333
v 57.33334 2.057585 -175
v 42.66667 2.057585 -178.3333
v 42.83334 2.057585 -178
v 44 2.057585 -178
v 45.33334 2.057585 -179
v 42.66667 2.057585 -186.1667
v 45.33334 2.057585 -179
v 47.33334 2.057585 -179.3333
v 42.66667 2.057585 -186.1667
v -180.1667 2.057585 -128
v -170.6667 2.057585 -128
v -170.6667 2.057585 -170.6667
v -180.1667 2.057585 -170.6667
v -148.3333 2.057585 -148
v -146.5 2.057585 -149.8333
v -128 2.057585 -170.6667
v -170.6667 2.057585 -170.6667
v -170.6667 2.057585 -128
v -140.8333 2.057585 -153.3333
v -140 2.057585 -153.3333
v -128 2.057585 -170.6667
v -138.5 3.724252 -128
v -138.3333 3.724252 -128
v -138.5 3.724252 -128.3333
v -145.3333 2.057585 -128
v -145.1667 2.057585 -128.3333
v -146.1667 2.057585 -129.1667
v -170.6667 2.057585 -128
v -135.3333 3.724252 -128.8333
v -136.5 3.724252 -128
v -128 4.557585 -128
v -128 4.557585 -128.1667
v -146.6667 2.057585 -132.1667
v -146.3333 2.057585 -134.5
v -147.5 2.057585 -134.6667
v -151.3333 2.057585 -143.3333
v -149.8333 2.057585 -144.8333
v -149.8333 2.057585 -145.5
v -144.8333 2.057585 -150.6667
v -144 2.057585 -150.6667
v -142.8333 2.057585 -152.5
v -146.1667 2.057585 -129.1667
v -146.1667 2.057585 -130.8333
v -146.6667 2.057585 -132.1667
v -147.5 2.057585 -134.6667
v -148.3333 2.057585 -137.1667
v -149.5 2.057585 -137.5
v -135.3333 3.724252 -129.8333
v -135.3333 3.724252 -128.8333
v -128 4.557585 -128.1667
v -142.1667 5.140918 -137.3333
v -139.8333 5.057585 -135.5
v -137.8333 5.057585 -135.5
v -131.3333 5.140918 -140.3333
v -143.1667 5.057585 -140.3333
v -146.1667 2.057585 -129.1667
v -146.6667 2.057585 -132.1667
v -147.5 2.057585 -134.6667
v -149.5 2.057585 -137.5
v -151.3333 2.057585 -139.1667
v -170.6667 2.057585 -128
v -131 2.057585 -152.1667
v -129.8333 2.057585 -151.1667
v -129 2.057585 -151.5
v -137.8333 5.057585 -135.5
v -137.1667 5.140918 -134.1667
v -136.6667 4.890918 -133.8333
v -130.3333 4.724252 -140.3333
v -131.3333 5.140918 -140.3333
v -140 2.057585 -153.3333
v -135.3333 2.057585 -152.5
v -131 2.057585 -152.1667
v -128 2.057585 -170.6667
v -151.3333 2.057585 -143.3333
v -149.8333 2.057585 -145.5
v -148.3333 2.057585 -148
v -170.6667 2.057585 -128
v -170.6667 2.057585 -128
v -151.3333 2.057585 -139.1667
v -151.8333 2.057585 -140.1667
v -140 2.057585 -153.3333
v -139 2.057585 -152.5
v -136 2.057585 -152.5
v -140 2.057585 -153.3333
v -136 2.057585 -152.5
v -135.3333 2.057585 -152.5
v -170.6667 2.057585 -128
v -151.8333 2.057585 -141.8333
v -151.3333 2.057585 -143.3333
v -138.1667 2.057585 -152
v -137.1667 2.057585 -152
v -137 2.057585 -152.3333
v -139 2.057585 -152.5
v -136 2.057585 -152.5
v -139 2.057585 -152.5
v -137 2.057585 -152.3333
v -142.8333 2.057585 -152.5
v -141.5 2.057585 -153.1667
v -128 2.057585 -170.6667
v -170.6667 2.057585 -128
v -151.8333 2.057585 -140.1667
v -151.8333 2.057585 -141.8333
v -134 2.057585 -152.1667
v -131.6667 2.057585 -152.1667
v -135.3333 2.057585 -152.5
v -131.6667 2.057585 -152.1667
v -134 2.057585 -152.1667
v -133.6667 2.057585 -151.6667
v -129.8333 2.057585 -151.1667
v -129.8333 2.057585 -150.8333
v -129 2.057585 -151.5
v -135.3333 2.057585 -152.5
v -131.6667 2.057585 -152.1667
v -131 2.057585 -152.1667
v -141.5 2.057585 -153.1667
v -140.8333 2.057585 -153.3333
v -128 2.057585 -170.6667
v -144.8333 2.057585 -145.3333
v -143.8333 2.057585 -144
v -142.5 2.057585 -145.5
v -142.5 2.057585 -145.5
v -142.5 2.057585 -147
v -143.3333 2.057585 -147.8333
v -143.3333 2.057585 -147.8333
v -144 2.057585 -149.5
v -145.8333 2.057585 -148.6667
v -144.8333 2.057585 -145.3333
v -142.5 2.057585 -145.5
v -143.3333 2.057585 -147.8333
v -145.8333 2.057585 -148.6667
v -146.6667 2.057585 -147.8333
v -147.8333 2.057585 -145.6667
v -136.6667 5.057585 -144.8333
v -137.8333 5.057585 -146.3333
v -138.5 5.057585 -146.3333
v -140.5 5.057585 -145.6667
v -142.1667 5.140918 -144
v -134.8333 5.057585 -144
v -136.6667 5.057585 -144.8333
v -140.5 5.057585 -145.6667
v -142.6667 2.057585 -143
v -142.6667 2.057585 -142.5
v -142.3333 2.057585 -142.5
v -140.8333 2.057585 -144.8333
v -139.6667 2.057585 -144.8333
v -140.3333 2.057585 -145.1667
v -141.1667 2.057585 -145
v -142.3333 2.057585 -142.5
v -141.1667 2.057585 -141.1667
v -141.1667 2.057585 -144.5
v -142.6667 2.057585 -143
v -141.1667 2.057585 -144.5
v -140.8333 2.057585 -144.8333
v -141.1667 2.057585 -145
v -142.3333 2.057585 -142.5
v -141.6667 2.057585 -141.3333
v -141.1667 2.057585 -141.1667
v -141.1667 2.057585 -144.5
v -141.1667 2.057585 -145
v -142.6667 2.057585 -143
v -144.8333 2.057585 -142.6667
v -144.8333 2.057585 -143.1667
v -145.6667 2.057585 -144.1667
v -148.1667 2.057585 -144.1667
v -147 2.057585 -142.6667
v -134 5.057585 -144
v -133.3333 5.140918 -144
v -133.6667 5.057585 -144.3333
v -142.1667 5.140918 -144
v -142.6667 5.057585 -143.5
v -142.6667 5.057585 -142.6667
v -132.6667 5.057585 -143.1667
v -133.3333 5.140918 -144
v -134 5.057585 -144
v -132.6667 5.057585 -143.1667
v -134 5.057585 -144
v -134.8333 5.057585 -144
v -142.6667 5.057585 -142.6667
v -143.1667 5.057585 -141.8333
v -143.1667 5.057585 -140.3333
v -132.3333 5.057585 -141.1667
v -132.6667 5.057585 -143.1667
v -134.8333 5.057585 -144
v -142.1667 5.140918 -144
v -142.6667 5.057585 -142.6667
v -143.1667 5.057585 -140.3333
v -143.1667 5.057585 -140.3333
v -131.3333 5.140918 -140.3333
v -132.3333 5.057585 -141.1667
v -146.6667 2.057585 -140.8333
v -146 2.057585 -140.8333
v -146.8333 2.057585 -141.5
v -146.6667 2.057585 -140.8333
v -146.8333 2.057585 -141.5
v -147.5 2.057585 -141.5
v -147.8333 2.057585 -139.8333
v -148.3333 2.057585 -138.5
v -148 2.057585 -138.5
v -147.8333 2.057585 -139.8333
v -150.3333 2.057585 -140
v -149.3333 2.057585 -143.5
v -150.1667 2.057585 -142.8333
v -150.6667 2.057585 -141.3333
v -150.3333 2.057585 -140
v -147.8333 2.057585 -139.8333
v -147.5 2.057585 -141.5
v -130.8333 3.724252 -143.3333
v -131.5 3.724252 -143.3333
v -131.3333 3.724252 -143
v -130.8333 3.724252 -143.3333
v -131.3333 3.724252 -143
v -129.1667 3.724252 -143
v -129.6667 3.724252 -143.5
v -131.3333 3.724252 -143
v -131 3.724252 -141.6667
v -130.6667 3.724252 -141.6667
v -131 2.057585 -152.1667
v -129 2.057585 -151.5
v -128 2.057585 -151.5
v -128 2.057585 -170.6667
v -129.1667 3.724252 -143
v -131.3333 3.724252 -143
v -130.6667 3.724252 -141.6667
v -129.6667 3.724252 -141.6667
v -142.8333 2.057585 -152.5
v -142 2.057585 -152.5
v -141.5 2.057585 -153.1667
v -146.5 2.057585 -149.8333
v -144.8333 2.057585 -150.6667
v -142.8333 2.057585 -152.5
v -128 2.057585 -170.6667
v -129.1667 3.724252 -143
v -129.6667 3.724252 -141.6667
v -129.3333 4.390918 -140.8333
v -128 3.724252 -143.1667
v -129.1667 3.724252 -143
v -129.3333 4.390918 -140.8333
v -128 4.557585 -128.1667
v -136.6667 4.890918 -133.8333
v -136.1667 3.807585 -131.1667
v -135.3333 3.724252 -129.8333
v -128 4.557585 -128.1667
v -129.3333 4.390918 -140.8333
v -130.3333 4.724252 -140.3333
v -122.8333 4.140918 -128
v -122.8333 4.140918 -128.3333
v -124 4.224252 -128.5
v -124.1667 4.140918 -128
v -128 2.057585 -170.6667
v -121.1667 2.057585 -152.1667
v -119.8333 2.057585 -152.1667
v -128 2.057585 -151.5
v -126.8333 2.057585 -150.8333
v -125.3333 2.057585 -151
v -121.6667 2.057585 -151.6667
v -121.1667 2.057585 -152.1667
v -128 2.057585 -170.6667
v -126.8333 2.057585 -150.8333
v -126.6667 2.057585 -150
v -125.3333 2.057585 -151
v -127 4.557585 -130.8333
v -126.5 4.557585 -131.3333
v -128 3.724252 -143
v -119.8333 2.057585 -152.1667
v -119.5 2.057585 -151.8333
v -110.5 2.057585 -151.8333
v -119.8333 2.057585 -152.1667
v -110.5 2.057585 -151.8333
v -109 2.057585 -151.8333
v -126.5 4.557585 -131.3333
v -125.6667 4.557585 -131.3333
v -123.8333 4.474252 -132.5
v -120.5 3.724252 -142.8333
v -127.5 3.724252 -143
v -128 3.724252 -143
v -119.5 2.057585 -151.8333
v -119.5 2.057585 -151.6667
v -119 2.057585 -151.6667
v -119.5 2.057585 -151.8333
v -119 2.057585 -151.6667
v -118 2.057585 -151.6667
v -118 2.057585 -151.6667
v -110.6667 2.057585 -151.6667
v -110.5 2.057585 -151.8333
v -119.5 2.057585 -151.8333
v -128 4.557585 -128.1667
v -127 4.557585 -130
v -127 4.557585 -130.8333
v -128 3.724252 -143
v -125.6667 4.557585 -131.3333
v -124.1667 4.557585 -132
v -123.8333 4.474252 -132.5
v -108.6667 2.057585 -151.5
v -97.16666 2.057585 -151.5
v -109 2.057585 -151.8333
v -118 2.057585 -151.6667
v -117.1667 2.057585 -151
v -116.3333 2.057585 -151
v -113.1667 2.057585 -151
v -110.8333 2.057585 -151.3333
v -110.6667 2.057585 -151.6667
v -118 2.057585 -151.6667
v -114.8333 2.057585 -151
v -118 2.057585 -151.6667
v -116.3333 2.057585 -151
v -114.8333 2.057585 -151
v -108.6667 2.057585 -151.5
v -108.6667 2.057585 -151.3333
v -108.3333 2.057585 -151.3333
v -108.6667 2.057585 -151.5
v -108.3333 2.057585 -151.3333
v -107 2.057585 -151.3333
v -107 2.057585 -151.3333
v -97.66666 2.057585 -151.3333
v -97.16666 2.057585 -151.5
v -108.6667 2.057585 -151.5
v -96.33333 2.057585 -151.5
v -95.83333 2.057585 -151
v -95.16666 2.057585 -151
v -96.33333 2.057585 -151.5
v -95.16666 2.057585 -151
v -94.33333 2.057585 -151
v -109 2.057585 -151.8333
v -97.16666 2.057585 -151.5
v -96.33333 2.057585 -151.5
v -107 2.057585 -151.3333
v -106.3333 2.057585 -150.6667
v -105.5 2.057585 -150.6667
v -100 2.057585 -150.6667
v -97.83333 2.057585 -151
v -97.66666 2.057585 -151.3333
v -107 2.057585 -151.3333
v -104 2.057585 -150.6667
v -107 2.057585 -151.3333
v -105.5 2.057585 -150.6667
v -104 2.057585 -150.6667
v -116.3333 2.057585 -151
v -117.1667 2.057585 -151
v -117 2.057585 -150.5
v -113.1667 2.057585 -151
v -114.8333 2.057585 -151
v -114.5 2.057585 -150.6667
v -95.16666 2.057585 -151
v -95.83333 2.057585 -151
v -95.83333 2.057585 -150.6667
v -119.8333 2.057585 -152.1667
v -109 2.057585 -151.8333
v -96.33333 2.057585 -151.5
v -85.33333 2.057585 -170.6667
v -128 2.057585 -170.6667
v -120.5 3.724252 -142.8333
v -126.1667 3.724252 -143
v -127.5 3.724252 -143
v -94.33333 2.057585 -151
v -93.5 2.057585 -150.3333
v -92.33333 2.057585 -150.3333
v -113.6667 3.724252 -141.8333
v -116.5 3.724252 -142.6667
v -120.5 3.724252 -142.8333
v -123.8333 4.474252 -132.5
v -122.6667 4.307585 -132.5
v -94.33333 2.057585 -151
v -92.33333 2.057585 -150.3333
v -91.33333 2.057585 -150.3333
v -105.5 2.057585 -150.6667
v -106.3333 2.057585 -150.6667
v -106.1667 2.057585 -150.3333
v -101.5 2.057585 -150.3333
v -100.5 2.057585 -150.3333
v -100 2.057585 -150.6667
v -103.1667 2.057585 -150
v -103.1667 2.057585 -149.1667
v -101.5 2.057585 -150.3333
v -104 2.057585 -150.6667
v -103.1667 2.057585 -150
v -101.5 2.057585 -150.3333
v -100 2.057585 -150.6667
v -92.33333 2.057585 -150.3333
v -93.5 2.057585 -150.3333
v -93.16666 2.057585 -149.8333
v -91.33333 2.057585 -150.3333
v -90.33333 2.057585 -149.5
v -89.33333 2.057585 -149.3333
v -88 2.057585 -150.3333
v -86.16666 2.057585 -150.3333
v -86.83333 2.057585 -150.3333
v -86.5 2.057585 -150
v -120.8333 3.724252 -143
v -122.3333 3.724252 -143.8333
v -124 3.724252 -143.8333
v -126.1667 3.724252 -143
v -112.5 3.724252 -143.5
v -112.1667 3.724252 -143.5
v -112.5 3.724252 -143.8333
v -114 3.724252 -143.8333
v -114.1667 3.724252 -143.5
v -113.6667 3.724252 -143.5
v -113.6667 3.724252 -143.5
v -112.5 3.724252 -143.5
v -112.5 3.724252 -143.8333
v -114 3.724252 -143.8333
v -87.16666 3.724252 -143.1667
v -88.16666 3.724252 -143.6667
v -88.83333 3.724252 -143.1667
v -86 3.724252 -141.8333
v -86.16666 3.724252 -143.1667
v -87.16666 3.724252 -143.1667
v -86 3.724252 -141.8333
v -87.16666 3.724252 -143.1667
v -88.83333 3.724252 -143.1667
v -91.66666 3.724252 -141.8333
v -91.66666 3.724252 -141.8333
v -88.83333 3.724252 -143.1667
v -90.16666 3.724252 -143.1667
v -114 3.724252 -142.6667
v -113.6667 3.724252 -143.5
v -114.1667 3.724252 -143.5
v -115 3.724252 -142.6667
v -112.1667 3.724252 -143.5
v -112.5 3.724252 -143.5
v -112.1667 3.724252 -143.1667
v -111.3333 3.724252 -143.5
v -112.1667 3.724252 -143.5
v -112.1667 3.724252 -143.1667
v -111.3333 3.724252 -143.5
v -112.1667 3.724252 -143.1667
v -112.1667 3.724252 -142.3333
v -110 3.724252 -142.6667
v -105.6667 3.724252 -142.3333
v -105.8333 3.724252 -142.6667
v -110 3.724252 -142.6667
v -112.1667 3.724252 -142.3333
v -116.6667 3.724252 -142.8333
v -117.1667 3.724252 -143.3333
v -117.3333 3.724252 -143
v -119.5 3.724252 -142.8333
v -116.6667 3.724252 -142.8333
v -117.3333 3.724252 -143
v -128 3.724252 -143
v -127.5 3.724252 -143
v -128 3.724252 -143.1667
v -99.5 3.724252 -142.3333
v -99.5 3.724252 -143.1667
v -100 3.724252 -143.1667
v -102.3333 3.724252 -142.3333
v -96.33333 2.057585 -151.5
v -94.33333 2.057585 -151
v -91.33333 2.057585 -150.3333
v -88 2.057585 -150.3333
v -85.33333 2.057585 -150.6667
v -85.33333 2.057585 -170.6667
v -88 2.057585 -150.3333
v -86.83333 2.057585 -150.3333
v -85.33333 2.057585 -150.6667
v -86.83333 2.057585 -150.3333
v -86.16666 2.057585 -150.3333
v -85.33333 2.057585 -150.6667
v -116.5 3.724252 -142.6667
v -116.6667 3.724252 -142.8333
v -119.5 3.724252 -142.8333
v -116.5 3.724252 -142.6667
v -119.5 3.724252 -142.8333
v -120.5 3.724252 -142.8333
v -85.83333 3.724252 -141.6667
v -86 3.724252 -141.8333
v -91.66666 3.724252 -141.8333
v -113.6667 3.724252 -141.8333
v -114 3.724252 -142.6667
v -115 3.724252 -142.6667
v -113.6667 3.724252 -141.8333
v -115 3.724252 -142.6667
v -116.5 3.724252 -142.6667
v -120.5 3.724252 -142.8333
v -120.8333 3.724252 -143
v -126.1667 3.724252 -143
v -97.5 3.724252 -142.1667
v -97 3.724252 -142.1667
v -97.5 3.724252 -142.5
v -99.33333 3.724252 -141.8333
v -99.5 3.724252 -142.3333
v -102.3333 3.724252 -142.3333
v -99.33333 3.724252 -141.8333
v -102.3333 3.724252 -142.3333
v -104 3.724252 -142.3333
v -99.33333 3.724252 -141.8333
v -104 3.724252 -142.3333
v -104.3333 3.724252 -142.3333
v -99.33333 3.724252 -141.8333
v -104.3333 3.724252 -142.3333
v -105.6667 3.724252 -142.3333
v -112.5 3.724252 -141.8333
v -99.33333 3.724252 -141.8333
v -105.6667 3.724252 -142.3333
v -112.1667 3.724252 -142.3333
v -97 3.724252 -142.1667
v -97.5 3.724252 -142.1667
v -97.66666 3.724252 -141.8333
v -92.5 3.724252 -141.8333
v -93 3.724252 -142.1667
v -93.33333 3.724252 -142.1667
v -92.5 3.724252 -141.8333
v -93.33333 3.724252 -142.1667
v -94.16666 3.724252 -142.1667
v -92.5 3.724252 -141.8333
v -94.16666 3.724252 -142.1667
v -95 3.724252 -142.1667
v -97.66666 3.724252 -141.8333
v -92.5 3.724252 -141.8333
v -95 3.724252 -142.1667
v -97 3.724252 -142.1667
v -99.16666 3.724252 -141.6667
v -99.33333 3.724252 -141.8333
v -112.5 3.724252 -141.8333
v -92.5 3.724252 -141.8333
v -97.66666 3.724252 -141.8333
v -97.83333 3.724252 -141.6667
v -97.83333 3.724252 -141.6667
v -85.83333 3.724252 -141.6667
v -91.66666 3.724252 -141.8333
v -92.5 3.724252 -141.8333
v -122.6667 4.307585 -132.5
v -122.3333 4.557585 -132
v -120.8333 4.557585 -131.3333
v -120 4.557585 -131.3333
v -113.6667 3.724252 -141.8333
v -119.3333 4.474252 -130.6667
v -119.5 4.557585 -129.8333
v -118.5 4.557585 -128
v -112.5 3.724252 -141.8333
v -113.6667 3.724252 -141.8333
v -119.3333 4.474252 -130.6667
v -118.5 4.557585 -128
v -85.33333 3.724252 -128
v -99.16666 3.724252 -141.6667
v -85.33333 3.724252 -141.5
v -97.83333 3.724252 -141.6667
v -99.16666 3.724252 -141.6667
v -85.33333 3.724252 -128
v -85.33333 3.724252 -141.5
v -85.83333 3.724252 -141.6667
v -97.83333 3.724252 -141.6667
v -113.6667 3.724252 -141.8333
v -120 4.557585 -131.3333
v -119.3333 4.474252 -130.6667
v -79.83334 2.057585 -170
v -78.83334 2.057585 -170.1667
v -79.16667 2.057585 -170.6667
v -85.33334 2.057585 -170.6667
v -80.83334 2.057585 -161.1667
v -80.83334 2.057585 -162.1667
v -81.33334 2.057585 -162.5
v -80.83334 2.057585 -153.1667
v -79.83334 2.057585 -154
v -80.33334 2.057585 -154.8333
v -81.33334 2.057585 -164
v -80.83334 2.057585 -164.3333
v -81 2.057585 -165.8333
v -81 2.057585 -165.8333
v -80 2.057585 -166.8333
v -80.5 2.057585 -167.8333
v -80.33334 2.057585 -156.1667
v -79 2.057585 -157.3333
v -80 2.057585 -158.5
v -82.33334 2.057585 -150
v -79.83334 2.057585 -150
v -80.83334 2.057585 -152
v -82.83334 2.057585 -150.5
v -80.5 2.057585 -168.8333
v -79.83334 2.057585 -170
v -85.33334 2.057585 -170.6667
v -80 2.057585 -158.5
v -80 2.057585 -159.3333
v -80.83334 2.057585 -161.1667
v -80.83334 2.057585 -153.1667
v -80.33334 2.057585 -154.8333
v -80.33334 2.057585 -156.1667
v -81 2.057585 -165.8333
v -80.5 2.057585 -167.8333
v -80.5 2.057585 -168.8333
v -82.83334 2.057585 -150.5
v -80.83334 2.057585 -152
v -80.83334 2.057585 -153.1667
v -85.33334 2.057585 -150.6667
v -80 2.057585 -158.5
v -80.83334 2.057585 -161.1667
v -81.33334 2.057585 -162.5
v -81.33334 2.057585 -164
v -81 2.057585 -165.8333
v -80.5 2.057585 -168.8333
v -85.33334 2.057585 -170.6667
v -81.33334 2.057585 -162.5
v -81.33334 2.057585 -164
v -85.33334 2.057585 -170.6667
v -80.83334 2.057585 -153.1667
v -80.33334 2.057585 -156.1667
v -80 2.057585 -158.5
v -81.33334 2.057585 -162.5
v -85.33334 2.057585 -170.6667
v -85.33334 2.057585 -150.6667
v -70.66667 2.057585 -170.6667
v -71 2.057585 -167.8333
v -59.83334 2.057585 -167.8333
v -70.66667 2.057585 -170.6667
v -59.83334 2.057585 -167.8333
v -59 2.057585 -167.8333
v -66 2.557585 -134.5
v -66.66667 2.557585 -134.1667
v -67.83334 2.057585 -132.5
v -61.5 2.057585 -167.6667
v -60 2.057585 -167.6667
v -59.83334 2.057585 -167.8333
v -62.83334 2.057585 -167.6667
v -61.5 2.057585 -167.6667
v -59.83334 2.057585 -167.8333
v -62.83334 2.057585 -167.6667
v -59.83334 2.057585 -167.8333
v -71 2.057585 -167.8333
v -71 2.057585 -167.6667
v -59 2.057585 -167.8333
v -56.5 2.057585 -166.6667
v -55.66667 2.057585 -166.6667
v -59 2.057585 -167.8333
v -55.66667 2.057585 -166.6667
v -54 2.057585 -166.6667
v -59 2.057585 -167.8333
v -54 2.057585 -166.6667
v -53.33334 2.057585 -166.6667
v -72.83334 2.057585 -128.1667
v -73.33334 2.307585 -128.1667
v -74.5 2.057585 -128
v -64.66667 2.057585 -167
v -63.83334 2.057585 -167
v -62.83334 2.057585 -167.6667
v -66.16667 2.057585 -167
v -64.66667 2.057585 -167
v -62.83334 2.057585 -167.6667
v -66.16667 2.057585 -167
v -62.83334 2.057585 -167.6667
v -71 2.057585 -167.6667
v -71.16667 2.057585 -167
v -60 2.057585 -167.6667
v -61.5 2.057585 -167.6667
v -60.83334 2.057585 -166.8333
v -72.33334 2.057585 -161
v -72.66667 2.057585 -160.8333
v -72.16667 2.057585 -159.5
v -68 2.057585 -159.8333
v -68.16667 2.057585 -161.1667
v -68.16667 2.057585 -162
v -67.66667 2.057585 -162.5
v -67.83334 2.057585 -164.3333
v -71.33334 2.057585 -164
v -71.33334 2.057585 -164
v -72.33334 2.057585 -162.8333
v -72.33334 2.057585 -161
v -68.16667 2.057585 -161.1667
v -68.16667 2.057585 -162
v -67.5 2.057585 -165.8333
v -66.16667 2.057585 -167
v -71.16667 2.057585 -167
v -72.16667 2.057585 -159.5
v -67.66667 2.057585 -159.5
v -68 2.057585 -159.8333
v -67.5 2.057585 -165.8333
v -71.16667 2.057585 -167
v -71.33334 2.057585 -164
v -67.83334 2.057585 -164.3333
v -63.83334 2.057585 -167
v -64.66667 2.057585 -167
v -64.16667 2.057585 -166.6667
v -54 2.057585 -166.6667
v -55.66667 2.057585 -166.6667
v -55 2.057585 -165.8333
v -51.66667 2.057585 -155.3333
v -52 2.057585 -154.8333
v -51.33334 2.057585 -153.8333
v -49.5 2.057585 -153.8333
v -48.16667 2.057585 -157.5
v -43.33334 2.057585 -155.5
v -42.83334 2.057585 -155.8333
v -43 2.057585 -157.1667
v -44.16667 2.057585 -153.8333
v -43.33334 2.057585 -155
v -43.33334 2.057585 -155.5
v -43.33334 2.057585 -150.8333
v -43.16667 2.057585 -152.1667
v -44 2.057585 -152.6667
v -47.5 2.057585 -160.8333
v -49.16667 2.057585 -159.8333
v -48.16667 2.057585 -159
v -49.16667 2.057585 -151
v -49.66667 2.057585 -150.6667
v -49.5 2.057585 -149
v -44 2.057585 -152.6667
v -73.33334 2.307585 -128.1667
v -74.33334 2.057585 -128.1667
v -74.5 2.057585 -128
v -50.16667 2.057585 -164.8333
v -49.5 2.057585 -163.1667
v -48.16667 2.057585 -163
v -47.5 2.057585 -160.8333
v -48.16667 2.057585 -159
v -48.16667 2.057585 -157.5
v -43 2.057585 -157.1667
v -42.66667 2.057585 -157.5
v -44.16667 2.057585 -153.8333
v -43.33334 2.057585 -155.5
v -43 2.057585 -157.1667
v -48.16667 2.057585 -157.5
v -74.33334 2.057585 -128.1667
v -73.33334 2.307585 -128.1667
v -74.16667 2.640918 -128.3333
v -48.16667 2.057585 -157.5
v -49.5 2.057585 -153.8333
v -49.16667 2.057585 -153.5
v -76.66667 3.890918 -131.5
v -76.66667 3.890918 -131.6667
v -77.16667 3.890918 -131.6667
v -53.33334 2.057585 -166.6667
v -51.16667 2.057585 -165.8333
v -42.66667 2.057585 -170.6667
v -48.16667 2.057585 -157.5
v -49.16667 2.057585 -153.5
v -49 2.057585 -152.1667
v -48.16667 2.057585 -163
v -47.5 2.057585 -162.3333
v -42.66667 2.057585 -170.6667
v -44.16667 2.057585 -153.8333
v -48.16667 2.057585 -157.5
v -49 2.057585 -152.1667
v -49.16667 2.057585 -151
v -44 2.057585 -152.6667
v -42.66667 2.057585 -170.6667
v -70.66667 2.057585 -170.6667
v -59 2.057585 -167.8333
v -53.33334 2.057585 -166.6667
v -76 3.890918 -136.5
v -77.16667 3.724252 -140.1667
v -77.33334 3.724252 -140.3333
v -82.66667 3.724252 -140.3333
v -65 2.057585 -165.5
v -65.33334 2.057585 -165.8333
v -66 2.057585 -165.6667
v -66.5 2.057585 -164.5
v -66.16667 2.057585 -162.6667
v -68.33334 2.057585 -153.1667
v -67.66667 2.057585 -153.3333
v -67.66667 2.057585 -153.6667
v -68.66667 2.057585 -154.3333
v -65.66667 2.057585 -158.1667
v -65.16667 2.057585 -158.1667
v -65 2.057585 -158.6667
v -65.83334 2.057585 -159.6667
v -68.66667 2.057585 -155.8333
v -67.83334 2.057585 -156.6667
v -67.66667 2.057585 -159.5
v -72.16667 2.057585 -159.5
v -72.16667 2.057585 -154.6667
v -71.16667 2.057585 -154
v -69.16667 2.057585 -152.3333
v -68.66667 2.057585 -154.3333
v -68.66667 2.057585 -155.8333
v -71.16667 2.057585 -154
v -71.16667 2.057585 -151.1667
v -69.16667 2.057585 -152.3333
v -68.33334 2.057585 -153.1667
v -68.66667 2.057585 -154.3333
v -66.16667 2.057585 -157.5
v -65.66667 2.057585 -158.1667
v -65.83334 2.057585 -159.6667
v -67.66667 2.057585 -159.5
v -67.83334 2.057585 -156.6667
v -69.16667 2.057585 -151.1667
v -69.16667 2.057585 -152.3333
v -71.16667 2.057585 -151.1667
v -66.16667 2.057585 -148.5
v -67 2.057585 -150.1667
v -68.33334 2.057585 -150.3333
v -72.16667 2.057585 -148.1667
v -72.83334 2.057585 -147.6667
v -72.83334 2.057585 -147.6667
v -65.16667 2.057585 -147.6667
v -66.16667 2.057585 -148.5
v -71.16667 2.057585 -151.1667
v -72.16667 2.057585 -150
v -72.16667 2.057585 -148.1667
v -68.33334 2.057585 -150.3333
v -69.16667 2.057585 -151.1667
v -52.33334 2.057585 -148.1667
v -52.16667 2.057585 -147.6667
v -51.33334 2.057585 -147.8333
v -50.83334 2.057585 -149
v -51.5 2.057585 -149.5
v -50.83334 2.057585 -150.6667
v -51.16667 2.057585 -150.8333
v -51.5 2.057585 -149.5
v -50.83334 2.057585 -149
v -79.83334 2.057585 -148.5
v -77.33334 2.057585 -148.6667
v -78.66667 2.057585 -150
v -79 2.057585 -150
v -79.83334 2.057585 -150
v -82.33334 2.057585 -150
v -81.66667 2.057585 -149
v -80.16667 2.057585 -149
v -79.83334 2.057585 -148.5
v -79 2.057585 -150
v -79.83334 2.057585 -150
v -80.16667 2.057585 -149
v -73.66667 2.057585 -147.6667
v -74.5 2.057585 -148.5
v -74.5 2.057585 -147.8333
v -74 2.057585 -147.6667
v -62.33334 2.057585 -147
v -60.66667 2.057585 -147
v -61.5 2.057585 -148
v -73.66667 2.057585 -147.6667
v -74 2.057585 -147.6667
v -72.33334 2.057585 -147.5
v -72.83334 2.057585 -147.6667
v -73.66667 2.057585 -147.6667
v -72.33334 2.057585 -147.5
v -72 2.057585 -147
v -63.33334 2.057585 -147
v -65.16667 2.057585 -147.6667
v -72.33334 2.057585 -147.5
v -65.16667 2.057585 -147.6667
v -72.83334 2.057585 -147.6667
v -72.33334 2.057585 -147.5
v -58.33334 2.057585 -146
v -60.66667 2.057585 -147
v -62.33334 2.057585 -147
v -58.33334 2.057585 -146
v -62.33334 2.057585 -147
v -63.33334 2.057585 -147
v -72 2.057585 -146
v -58.33334 2.057585 -146
v -63.33334 2.057585 -147
v -72 2.057585 -147
v -57.66667 2.057585 -146
v -56 2.057585 -146
v -56.83334 2.057585 -146.8333
v -53.83334 2.057585 -146.5
v -52.66667 2.057585 -146.5
v -53.5 2.057585 -146.8333
v -75.16667 2.057585 -146.1667
v -75.16667 2.057585 -146.5
v -75.83334 2.057585 -146.5
v -77.5 2.057585 -146.1667
v -77.16667 2.057585 -144.8333
v -75.66667 2.057585 -145.3333
v -52.66667 2.057585 -146.5
v -53.83334 2.057585 -146.5
v -54.66667 2.057585 -146
v -51.16667 2.057585 -146.5
v -52.66667 2.057585 -146.5
v -54.66667 2.057585 -146
v -47.5 2.057585 -162.3333
v -47.5 2.057585 -160.8333
v -42.66667 2.057585 -157.5
v -42.66667 2.057585 -170.6667
v -72.83334 2.057585 -142.1667
v -72.5 2.557585 -141.5
v -71.33334 2.057585 -141.5
v -72.16667 2.057585 -144.5
v -73 2.057585 -143.5
v -73 2.057585 -143.5
v -74.83334 2.057585 -143.3333
v -74.66667 2.057585 -142.1667
v -72.83334 2.057585 -142.1667
v -51.16667 2.057585 -165.8333
v -50.16667 2.057585 -164.8333
v -48.16667 2.057585 -163
v -42.66667 2.057585 -170.6667
v -56 2.057585 -146
v -57.66667 2.057585 -146
v -67.83334 2.057585 -137.5
v -57.66667 2.057585 -146
v -58.33334 2.057585 -146
v -67.83334 2.057585 -137.5
v -71.33334 2.057585 -141
v -71.66667 2.057585 -137.5
v -69.16667 2.057585 -137.5
v -71.33334 2.057585 -141
v -69.16667 2.057585 -137.5
v -68.66667 2.057585 -137.5
v -72 2.057585 -146
v -72.16667 2.057585 -144.5
v -71.33334 2.057585 -141.5
v -67.83334 2.057585 -137.5
v -58.33334 2.057585 -146
v -71.33334 2.057585 -141
v -68.66667 2.057585 -137.5
v -68.33334 2.057585 -137.5
v -71.33334 2.057585 -141
v -68.33334 2.057585 -137.5
v -67.83334 2.057585 -137.5
v -71.33334 2.057585 -141.5
v -43.33334 2.057585 -150.8333
v -44 2.057585 -152.6667
v -49.5 2.057585 -149
v -49.83334 2.057585 -147.8333
v -79.33334 3.724252 -141
v -80 3.724252 -141.8333
v -80.5 3.724252 -141.8333
v -81.83334 3.724252 -141
v -56 2.057585 -146
v -66 2.640918 -135.5
v -66 2.557585 -134.5
v -54.66667 2.057585 -146
v -71.33334 2.057585 -141
v -71.33334 2.057585 -141.5
v -72.5 2.557585 -141.5
v -72.83334 2.724252 -141
v -77.66667 3.724252 -141
v -77.66667 3.724252 -141.3333
v -78 3.724252 -141.3333
v -78.33334 3.724252 -141
v -75.5 3.890918 -141
v -75.5 3.807585 -141.1667
v -75.66667 3.807585 -141.3333
v -75.66667 3.890918 -140.6667
v -75.5 3.890918 -141
v -75 3.724252 -141
v -75.5 3.807585 -141.1667
v -77.33334 3.724252 -140.3333
v -77.66667 3.724252 -141
v -78.33334 3.724252 -141
v -77.33334 3.724252 -140.3333
v -78.33334 3.724252 -141
v -79.33334 3.724252 -141
v -82.66667 3.724252 -140.3333
v -77.33334 3.724252 -140.3333
v -79.33334 3.724252 -141
v -81.83334 3.724252 -141
v -75.5 3.890918 -139.1667
v -75.83334 3.890918 -138.8333
v -75.5 3.890918 -138.6667
v -75.66667 3.890918 -140.6667
v -75.66667 3.890918 -140.5
v -75.5 3.890918 -140.1667
v -75 3.724252 -141
v -75.5 3.890918 -141
v -75 3.724252 -141
v -75.5 3.890918 -139.1667
v -75.5 3.890918 -138.6667
v -72.83334 2.724252 -141
v -76.66667 3.890918 -131.6667
v -76.66667 3.890918 -131.5
v -76 3.724252 -131
v -76.16667 3.890918 -133.3333
v -76 3.890918 -134.3333
v -76.16667 3.890918 -133.3333
v -76 3.724252 -131
v -76 3.890918 -134.3333
v -76.33334 3.890918 -134.1667
v -76.16667 3.890918 -133.3333
v -74.16667 2.640918 -128.3333
v -73.33334 2.307585 -128.1667
v -72.83334 2.057585 -128.1667
v -72.16667 2.057585 -132.5
v -74.5 2.807585 -129.1667
v -75 3.724252 -141
v -75.5 3.890918 -140.1667
v -75.5 3.890918 -139.1667
v -71.66667 2.057585 -137.5
v -71.33334 2.057585 -141
v -72.83334 2.724252 -141
v -75.5 3.890918 -138.6667
v -75.66667 3.890918 -136.6667
v -76 3.724252 -131
v -74.5 2.807585 -129.1667
v -72.16667 2.057585 -132.5
v -71.66667 2.057585 -137.5
v -75.66667 3.890918 -136.6667
v -76 3.890918 -134.3333
v -75.66667 3.890918 -136.6667
v -76 3.890918 -136.5
v -76 3.890918 -134.3333
v -76 3.724252 -131
v -76.33334 3.724252 -129.3333
v -74.5 2.807585 -129.1667
v -76 3.890918 -140.1667
v -75.5 3.890918 -140.1667
v -75.66667 3.890918 -140.5
v -79.83334 3.724252 -130
v -78.5 3.724252 -131.6667
v -76 3.890918 -136.5
v -82.66667 3.724252 -140.3333
v -83.83334 3.724252 -140.3333
v -78.5 3.724252 -131.6667
v -76.33334 3.890918 -134.1667
v -76 3.890918 -136.5
v -67.83334 2.057585 -137.5
v -67.5 2.557585 -136.6667
v -66 2.640918 -135.5
v -56 2.057585 -146
v -75.5 3.890918 -139.1667
v -75.5 3.890918 -140.1667
v -76 3.890918 -140.1667
v -75.83334 3.890918 -138.8333
v -77.16667 3.890918 -131.6667
v -76.16667 3.890918 -133.3333
v -76.33334 3.890918 -134.1667
v -78.5 3.724252 -131.6667
v -75.83334 3.890918 -138.8333
v -76 3.890918 -140.1667
v -77.16667 3.724252 -140.1667
v -76 3.890918 -136.5
v -75.66667 3.890918 -136.6667
v -77.16667 3.890918 -131.6667
v -76.66667 3.890918 -131.6667
v -76.16667 3.890918 -133.3333
v -75.66667 3.890918 -136.6667
v -75.5 3.890918 -138.6667
v -75.83334 3.890918 -138.8333
v -67.83334 2.057585 -132.5
v -68.33334 2.640918 -132.5
v -72.83334 2.057585 -128.1667
v -76.33334 3.890918 -134.1667
v -76 3.890918 -134.3333
v -76 3.890918 -136.5
v -70.16667 2.557585 -136
v -69.16667 2.057585 -137.5
v -71.66667 2.057585 -137.5
v -71 2.057585 -135.6667
v -71 2.057585 -134.3333
v -71 2.057585 -135.6667
v -71.66667 2.057585 -137.5
v -72.16667 2.057585 -132.5
v -72.16667 2.057585 -132.5
v -69.16667 2.057585 -132.5
v -70.16667 2.557585 -134
v -71 2.057585 -134.3333
v -68.33334 2.640918 -132.5
v -68.66667 2.640918 -132.5
v -72.83334 2.057585 -128.1667
v -79.83334 3.724252 -130
v -79 3.724252 -130.3333
v -78.5 3.724252 -131.6667
v -83.83334 3.724252 -140.3333
v -84.5 3.724252 -141.1667
v -85.33334 3.724252 -141.5
v -85.33334 3.724252 -128
v -80.5 3.724252 -128
v -79.83334 3.724252 -130
v -69.16667 2.057585 -132.5
v -72.16667 2.057585 -132.5
v -72.83334 2.057585 -128.1667
v -68.66667 2.640918 -132.5
v -69.16667 2.057585 -132.5
v -72.83334 2.057585 -128.1667
v -42.66667 2.057585 -150.3333
v -43.33334 2.057585 -150.8333
v -49.83334 2.057585 -147.8333
v -51.16667 2.057585 -146.5
v -42.66667 2.057585 -128
v -72.83334 2.057585 -128.1667
v -74.5 2.057585 -128
v -42.66667 2.057585 -128
v -54.66667 2.057585 -146
v -66 2.557585 -134.5
v -67.83334 2.057585 -132.5
v -42.66667 2.057585 -128
v -51.16667 2.057585 -146.5
v -67.83334 2.057585 -132.5
v -72.83334 2.057585 -128.1667
v -42.66667 2.057585 -128
v -3.666668 2.057585 -129.3333
v -18.33333 2.057585 -129.3333
v -17.66667 2.057585 -129
v -27.16667 2.057585 -170.5
v -20 2.057585 -170.5
v -20.16667 2.057585 -170.6667
v -27 2.057585 -170.6667
v 0 2.057585 -170.6667
v -9.833332 2.057585 -165.1667
v -9 2.057585 -164.3333
v -19.5 2.057585 -170.1667
v -20 2.057585 -170.5
v -27.16667 2.057585 -170.5
v -19.5 2.057585 -170.1667
v -27.16667 2.057585 -170.5
v -30.16667 2.057585 -170.5
v -17 2.057585 -128
v -3.666668 2.057585 -128
v -3.666668 2.057585 -129.3333
v -17.66667 2.057585 -129
v -37.33334 2.057585 -128
v -23.16667 2.057585 -128
v -22.83333 2.057585 -128.3333
v -22.83333 2.057585 -128.3333
v -20 2.057585 -128.6667
v -19.5 2.057585 -129.3333
v -38 2.057585 -129.3333
v -37.33334 2.057585 -128
v -12.16667 2.057585 -165.3333
v -11 2.057585 -165.3333
v -18.66667 2.057585 -170.1667
v -19.5 2.057585 -170.1667
v -30.16667 2.057585 -170.5
v -30.5 2.057585 -170.6667
v -42.66667 2.057585 -170.6667
v -13.83333 2.057585 -140.5
v -27 2.057585 -148.3333
v -32.33334 2.057585 -148.5
v -38 2.057585 -129.3333
v -19.5 2.057585 -129.3333
v -33.16667 2.057585 -163.3333
v -13 2.057585 -163.3333
v -13.16667 2.057585 -164.6667
v -6 2.057585 -150.8333
v -6.333332 2.057585 -150.8333
v -5.833332 2.057585 -150.1667
v -5.166668 2.057585 -151.8333
v -6 2.057585 -150.8333
v -5.833332 2.057585 -150.1667
v -5.166668 2.057585 -157
v -5.166668 2.057585 -155.6667
v -4.666668 2.057585 -155.1667
v -4.666668 2.057585 -153.6667
v -5.333332 2.057585 -153.3333
v -5.166668 2.057585 -151.8333
v -9 2.057585 -162.6667
v -8.333332 2.057585 -161.5
v -7.333332 2.057585 -161.1667
v -9 2.057585 -164.3333
v -5.833332 2.057585 -148.8333
v -6.333332 2.057585 -147.8333
v -3.5 2.057585 -147.8333
v -5.166668 2.057585 -151.8333
v -5.833332 2.057585 -150.1667
v -5.833332 2.057585 -148.8333
v -33.16667 2.057585 -163.3333
v -13.16667 2.057585 -164.6667
v -12.16667 2.057585 -165.3333
v -19.5 2.057585 -170.1667
v -30.16667 2.057585 -170.5
v -34 2.057585 -163.3333
v -3.5 2.057585 -147.8333
v -2.5 2.057585 -146.8333
v 0 2.057585 -146.6667
v -4.666668 2.057585 -155.1667
v -4.666668 2.057585 -153.6667
v -5.166668 2.057585 -151.8333
v -5.833332 2.057585 -148.8333
v -3.5 2.057585 -147.8333
v -4.666668 2.057585 -153.6667
v -19.5 2.057585 -129.3333
v -5.5 2.057585 -138.1667
v -8.333332 2.057585 -138.6667
v 0 2.057585 -138.6667
v -0.5 2.057585 -138.3333
v 0 2.057585 -131
v -19.5 2.057585 -129.3333
v -18.33333 2.057585 -129.3333
v -3.5 2.057585 -137.8333
v -2.333332 2.057585 -130.6667
v -2 2.057585 -137.8333
v -3.5 2.057585 -137.8333
v -18.33333 2.057585 -129.3333
v -3.666668 2.057585 -129.3333
v -37.83334 2.057585 -158.6667
v -37 2.057585 -158.6667
v -37 2.307585 -159.3333
v -38.83334 2.057585 -158.1667
v -38.16667 2.057585 -158.1667
v -37.83334 2.057585 -158.6667
v -38.83334 2.057585 -158.1667
v -37.83334 2.057585 -158.6667
v -37 2.307585 -159.3333
v -40.66667 2.057585 -158.1667
v 0 2.057585 -170.6667
v -6.166668 2.057585 -160
v -5.166668 2.057585 -157
v 0 2.057585 -146.6667
v -5.166668 2.057585 -157
v -4.666668 2.057585 -155.1667
v 0 2.057585 -146.6667
v -41.66667 2.057585 -158.1667
v -40.66667 2.057585 -158.1667
v -37 2.307585 -159.3333
v -32 2.307585 -160.1667
v -32.5 2.390918 -159.8333
v -32.16667 2.057585 -159.6667
v -31.83333 2.057585 -159.6667
v -13 2.057585 -163.3333
v -33.16667 2.057585 -163.3333
v -32 2.057585 -162.1667
v -13.66667 2.057585 -161.6667
v -32 2.307585 -160.1667
v -31.83333 2.057585 -159.6667
v -31 2.057585 -159.6667
v -32 2.057585 -161.5
v -32.33334 2.057585 -161.3333
v -32 2.057585 -162.1667
v -32 2.057585 -161.5
v -31 2.057585 -159.6667
v -13.66667 2.057585 -159.6667
v -13.66667 2.057585 -161.6667
v -30.5 2.057585 -158.8333
v -30.5 2.057585 -158
v -30 2.057585 -157.6667
v -30 2.057585 -157.6667
v -29.66667 2.057585 -156
v -29.16667 2.057585 -156
v -30 2.057585 -157.6667
v -29.16667 2.057585 -156
v -28.5 2.057585 -156
v -30.5 2.057585 -158.8333
v -13.66667 2.057585 -156.8333
v -13.16667 2.057585 -157.6667
v -13.66667 2.057585 -159.6667
v -31 2.057585 -159.6667
v -30.5 2.057585 -158.8333
v -28.5 2.057585 -156
v -28.5 2.057585 -156
v -13.66667 2.057585 -156
v -13.66667 2.057585 -156.8333
v -34.5 2.057585 -162.8333
v -34 2.057585 -163.3333
v -30.16667 2.057585 -170.5
v -38.83334 2.057585 -158.1667
v -40.66667 2.057585 -158.1667
v -40 2.057585 -157.5
v -29.16667 2.057585 -156
v -29.66667 2.057585 -156
v -29.83333 2.057585 -155.6667
v -28.5 2.057585 -156
v -28 2.057585 -155.5
v -25.16667 2.057585 -155.5
v -28.5 2.057585 -156
v -25.16667 2.057585 -155.5
v -24.5 2.057585 -155.5
v -24.5 2.057585 -155.5
v -13.5 2.057585 -155.5
v -13.66667 2.057585 -156
v -28.5 2.057585 -156
v -27.83333 2.307585 -154.3333
v -28.66667 2.057585 -153.6667
v -27.33333 2.724252 -153.8333
v -27.83333 2.307585 -154.3333
v -27.33333 2.724252 -153.8333
v -27 2.057585 -154.8333
v -28 2.057585 -155.5
v -25.16667 2.057585 -155.5
v -28 2.057585 -155.5
v -27 2.057585 -154.8333
v -25.83333 2.057585 -155
v -23.5 2.057585 -155.3333
v -23.16667 2.057585 -154.8333
v -22.33333 2.057585 -154.8333
v -21.66667 2.224252 -152.8333
v -22 2.224252 -152.6667
v -22 2.057585 -151.1667
v -14.83333 2.057585 -151.1667
v -14.83333 2.057585 -154
v -22.66667 2.057585 -150.5
v -24.83333 2.057585 -150.5
v -24.83333 2.057585 -149.5
v -14.16667 2.057585 -148.3333
v -14 2.057585 -150.6667
v -14.83333 2.057585 -151.1667
v -22.66667 2.057585 -150.5
v -24.83333 2.057585 -149.5
v -25.83333 2.057585 -148.3333
v -21.66667 2.057585 -154.1667
v -21.66667 2.224252 -152.8333
v -14.83333 2.057585 -154
v -22.33333 2.057585 -154.8333
v -21.66667 2.057585 -154.1667
v -14.83333 2.057585 -154
v -14.83333 2.057585 -154
v -13.5 2.057585 -155.5
v -24.5 2.057585 -155.5
v -23.5 2.057585 -155.3333
v -22 2.057585 -151.1667
v -22.66667 2.057585 -150.5
v -14.83333 2.057585 -151.1667
v -23.5 2.057585 -155.3333
v -22.33333 2.057585 -154.8333
v -14.83333 2.057585 -154
v -35.33334 2.057585 -150.6667
v -35.33334 2.057585 -151.1667
v -36 2.057585 -151.6667
v -36.83334 2.057585 -150.6667
v -36.83334 2.057585 -150.6667
v -37.5 2.057585 -150.8333
v -38 2.057585 -150
v -35.33334 2.057585 -150.6667
v -36.83334 2.057585 -150.6667
v -38 2.057585 -150
v -34 2.057585 -149.6667
v -39.5 2.057585 -149.6667
v -34 2.057585 -149.6667
v -38 2.057585 -150
v -42.66667 2.057585 -157.5
v -41.66667 2.057585 -158.1667
v -42.66667 2.057585 -170.6667
v -28 2.057585 -149.1667
v -28 2.057585 -149.6667
v -29.5 2.057585 -150
v -29.66667 2.057585 -149.1667
v -27.33333 2.057585 -148.5
v -28 2.057585 -149.1667
v -29.66667 2.057585 -149.1667
v -30.5 2.057585 -148.5
v -37 2.307585 -159.3333
v -34.33334 2.390918 -161.6667
v -34.5 2.057585 -162.8333
v -41.66667 2.057585 -158.1667
v -37 2.307585 -159.3333
v -34.5 2.057585 -162.8333
v -30.16667 2.057585 -170.5
v -42.66667 2.057585 -170.6667
v -17 2.057585 -170.6667
v -18.66667 2.057585 -170.1667
v -11 2.057585 -165.3333
v -9.833332 2.057585 -165.1667
v 0 2.057585 -170.6667
v -27 2.057585 -148.3333
v -27.33333 2.057585 -148.5
v -30.5 2.057585 -148.5
v -27 2.057585 -148.3333
v -30.5 2.057585 -148.5
v -32.33334 2.057585 -148.5
v -9 2.057585 -164.3333
v -7.333332 2.057585 -161.1667
v -6.166668 2.057585 -160
v 0 2.057585 -170.6667
v -32.33334 2.057585 -148.5
v -33.16667 2.057585 -149.5
v -34 2.057585 -149.6667
v -39.5 2.057585 -149.6667
v -14.16667 2.057585 -144.6667
v -13.5 2.057585 -145.3333
v -14.16667 2.057585 -148.3333
v -14.5 2.057585 -142.8333
v -14.16667 2.057585 -144.6667
v -14.16667 2.057585 -148.3333
v -25.83333 2.057585 -148.3333
v -0.5 2.057585 -138.3333
v -1.666668 2.057585 -138.3333
v -2 2.057585 -137.8333
v -2.333332 2.057585 -130.6667
v -0.6666679 2.057585 -130.6667
v 0 2.057585 -131
v -14.33333 2.057585 -141.1667
v -14.5 2.057585 -142.8333
v -25.83333 2.057585 -148.3333
v -13.83333 2.057585 -140.5
v -14.33333 2.057585 -141.1667
v -25.83333 2.057585 -148.3333
v -27 2.057585 -148.3333
v -9.5 2.057585 -139.8333
v -9.5 2.057585 -140.1667
v -10 2.057585 -140.3333
v -10.5 2.057585 -139.8333
v -9.5 2.057585 -139.3333
v -9.5 2.057585 -139.8333
v -10.5 2.057585 -139.8333
v -9.5 2.057585 -139.3333
v -10.5 2.057585 -139.8333
v -11.66667 2.057585 -139.8333
v -11.66667 2.057585 -139.8333
v -12.16667 2.057585 -140.5
v -13.83333 2.057585 -140.5
v -7.333332 2.057585 -138.6667
v -6.166668 2.057585 -138.6667
v -6.666668 2.057585 -139.3333
v -5.5 2.057585 -138.1667
v -6.166668 2.057585 -138.6667
v -7.333332 2.057585 -138.6667
v -5.5 2.057585 -138.1667
v -7.333332 2.057585 -138.6667
v -8.333332 2.057585 -138.6667
v -8.333332 2.057585 -138.6667
v -9.5 2.057585 -139.3333
v -11.66667 2.057585 -139.8333
v -3.5 2.057585 -137.8333
v -4.333332 2.057585 -138.1667
v -5.5 2.057585 -138.1667
v -3.5 2.057585 -137.8333
v -3.833332 2.057585 -138.1667
v -4.333332 2.057585 -138.1667
v -19.5 2.057585 -129.3333
v -3.5 2.057585 -137.8333
v -5.5 2.057585 -138.1667
v -8.333332 2.057585 -138.6667
v -11.66667 2.057585 -139.8333
v -13.83333 2.057585 -140.5
v -19.5 2.057585 -129.3333
v -32.33334 2.057585 -148.5
v -39.5 2.057585 -149.6667
v -40.16667 2.057585 -149.6667
v -40.16667 2.057585 -129.3333
v -38 2.057585 -129.3333
v -40.16667 2.057585 -149.6667
v -41.33334 2.057585 -150.5
v -42.66667 2.057585 -150.3333
v -42.66667 2.057585 -128
v -41.83334 2.057585 -129.1667
v -41.83334 2.057585 -129.1667
v -40.16667 2.057585 -129.3333
v -40.16667 2.057585 -149.6667
v 16.33333 2.057585 -164.5
v 16.33333 2.057585 -166
v 15.16667 2.057585 -166
v 2.166667 2.057585 -131.1667
v 1.5 2.057585 -131.1667
v 1.666667 2.057585 -130.8333
v 14.5 2.057585 -168.6667
v 15.5 2.057585 -169.6667
v 15.33333 2.057585 -170.6667
v 0 2.057585 -170.6667
v 16.33333 2.057585 -164.5
v 15.16667 2.057585 -166
v 14.66667 2.057585 -166.5
v 18.16667 2.057585 -158.1667
v 18.33333 2.057585 -161.3333
v 18 2.057585 -161.5
v 18 2.057585 -161.5
v 17.66667 2.057585 -163
v 16.33333 2.057585 -164.5
v 0.5 2.057585 -131.1667
v 1.5 2.057585 -131.1667
v 2.666667 2.057585 -131.8333
v 18 2.057585 -128
v 17.83333 2.057585 -129.3333
v 17.5 2.057585 -131.8333
v 5 2.057585 -131.1667
v 6.166667 2.057585 -128
v 14.66667 2.057585 -166.5
v 14.5 2.057585 -168.6667
v 0 2.057585 -170.6667
v 23.66667 2.057585 -169.3333
v 27.33333 2.057585 -169.3333
v 26.33333 2.057585 -170.6667
v 23.83333 2.057585 -170.6667
v 29 2.057585 -170.1667
v 30.33333 2.057585 -170.1667
v 29.66667 2.057585 -170.6667
v 29 2.057585 -170.6667
v 35.16667 2.057585 -169.8333
v 36.66667 2.057585 -169.8333
v 35.5 2.057585 -170.6667
v 35.16667 2.057585 -170.6667
v 31.83333 2.057585 -156
v 32.16667 2.057585 -154.1667
v 35.83334 2.057585 -151.8333
v 32.16667 2.057585 -154.1667
v 31.66667 2.057585 -153.6667
v 35.83334 2.057585 -151.8333
v 40.5 2.057585 -170.5
v 40.16667 2.057585 -170.5
v 39.5 2.057585 -169.8333
v 9.166667 2.057585 -148
v 32.33334 2.057585 -148
v 26 2.057585 -151.1667
v 31.33333 2.057585 -169.3333
v 31.33333 2.057585 -170.3333
v 30.33333 2.057585 -170.1667
v 30.33333 2.057585 -170.1667
v 29 2.057585 -170.1667
v 28.5 2.057585 -169.3333
v 31.33333 2.057585 -169.3333
v 36.66667 2.057585 -169.8333
v 35.16667 2.057585 -169.8333
v 35.16667 2.057585 -166.6667
v 31.66667 2.057585 -153.6667
v 30.66667 2.057585 -153.6667
v 30 2.057585 -152.8333
v 35.83334 2.057585 -151.8333
v 39.5 2.057585 -169.8333
v 36.66667 2.057585 -169.8333
v 35.16667 2.057585 -166.6667
v 31.33333 2.057585 -169
v 31.33333 2.057585 -169.3333
v 28.5 2.057585 -169.3333
v 31.33333 2.057585 -169
v 28.5 2.057585 -169.3333
v 27.33333 2.057585 -169.3333
v 23.16667 2.057585 -169
v 31.33333 2.057585 -169
v 27.33333 2.057585 -169.3333
v 23.66667 2.057585 -169.3333
v 22.5 2.057585 -169
v 22.16667 2.057585 -169
v 22.16667 2.057585 -167.8333
v 23.16667 2.057585 -169
v 22.5 2.057585 -169
v 22.16667 2.057585 -167.8333
v 22.83333 2.057585 -167.1667
v 23 2.057585 -166.3333
v 31.5 2.057585 -166.5
v 31.16667 2.057585 -166.8333
v 23.16667 2.057585 -169
v 22.83333 2.057585 -167.1667
v 23 2.057585 -166.3333
v 31.16667 2.057585 -166.8333
v 31.33333 2.057585 -169
v 23 2.057585 -166.3333
v 34.33334 2.057585 -166.3333
v 31.5 2.057585 -166.5
v 23.33333 2.057585 -162.6667
v 22.66667 2.057585 -162.3333
v 22.83333 2.057585 -161.3333
v 24 2.057585 -161.3333
v 41.66667 2.057585 -170.5
v 40.5 2.057585 -170.5
v 39.5 2.057585 -169.8333
v 39.5 2.057585 -169.8333
v 35.16667 2.057585 -166.6667
v 34.83334 2.057585 -166.3333
v 24.83333 2.057585 -160.5
v 25 2.057585 -158.8333
v 25.5 2.057585 -158.5
v 27.16667 2.057585 -158.3333
v 23 2.057585 -166.3333
v 22.83333 2.057585 -164.8333
v 23.33333 2.057585 -163.8333
v 23.33333 2.057585 -163.8333
v 23.33333 2.057585 -162.6667
v 24 2.057585 -161.3333
v 24.83333 2.057585 -160.5
v 42.66667 2.057585 -170.6667
v 41.66667 2.057585 -170.5
v 39.5 2.057585 -169.8333
v 34.83334 2.057585 -166.3333
v 34.33334 2.057585 -166.3333
v 30.83333 2.057585 -156.8333
v 31.83333 2.057585 -156
v 27.16667 2.057585 -158.3333
v 27.66667 2.057585 -157.6667
v 30.83333 2.057585 -156.8333
v 23 2.057585 -166.3333
v 23.33333 2.057585 -163.8333
v 24.83333 2.057585 -160.5
v 27.16667 2.057585 -158.3333
v 30.83333 2.057585 -156.8333
v 34.33334 2.057585 -166.3333
v 24 2.057585 -155.1667
v 23.66667 2.057585 -155.1667
v 23.66667 2.057585 -154.8333
v 25 2.057585 -153.8333
v 22.5 2.057585 -153.8333
v 25 2.057585 -153.8333
v 23.66667 2.057585 -154.8333
v 24.83333 2.057585 -152.3333
v 25 2.057585 -153.8333
v 22.5 2.057585 -153.8333
v 24.83333 2.057585 -152.3333
v 22.5 2.057585 -153.8333
v 21.5 2.057585 -153.8333
v 17.5 2.057585 -131.8333
v 3.666667 2.057585 -131.8333
v 5 2.057585 -131.1667
v 28.33333 2.057585 -152.8333
v 28.66667 2.057585 -152.8333
v 28.33333 2.057585 -153.1667
v 28.66667 2.057585 -152.8333
v 28.33333 2.057585 -152.8333
v 28 2.057585 -151.8333
v 30 2.057585 -152.8333
v 28.66667 2.057585 -152.8333
v 28 2.057585 -151.8333
v 35.33334 2.057585 -151.8333
v 42.66667 2.057585 -170.6667
v 42 2.057585 -170.6667
v 41.66667 2.057585 -170.5
v 30 2.057585 -152.8333
v 35.33334 2.057585 -151.8333
v 35.83334 2.057585 -151.8333
v 34.5 2.057585 -151.1667
v 35.33334 2.057585 -151.8333
v 28 2.057585 -151.8333
v 26.83333 2.057585 -151.1667
v 37.16667 2.057585 -147.8333
v 38.83334 2.057585 -146.3333
v 39.66667 2.057585 -146.3333
v 37.16667 2.057585 -147.8333
v 39.66667 2.057585 -146.3333
v 40.66667 2.057585 -146.3333
v 42.66667 2.057585 -170.6667
v 39.5 2.057585 -169.8333
v 34.83334 2.057585 -166.3333
v 18 2.057585 -161.5
v 16.33333 2.057585 -164.5
v 14.66667 2.057585 -166.5
v 32.66667 2.057585 -148.5
v 33.66667 2.057585 -148.5
v 33 2.057585 -149.3333
v 32.33334 2.057585 -148
v 32.66667 2.057585 -148.5
v 33 2.057585 -149.3333
v 33 2.057585 -150.1667
v 26.83333 2.057585 -151.1667
v 26 2.057585 -151.1667
v 17.83333 2.057585 -129.3333
v 18.16667 2.057585 -129.5
v 18.16667 2.057585 -130
v 17.5 2.057585 -131.8333
v 33 2.057585 -150.1667
v 34.5 2.057585 -151.1667
v 26.83333 2.057585 -151.1667
v 8.166667 2.057585 -138.1667
v 7.666667 2.057585 -138.1667
v 3.666667 2.057585 -131.8333
v 17.66667 2.057585 -137.1667
v 18.83333 2.057585 -137.8333
v 1.5 2.057585 -131.1667
v 2.166667 2.057585 -131.1667
v 2.666667 2.057585 -131.8333
v 5.5 2.057585 -147.1667
v 5.833333 2.057585 -147.1667
v 6.833333 2.057585 -148
v 35.83334 2.057585 -151.8333
v 41.66667 2.057585 -145.8333
v 42.33334 2.057585 -145.1667
v 42.66667 2.057585 -170.6667
v 34.83334 2.057585 -166.3333
v 31.83333 2.057585 -156
v 4.333333 2.057585 -147.1667
v 5.5 2.057585 -147.1667
v 6.833333 2.057585 -148
v 3.833333 2.057585 -147.1667
v 4.333333 2.057585 -147.1667
v 6.833333 2.057585 -148
v 36.66667 2.057585 -150.8333
v 40.66667 2.057585 -146.3333
v 41.66667 2.057585 -145.8333
v 35.83334 2.057585 -151.8333
v 9.166667 2.057585 -148
v 10.5 2.057585 -147
v 11 2.057585 -147
v 9.166667 2.057585 -148
v 11 2.057585 -147
v 12.16667 2.057585 -147
v 12.16667 2.057585 -147
v 32.83334 2.057585 -147
v 32.33334 2.057585 -148
v 9.166667 2.057585 -148
v 2.166667 2.057585 -147.1667
v 3.833333 2.057585 -147.1667
v 6.833333 2.057585 -148
v 10.66667 2.057585 -140.5
v 10.33333 2.057585 -140.5
v 10.33333 2.057585 -140.1667
v 35.5 2.057585 -140.1667
v 32.66667 2.057585 -146.1667
v 33.33334 2.057585 -146.8333
v 32.83334 2.057585 -147
v 12.16667 2.057585 -147
v 12.83333 2.057585 -146.1667
v 12.83333 2.057585 -145.3333
v 12.16667 2.057585 -144.6667
v 13 2.057585 -144
v 12.83333 2.057585 -146.1667
v 12.83333 2.057585 -145.3333
v 13 2.057585 -144
v 32.83334 2.057585 -143.8333
v 32.66667 2.057585 -146.1667
v 33.83334 2.057585 -141.5
v 33.66667 2.057585 -143.1667
v 32.83334 2.057585 -143.8333
v 13 2.057585 -144
v 13 2.057585 -143
v 35.5 2.057585 -140.1667
v 33.83334 2.057585 -141.5
v 13 2.057585 -143
v 10.66667 2.057585 -140.5
v 39.66667 2.057585 -146.3333
v 38.83334 2.057585 -146.3333
v 39.16667 2.057585 -146
v 26 2.057585 -151.1667
v 24.83333 2.057585 -152.3333
v 21.5 2.057585 -153.8333
v 9.166667 2.057585 -148
v 19.83333 2.057585 -154.8333
v 19.5 2.057585 -156.5
v 18.16667 2.057585 -158.1667
v 6.833333 2.057585 -148
v 9.166667 2.057585 -148
v 21.5 2.057585 -153.8333
v 21.16667 2.057585 -154.3333
v 19.83333 2.057585 -154.8333
v 9.166667 2.057585 -148
v 37.5 2.057585 -140.1667
v 37.16667 2.057585 -140.8333
v 36.83334 2.057585 -140.8333
v 36.16667 2.057585 -140.1667
v 3.333333 2.057585 -139.5
v 3.166667 2.057585 -140.1667
v 2.333333 2.057585 -139.3333
v 4.333333 2.057585 -138.8333
v 3.333333 2.057585 -139.5
v 2.333333 2.057585 -139.3333
v 0.6666667 2.057585 -138.8333
v 42 2.057585 -138.1667
v 41.83334 2.057585 -138.8333
v 40.66667 2.057585 -139.1667
v 40.66667 2.057585 -139.1667
v 40.16667 2.057585 -139.6667
v 38.83334 2.057585 -139.6667
v 38.83334 2.057585 -139.6667
v 37.5 2.057585 -140.1667
v 36.16667 2.057585 -140.1667
v 38.83334 2.057585 -139.6667
v 36.16667 2.057585 -140.1667
v 35.5 2.057585 -140.1667
v 42 2.057585 -138.1667
v 40.66667 2.057585 -139.1667
v 38.83334 2.057585 -139.6667
v 35.5 2.057585 -140.1667
v 9.833334 2.057585 -138.8333
v 8.166667 2.057585 -138.1667
v 35.5 2.057585 -140.1667
v 10.5 2.057585 -139.5
v 9.833334 2.057585 -138.8333
v 35.5 2.057585 -140.1667
v 10.33333 2.057585 -140.1667
v 10.5 2.057585 -139.5
v 5.666667 2.057585 -138.8333
v 6.666667 2.057585 -138.8333
v 6.166667 2.057585 -139.3333
v 2.166667 2.057585 -147.1667
v 6.833333 2.057585 -148
v 18.16667 2.057585 -158.1667
v 7.666667 2.057585 -138.1667
v 6.666667 2.057585 -138.8333
v 5.666667 2.057585 -138.8333
v 7.666667 2.057585 -138.1667
v 5.666667 2.057585 -138.8333
v 4.333333 2.057585 -138.8333
v 18.16667 2.057585 -158.1667
v 18 2.057585 -161.5
v 14.66667 2.057585 -166.5
v 0 2.057585 -170.6667
v 0 2.057585 -146.6667
v 2.166667 2.057585 -147.1667
v 36.66667 2.057585 -150.8333
v 37.16667 2.057585 -147.8333
v 40.66667 2.057585 -146.3333
v 20.83333 2.057585 -137.8333
v 42.33334 2.057585 -137.8333
v 42 2.057585 -138.1667
v 8.166667 2.057585 -138.1667
v 8.166667 2.057585 -138.1667
v 18.83333 2.057585 -137.8333
v 20.83333 2.057585 -137.8333
v 17.33333 2.057585 -134
v 18 2.057585 -135.5
v 17.66667 2.057585 -136
v 17.33333 2.057585 -134
v 17.66667 2.057585 -136
v 17.66667 2.057585 -137.1667
v 3.666667 2.057585 -131.8333
v 42.33334 2.057585 -145.1667
v 42.33334 2.057585 -144.6667
v 42.66667 2.057585 -144.6667
v 42.66667 2.057585 -170.6667
v 4.333333 2.057585 -138.8333
v 2.666667 2.057585 -131.8333
v 3.666667 2.057585 -131.8333
v 7.666667 2.057585 -138.1667
v 3.666667 2.057585 -131.8333
v 17.5 2.057585 -131.8333
v 17.33333 2.057585 -134
v 22.5 2.057585 -134.5
v 22.83333 2.057585 -134.1667
v 23.66667 2.057585 -134.1667
v 21.83333 2.057585 -137
v 21.83333 2.057585 -135.5
v 26.33333 2.057585 -129.8333
v 26.33333 2.057585 -128.8333
v 27 2.057585 -128
v 42.66667 2.057585 -128
v 21.83333 2.057585 -137
v 23.66667 2.057585 -134.1667
v 25.33333 2.057585 -132.5
v 42.33334 2.057585 -137.8333
v 25.33333 2.057585 -132.5
v 25.5 2.057585 -131.3333
v 26.33333 2.057585 -129.8333
v 42.66667 2.057585 -128
v 42.66667 2.057585 -137.6667
v 42.33334 2.057585 -137.8333
v 42.33334 2.057585 -137.8333
v 20.83333 2.057585 -137.8333
v 21.83333 2.057585 -137
v 20.16667 2.057585 -132.1667
v 21.5 2.057585 -133.1667
v 20.5 2.057585 -133.8333
v 19 2.057585 -134.6667
v 20.16667 2.057585 -132.1667
v 20.5 2.057585 -133.8333
v 20.5 2.057585 -134.3333
v 4.333333 2.057585 -138.8333
v 0.6666667 2.057585 -138.8333
v 0 2.057585 -138.6667
v 0.5 2.057585 -131.1667
v 2.666667 2.057585 -131.8333
v 0 2.057585 -131
v 0.5 2.057585 -131.1667
v 0 2.057585 -138.6667
v 51.16667 2.057585 -161.6667
v 52 2.057585 -161.6667
v 52.16667 2.057585 -162.1667
v 51.83334 2.057585 -162.8333
v 47.16667 2.057585 -168.8333
v 46.83334 2.057585 -169.1667
v 44.16667 2.057585 -170.6667
v 42.66667 2.057585 -170.6667
v 46.83334 2.057585 -170
v 46.16667 2.057585 -170.6667
v 45.66667 2.057585 -170.6667
v 51.16667 2.057585 -161.6667
v 51.83334 2.057585 -162.8333
v 51 2.057585 -163.3333
v 50.83334 2.057585 -161.3333
v 49.66667 2.057585 -159.8333
v 50.5 2.057585 -159.8333
v 50.83334 2.057585 -161.3333
v 46.83334 2.057585 -169.1667
v 46.83334 2.057585 -170
v 45.66667 2.057585 -170.6667
v 44.16667 2.057585 -170.6667
v 61.5 2.057585 -134
v 60.33334 2.057585 -128.6667
v 60.33334 2.057585 -128
v 68.66667 2.057585 -128
v 68.66667 2.057585 -134
v 50 2.057585 -165.6667
v 50.16667 2.057585 -167.5
v 49.16667 2.057585 -167.5
v 48 2.057585 -157.5
v 48.83334 2.057585 -158.3333
v 49.16667 2.057585 -159.3333
v 49.16667 2.057585 -167.5
v 48.33334 2.057585 -168.8333
v 47.16667 2.057585 -168.8333
v 50 2.057585 -165.6667
v 49.16667 2.057585 -159.3333
v 49.66667 2.057585 -159.8333
v 50.83334 2.057585 -161.3333
v 51 2.057585 -163.3333
v 50 2.057585 -165.6667
v 61.5 2.057585 -134
v 61 2.057585 -134
v 60.16667 2.057585 -133
v 60.16667 2.057585 -132.3333
v 58.83334 2.057585 -141.6667
v 58.83334 2.057585 -141.1667
v 59.5 2.057585 -140.5
v 59.83334 2.057585 -142.8333
v 59.5 2.057585 -168
v 59.16667 2.057585 -167.3333
v 60.16667 2.057585 -166.6667
v 58.83334 2.057585 -153
v 58.33334 2.057585 -152.3333
v 59 2.057585 -150.8333
v 59.5 2.057585 -140.5
v 59.33334 2.057585 -139
v 60.33334 2.057585 -138.3333
v 59.83334 2.057585 -142.8333
v 68.66667 2.057585 -170.6667
v 60.16667 2.057585 -166.6667
v 60.5 2.057585 -162.5
v 59.66667 2.057585 -155.6667
v 58.66667 2.057585 -154.6667
v 58.83334 2.057585 -153
v 60.33334 2.057585 -138.3333
v 60.33334 2.057585 -135.3333
v 61 2.057585 -135.3333
v 60.33334 2.057585 -138.3333
v 61 2.057585 -135.3333
v 61.5 2.057585 -135.3333
v 59.33334 2.057585 -170.6667
v 59.5 2.057585 -168
v 60.16667 2.057585 -166.6667
v 68.66667 2.057585 -170.6667
v 59.83334 2.057585 -145.8333
v 60.33334 2.057585 -138.3333
v 68.66667 2.057585 -135.3333
v 68.66667 2.057585 -170.6667
v 60.5 2.057585 -162.5
v 59.66667 2.057585 -155.6667
v 59.66667 2.057585 -155.6667
v 58.83334 2.057585 -153
v 59 2.057585 -150.8333
v 59 2.057585 -150.8333
v 59 2.057585 -146.3333
v 59.83334 2.057585 -145.8333
v 59.66667 2.057585 -155.6667
v 60.5 2.057585 -162.5
v 59.66667 2.057585 -158.1667
v 59.66667 2.057585 -155.6667
v 59.83334 2.057585 -145.8333
v 59.83334 2.057585 -142.8333
v 60.33334 2.057585 -138.3333
v 60.33334 2.057585 -138.3333
v 61.5 2.057585 -135.3333
v 68.66667 2.057585 -135.3333
v 50 2.057585 -156.6667
v 50 2.057585 -157.1667
v 49.66667 2.057585 -157.1667
v 49.16667 2.057585 -156.6667
v 49.66667 2.057585 -155.6667
v 50.33334 2.057585 -156.1667
v 50 2.057585 -156.6667
v 49.16667 2.057585 -156.6667
v 60.16667 2.057585 -132.3333
v 59.66667 2.057585 -132
v 59.5 2.057585 -131.1667
v 50 2.057585 -143.5
v 50.33334 2.057585 -143.5
v 50.16667 2.057585 -144.6667
v 50.16667 2.057585 -153
v 50.16667 2.057585 -154
v 49.66667 2.057585 -154.3333
v 51.33334 2.057585 -148.8333
v 52.16667 2.057585 -149
v 51 2.057585 -150.3333
v 49.66667 2.057585 -155.6667
v 49.16667 2.057585 -156.6667
v 48.33334 2.057585 -156.6667
v 49.66667 2.057585 -154.3333
v 50.16667 2.057585 -144.6667
v 51.33334 2.057585 -145.8333
v 50.83334 2.057585 -146.3333
v 48.66667 2.057585 -143.5
v 50 2.057585 -143.5
v 50.16667 2.057585 -144.6667
v 50.66667 2.057585 -147.6667
v 51.33334 2.057585 -148.8333
v 51 2.057585 -150.3333
v 42.66667 2.057585 -144.6667
v 44.33334 2.057585 -143.5
v 48.66667 2.057585 -143.5
v 51 2.057585 -150.3333
v 51 2.057585 -151.1667
v 50.16667 2.057585 -153
v 50.66667 2.057585 -147.6667
v 50.16667 2.057585 -144.6667
v 50.83334 2.057585 -146.3333
v 50.66667 2.057585 -147.6667
v 48.66667 2.057585 -143.5
v 50.16667 2.057585 -153
v 49.66667 2.057585 -154.3333
v 48.33334 2.057585 -156.6667
v 47.5 2.057585 -143.3333
v 48 2.057585 -143.3333
v 48.66667 2.057585 -143.5
v 46.66667 2.057585 -143.3333
v 47.5 2.057585 -143.3333
v 48.66667 2.057585 -143.5
v 46.66667 2.057585 -143.3333
v 48.66667 2.057585 -143.5
v 44.33334 2.057585 -143.5
v 44.33334 2.057585 -143.3333
v 50.33334 2.057585 -143.5
v 50 2.057585 -143.5
v 50.5 2.057585 -142.8333
v 44.16667 2.057585 -142.5
v 44.5 2.057585 -142.1667
v 45.16667 2.057585 -142.1667
v 46 2.057585 -143.1667
v 44.33334 2.057585 -143.3333
v 46.66667 2.057585 -143.3333
v 44.33334 2.057585 -143.3333
v 46 2.057585 -143.1667
v 49.33334 2.057585 -135.8333
v 47.83334 2.057585 -135.3333
v 51 2.057585 -135.3333
v 49.83334 2.057585 -136.3333
v 49.33334 2.057585 -135.8333
v 51 2.057585 -135.3333
v 50.33334 2.057585 -138.3333
v 49.83334 2.057585 -138.3333
v 49.83334 2.057585 -136.3333
v 51 2.057585 -135.3333
v 50.66667 2.057585 -147.6667
v 50.16667 2.057585 -153
v 48.33334 2.057585 -156.6667
v 50 2.057585 -165.6667
v 47.16667 2.057585 -168.8333
v 42.66667 2.057585 -170.6667
v 42.66667 2.057585 -144.6667
v 48 2.057585 -157.5
v 51.83334 2.057585 -131.8333
v 52.66667 2.057585 -132
v 51.66667 2.057585 -133.3333
v 50.83334 2.057585 -128
v 51.83334 2.057585 -128.8333
v 51.33334 2.057585 -129.5
v 51.66667 2.057585 -133.3333
v 51.5 2.057585 -134.6667
v 51 2.057585 -135.3333
v 47.83334 2.057585 -135.3333
v 51.33334 2.057585 -131.1667
v 51.83334 2.057585 -131.8333
v 51.33334 2.057585 -131.1667
v 47.83334 2.057585 -135.3333
v 47 2.057585 -135.3333
v 42.66667 2.057585 -144.6667
v 48.66667 2.057585 -143.5
v 50.66667 2.057585 -147.6667
v 48.33334 2.057585 -156.6667
v 48 2.057585 -157.5
v 60.66667 2.057585 -135
v 61 2.057585 -135.3333
v 60.33334 2.057585 -135.3333
v 61 2.057585 -134
v 60.66667 2.057585 -135
v 60.33334 2.057585 -135.3333
v 59.33334 2.057585 -134.3333
v 59.5 2.057585 -134
v 68.66667 2.057585 -135.3333
v 61.5 2.057585 -135.3333
v 61.83334 2.057585 -135
v 68.66667 2.057585 -134
v 68.66667 2.057585 -135.3333
v 61.83334 2.057585 -135
v 61.5 2.057585 -134
v 59.5 2.057585 -134
v 59.5 2.057585 -133.3333
v 60.16667 2.057585 -133
v 61 2.057585 -134
v 59.5 2.057585 -131.1667
v 59.5 2.057585 -129.3333
v 60.33334 2.057585 -128.6667
v 61.5 2.057585 -134
v 60.16667 2.057585 -132.3333
v 48 2.057585 -157.5
v 49.16667 2.057585 -159.3333
v 50 2.057585 -165.6667
v 43.5 2.057585 -136.6667
v 43.16667 2.057585 -137.5
v 42.66667 2.057585 -137.6667
v 42.66667 2.057585 -128
v 50.83334 2.057585 -128
v 51.33334 2.057585 -129.5
v 51.33334 2.057585 -131.1667
v 47 2.057585 -135.3333
v 46 2.057585 -136.1667
v 43.5 2.057585 -136.6667
v 42.66667 2.057585 -128
v 50.83334 2.057585 -128
v 51.33334 2.057585 -131.1667
v -180.1667 2.057585 -85.33333
v -170.6667 2.057585 -85.33333
v -170.6667 2.057585 -128
v -180.1667 2.057585 -128
v -143.8333 2.057585 -85.33333
v -143.8333 2.057585 -86
v -144.5 2.057585 -86.66666
v -170.6667 2.057585 -85.33333
v -145 2.057585 -91.16666
v -144.6667 2.057585 -91.83333
v -145.6667 2.057585 -92.5
v -144.5 2.057585 -87.83333
v -143.5 2.057585 -88.66666
v -143.5 2.057585 -89
v -144.8333 2.057585 -90.16666
v -146 2.057585 -119.1667
v -145.3333 2.057585 -124.6667
v -145.3333 2.057585 -128
v -170.6667 2.057585 -128
v -145.3333 2.057585 -113.8333
v -145.1667 2.057585 -115.6667
v -146 2.057585 -116.1667
v -144.8333 2.057585 -90.16666
v -145 2.057585 -91.16666
v -145.6667 2.057585 -92.5
v -170.6667 2.057585 -85.33333
v -144.5 2.057585 -86.66666
v -144.5 2.057585 -87.83333
v -144.6667 2.057585 -98.33333
v -144.3333 2.057585 -98.5
v -145 2.057585 -101
v -145 2.057585 -122
v -144.6667 2.057585 -122.1667
v -145.3333 2.057585 -124.6667
v -146 2.057585 -119.1667
v -145 2.057585 -120.1667
v -145 2.057585 -122
v -145.3333 2.057585 -124.6667
v -145.6667 2.057585 -95.33333
v -144.6667 2.057585 -96.5
v -144.6667 2.057585 -98.33333
v -145 2.057585 -101
v -145.8333 2.057585 -105.5
v -145.8333 2.057585 -108.3333
v -144.6667 2.057585 -109.5
v -144.6667 2.057585 -111.5
v -145.3333 2.057585 -113.8333
v -146 2.057585 -116.1667
v -146 2.057585 -119.1667
v -170.6667 2.057585 -128
v -145 2.057585 -101
v -144.8333 2.057585 -104.6667
v -145.8333 2.057585 -105.5
v -145.6667 2.057585 -92.5
v -145.8333 2.057585 -105.5
v -146 2.057585 -116.1667
v -170.6667 2.057585 -128
v -170.6667 2.057585 -85.33333
v -145.8333 2.057585 -105.5
v -145.8333 2.057585 -108.3333
v -146 2.057585 -116.1667
v -145.6667 2.057585 -92.5
v -145.6667 2.057585 -95.33333
v -145.8333 2.057585 -105.5
v -145.8333 2.057585 -108.3333
v -145.3333 2.057585 -113.8333
v -146 2.057585 -116.1667
v -138.5 3.724252 -128
v -139.3333 3.724252 -127.5
v -139.1667 3.724252 -127.1667
v -137.6667 3.724252 -127.1667
v -138.3333 3.724252 -128
v -128 4.557585 -127.1667
v -128 4.557585 -128
v -136.5 3.724252 -128
v -137 3.724252 -127.1667
v -137.3333 3.724252 -112.5
v -138 3.724252 -112
v -138 3.724252 -111.5
v -135.8333 3.724252 -109
v -137.3333 3.724252 -123.8333
v -137.8333 3.724252 -123.5
v -138 3.724252 -122.6667
v -136 3.724252 -120.5
v -139.1667 3.724252 -127.1667
v -139.1667 3.724252 -126.5
v -138.3333 3.724252 -126
v -137.6667 3.724252 -127.1667
v -137 3.724252 -93
v -138 3.724252 -90.33333
v -137.6667 3.724252 -90
v -136.3333 3.724252 -94.16666
v -136 3.724252 -119.3333
v -136.6667 3.724252 -118.8333
v -136.6667 3.724252 -118
v -137 3.724252 -127.1667
v -137.6667 3.724252 -127.1667
v -138.3333 3.724252 -126
v -137.3333 3.724252 -124.6667
v -137 3.724252 -100.1667
v -137.8333 3.724252 -99.16666
v -135.6667 3.724252 -96.83333
v -138.3333 3.724252 -115.1667
v -138.6667 3.724252 -115
v -137.3333 3.724252 -113.5
v -137.6667 3.724252 -89
v -137.1667 3.724252 -87.33333
v -136.5 3.724252 -86.66666
v -137.6667 3.724252 -90
v -137.1667 3.724252 -117.5
v -137.6667 3.724252 -117.5
v -138.3333 3.724252 -115.1667
v -136.6667 3.724252 -118
v -137.1667 3.724252 -117.5
v -138.3333 3.724252 -115.1667
v -137.3333 3.724252 -113.5
v -137 3.724252 -127.1667
v -137.3333 3.724252 -124.6667
v -137.3333 3.724252 -123.8333
v -136 3.724252 -120.5
v -128 4.557585 -127.1667
v -137.3333 3.724252 -113.5
v -137.3333 3.724252 -112.5
v -135.8333 3.724252 -109
v -136 3.724252 -119.3333
v -136.6667 3.724252 -118
v -137.5 3.724252 -103.3333
v -137.8333 3.724252 -103
v -137 3.724252 -101
v -138.1667 3.724252 -106.3333
v -137.8333 3.724252 -106.3333
v -138.1667 3.724252 -106.6667
v -138.8333 3.724252 -103
v -138.8333 3.724252 -102.6667
v -138.5 3.724252 -102.6667
v -137.8333 3.724252 -103
v -137.6667 3.724252 -90
v -136.5 3.724252 -86.66666
v -136 3.724252 -85.33333
v -128 3.724252 -85.33333
v -135.6667 3.724252 -95.66666
v -136.3333 3.724252 -94.16666
v -138.8333 3.724252 -90.83333
v -138.8333 3.724252 -90.33333
v -138 3.724252 -90.33333
v -137 3.724252 -93
v -137.8333 3.724252 -106.3333
v -138.1667 3.724252 -106.3333
v -138 3.724252 -105
v -136.3333 3.724252 -94.16666
v -136.8333 3.724252 -93.83333
v -137 3.724252 -93
v -137.6667 3.724252 -89
v -138.6667 3.724252 -88.66666
v -138.6667 3.724252 -87.83333
v -137.1667 3.724252 -87.33333
v -135.6667 3.724252 -95.66666
v -136.3333 3.724252 -95.16666
v -136.3333 3.724252 -94.16666
v -137 3.724252 -106.3333
v -137.8333 3.724252 -106.3333
v -138 3.724252 -105
v -137.5 3.724252 -104.6667
v -137.8333 3.724252 -103
v -138.5 3.724252 -102.6667
v -137 3.724252 -101
v -137 3.724252 -101
v -137 3.724252 -100.1667
v -135.6667 3.724252 -96.83333
v -135.8333 3.724252 -108.3333
v -136.6667 3.724252 -107.5
v -136.6667 3.724252 -106.6667
v -136.6667 3.724252 -106.6667
v -137 3.724252 -106.3333
v -137.5 3.724252 -104.6667
v -136.6667 3.724252 -106.6667
v -137.5 3.724252 -104.6667
v -137.5 3.724252 -103.3333
v -137 3.724252 -101
v -135.6667 3.724252 -96.83333
v -135.8333 3.724252 -108.3333
v -135.6667 3.724252 -96.83333
v -135.6667 3.724252 -95.66666
v -128 3.724252 -85.33333
v -135.8333 3.724252 -109
v -135.8333 3.724252 -108.3333
v -135.6667 3.724252 -96.83333
v -128 3.724252 -85.33333
v -128 4.557585 -127.1667
v -128 4.557585 -127.1667
v -136 3.724252 -120.5
v -136 3.724252 -119.3333
v -135.8333 3.724252 -109
v -122.3333 4.224252 -127
v -122.3333 4.140918 -127.6667
v -122.8333 4.140918 -128
v -124.1667 4.140918 -128
v -123.8333 4.474252 -127
v -110.6667 3.890918 -86.33333
v -109.6667 3.890918 -87.16666
v -112.6667 3.724252 -87.16666
v -112 3.890918 -85.83333
v -85.33333 3.724252 -128
v -118.5 4.557585 -128
v -118.5 4.557585 -127.1667
v -113.3333 3.724252 -87.16666
v -114.3333 3.724252 -87.16666
v -114.1667 3.724252 -86.83333
v -118.5 4.557585 -127.1667
v -119.5 4.557585 -125.3333
v -119.5 4.557585 -124.5
v -85.33333 3.724252 -128
v -110.6667 3.890918 -86.33333
v -112 3.890918 -85.83333
v -112 3.724252 -85.33333
v -124.1667 4.557585 -123.3333
v -125.5 4.557585 -123.6667
v -125.8333 4.557585 -123.6667
v -104.6667 2.057585 -85.33333
v -107.1667 3.890918 -88.33333
v -107.6667 3.890918 -88
v -104.6667 2.057585 -85.33333
v -104.5 2.057585 -85.33333
v -100.5 2.057585 -87.66666
v -101.5 2.557585 -88.66666
v -106.6667 3.890918 -88.66666
v -107.1667 3.890918 -88.33333
v -120.6667 4.557585 -123.6667
v -121 4.557585 -123.6667
v -122.3333 4.557585 -123.3333
v -120.1667 4.307585 -123.6667
v -120.6667 4.557585 -123.6667
v -122.3333 4.557585 -123.3333
v -97.5 2.057585 -94.66666
v -100.3333 2.057585 -88
v -85.5 2.057585 -85.33333
v -85.33333 2.057585 -85.5
v -88 2.057585 -101.5
v -85.66666 3.890918 -109.8333
v -85.66666 3.890918 -109.5
v -85.33333 3.890918 -109.6667
v -85.33333 3.890918 -110
v -100.5 2.057585 -87.66666
v -100.3333 2.057585 -88
v -100.8333 2.390918 -88.83333
v -101.5 2.557585 -88.66666
v -86 3.890918 -109.8333
v -85.66666 3.890918 -109.8333
v -85.33333 3.890918 -110
v -108.6667 3.890918 -87.5
v -109.6667 3.890918 -87.16666
v -110.6667 3.890918 -86.33333
v -107.6667 3.890918 -88
v -108.6667 3.890918 -87.5
v -110.6667 3.890918 -86.33333
v -112 3.724252 -85.33333
v -104.6667 2.057585 -85.33333
v -85.33333 3.224252 -107.8333
v -85.33333 3.307585 -108
v -86.16666 3.724252 -108.3333
v -86.16666 3.724252 -108.3333
v -85.66666 3.890918 -109.5
v -86 3.890918 -109.5
v -108.6667 3.890918 -87.5
v -109.5 3.890918 -87.5
v -109.6667 3.890918 -87.16666
v -86.16666 3.724252 -108.3333
v -89.33333 3.724252 -105.6667
v -88.5 3.890918 -105
v -90.16666 3.724252 -105.6667
v -89.33333 3.724252 -105.6667
v -86.16666 3.724252 -108.3333
v -85.66666 3.890918 -109.5
v -85.66666 3.890918 -109.8333
v -86 3.890918 -109.8333
v -86 3.890918 -109.5
v -85.66666 3.890918 -109.5
v -86.16666 3.724252 -108.3333
v -85.33333 3.307585 -108
v -85.33333 3.890918 -109.6667
v -91.5 3.724252 -105.1667
v -90.66666 3.724252 -105
v -90.16666 3.724252 -105.6667
v -86 3.890918 -109.8333
v -85.33333 3.890918 -110
v -85.33333 3.724252 -128
v -85.33333 3.224252 -107.8333
v -87.66666 2.807585 -102.3333
v -88 2.057585 -101.5
v -85.33333 2.057585 -85.5
v -91.5 3.724252 -105.1667
v -86 3.890918 -109.8333
v -85.33333 3.724252 -128
v -119.5 4.557585 -124.5
v -120.1667 4.307585 -123.6667
v -91.5 3.724252 -105.1667
v -90.16666 3.724252 -105.6667
v -86 3.890918 -109.8333
v -107.6667 3.890918 -88
v -107.1667 3.890918 -88.33333
v -107.3333 3.890918 -88.66666
v -109.5 3.890918 -87.5
v -108.6667 3.890918 -87.5
v -104.8333 3.890918 -89.83333
v -104.3333 3.890918 -90.33333
v -105 3.724252 -90.83333
v -105.5 3.807585 -89.83333
v -99.5 3.724252 -97
v -99.16666 3.724252 -97
v -95.5 3.724252 -100.8333
v -105.1667 3.724252 -91.83333
v -104.1667 3.724252 -92.5
v -104.3333 3.724252 -93.16666
v -106.6667 3.890918 -88.66666
v -105.5 3.890918 -89.33333
v -105.5 3.807585 -89.83333
v -104.3333 3.724252 -93.16666
v -102.5 3.724252 -94.66666
v -95.5 3.724252 -100.8333
v -105.5 3.807585 -89.83333
v -105 3.724252 -90.83333
v -105.1667 3.724252 -91.83333
v -107.3333 3.890918 -88.66666
v -106.6667 3.890918 -88.66666
v -86.16666 3.724252 -108.3333
v -86 3.890918 -109.5
v -86 3.890918 -109.8333
v -90.16666 3.724252 -105.6667
v -95.5 3.724252 -100.8333
v -95 3.724252 -101
v -91.5 3.724252 -105.1667
v -112.6667 3.724252 -87.16666
v -109.6667 3.890918 -87.16666
v -109.5 3.890918 -87.5
v -102.5 3.724252 -94.66666
v -101.6667 3.724252 -94.83333
v -99.5 3.724252 -97
v -102.5 3.724252 -94.66666
v -99.5 3.724252 -97
v -95.5 3.724252 -100.8333
v -113.3333 3.724252 -87.16666
v -112.6667 3.724252 -87.16666
v -109.5 3.890918 -87.5
v -114.3333 3.724252 -87.16666
v -113.3333 3.724252 -87.16666
v -109.5 3.890918 -87.5
v -107.3333 3.890918 -88.66666
v -105.1667 3.724252 -91.83333
v -104.3333 3.724252 -93.16666
v -115 3.724252 -87.16666
v -114.3333 3.724252 -87.16666
v -109.5 3.890918 -87.5
v -90.83333 2.057585 -101.5
v -88.5 2.057585 -101.5
v -90.16666 2.057585 -102.5
v -100.6667 2.057585 -89.66666
v -100.8333 2.390918 -88.83333
v -100.3333 2.057585 -88
v -101 2.057585 -91.83333
v -101.8333 2.057585 -91.5
v -100.6667 2.057585 -89.66666
v -101 2.057585 -91.83333
v -100.6667 2.057585 -89.66666
v -100.3333 2.057585 -88
v -97.5 2.057585 -94.66666
v -100.3333 2.057585 -88
v -100.5 2.057585 -87.66666
v -85.5 2.057585 -85.33333
v -88.5 2.057585 -101.5
v -90.83333 2.057585 -101.5
v -97.5 2.057585 -94.66666
v -88 2.057585 -101.5
v -88.5 2.057585 -101.5
v -97.5 2.057585 -94.66666
v -88.5 3.890918 -105
v -89.16666 3.474252 -103.1667
v -87.66666 2.807585 -102.3333
v -85.33333 3.224252 -107.8333
v -86.16666 3.724252 -108.3333
v -100.5 2.057585 -87.66666
v -104.5 2.057585 -85.33333
v -85.5 2.057585 -85.33333
v -104.8333 3.890918 -89.83333
v -105.5 3.807585 -89.83333
v -105.5 3.890918 -89.33333
v -102.8333 3.724252 -90.83333
v -104.3333 3.890918 -90.33333
v -104.8333 3.890918 -89.83333
v -102.8333 3.724252 -90.83333
v -104.8333 3.890918 -89.83333
v -105.5 3.890918 -89.33333
v -105.5 3.890918 -89.33333
v -106.6667 3.890918 -88.66666
v -101.5 2.557585 -88.66666
v -102.8333 3.724252 -90.83333
v -106.6667 3.890918 -88.66666
v -107.3333 3.890918 -88.66666
v -107.1667 3.890918 -88.33333
v -124.1667 4.557585 -123.3333
v -125.8333 4.557585 -123.6667
v -126.3333 4.307585 -123.6667
v -123.8333 4.307585 -122.6667
v -104.3333 3.724252 -93.16666
v -123.3333 4.307585 -122.6667
v -123.8333 4.307585 -122.6667
v -120.1667 4.307585 -123.6667
v -122.3333 4.557585 -123.3333
v -123.3333 4.307585 -122.6667
v -104.3333 3.724252 -93.16666
v -95.5 3.724252 -100.8333
v -91.5 3.724252 -105.1667
v -127 4.557585 -124.5
v -127 4.557585 -125.3333
v -128 4.557585 -127.1667
v -128 3.724252 -85.33333
v -128 3.724252 -85.33333
v -119.3333 3.724252 -85.33333
v -115 3.724252 -87.16666
v -104.3333 3.724252 -93.16666
v -123.8333 4.307585 -122.6667
v -126.3333 4.307585 -123.6667
v -128 3.724252 -85.33333
v -126.3333 4.307585 -123.6667
v -127 4.557585 -124.5
v -84.66667 3.890918 -110.6667
v -84.66667 3.890918 -111.1667
v -85.16667 3.807585 -111.3333
v -85.33334 3.890918 -110
v -84.83334 3.807585 -111.6667
v -84.16667 3.890918 -111.5
v -84 3.890918 -112.3333
v -85.16667 3.724252 -113.1667
v -85 3.724252 -114
v -84.33334 3.724252 -114.6667
v -84.66667 3.724252 -115.1667
v -81.33334 3.724252 -125.3333
v -80.5 3.724252 -128
v -85.33334 3.724252 -128
v -82.66667 3.724252 -120.1667
v -81.33334 3.724252 -124.1667
v -81.33334 3.724252 -125.3333
v -85.33334 3.724252 -128
v -84.66667 3.724252 -116.1667
v -85.16667 3.807585 -111.3333
v -84.83334 3.807585 -111.6667
v -85.16667 3.724252 -113.1667
v -85 3.724252 -114
v -84.66667 3.724252 -115.1667
v -84.66667 3.724252 -116.1667
v -85.16667 3.724252 -113.1667
v -85 3.724252 -114
v -84.66667 3.724252 -116.1667
v -85.33334 3.724252 -128
v -85.33334 3.890918 -110
v -85.16667 3.807585 -111.3333
v -85.16667 3.724252 -113.1667
v -85.33334 3.724252 -128
v -80.33334 2.057585 -113.1667
v -80.33334 2.390918 -112.6667
v -79.83334 2.224252 -112.3333
v -80.33334 2.057585 -113.1667
v -79.83334 2.224252 -112.3333
v -79.5 2.057585 -111.8333
v -79.5 2.057585 -119.8333
v -77.33334 2.057585 -106.5
v -75.83334 2.057585 -104.5
v -75.16667 2.057585 -104.1667
v -79.5 2.057585 -111.8333
v -83 2.057585 -106.5
v -78.83334 2.057585 -106.5
v -79.5 2.057585 -111.8333
v -78.83334 2.057585 -106.5
v -77.33334 2.057585 -106.5
v -79.5 2.057585 -119.8333
v -82.16667 2.057585 -114.5
v -81 2.057585 -113.8333
v -79.5 2.057585 -119.8333
v -81 2.057585 -113.8333
v -80.33334 2.057585 -113.1667
v -44.5 2.057585 -117.3333
v -43.33334 2.057585 -120.6667
v -42.66667 2.057585 -123.8333
v -42.66667 2.057585 -128
v -50.5 2.057585 -107.8333
v -47.83334 2.057585 -110.6667
v -46.33334 2.057585 -113.1667
v -44.5 2.057585 -117.3333
v -50.5 2.057585 -107.8333
v -44.5 2.057585 -117.3333
v -42.66667 2.057585 -128
v -74.5 2.057585 -128
v -75.16667 2.057585 -104.1667
v -75.16667 2.057585 -103.6667
v -76.33334 2.057585 -128
v -76.83334 2.057585 -128
v -79.5 2.057585 -119.8333
v -79.5 2.057585 -111.8333
v -77.33334 2.057585 -106.5
v -75.16667 2.057585 -104.1667
v -74.5 2.057585 -128
v -76.33334 2.057585 -128
v -79.5 2.057585 -119.8333
v -75.16667 2.057585 -103.6667
v -48.16667 2.057585 -103.6667
v -50.66667 2.057585 -106.5
v -75.16667 2.057585 -103.6667
v -50.66667 2.057585 -106.5
v -50.5 2.057585 -107.8333
v -83.5 3.724252 -112.3333
v -81.16667 2.807585 -112.3333
v -82.83334 3.724252 -113.5
v -80.66667 2.557585 -112.3333
v -79.83334 2.224252 -112.3333
v -80.33334 2.390918 -112.6667
v -84.83334 3.807585 -111.6667
v -85.16667 3.807585 -111.3333
v -84.66667 3.890918 -111.1667
v -84.16667 3.890918 -111.5
v -81.16667 2.807585 -112.3333
v -83.5 3.724252 -112.3333
v -84.66667 3.890918 -110.6667
v -85.33334 3.307585 -108
v -83 2.057585 -106.5
v -79.5 2.057585 -111.8333
v -84.16667 3.890918 -111.5
v -84.66667 3.890918 -111.1667
v -84.66667 3.890918 -110.6667
v -83.5 3.724252 -112.3333
v -84 3.890918 -112.3333
v -84.16667 3.890918 -111.5
v -84.66667 3.890918 -110.6667
v -85.33334 3.890918 -110
v -85.33334 3.890918 -109.6667
v -79.5 2.057585 -111.8333
v -79.83334 2.224252 -112.3333
v -80.66667 2.557585 -112.3333
v -79.5 2.057585 -111.8333
v -80.66667 2.557585 -112.3333
v -81.16667 2.807585 -112.3333
v -83.5 3.724252 -112.3333
v -84.16667 3.890918 -111.5
v -84.66667 3.890918 -110.6667
v -84.66667 3.890918 -110.6667
v -85.33334 3.890918 -109.6667
v -85.33334 3.307585 -108
v -85.33334 3.307585 -108
v -85.33334 3.224252 -107.8333
v -83 2.057585 -106.5
v -45.83334 2.057585 -86
v -57 2.057585 -86.33333
v -57.83334 2.057585 -86.33333
v -45.83334 2.057585 -86
v -46.16667 2.057585 -86.33333
v -57 2.057585 -86.33333
v -44 2.057585 -85.33333
v -44.5 2.057585 -85.83333
v -45.83334 2.057585 -86
v -57.83334 2.057585 -86.33333
v -78.66667 2.057585 -86.33333
v -79.5 2.057585 -85.33333
v -78.66667 2.057585 -86.33333
v -57.83334 2.057585 -86.33333
v -61.83334 2.057585 -86.5
v -78.66667 2.057585 -86.5
v -77.33334 2.057585 -100.6667
v -78.83334 2.057585 -100.6667
v -78.5 2.057585 -95.33333
v -77.5 2.057585 -95.33333
v -65.16667 2.057585 -97
v -63.83334 2.057585 -98
v -81 2.057585 -104.3333
v -80.33334 2.057585 -104.6667
v -78.83334 2.057585 -106.5
v -83 2.057585 -106.5
v -79.5 2.057585 -94.5
v -78.5 2.057585 -95.33333
v -81 2.057585 -102.8333
v -57.83334 2.057585 -86.33333
v -58 2.057585 -86.5
v -61.16667 2.057585 -86.5
v -57.83334 2.057585 -86.33333
v -61.16667 2.057585 -86.5
v -61.83334 2.057585 -86.5
v -48.16667 2.057585 -103.6667
v -75.16667 2.057585 -103.6667
v -75.16667 2.057585 -102.8333
v -58.83334 2.057585 -86.83333
v -60.5 2.057585 -86.83333
v -61.16667 2.057585 -86.5
v -58 2.057585 -86.5
v -81 2.057585 -102.8333
v -81 2.057585 -104.3333
v -83 2.057585 -106.5
v -61.16667 2.057585 -98
v -60 2.057585 -98
v -77.33334 2.057585 -100.6667
v -77.33334 2.057585 -100.6667
v -63.83334 2.057585 -98
v -62.83334 2.057585 -98
v -77.33334 2.057585 -100.6667
v -62.83334 2.057585 -98
v -61.16667 2.057585 -98
v -58 2.057585 -86.5
v -58.16667 2.057585 -87
v -58.83334 2.057585 -86.83333
v -65.33334 2.057585 -95.33333
v -65 2.057585 -95.66666
v -65.16667 2.057585 -97
v -77.5 2.057585 -95.33333
v -78.83334 2.057585 -100.6667
v -80.33334 2.057585 -102.5
v -81 2.057585 -102.8333
v -78.5 2.057585 -95.33333
v -75.16667 2.057585 -102.8333
v -77 2.057585 -101.3333
v -77.33334 2.057585 -100.6667
v -61.16667 2.057585 -98
v -62.83334 2.057585 -98
v -62.16667 2.057585 -97.33333
v -60 2.057585 -98
v -59.33334 2.057585 -97.16666
v -58.83334 2.057585 -97.16666
v -60 2.057585 -98
v -58.83334 2.057585 -97.16666
v -57.66667 2.057585 -97.16666
v -78.66667 2.057585 -86.5
v -61.83334 2.057585 -86.5
v -64.33334 2.057585 -87.16666
v -78.16667 2.057585 -87.16666
v -58.83334 2.057585 -97.16666
v -59.33334 2.057585 -97.16666
v -59.33334 2.057585 -96.66666
v -56.33334 2.057585 -94.16666
v -56.5 2.057585 -92.5
v -56.16667 2.057585 -92.33333
v -45.16667 2.057585 -90.66666
v -56.66667 2.057585 -96
v -56.83334 2.057585 -95
v -56.33334 2.057585 -94.16666
v -45.16667 2.057585 -90.66666
v -81 2.057585 -102.8333
v -83 2.057585 -106.5
v -85.33334 3.224252 -107.8333
v -85.33334 2.057585 -85.5
v -80.16667 2.057585 -93.33333
v -79.5 2.057585 -94.5
v -56.16667 2.057585 -92.33333
v -56.16667 2.057585 -91.33333
v -45.16667 2.057585 -90.66666
v -56.16667 2.057585 -91.33333
v -56.5 2.057585 -90.66666
v -45.16667 2.057585 -90.66666
v -81.33334 2.057585 -90.66666
v -80.66667 2.057585 -91.16666
v -80.66667 2.057585 -92.33333
v -82.83334 2.057585 -88.16666
v -81.33334 2.057585 -90.66666
v -80.66667 2.057585 -92.33333
v -82.83334 2.057585 -88.16666
v -80.66667 2.057585 -92.33333
v -80.16667 2.057585 -93.33333
v -85.33334 2.057585 -85.5
v -61.83334 2.057585 -86.5
v -63.33334 2.057585 -87.16666
v -64.33334 2.057585 -87.16666
v -75.16667 2.057585 -102.8333
v -77.33334 2.057585 -100.6667
v -60 2.057585 -98
v -48.16667 2.057585 -103.6667
v -66 2.057585 -91.5
v -65.5 2.057585 -92.16666
v -66.33334 2.057585 -92.83333
v -65.33334 2.057585 -88.16666
v -65.16667 2.057585 -89.16666
v -66 2.057585 -90.16666
v -74.33334 2.057585 -92.5
v -75.33334 2.057585 -90.66666
v -66 2.057585 -90.16666
v -66 2.057585 -91.5
v -66.33334 2.057585 -92.83333
v -74.33334 2.057585 -92.5
v -75.33334 2.057585 -90.66666
v -76.5 2.057585 -89.83333
v -78.16667 2.057585 -87.16666
v -64.33334 2.057585 -87.16666
v -65.33334 2.057585 -88.16666
v -65.33334 2.057585 -95.33333
v -77.5 2.057585 -95.33333
v -74.83334 2.057585 -94.5
v -66.33334 2.057585 -93.5
v -66.33334 2.057585 -93.5
v -74.5 2.057585 -94.16666
v -74.33334 2.057585 -92.5
v -66.33334 2.057585 -92.83333
v -66.33334 2.057585 -93.5
v -74.83334 2.057585 -94.5
v -74.5 2.057585 -94.16666
v -56.83334 2.057585 -89.5
v -57.16667 2.057585 -89.33333
v -56.83334 2.057585 -89
v -56.83334 2.057585 -89
v -57.16667 2.057585 -87.66666
v -56.66667 2.057585 -87.33333
v -56.5 2.057585 -90.66666
v -56.83334 2.057585 -89.5
v -56.83334 2.057585 -89
v -56.66667 2.057585 -87.33333
v -46.66667 2.057585 -88.33333
v -46.66667 2.057585 -89.16666
v -46.16667 2.057585 -86.33333
v -46.16667 2.057585 -87.66666
v -46.66667 2.057585 -88.33333
v -56.66667 2.057585 -87.33333
v -57 2.057585 -86.33333
v -46.66667 2.057585 -89.16666
v -45.16667 2.057585 -90.66666
v -56.5 2.057585 -90.66666
v -63.33334 2.057585 -87.16666
v -62.33334 2.057585 -87.16666
v -62.83334 2.057585 -87.66666
v -60.5 2.057585 -86.83333
v -58.83334 2.057585 -86.83333
v -60 2.057585 -87.5
v -61.83334 2.057585 -86.5
v -62.33334 2.057585 -87.16666
v -63.33334 2.057585 -87.16666
v -45.16667 2.057585 -90.66666
v -43.5 2.057585 -90.5
v -42.66667 2.057585 -90.83333
v -44.83334 2.057585 -106.1667
v -46.66667 2.057585 -103.8333
v -43 2.057585 -110
v -44.83334 2.057585 -107.3333
v -44.83334 2.057585 -106.1667
v -42.66667 2.057585 -90.83333
v -48.16667 2.057585 -103.6667
v -60 2.057585 -98
v -57.66667 2.057585 -97.16666
v -48.16667 2.057585 -103.6667
v -57.66667 2.057585 -97.16666
v -56.66667 2.057585 -96
v -47.5 2.057585 -103.6667
v -42.66667 2.057585 -111.1667
v -43 2.057585 -110
v -42.66667 2.057585 -90.83333
v -46.66667 2.057585 -103.8333
v -47.5 2.057585 -103.6667
v -56.66667 2.057585 -96
v -45.16667 2.057585 -90.66666
v -25 2.057585 -124.8333
v -24.33333 2.057585 -124.8333
v -24.5 2.057585 -126
v -24 2.057585 -126.5
v -23.33333 2.057585 -126.5
v -23.16667 2.057585 -128
v -24.5 2.057585 -126
v -24 2.057585 -126.5
v -23.16667 2.057585 -128
v -27.33333 2.057585 -124.8333
v -25 2.057585 -124.8333
v -24.5 2.057585 -126
v -27.66667 2.057585 -124.8333
v -27.33333 2.057585 -124.8333
v -24.5 2.057585 -126
v -29 2.057585 -124.8333
v -27.66667 2.057585 -124.8333
v -24.5 2.057585 -126
v -23.16667 2.057585 -128
v -37.33334 2.057585 -128
v -37.5 2.057585 -125.1667
v -37.5 2.057585 -125.1667
v -37.83334 2.057585 -124.8333
v -29 2.057585 -124.8333
v -17 2.057585 -128
v -16.83333 2.057585 -127.1667
v -14.83333 2.057585 -127.1667
v -17 2.057585 -128
v -14.83333 2.057585 -127.1667
v -14 2.057585 -127.1667
v -14 2.057585 -127.1667
v -3.166668 2.057585 -127.1667
v -3.666668 2.057585 -128
v -17 2.057585 -128
v -14.83333 2.057585 -127.1667
v -16.83333 2.057585 -127.1667
v -15.66667 2.057585 -126.3333
v -13.33333 2.057585 -125.3333
v -14.33333 2.057585 -124.5
v -13.5 2.057585 -123.6667
v -13.5 2.057585 -122.6667
v -14.33333 2.057585 -122
v -14.33333 2.057585 -120.8333
v -3.166668 2.057585 -126.3333
v -41.66667 2.057585 -85.33333
v -39.83334 2.057585 -85.33333
v -41.16667 2.057585 -85.83333
v -13.33333 2.057585 -125.3333
v -13.5 2.057585 -123.6667
v -13.5 2.057585 -122.6667
v -3.166668 2.057585 -126.3333
v -40.5 2.057585 -86.5
v -41.16667 2.057585 -86.5
v -41.16667 2.057585 -85.83333
v -39.83334 2.057585 -85.33333
v -3.166668 2.057585 -126.3333
v -13.33333 2.057585 -126.5
v -13.33333 2.057585 -125.3333
v -11.5 2.057585 -85.33333
v -6 2.057585 -86.83333
v -9.833332 2.057585 -91.33333
v -23.33333 2.057585 -91.33333
v -3.166668 2.057585 -127.1667
v -14 2.057585 -127.1667
v -13.33333 2.057585 -126.5
v -3.166668 2.057585 -126.3333
v -29 2.057585 -121
v -29 2.057585 -121.8333
v -30 2.057585 -122.5
v -37.83334 2.057585 -124.8333
v -38.16667 2.057585 -124.6667
v -39 2.057585 -120.1667
v -39 2.057585 -120.1667
v -28.16667 2.057585 -120.1667
v -29 2.057585 -121
v -30 2.057585 -123.6667
v -29 2.057585 -124.8333
v -37.83334 2.057585 -124.8333
v -30 2.057585 -122.5
v -30 2.057585 -123.6667
v -37.83334 2.057585 -124.8333
v -24.33333 2.057585 -124.8333
v -25 2.057585 -124.8333
v -24.16667 2.057585 -124.6667
v -21.66667 2.057585 -121.1667
v -22.33333 2.057585 -121.5
v -22.16667 2.057585 -120.1667
v -21.5 2.057585 -120.5
v -22.5 2.057585 -119.8333
v -20.66667 2.057585 -119.8333
v -21.5 2.057585 -120.5
v -22.16667 2.057585 -120.1667
v -25.5 2.057585 -120.1667
v -25.83333 2.057585 -121
v -26.16667 2.057585 -121
v -27 2.057585 -120.1667
v -18.5 2.057585 -120
v -18.83333 2.057585 -120.5
v -19.5 2.057585 -120.5
v -20 2.057585 -120
v -17 2.057585 -120
v -16 2.057585 -120
v -16.83333 2.057585 -120.3333
v -24.66667 2.057585 -119.6667
v -25.5 2.057585 -120.1667
v -27 2.057585 -120.1667
v -24.66667 2.057585 -119.6667
v -27 2.057585 -120.1667
v -28.16667 2.057585 -120.1667
v -39 2.057585 -119.6667
v -24.66667 2.057585 -119.6667
v -28.16667 2.057585 -120.1667
v -39 2.057585 -120.1667
v -18.5 2.057585 -120
v -20 2.057585 -120
v -20.16667 2.057585 -119.8333
v -17 2.057585 -120
v -18.5 2.057585 -120
v -20.16667 2.057585 -119.8333
v -16 2.057585 -120
v -17 2.057585 -120
v -20.16667 2.057585 -119.8333
v -15.33333 2.057585 -120
v -16 2.057585 -120
v -20.16667 2.057585 -119.8333
v -6 2.057585 -86.83333
v -8.5 2.057585 -91.33333
v -9.833332 2.057585 -91.33333
v -20.66667 2.057585 -119.8333
v -22.5 2.057585 -119.8333
v -23.83333 2.057585 -119.6667
v -20.16667 2.057585 -119.8333
v -20.66667 2.057585 -119.8333
v -23.83333 2.057585 -119.6667
v -24 2.057585 -91.33333
v -39 2.057585 -91.33333
v -37.83334 2.057585 -90.66666
v -41.33334 2.057585 -113.3333
v -42.66667 2.057585 -111.1667
v -35.5 2.057585 -107.1667
v -32.83334 2.057585 -108.1667
v -40 2.057585 -116.8333
v -17 2.057585 -116.8333
v -24.66667 2.057585 -119.6667
v -39 2.057585 -119.6667
v -14.16667 2.057585 -116.8333
v -13.33333 2.057585 -116.8333
v -23.83333 2.057585 -119.6667
v -16.33333 2.057585 -116.8333
v -14.16667 2.057585 -116.8333
v -23.83333 2.057585 -119.6667
v -17 2.057585 -116.8333
v -16.33333 2.057585 -116.8333
v -23.83333 2.057585 -119.6667
v -24.66667 2.057585 -119.6667
v -18.66667 2.057585 -114.1667
v -18.16667 2.057585 -114.5
v -18.5 2.057585 -114.8333
v -19.33333 2.057585 -110.1667
v -18.66667 2.057585 -110.8333
v -19.5 2.057585 -111.5
v -23.66667 2.057585 -108.3333
v -18.66667 2.057585 -114.1667
v -18.5 2.057585 -114.8333
v -18.5 2.057585 -115.6667
v -19.5 2.057585 -112.5
v -19.5 2.057585 -112.5
v -18.66667 2.057585 -113.6667
v -18.66667 2.057585 -114.1667
v -9.666668 2.057585 -113.1667
v -1 2.057585 -108.8333
v 0 2.057585 -108.8333
v 0 2.057585 -125.3333
v -0.6666679 2.057585 -125.3333
v -10 2.057585 -114.8333
v -23.66667 2.057585 -108.3333
v -19 2.057585 -108.3333
v -19.33333 2.057585 -110.1667
v -9.666668 2.057585 -113.1667
v -2.333332 2.057585 -107.8333
v -1 2.057585 -108.8333
v -18.5 2.057585 -115.6667
v -17 2.057585 -116.8333
v -40 2.057585 -116.8333
v -23.66667 2.057585 -108.3333
v -19.5 2.057585 -111.5
v -19.5 2.057585 -112.5
v -25.33333 2.057585 -108.3333
v -14.16667 2.057585 -116.8333
v -16.33333 2.057585 -116.8333
v -15.5 2.057585 -116.1667
v -13.33333 2.057585 -116.8333
v -12.66667 2.057585 -116
v -12 2.057585 -116
v -13.33333 2.057585 -116.8333
v -12 2.057585 -116
v -11 2.057585 -116
v -20.16667 2.057585 -119.8333
v -23.83333 2.057585 -119.6667
v -13.33333 2.057585 -116.8333
v -15.33333 2.057585 -120
v -12 2.057585 -116
v -12.66667 2.057585 -116
v -12.5 2.057585 -115.6667
v -2.666668 2.057585 -125.8333
v -3.166668 2.057585 -126.3333
v -14.33333 2.057585 -120.8333
v -9.666668 2.057585 -113.1667
v -9.833332 2.057585 -111.3333
v -9.333332 2.057585 -111
v -2.333332 2.057585 -107.8333
v -9.333332 2.057585 -110.3333
v -10.5 2.057585 -108.1667
v -10.16667 2.057585 -107.8333
v -9.333332 2.057585 -110.3333
v -10.16667 2.057585 -107.8333
v -10.16667 2.057585 -106.8333
v -3.166668 2.057585 -105.6667
v -2.333332 2.057585 -107.8333
v -10.16667 2.057585 -106.8333
v -11.5 2.057585 -105.6667
v -3.166668 2.057585 -105.6667
v -37.83334 2.057585 -90.66666
v -37 2.057585 -88.33333
v -35.5 2.057585 -85.33333
v -11.5 2.057585 -85.33333
v -23.33333 2.057585 -91.33333
v -24 2.057585 -91.33333
v -9.333332 2.057585 -111
v -9.333332 2.057585 -110.3333
v -2.333332 2.057585 -107.8333
v -37 2.057585 -88.33333
v -36.83334 2.057585 -86.66666
v -35.5 2.057585 -85.33333
v -32.16667 2.057585 -108.1667
v -25.5 2.057585 -108.1667
v -25.33333 2.057585 -108.3333
v -32.83334 2.057585 -108.1667
v -32.16667 2.057585 -108.1667
v -25.33333 2.057585 -108.3333
v -14.33333 2.057585 -120.8333
v -15.33333 2.057585 -120
v -13.33333 2.057585 -116.8333
v -18.66667 2.057585 -107
v -18.5 2.057585 -108
v -19 2.057585 -108.3333
v -21.83333 2.057585 -107
v -21 2.057585 -106
v -23.66667 2.057585 -108.3333
v -23.16667 2.057585 -107.5
v -21.83333 2.057585 -107
v -19 2.057585 -108.3333
v -21 2.057585 -106
v -17.66667 2.057585 -106
v -18.66667 2.057585 -107
v -33.33334 2.057585 -100
v -33.33334 2.057585 -100.5
v -33.83334 2.057585 -100.8333
v -33.83334 2.057585 -100.8333
v -34.83334 2.057585 -103
v -35.66667 2.057585 -103.3333
v -25.66667 2.057585 -92.16666
v -26.33333 2.057585 -93.33333
v -28.33333 2.057585 -94.5
v -39 2.057585 -91.33333
v -14.33333 2.057585 -120.8333
v -13.33333 2.057585 -116.8333
v -11 2.057585 -116
v -0.6666679 2.057585 -125.3333
v -1.333332 2.057585 -125.8333
v -2.666668 2.057585 -125.8333
v -14.33333 2.057585 -120.8333
v -11 2.057585 -116
v -10 2.057585 -114.8333
v -10 2.057585 -114.8333
v -10.16667 2.057585 -113.8333
v -9.666668 2.057585 -113.1667
v -37.83334 2.057585 -90.66666
v -37.5 2.057585 -89
v -37 2.057585 -88.33333
v -42.66667 2.057585 -111.1667
v -35.66667 2.057585 -103.3333
v -36.33334 2.057585 -105.1667
v -28.33333 2.057585 -94.5
v -31 2.057585 -97
v -39 2.057585 -91.33333
v -39 2.057585 -91.33333
v -24 2.057585 -91.33333
v -25.66667 2.057585 -92.16666
v -33.33334 2.057585 -100
v -40.16667 2.057585 -91.33333
v -39 2.057585 -91.33333
v -31 2.057585 -97
v -26.16667 2.057585 -98.66666
v -25.33333 2.057585 -98.66666
v -25.66667 2.057585 -99.33333
v -26.66667 2.057585 -99.66666
v -29.66667 2.057585 -102.5
v -29.33333 2.057585 -102.6667
v -29.33333 2.057585 -104.3333
v -31 2.057585 -105
v -28.16667 2.057585 -100.5
v -26.16667 2.057585 -98.66666
v -26.66667 2.057585 -99.66666
v -28 2.057585 -100.8333
v -29.33333 2.057585 -104.3333
v -28.66667 2.057585 -104.6667
v -28 2.057585 -106.1667
v -31 2.057585 -105
v -27 2.057585 -107.1667
v -25.83333 2.057585 -107.5
v -25.5 2.057585 -108.1667
v -32.16667 2.057585 -108.1667
v -31.33333 2.057585 -107.1667
v -29.66667 2.057585 -102.5
v -28.16667 2.057585 -100.5
v -28 2.057585 -100.8333
v -28.66667 2.057585 -102.3333
v -29.33333 2.057585 -102.6667
v -31.33333 2.057585 -107.1667
v -31 2.057585 -105
v -28 2.057585 -106.1667
v -27 2.057585 -107.1667
v -16.5 2.057585 -106
v -15.66667 2.057585 -106
v -16.16667 2.057585 -106.5
v -13.66667 2.057585 -105.6667
v -12.33333 2.057585 -105.6667
v -13.33333 2.057585 -106.1667
v -15.16667 2.057585 -105.3333
v -15.66667 2.057585 -106
v -16.5 2.057585 -106
v -15.16667 2.057585 -105.3333
v -16.5 2.057585 -106
v -17.66667 2.057585 -106
v -20.66667 2.057585 -105.3333
v -15.16667 2.057585 -105.3333
v -17.66667 2.057585 -106
v -21 2.057585 -106
v -12.33333 2.057585 -105.6667
v -13.66667 2.057585 -105.6667
v -14.33333 2.057585 -105.3333
v -11.5 2.057585 -105.6667
v -12.33333 2.057585 -105.6667
v -14.33333 2.057585 -105.3333
v -3.166668 2.057585 -105.3333
v -3.166668 2.057585 -105.6667
v -11.5 2.057585 -105.6667
v -14.33333 2.057585 -105.3333
v -4.833332 2.057585 -104.1667
v -3.333332 2.057585 -104.1667
v -3.166668 2.057585 -105.3333
v -5.333332 2.057585 -104.1667
v -4.833332 2.057585 -104.1667
v -3.166668 2.057585 -105.3333
v -6 2.057585 -104.1667
v -5.333332 2.057585 -104.1667
v -3.166668 2.057585 -105.3333
v -15.16667 2.057585 -105.3333
v -20.66667 2.057585 -105.3333
v -19.66667 2.057585 -104.1667
v -14.33333 2.057585 -105.3333
v -15.16667 2.057585 -105.3333
v -19.66667 2.057585 -104.1667
v -6 2.057585 -104.1667
v -3.166668 2.057585 -105.3333
v -14.33333 2.057585 -105.3333
v -19.66667 2.057585 -104.1667
v -7.333332 2.057585 -102.5
v -6.333332 2.057585 -102.5
v -6.5 2.057585 -103.6667
v -10.16667 2.057585 -100.6667
v -7.666668 2.057585 -100.6667
v -8 2.057585 -101
v -8 2.057585 -102
v -7.333332 2.057585 -102.5
v -6.5 2.057585 -103.6667
v -11.16667 2.057585 -100.6667
v -10.16667 2.057585 -100.6667
v -19.66667 2.057585 -102.6667
v -20.5 2.057585 -102.1667
v -21.16667 2.057585 -100.6667
v -11.16667 2.057585 -100.6667
v -10.16667 2.057585 -100.6667
v -8 2.057585 -101
v -8 2.057585 -102
v -11.16667 2.057585 -100.6667
v -6.5 2.057585 -103.6667
v -6 2.057585 -104.1667
v -19.66667 2.057585 -104.1667
v -19.66667 2.057585 -102.6667
v -4.833332 2.057585 -104.1667
v -5.333332 2.057585 -104.1667
v -5.166668 2.057585 -103.8333
v -32.83334 2.057585 -101.8333
v -31.83333 2.057585 -101.8333
v -31.33333 2.057585 -102.3333
v -31.66667 2.057585 -103.8333
v -33.5 2.057585 -103
v 0 2.474252 -101
v 0 2.390918 -101.5
v -0.3333321 2.474252 -101.3333
v -31.83333 2.057585 -100.3333
v -30.83333 2.057585 -98.83333
v -29.33333 2.057585 -99.83333
v -30.16667 2.057585 -101.3333
v -12.33333 2.057585 -100.5
v -11.5 2.057585 -100.5
v -11.16667 2.057585 -100.6667
v -13.16667 2.057585 -100.5
v -12.33333 2.057585 -100.5
v -11.16667 2.057585 -100.6667
v -13.16667 2.057585 -100.5
v -11.16667 2.057585 -100.6667
v -21.16667 2.057585 -100.6667
v -21.33333 2.057585 -100.5
v -7.833332 2.057585 -100.1667
v -7.333332 2.057585 -100.1667
v -7.666668 2.057585 -100.6667
v -7.666668 2.057585 -100.6667
v -10.16667 2.057585 -100.6667
v -9.5 2.057585 -100
v -7.833332 2.057585 -100.1667
v -22 2.057585 -99.83333
v -23.16667 2.057585 -99.5
v -23.66667 2.057585 -98.66666
v -14.16667 2.057585 -98.66666
v -14 2.057585 -99.83333
v -13.16667 2.057585 -100.5
v -21.33333 2.057585 -100.5
v -14.16667 2.057585 -98.66666
v -14 2.057585 -99.83333
v -21.33333 2.057585 -100.5
v -22 2.057585 -99.83333
v -11.5 2.057585 -100.5
v -12.33333 2.057585 -100.5
v -11.83333 2.057585 -100.1667
v -7.333332 2.057585 -100.1667
v -7.833332 2.057585 -100.1667
v -7.5 2.057585 -99.66666
v -28.66667 2.057585 -96.5
v -28.33333 2.057585 -96.5
v -27.5 2.057585 -97.66666
v -28.16667 2.057585 -99
v -29.83333 2.057585 -97.83333
v -15 2.057585 -95
v -13.83333 2.057585 -95.83333
v -14.83333 2.057585 -96.83333
v -25.33333 2.057585 -98.66666
v -26.16667 2.057585 -98.66666
v -24 2.057585 -96.83333
v -23.66667 2.057585 -98.66666
v -25.33333 2.057585 -98.66666
v -24 2.057585 -96.83333
v -23 2.057585 -96.83333
v -20.83333 2.057585 -94.33333
v -15 2.057585 -94.33333
v -15 2.057585 -95
v -15 2.057585 -95
v -14.83333 2.057585 -96.83333
v -14.83333 2.057585 -97.83333
v -21.16667 2.057585 -95.66666
v -20.83333 2.057585 -94.33333
v -23.66667 2.057585 -98.66666
v -23 2.057585 -96.83333
v -21.16667 2.057585 -95.66666
v -14.83333 2.057585 -97.83333
v -14.16667 2.057585 -98.66666
v -21.5 2.057585 -93.16666
v -14 2.057585 -93.16666
v -15 2.057585 -94.33333
v -20.83333 2.057585 -94.33333
v -27.5 2.057585 -95.83333
v -27.5 2.057585 -95.5
v -26.66667 2.057585 -95.16666
v -25.33333 2.057585 -95.33333
v -25.33333 2.057585 -96.5
v -26 2.057585 -97
v -26.66667 2.057585 -95.16666
v -26.16667 2.057585 -94.5
v -25.33333 2.057585 -95.33333
v -33.33334 2.057585 -100
v -33.83334 2.057585 -100.8333
v -35.66667 2.057585 -103.3333
v -42.66667 2.057585 -111.1667
v -42.66667 2.057585 -90.83333
v -40.16667 2.057585 -91.33333
v -3.833332 2.057585 -95.16666
v -2.666668 2.057585 -95.16666
v -3.333332 2.057585 -96
v -3.833332 2.057585 -96
v -4.166668 2.057585 -94.33333
v -4.833332 2.057585 -94.33333
v -4.833332 2.057585 -93
v -2.666668 2.057585 -95.16666
v -3.833332 2.057585 -95.16666
v -4.166668 2.057585 -94.33333
v -1.333332 2.057585 -95.16666
v -2.666668 2.057585 -95.16666
v -4.166668 2.057585 -94.33333
v -4.833332 2.057585 -93
v -42.66667 2.057585 -111.1667
v -36.33334 2.057585 -105.1667
v -36 2.057585 -106.6667
v -42.66667 2.057585 -90.83333
v -41.16667 2.057585 -90.83333
v -40.16667 2.057585 -91.33333
v -11.16667 2.057585 -93.16666
v -11.16667 2.057585 -93.5
v -11.83333 2.057585 -93.5
v -13.33333 2.057585 -93.16666
v -13.33333 2.057585 -93.16666
v -11.83333 2.057585 -93.5
v -12.66667 2.057585 -94.16666
v -11 2.057585 -92
v -11.16667 2.057585 -93.16666
v -13.33333 2.057585 -93.16666
v -11 2.057585 -92
v -13.33333 2.057585 -93.16666
v -14 2.057585 -93.16666
v -22.66667 2.057585 -91.5
v -23.33333 2.057585 -91.33333
v -9.833332 2.057585 -91.33333
v -14 2.057585 -93.16666
v -21.5 2.057585 -93.16666
v -22.66667 2.057585 -91.5
v -41.16667 2.057585 -90.83333
v -40.66667 2.057585 -90.5
v -40.16667 2.057585 -91.33333
v -42.66667 2.057585 -111.1667
v -36 2.057585 -106.6667
v -35.5 2.057585 -107.1667
v -25.33333 2.057585 -108.3333
v -19.5 2.057585 -112.5
v -18.5 2.057585 -115.6667
v -40 2.057585 -116.8333
v -41.33334 2.057585 -113.3333
v -32.83334 2.057585 -108.1667
v 0 2.057585 -96.16666
v -0.5 2.057585 -96.16666
v -1.333332 2.057585 -95.16666
v 0 2.057585 -87.66666
v -5.333332 2.057585 -92.5
v -8.166668 2.057585 -92.16666
v -8.5 2.057585 -91.33333
v -6 2.057585 -86.83333
v -1.333332 2.057585 -95.16666
v -4.833332 2.057585 -93
v -5.333332 2.057585 -92.5
v -6 2.057585 -86.83333
v 0 2.057585 -87.66666
v 19 2.057585 -117.6667
v 19 2.057585 -118.3333
v 18.5 2.057585 -118.8333
v 6.333333 2.057585 -119
v 5 2.057585 -117.6667
v 7.5 2.057585 -124.1667
v 7.166667 2.057585 -123.8333
v 7.333333 2.057585 -122.8333
v 18 2.057585 -120.3333
v 18 2.057585 -123
v 17.16667 2.057585 -123.5
v 6.166667 2.057585 -128
v 6.666667 2.057585 -126.3333
v 7.5 2.057585 -125.6667
v 17 2.057585 -126.5
v 18 2.057585 -128
v 17 2.057585 -124.3333
v 17 2.057585 -126.5
v 7.5 2.057585 -125.6667
v 7.5 2.057585 -124.1667
v 7.333333 2.057585 -122.8333
v 6.833333 2.057585 -122
v 6.333333 2.057585 -119
v 18.5 2.057585 -118.8333
v 18 2.057585 -120.3333
v 17.16667 2.057585 -123.5
v 17 2.057585 -124.3333
v 7.5 2.057585 -124.1667
v 26.66667 2.057585 -124.8333
v 25.66667 2.057585 -123.8333
v 26.33333 2.057585 -123
v 27 2.057585 -126.8333
v 26.5 2.057585 -126.5
v 26.66667 2.057585 -124.8333
v 28.83333 2.057585 -121.1667
v 26.33333 2.057585 -123
v 26 2.057585 -121.1667
v 27.5 2.057585 -121.1667
v 26.33333 2.057585 -123
v 27.5 2.057585 -121.1667
v 28.83333 2.057585 -121.1667
v 26.66667 2.057585 -124.8333
v 35 2.057585 -121.1667
v 36.33334 2.057585 -121.1667
v 42.66667 2.057585 -128
v 21.5 2.057585 -88.16666
v 4.166667 2.057585 -88.16666
v 5 2.057585 -87.33333
v 20.83333 2.057585 -87.5
v 27 2.057585 -128
v 27 2.057585 -126.8333
v 28.83333 2.057585 -121.1667
v 35 2.057585 -121.1667
v 42.66667 2.057585 -128
v 3.333333 2.057585 -124.3333
v 4 2.057585 -125.1667
v 2.5 2.057585 -125.3333
v 1.166667 2.057585 -125.3333
v 2.5 2.057585 -125.3333
v 2 2.057585 -126
v 1.166667 2.057585 -125.3333
v 2.666667 2.057585 -120.3333
v 3.5 2.057585 -120.3333
v 3.333333 2.057585 -124.3333
v 40.16667 2.057585 -117.6667
v 39.83334 2.057585 -117.1667
v 42.66667 2.057585 -108.5
v 20 2.057585 -85.83333
v 20.66667 2.057585 -86.33333
v 20.83333 2.057585 -87.5
v 5 2.057585 -87.33333
v 27.5 2.057585 -121.1667
v 26 2.057585 -121.1667
v 26 2.057585 -120.8333
v 28.83333 2.057585 -121.1667
v 29.83333 2.057585 -120.5
v 30.83333 2.057585 -120.5
v 28.83333 2.057585 -121.1667
v 30.83333 2.057585 -120.5
v 31.5 2.057585 -120.5
v 31.5 2.057585 -120.5
v 32.66667 2.057585 -120.5
v 35 2.057585 -121.1667
v 28.83333 2.057585 -121.1667
v 36.33334 2.057585 -121.1667
v 37.33334 2.057585 -121
v 38.33334 2.057585 -121
v 5 2.057585 -87.33333
v 4.833333 2.057585 -85.33333
v 20 2.057585 -85.33333
v 20 2.057585 -85.83333
v 38.33334 2.057585 -121
v 39.5 2.057585 -121
v 36.33334 2.057585 -121.1667
v 38.33334 2.057585 -121
v 37.33334 2.057585 -121
v 37.66667 2.057585 -120.6667
v 37.83334 2.057585 -116.6667
v 37.16667 2.057585 -116.1667
v 36.66667 2.057585 -115.6667
v 36.33334 2.057585 -114.3333
v 39 2.057585 -116.6667
v 32.5 2.057585 -112
v 31.33333 2.057585 -111.8333
v 30.66667 2.057585 -111.1667
v 42.66667 2.057585 -128
v 39.5 2.057585 -121
v 40.16667 2.057585 -120
v 42.66667 2.057585 -128
v 40.16667 2.057585 -120
v 40.16667 2.057585 -117.6667
v 42.66667 2.057585 -108.5
v 35 2.057585 -113
v 34.16667 2.057585 -113
v 32.5 2.057585 -112
v 2.333333 2.057585 -120
v 2.666667 2.057585 -120.3333
v 3.333333 2.057585 -124.3333
v 35 2.057585 -113
v 32.5 2.057585 -112
v 30.66667 2.057585 -111.1667
v 38.16667 2.057585 -104.6667
v 40.33334 2.057585 -107.1667
v 42.66667 2.057585 -128
v 36.33334 2.057585 -121.1667
v 39.5 2.057585 -121
v 30.83333 2.057585 -120.5
v 29.83333 2.057585 -120.5
v 30 2.057585 -120.1667
v 32.66667 2.057585 -120.5
v 31.5 2.057585 -120.5
v 31.83333 2.057585 -120.1667
v 37 2.057585 -119
v 36.83334 2.057585 -119.6667
v 36.16667 2.057585 -119
v 34.66667 2.057585 -118.3333
v 35.16667 2.057585 -117.3333
v 35.83334 2.057585 -117
v 37 2.057585 -119
v 36.16667 2.057585 -119
v 3.666667 2.057585 -118.1667
v 3.666667 2.057585 -119.1667
v 2.666667 2.057585 -119
v 5 2.057585 -117.6667
v 4.166667 2.057585 -117.6667
v 0.6666667 2.057585 -108.3333
v 2.333333 2.057585 -106.1667
v 21.16667 2.057585 -112.5
v 20.5 2.057585 -113.3333
v 20.5 2.057585 -113.3333
v 20.66667 2.057585 -114.8333
v 19.33333 2.057585 -116.1667
v 5 2.057585 -117.6667
v 39.83334 2.057585 -117.1667
v 39 2.057585 -116.6667
v 36.33334 2.057585 -114.3333
v 35 2.057585 -113
v 40.33334 2.057585 -107.1667
v 42.66667 2.057585 -108.5
v 3.333333 2.057585 -124.3333
v 1.166667 2.057585 -125.3333
v 0 2.057585 -125.3333
v 2.333333 2.057585 -120
v 19.33333 2.057585 -116.1667
v 19 2.057585 -117.6667
v 5 2.057585 -117.6667
v 23.5 2.057585 -112.5
v 23.5 2.057585 -113
v 23 2.057585 -113
v 22.5 2.057585 -112.5
v 24.16667 2.057585 -111.6667
v 23.5 2.057585 -112.5
v 22.5 2.057585 -112.5
v 24.16667 2.057585 -111.6667
v 22.5 2.057585 -112.5
v 21.16667 2.057585 -112.5
v 28.16667 2.057585 -90
v 27.33333 2.057585 -89.16666
v 27 2.057585 -87.33333
v 26.66667 2.057585 -85.33333
v 25.83333 2.057585 -111.6667
v 27.16667 2.057585 -111.6667
v 26.5 2.057585 -112.3333
v 27.83333 2.057585 -111.3333
v 27.16667 2.057585 -111.6667
v 25.83333 2.057585 -111.6667
v 27.83333 2.057585 -111.3333
v 25.83333 2.057585 -111.6667
v 24.16667 2.057585 -111.6667
v 0.5 2.057585 -88.16666
v 0.8333334 2.057585 -96.33333
v 0 2.057585 -96.16666
v 0 2.057585 -87.66666
v 29.5 2.057585 -111.3333
v 29.33333 2.057585 -111.6667
v 28.83333 2.057585 -111.6667
v 28.5 2.057585 -111.3333
v 29.66667 2.057585 -111.1667
v 29.5 2.057585 -111.3333
v 28.5 2.057585 -111.3333
v 29.66667 2.057585 -111.1667
v 28.5 2.057585 -111.3333
v 27.83333 2.057585 -111.3333
v 28.16667 2.057585 -93.83333
v 27.66667 2.057585 -92.33333
v 28.33333 2.057585 -91.83333
v 29 2.057585 -95.16666
v 0.5 2.057585 -102.3333
v 0 2.390918 -101.5
v 0 2.474252 -101
v 0.6666667 2.057585 -108.3333
v 0.6666667 2.057585 -107
v 1.333333 2.057585 -107
v 37.5 2.057585 -103
v 37.83334 2.057585 -103.1667
v 38.16667 2.057585 -104.6667
v 29.5 2.057585 -99.66666
v 30 2.057585 -99.66666
v 1.666667 2.057585 -104
v 0.5 2.057585 -103.8333
v 0.5 2.057585 -102.3333
v 37.5 2.057585 -99.66666
v 37.83334 2.057585 -101.6667
v 37.5 2.057585 -102
v 30 2.057585 -99.66666
v 0.5 2.057585 -102.3333
v 0 2.474252 -101
v 0.3333333 2.057585 -99.66666
v 29.5 2.057585 -99.66666
v 2.333333 2.057585 -104.6667
v 1.666667 2.057585 -104
v 28.16667 2.057585 -93.83333
v 27.66667 2.057585 -93.33333
v 27.66667 2.057585 -92.33333
v 26.5 2.057585 -86.83333
v 25.83333 2.057585 -85.66666
v 26.66667 2.057585 -85.33333
v 27 2.057585 -87.33333
v 30 2.057585 -99.66666
v 37.5 2.057585 -102
v 37.5 2.057585 -103
v 41.83334 2.057585 -97
v 39.16667 2.057585 -97
v 31.5 2.057585 -96.33333
v 38.16667 2.057585 -104.6667
v 30.66667 2.057585 -111.1667
v 29.66667 2.057585 -111.1667
v 2.333333 2.057585 -106.1667
v 2.333333 2.057585 -104.6667
v 29.5 2.057585 -99.66666
v 39.16667 2.057585 -97
v 32.16667 2.057585 -97
v 31.5 2.057585 -96.33333
v 39.33334 2.057585 -104
v 39.83334 2.057585 -103.6667
v 40.83334 2.057585 -103.6667
v 40.33334 2.057585 -105.5
v 42.66667 2.057585 -106.6667
v 41.5 2.057585 -106.3333
v 40.33334 2.057585 -105.5
v 40.83334 2.057585 -103.6667
v 42.66667 2.057585 -102.5
v 38.66667 2.057585 -99.33333
v 40 2.057585 -99.33333
v 38.83334 2.057585 -100.1667
v 0.3333333 2.057585 -99.66666
v 0.3333333 2.057585 -99.16666
v 1.333333 2.057585 -98.83333
v 25.16667 2.057585 -98.83333
v 29.5 2.057585 -99.66666
v 26.16667 2.057585 -98.83333
v 28.5 2.057585 -98.83333
v 29.5 2.057585 -99.66666
v 25.16667 2.057585 -98.83333
v 26.16667 2.057585 -98.83333
v 29.5 2.057585 -99.66666
v 37.5 2.057585 -99.66666
v 30 2.057585 -99.66666
v 32.16667 2.057585 -97.83333
v 37.5 2.057585 -98.16666
v 32.16667 2.057585 -97
v 38.5 2.057585 -97.16666
v 37.5 2.057585 -98.16666
v 32.16667 2.057585 -97.83333
v 32.16667 2.057585 -97
v 39.16667 2.057585 -97
v 38.5 2.057585 -97.16666
v 41.33334 2.057585 -98.33333
v 41.66667 2.057585 -99.33333
v 41.33334 2.057585 -99.33333
v 40 2.057585 -99.33333
v 38.66667 2.057585 -99.33333
v 38.66667 2.057585 -99
v 39.83334 2.057585 -98.16666
v 40 2.057585 -99.33333
v 39.83334 2.057585 -98.16666
v 41.33334 2.057585 -98.33333
v 41.33334 2.057585 -99.33333
v 24.16667 2.057585 -98.33333
v 24.83333 2.057585 -98.33333
v 25.16667 2.057585 -98.83333
v 1.333333 2.057585 -98.83333
v 21.5 2.057585 -92.33333
v 22.16667 2.057585 -92.83333
v 22.16667 2.057585 -93.33333
v 21.16667 2.057585 -93.83333
v 1.333333 2.057585 -98.83333
v 1.666667 2.057585 -98.5
v 21.33333 2.057585 -95.66666
v 22.16667 2.057585 -96.66666
v 22.16667 2.057585 -96.66666
v 23.5 2.057585 -97
v 23.5 2.057585 -97.66666
v 22.16667 2.057585 -96.66666
v 23.5 2.057585 -97.66666
v 24.16667 2.057585 -98.33333
v 1.333333 2.057585 -98.83333
v 21.83333 2.057585 -90
v 21.5 2.057585 -92.33333
v 21.16667 2.057585 -93.83333
v 4.166667 2.057585 -88.16666
v 21.5 2.057585 -88.16666
v 1.666667 2.057585 -98.5
v 1.666667 2.057585 -97.33333
v 4.166667 2.057585 -88.16666
v 21.16667 2.057585 -93.83333
v 21.33333 2.057585 -95.66666
v 2.333333 2.057585 -106.1667
v 27.83333 2.057585 -111.3333
v 24.16667 2.057585 -111.6667
v 0.8333334 2.057585 -96.33333
v 0.5 2.057585 -88.16666
v 4.166667 2.057585 -88.16666
v 1.666667 2.057585 -97.33333
v 28.5 2.057585 -98.83333
v 26.16667 2.057585 -98.83333
v 27.16667 2.057585 -98
v 28.33333 2.057585 -98.33333
v 24.16667 2.057585 -111.6667
v 21.16667 2.057585 -112.5
v 2.333333 2.057585 -106.1667
v 28.16667 2.057585 -93.83333
v 27.33333 2.057585 -93.66666
v 27.66667 2.057585 -93.33333
v 26.5 2.057585 -86.83333
v 25.83333 2.057585 -86.83333
v 25.5 2.057585 -86.33333
v 25.83333 2.057585 -85.66666
v 29 2.057585 -95.16666
v 28.33333 2.057585 -91.83333
v 28.16667 2.057585 -90
v 31.5 2.057585 -96.33333
v 4.166667 2.057585 -117.6667
v 3.666667 2.057585 -118.1667
v 2.666667 2.057585 -119
v 0 2.057585 -108.8333
v 0.6666667 2.057585 -108.3333
v 0.6666667 2.057585 -108.3333
v 1.333333 2.057585 -107
v 2.333333 2.057585 -106.1667
v 2.666667 2.057585 -119
v 2.333333 2.057585 -120
v 0 2.057585 -125.3333
v 0 2.057585 -108.8333
v 2.333333 2.057585 -106.1667
v 29.66667 2.057585 -111.1667
v 27.83333 2.057585 -111.3333
v 42.66667 2.057585 -85.33333
v 42.66667 2.057585 -97.5
v 41.83334 2.057585 -97
v 31.5 2.057585 -96.33333
v 28.16667 2.057585 -90
v 26.66667 2.057585 -85.33333
v 42.66667 2.057585 -85.33333
v 41.83334 2.057585 -97
v 49 2.057585 -110.3333
v 49.83334 2.057585 -110.3333
v 50.16667 2.057585 -111.1667
v 50.83334 2.057585 -123.6667
v 50.83334 2.057585 -124.6667
v 50.33334 2.057585 -125.1667
v 50.16667 2.057585 -115.1667
v 50.83334 2.057585 -115.5
v 50.5 2.057585 -116.8333
v 51.16667 2.057585 -120
v 51.66667 2.057585 -120.6667
v 51.66667 2.057585 -121.6667
v 50.83334 2.057585 -123.6667
v 50.33334 2.057585 -126.3333
v 50.83334 2.057585 -126.6667
v 50.83334 2.057585 -128
v 42.66667 2.057585 -128
v 50.83334 2.057585 -111.6667
v 50.66667 2.057585 -113.3333
v 50.16667 2.057585 -113.6667
v 48 2.057585 -110.3333
v 49 2.057585 -110.3333
v 50.16667 2.057585 -111.1667
v 50.5 2.057585 -116.8333
v 51.66667 2.057585 -118
v 51.16667 2.057585 -118.8333
v 48 2.057585 -110.3333
v 50.16667 2.057585 -113.6667
v 50.16667 2.057585 -115.1667
v 50.33334 2.057585 -125.1667
v 50.33334 2.057585 -126.3333
v 42.66667 2.057585 -128
v 50.5 2.057585 -116.8333
v 51.16667 2.057585 -118.8333
v 51.16667 2.057585 -120
v 48 2.057585 -110.3333
v 50.16667 2.057585 -115.1667
v 50.5 2.057585 -116.8333
v 47.66667 2.057585 -100
v 42.83334 2.057585 -100
v 43 2.057585 -98
v 51.16667 2.057585 -120
v 50.83334 2.057585 -123.6667
v 50.33334 2.057585 -125.1667
v 59.16667 2.057585 -112
v 58.83334 2.057585 -111.8333
v 59.33334 2.057585 -110.1667
v 58.66667 2.057585 -91
v 58.33334 2.057585 -90.83333
v 59 2.057585 -88.66666
v 60 2.057585 -105
v 60 2.057585 -103.3333
v 60.5 2.057585 -102.1667
v 59.66667 2.057585 -120.5
v 59.5 2.057585 -118.3333
v 60.33334 2.057585 -117.6667
v 68.66667 2.057585 -128
v 60.33334 2.057585 -125.6667
v 59.66667 2.057585 -93.83333
v 58.66667 2.057585 -92.83333
v 58.66667 2.057585 -91
v 59 2.057585 -88.66666
v 60 2.057585 -97
v 59.66667 2.057585 -96.5
v 59.66667 2.057585 -93.83333
v 59 2.057585 -88.66666
v 58.83334 2.057585 -86.16666
v 59.16667 2.057585 -85.33333
v 59.66667 2.057585 -93.83333
v 60.33334 2.057585 -115.1667
v 59.16667 2.057585 -113.6667
v 59.16667 2.057585 -112
v 59.33334 2.057585 -110.1667
v 60 2.057585 -105
v 60.5 2.057585 -102.1667
v 60.33334 2.057585 -125.6667
v 59.16667 2.057585 -124.5
v 59.16667 2.057585 -122.1667
v 59.66667 2.057585 -120.5
v 60 2.057585 -97
v 59.66667 2.057585 -93.83333
v 59.16667 2.057585 -85.33333
v 68.66667 2.057585 -128
v 60.33334 2.057585 -117.6667
v 60.33334 2.057585 -115.1667
v 60.5 2.057585 -102.1667
v 68.66667 2.057585 -85.33333
v 59.33334 2.057585 -110.1667
v 59.16667 2.057585 -105.5
v 60 2.057585 -105
v 68.66667 2.057585 -128
v 60.33334 2.057585 -128
v 60.33334 2.057585 -125.6667
v 60 2.057585 -97
v 59.16667 2.057585 -85.33333
v 68.66667 2.057585 -85.33333
v 60.5 2.057585 -102.1667
v 49.66667 2.057585 -92.5
v 49.66667 2.057585 -94
v 47.66667 2.057585 -100
v 47.66667 2.057585 -100
v 43 2.057585 -98
v 42.66667 2.057585 -97.5
v 42.66667 2.057585 -85.33333
v 50.66667 2.057585 -85.33333
v 49.66667 2.057585 -92.5
v 49.83334 2.057585 -110.3333
v 49 2.057585 -110.3333
v 49.66667 2.057585 -109.8333
v 47.83334 2.057585 -103.6667
v 49.16667 2.057585 -103.6667
v 48.5 2.057585 -104.6667
v 47.16667 2.057585 -109
v 46 2.057585 -108.3333
v 46.33334 2.057585 -107.5
v 47.83334 2.057585 -103.6667
v 48.5 2.057585 -104.6667
v 48.5 2.057585 -105.3333
v 47.5 2.057585 -106.3333
v 49.66667 2.057585 -108.3333
v 49.16667 2.057585 -108.8333
v 47.16667 2.057585 -109
v 46.33334 2.057585 -107.5
v 47.5 2.057585 -106.3333
v 49.83334 2.057585 -106
v 47.5 2.057585 -106.3333
v 48.5 2.057585 -105.3333
v 49.16667 2.057585 -106
v 47.5 2.057585 -106.3333
v 49.16667 2.057585 -106
v 49.83334 2.057585 -106
v 44.83334 2.057585 -104.3333
v 45.83334 2.057585 -103.5
v 46.33334 2.057585 -103.8333
v 46.33334 2.057585 -105.8333
v 45.16667 2.057585 -107.1667
v 44.83334 2.057585 -106.8333
v 42.66667 2.057585 -102.5
v 43.16667 2.057585 -101.6667
v 44.83334 2.057585 -102.6667
v 43.5 2.057585 -103.8333
v 42.66667 2.057585 -106.6667
v 42.66667 2.057585 -102.5
v 43.5 2.057585 -103.8333
v 43.66667 2.057585 -107
v 43.83334 2.057585 -100.5
v 42.83334 2.057585 -100.3333
v 42.83334 2.057585 -100
v 47.66667 2.057585 -100
v 46.66667 2.057585 -100.1667
v 46.66667 2.057585 -100.1667
v 45.83334 2.057585 -101.5
v 45.5 2.057585 -101.5
v 43.83334 2.057585 -100.5
v 51.33334 2.057585 -100
v 52.16667 2.057585 -100.1667
v 51.83334 2.057585 -101
v 48.66667 2.057585 -100
v 50.16667 2.057585 -91
v 50.16667 2.057585 -92.16666
v 49.66667 2.057585 -92.5
v 49.66667 2.057585 -94
v 50.16667 2.057585 -94.33333
v 50 2.057585 -95.83333
v 47.66667 2.057585 -100
v 50 2.057585 -95.83333
v 51 2.057585 -96.83333
v 50.5 2.057585 -97.66666
v 50.83334 2.057585 -86.5
v 52 2.057585 -87.33333
v 51 2.057585 -88.5
v 50.5 2.057585 -98.83333
v 51.33334 2.057585 -100
v 48.66667 2.057585 -100
v 51 2.057585 -88.5
v 51 2.057585 -89.33333
v 50.16667 2.057585 -91
v 50.66667 2.057585 -85.33333
v 50.83334 2.057585 -86.5
v 50.5 2.057585 -97.66666
v 50.5 2.057585 -98.83333
v 48.66667 2.057585 -100
v 47.66667 2.057585 -100
v 50 2.057585 -95.83333
v 50.66667 2.057585 -85.33333
v 50.16667 2.057585 -91
v 49.66667 2.057585 -92.5
v 42.66667 2.057585 -108.5
v 44.66667 2.057585 -108.8333
v 46.66667 2.057585 -110.1667
v 46.66667 2.057585 -110.1667
v 48 2.057585 -110.3333
v 50.5 2.057585 -116.8333
v 50.5 2.057585 -116.8333
v 51.16667 2.057585 -120
v 50.33334 2.057585 -125.1667
v 42.66667 2.057585 -128
v 42.66667 2.057585 -108.5
v 46.66667 2.057585 -110.1667
v -173.1667 2.057585 -83.33334
v -172.8333 2.057585 -83.33334
v -172.1667 2.057585 -84
v -172.1667 2.057585 -84
v -170.6667 2.057585 -84
v -170.6667 2.057585 -85.33334
v -174.5 2.057585 -83.33334
v -173.1667 2.057585 -83.33334
v -172.1667 2.057585 -84
v -174.5 2.057585 -83.33334
v -172.1667 2.057585 -84
v -170.6667 2.057585 -85.33334
v -180.1667 2.057585 -85.33334
v -180.1667 2.057585 -83.33334
v -176.8333 2.057585 -83
v -174.8333 2.057585 -83
v -174.5 2.057585 -83.33334
v -180.1667 2.057585 -83.33334
v -180.1667 2.057585 -83
v -177.5 2.057585 -83
v -177.5 2.057585 -83
v -176.8333 2.057585 -83
v -174.5 2.057585 -83.33334
v -180.1667 2.057585 -83.33334
v -178.1667 2.057585 -66.5
v -177.1667 2.057585 -66.66667
v -177.1667 2.057585 -67.16667
v -178.3333 2.057585 -68.33334
v -178 2.057585 -53.66667
v -177.1667 2.057585 -53.83334
v -178.1667 2.057585 -55
v -178.8333 2.057585 -45.5
v -178.8333 2.057585 -46.33334
v -179.3333 2.057585 -46.83334
v -180.1667 2.057585 -42.66667
v -179 2.057585 -49.83334
v -178 2.057585 -50.66667
v -178.5 2.057585 -51.33334
v -179.1667 2.057585 -62.66667
v -178.1667 2.057585 -63.5
v -178.6667 2.057585 -64.16667
v -179.1667 2.057585 -81.66667
v -177.5 2.057585 -83
v -180.1667 2.057585 -83
v -179.3333 2.057585 -48.16667
v -179 2.057585 -48.33334
v -179 2.057585 -49.83334
v -180.1667 2.057585 -42.66667
v -179.6667 2.057585 -59.5
v -179.6667 2.057585 -60.5
v -178.5 2.057585 -53
v -178 2.057585 -53.66667
v -178.1667 2.057585 -55
v -179 2.057585 -57.5
v -179 2.057585 -57.5
v -179 2.057585 -58.66667
v -179.6667 2.057585 -59.5
v -179.6667 2.057585 -60.5
v -179 2.057585 -61
v -179.1667 2.057585 -62.66667
v -180.1667 2.057585 -42.66667
v -178 2.057585 -42.66667
v -178 2.057585 -43.66667
v -178.8333 2.057585 -45.5
v -178.6667 2.057585 -65.83334
v -178.1667 2.057585 -66.5
v -178.3333 2.057585 -68.33334
v -179.6667 2.057585 -60.5
v -179.6667 2.057585 -75.16667
v -180.1667 2.057585 -83
v -180.1667 2.057585 -42.66667
v -179 2.057585 -49.83334
v -178.5 2.057585 -51.33334
v -178.5 2.057585 -53
v -179.1667 2.057585 -62.66667
v -178.6667 2.057585 -64.16667
v -178.6667 2.057585 -65.83334
v -180.1667 2.057585 -42.66667
v -179.3333 2.057585 -46.83334
v -179.3333 2.057585 -48.16667
v -179.6667 2.057585 -59.5
v -179.5 2.057585 -76.83334
v -179.1667 2.057585 -81.66667
v -180.1667 2.057585 -83
v -179.6667 2.057585 -75.16667
v -178.6667 2.057585 -65.83334
v -178.3333 2.057585 -68.33334
v -179.1667 2.057585 -70.33334
v -179.6667 2.057585 -60.5
v -179.1667 2.057585 -62.66667
v -179.5 2.057585 -76.83334
v -178.5 2.057585 -78.33334
v -179.1667 2.057585 -81.66667
v -179.1667 2.057585 -70.33334
v -179.1667 2.057585 -72.5
v -179.6667 2.057585 -75.16667
v -179.6667 2.057585 -60.5
v -179.3333 2.057585 -48.16667
v -179 2.057585 -49.83334
v -178.5 2.057585 -53
v -179 2.057585 -57.5
v -179.6667 2.057585 -59.5
v -176.8333 2.057585 -83
v -176.3333 2.057585 -82.16667
v -175.5 2.057585 -82.16667
v -174.8333 2.057585 -83
v -170.6667 2.057585 -85.33334
v -170.6667 2.057585 -84
v -169.3333 2.057585 -84
v -170.6667 2.057585 -85.33334
v -169.3333 2.057585 -84
v -168.8333 2.057585 -83.66667
v -159.3333 2.057585 -83.66667
v -156.5 2.057585 -83.66667
v -143.8333 2.057585 -85.33334
v -170.6667 2.057585 -85.33334
v -159.3333 2.057585 -83.66667
v -156.5 2.057585 -83.66667
v -143.5 2.057585 -83.66667
v -143.8333 2.057585 -85.33334
v -128.5 3.890918 -80.83334
v -128.3333 3.890918 -80.83334
v -128 3.724252 -81
v -136 3.724252 -81.5
v -135.8333 3.724252 -81.16667
v -134.8333 3.724252 -81.16667
v -136 3.724252 -85.33334
v -129.8333 3.724252 -80.83334
v -128.5 3.890918 -80.83334
v -128 3.724252 -81
v -136 3.724252 -85.33334
v -134.8333 3.724252 -81.16667
v -134.5 3.724252 -80.83334
v -129.8333 3.724252 -80.83334
v -128 3.724252 -81
v -128 3.724252 -85.33334
v -160.3333 2.057585 -83
v -160 2.057585 -83
v -159.3333 2.057585 -83.66667
v -168.8333 2.057585 -83.66667
v -168.1667 2.057585 -83
v -167.1667 2.057585 -83
v -161.5 2.057585 -83
v -160.3333 2.057585 -83
v -159.3333 2.057585 -83.66667
v -168.8333 2.057585 -83.66667
v -167.1667 2.057585 -83
v -166.6667 2.057585 -83
v -161.8333 2.057585 -83
v -161.5 2.057585 -83
v -159.3333 2.057585 -83.66667
v -168.8333 2.057585 -83.66667
v -166.6667 2.057585 -83
v -164.5 2.057585 -83
v -164.5 2.057585 -83
v -161.8333 2.057585 -83
v -159.3333 2.057585 -83.66667
v -168.8333 2.057585 -83.66667
v -146.3333 2.057585 -83.5
v -143.5 2.057585 -83.5
v -143.5 2.057585 -83.66667
v -148.3333 2.057585 -83.5
v -146.3333 2.057585 -83.5
v -143.5 2.057585 -83.66667
v -148.3333 2.057585 -83.5
v -143.5 2.057585 -83.66667
v -156.5 2.057585 -83.66667
v -156.1667 2.057585 -83.5
v -149.6667 2.057585 -82.83334
v -149 2.057585 -82.83334
v -148.3333 2.057585 -83.5
v -150.5 2.057585 -82.83334
v -149.6667 2.057585 -82.83334
v -148.3333 2.057585 -83.5
v -150.5 2.057585 -82.83334
v -148.3333 2.057585 -83.5
v -156.1667 2.057585 -83.5
v -155.5 2.057585 -82.83334
v -144.3333 2.057585 -82.16667
v -143.3333 2.057585 -82.33334
v -143.5 2.057585 -83.5
v -145.5 2.057585 -83.33334
v -143.5 2.057585 -83.5
v -146.3333 2.057585 -83.5
v -145.5 2.057585 -83.33334
v -164.5 2.057585 -83
v -166.6667 2.057585 -83
v -166.1667 2.057585 -82.5
v -155.5 2.057585 -82.83334
v -155.3333 2.057585 -82.5
v -153.5 2.057585 -82.5
v -150.5 2.057585 -82.83334
v -150.5 2.057585 -82.83334
v -153.5 2.057585 -82.5
v -153.3333 2.057585 -82.16667
v -128.3333 3.890918 -80.83334
v -128 3.890918 -80.83334
v -128 3.724252 -81
v -131.8333 3.724252 -80.66667
v -131.1667 3.724252 -80.5
v -129.8333 3.724252 -80.83334
v -131.8333 3.724252 -80.66667
v -129.8333 3.724252 -80.83334
v -134.5 3.724252 -80.83334
v -134.5 3.724252 -80.66667
v -129.1667 3.890918 -80.5
v -128.5 3.890918 -80.83334
v -129.8333 3.724252 -80.83334
v -131.1667 3.724252 -80.5
v -131.5 3.890918 -80.33334
v -132.8333 3.890918 -80.16667
v -132 3.807585 -79.83334
v -131.5 3.890918 -80.33334
v -131.8333 3.724252 -80.66667
v -134.5 3.724252 -80.33334
v -134.5 3.724252 -80.16667
v -132.8333 3.890918 -80.16667
v -131.8333 3.724252 -80.66667
v -131.1667 3.724252 -80.5
v -131.8333 3.724252 -80.66667
v -131.5 3.890918 -80.33334
v -128 3.890918 -80.33334
v -128 3.890918 -80.83334
v -128.3333 3.890918 -80.83334
v -128 3.890918 -80.33334
v -128.3333 3.890918 -80.83334
v -128.5 3.890918 -80.83334
v -129.1667 3.890918 -80.5
v -129.1667 3.890918 -80.5
v -131.5 3.890918 -80.33334
v -132 3.807585 -79.83334
v -128 3.890918 -80.33334
v -132.8333 3.890918 -80.16667
v -134.5 3.890918 -79.83334
v -134.8333 3.890918 -79.33334
v -132 3.807585 -79.83334
v -134.8333 3.890918 -79.33334
v -128 3.890918 -80.33334
v -132 3.807585 -79.83334
v -134.5 3.724252 -80.33334
v -131.8333 3.724252 -80.66667
v -134.5 3.724252 -80.66667
v -136.1667 2.807585 -77.33334
v -136.6667 2.557585 -77
v -136.6667 2.307585 -76.16667
v -136.1667 2.057585 -75.83334
v -134.8333 3.890918 -79.33334
v -136.1667 2.807585 -77.33334
v -136.1667 2.057585 -75.83334
v -128.8333 2.057585 -76.5
v -128 2.057585 -76.83334
v -128 3.890918 -80.33334
v -134.8333 3.890918 -79.33334
v -136 3.474252 -79
v -136.1667 2.807585 -77.33334
v -134.5 3.890918 -79.83334
v -132.8333 3.890918 -80.16667
v -134.5 3.724252 -80.16667
v -128 2.057585 -76.66667
v -128 2.057585 -76.83334
v -128.8333 2.057585 -76.5
v -144.8333 2.057585 -54.33334
v -145.5 2.057585 -51.33334
v -146 2.057585 -43.5
v -136.1667 2.057585 -75.83334
v -136 2.057585 -73.5
v -130.6667 2.057585 -73.5
v -128.8333 2.057585 -76.5
v -130.6667 2.057585 -73.5
v -129.1667 2.057585 -73.5
v -128.8333 2.057585 -76.5
v -164.1667 2.057585 -75
v -165.1667 2.057585 -75
v -165.6667 2.057585 -74.66667
v -162 2.057585 -74.66667
v -162 2.057585 -74.66667
v -163 2.057585 -76
v -164.1667 2.057585 -75
v -160.1667 2.057585 -74.66667
v -159.5 2.057585 -74.66667
v -159.8333 2.057585 -75.16667
v -149.6667 2.057585 -74.33334
v -148.5 2.057585 -74.33334
v -149 2.057585 -74.83334
v -158.6667 2.057585 -74
v -159.5 2.057585 -74.66667
v -160.1667 2.057585 -74.66667
v -165.6667 2.057585 -74.66667
v -167.8333 2.057585 -74.33334
v -168 2.057585 -74
v -158.6667 2.057585 -74
v -162 2.057585 -74.66667
v -158.6667 2.057585 -74
v -160.1667 2.057585 -74.66667
v -162 2.057585 -74.66667
v -152.8333 2.057585 -74.33334
v -150.8333 2.057585 -74.33334
v -151.3333 2.057585 -74.66667
v -152.3333 2.057585 -74.66667
v -147.6667 2.057585 -73.66667
v -148.5 2.057585 -74.33334
v -149.6667 2.057585 -74.33334
v -152.8333 2.057585 -74.33334
v -155 2.057585 -74
v -155.1667 2.057585 -73.66667
v -147.6667 2.057585 -73.66667
v -150.8333 2.057585 -74.33334
v -147.6667 2.057585 -73.66667
v -149.6667 2.057585 -74.33334
v -150.8333 2.057585 -74.33334
v -170 2.057585 -73.83334
v -169.6667 2.057585 -73.83334
v -170 2.057585 -74.16667
v -147 2.057585 -73.66667
v -145.6667 2.057585 -73.66667
v -145.8333 2.057585 -74.16667
v -157 2.057585 -73.83334
v -157.1667 2.057585 -74
v -157.5 2.057585 -74
v -157 2.057585 -73.83334
v -157.5 2.057585 -74
v -158.6667 2.057585 -74
v -168.3333 2.057585 -73.83334
v -157 2.057585 -73.83334
v -158.6667 2.057585 -74
v -168 2.057585 -74
v -169.6667 2.057585 -73.83334
v -170 2.057585 -73.83334
v -169.8333 2.057585 -73.5
v -168.3333 2.057585 -73.83334
v -169.6667 2.057585 -73.83334
v -169.8333 2.057585 -73.5
v -156.6667 2.057585 -73.5
v -157 2.057585 -73.83334
v -168.3333 2.057585 -73.83334
v -169.8333 2.057585 -73.5
v -145.5 2.057585 -73.5
v -145.6667 2.057585 -73.66667
v -147 2.057585 -73.66667
v -145.5 2.057585 -73.5
v -147 2.057585 -73.66667
v -147.6667 2.057585 -73.66667
v -155.3333 2.057585 -73.5
v -145.5 2.057585 -73.5
v -147.6667 2.057585 -73.66667
v -155.1667 2.057585 -73.66667
v -169.8333 2.057585 -73.5
v -170 2.057585 -72.16667
v -169.3333 2.057585 -71.83334
v -144.6667 2.057585 -71.83334
v -156.6667 2.057585 -73.5
v -144.6667 2.057585 -71.83334
v -145.5 2.057585 -73.5
v -155.3333 2.057585 -73.5
v -144.6667 2.057585 -71.83334
v -155.3333 2.057585 -73.5
v -156.6667 2.057585 -73.5
v -132.1667 2.057585 -69.33334
v -132.1667 2.057585 -69.66667
v -132.8333 2.057585 -70
v -137.1667 2.057585 -69.83334
v -137.8333 2.057585 -69.33334
v -136.3333 2.057585 -72.33334
v -137.1667 2.057585 -71.66667
v -137.1667 2.057585 -69.83334
v -132.8333 2.057585 -70
v -132.8333 2.057585 -71.33334
v -132.8333 2.057585 -71.33334
v -132.1667 2.057585 -71.66667
v -130.6667 2.057585 -73.5
v -136 2.057585 -73.5
v -136.3333 2.057585 -72.33334
v -148.1667 2.057585 -48
v -149 2.057585 -47.33334
v -147.6667 2.140918 -43.83334
v -141 2.057585 -69.16667
v -143.6667 2.057585 -71.83334
v -144 2.057585 -71.83334
v -141 2.057585 -69.16667
v -144 2.057585 -71.83334
v -144.6667 2.057585 -71.83334
v -168.8333 2.057585 -69.16667
v -141 2.057585 -69.16667
v -144.6667 2.057585 -71.83334
v -169.3333 2.057585 -71.83334
v -140 2.057585 -69.33334
v -138.6667 2.057585 -69.33334
v -139.5 2.057585 -70.16667
v -138.6667 2.057585 -69.33334
v -140 2.057585 -69.33334
v -140.3333 2.057585 -69.16667
v -137.8333 2.057585 -69.33334
v -138.6667 2.057585 -69.33334
v -140.3333 2.057585 -69.16667
v -132 2.057585 -69.16667
v -132.1667 2.057585 -69.33334
v -137.8333 2.057585 -69.33334
v -140.3333 2.057585 -69.16667
v -168.8333 2.057585 -69.16667
v -168.8333 2.057585 -68.16667
v -161.5 2.057585 -68.16667
v -168.8333 2.057585 -69.16667
v -161.5 2.057585 -68.16667
v -160.1667 2.057585 -68.16667
v -131 2.057585 -68.16667
v -132 2.057585 -69.16667
v -140.3333 2.057585 -69.16667
v -131 2.057585 -68.16667
v -140.3333 2.057585 -69.16667
v -141 2.057585 -69.16667
v -160.1667 2.057585 -68.16667
v -131 2.057585 -68.16667
v -141 2.057585 -69.16667
v -168.8333 2.057585 -69.16667
v -129.1667 2.057585 -73.5
v -128.8333 2.057585 -72.83334
v -128 2.057585 -72.33334
v -128 2.057585 -76.66667
v -128.8333 2.057585 -76.5
v -165 2.057585 -59.5
v -164.1667 2.057585 -60
v -164.1667 2.057585 -60.33334
v -165.1667 2.057585 -61
v -162.3333 2.057585 -67.16667
v -161.5 2.057585 -68.16667
v -168.8333 2.057585 -68.16667
v -165.6667 2.057585 -54.5
v -164.8333 2.057585 -55.5
v -165.6667 2.057585 -56.16667
v -170.1667 2.057585 -54.66667
v -163.5 2.057585 -65.33334
v -162.3333 2.057585 -65.83334
v -162.3333 2.057585 -67.16667
v -164.8333 2.057585 -51.33334
v -164.5 2.057585 -52.16667
v -165.6667 2.057585 -53.66667
v -170.6667 2.057585 -57.5
v -170.6667 2.057585 -57
v -170.1667 2.057585 -54.66667
v -169.1667 2.057585 -64
v -169.5 2.057585 -63.33334
v -169.5 2.057585 -60.66667
v -165.1667 2.057585 -61
v -164.6667 2.057585 -64.16667
v -169.5 2.057585 -60.66667
v -170.6667 2.057585 -59.33334
v -170.6667 2.057585 -57.5
v -170.1667 2.057585 -54.66667
v -165.6667 2.057585 -56.16667
v -165.6667 2.057585 -57.5
v -165.6667 2.057585 -57.5
v -165 2.057585 -59.5
v -165.1667 2.057585 -61
v -169.5 2.057585 -60.66667
v -164.6667 2.057585 -64.16667
v -163.5 2.057585 -65.33334
v -162.3333 2.057585 -67.16667
v -168.8333 2.057585 -68.16667
v -169.1667 2.057585 -64
v -170.1667 2.057585 -54.66667
v -170.3333 2.057585 -51.33334
v -169.5 2.057585 -50.66667
v -165.6667 2.057585 -53.66667
v -165.6667 2.057585 -54.5
v -164.6667 2.057585 -49.66667
v -164.8333 2.057585 -51.33334
v -165.6667 2.057585 -53.66667
v -169.5 2.057585 -50.66667
v -169.3333 2.057585 -48.5
v -169.3333 2.057585 -48.5
v -162.6667 2.057585 -48.5
v -163.8333 2.057585 -48.83334
v -169.3333 2.057585 -48.5
v -163.8333 2.057585 -48.83334
v -164.6667 2.057585 -49.66667
v -160.1667 2.057585 -68.16667
v -160 2.057585 -68
v -158.1667 2.057585 -68
v -160.1667 2.057585 -68.16667
v -158.1667 2.057585 -68
v -156.6667 2.057585 -68
v -160.1667 2.057585 -68.16667
v -156.6667 2.057585 -68
v -151.5 2.057585 -68
v -160.1667 2.057585 -68.16667
v -151.5 2.057585 -68
v -150.5 2.057585 -68
v -150.5 2.057585 -68
v -131 2.057585 -68
v -131 2.057585 -68.16667
v -160.1667 2.057585 -68.16667
v -158.1667 2.057585 -68
v -160 2.057585 -68
v -159.1667 2.057585 -66.66667
v -154 2.057585 -64.66667
v -153.5 2.057585 -64.66667
v -152.8333 2.057585 -65.33334
v -153 2.057585 -67.33334
v -156.6667 2.057585 -68
v -151.5 2.057585 -68
v -156.6667 2.057585 -68
v -153 2.057585 -67.33334
v -150.5 2.057585 -68
v -150.1667 2.057585 -67.83334
v -149.1667 2.057585 -67.83334
v -150.5 2.057585 -68
v -149.1667 2.057585 -67.83334
v -147.8333 2.057585 -67.83334
v -147.8333 2.057585 -67.83334
v -130.8333 2.057585 -67.83334
v -131 2.057585 -68
v -150.5 2.057585 -68
v -149.1667 2.057585 -67.83334
v -150.1667 2.057585 -67.83334
v -150 2.057585 -67.5
v -146.8333 2.057585 -67.66667
v -130.6667 2.057585 -67.66667
v -130.8333 2.057585 -67.83334
v -147.8333 2.057585 -67.83334
v -145 2.057585 -56
v -145.8333 2.057585 -55.33334
v -144.8333 2.057585 -54.33334
v -144.5 2.057585 -61.83334
v -145.1667 2.057585 -61
v -144.1667 2.057585 -60.16667
v -147.1667 2.057585 -49.83334
v -148 2.057585 -49.66667
v -148.1667 2.057585 -48
v -145 2.057585 -57
v -145 2.057585 -56
v -144.8333 2.057585 -54.33334
v -144.5 2.057585 -63
v -144.5 2.057585 -61.83334
v -144.1667 2.057585 -60.16667
v -130.6667 2.057585 -67.66667
v -145.5 2.057585 -66.33334
v -145.6667 2.057585 -64.33334
v -144.5 2.057585 -63
v -130.6667 2.057585 -67.66667
v -149.5 2.057585 -43.16667
v -148.8333 2.057585 -43.83334
v -170.1667 2.057585 -43.83334
v -170 2.057585 -42.66667
v -147.6667 2.140918 -43.83334
v -147.3333 2.224252 -43.33334
v -146 2.057585 -43.5
v -130.6667 2.057585 -67.66667
v -146.8333 2.057585 -67.66667
v -146.1667 2.057585 -67.33334
v -130.6667 2.057585 -67.66667
v -146.1667 2.057585 -67.33334
v -145.5 2.057585 -66.33334
v -170 2.057585 -42.66667
v -149.5 2.057585 -42.66667
v -149.5 2.057585 -43.16667
v -149 2.057585 -47.33334
v -150.1667 2.057585 -47.33334
v -148.8333 2.057585 -43.83334
v -147.6667 2.140918 -43.83334
v -130.6667 2.057585 -67.66667
v -144.1667 2.057585 -60.16667
v -144.1667 2.057585 -59.16667
v -129.1667 2.057585 -67.66667
v -146.6667 2.057585 -65.33334
v -146.8333 2.057585 -66.16667
v -147.3333 2.057585 -66.5
v -149.8333 2.057585 -66.33334
v -149.8333 2.057585 -66
v -156 2.057585 -51.16667
v -156.6667 2.057585 -51.33334
v -157.5 2.057585 -50.5
v -157.3333 2.057585 -48.66667
v -154 2.057585 -48.16667
v -158.8333 2.057585 -48.16667
v -154 2.057585 -48.16667
v -157.3333 2.057585 -48.66667
v -163.5 2.057585 -51.16667
v -163.5 2.057585 -50.16667
v -162.8333 2.057585 -49.83334
v -161.8333 2.057585 -49.66667
v -160.5 2.057585 -50
v -150.5 2.057585 -47.66667
v -151.3333 2.057585 -48.83334
v -152 2.057585 -47.83334
v -152.6667 2.057585 -47.66667
v -150.5 2.057585 -47.66667
v -152 2.057585 -47.83334
v -159.8333 2.057585 -48.16667
v -160.3333 2.057585 -48.5
v -160.8333 2.057585 -48.5
v -159.8333 2.057585 -48.16667
v -160.8333 2.057585 -48.5
v -162.6667 2.057585 -48.5
v -169.3333 2.057585 -48.16667
v -159.8333 2.057585 -48.16667
v -162.6667 2.057585 -48.5
v -169.3333 2.057585 -48.5
v -153.5 2.057585 -47.66667
v -154 2.057585 -48.16667
v -158.8333 2.057585 -48.16667
v -153.5 2.057585 -47.66667
v -158.8333 2.057585 -48.16667
v -159.8333 2.057585 -48.16667
v -169.5 2.057585 -47.66667
v -153.5 2.057585 -47.66667
v -159.8333 2.057585 -48.16667
v -169.3333 2.057585 -48.16667
v -150.1667 2.057585 -47.33334
v -150.5 2.057585 -47.66667
v -152.6667 2.057585 -47.66667
v -150.1667 2.057585 -47.33334
v -152.6667 2.057585 -47.66667
v -153.5 2.057585 -47.66667
v -169.6667 2.057585 -47.33334
v -150.1667 2.057585 -47.33334
v -153.5 2.057585 -47.66667
v -169.5 2.057585 -47.66667
v -170.5 2.057585 -46.5
v -170.5 2.057585 -44.33334
v -170.1667 2.057585 -43.83334
v -148.8333 2.057585 -43.83334
v -150.1667 2.057585 -47.33334
v -169.6667 2.057585 -47.33334
v -145.5 2.057585 -51.33334
v -147.1667 2.057585 -49.83334
v -148.1667 2.057585 -48
v -147.6667 2.140918 -43.83334
v -146 2.057585 -43.5
v -144.1667 2.057585 -59.16667
v -145 2.057585 -57
v -144.8333 2.057585 -54.33334
v -144.8333 2.057585 -54.33334
v -146 2.057585 -43.5
v -145.1667 2.057585 -42.66667
v -128 2.057585 -42.66667
v -129.1667 2.057585 -67.66667
v -144.1667 2.057585 -59.16667
v -128 2.057585 -69
v -129.1667 2.057585 -67.66667
v -128 2.057585 -42.66667
v -126 3.724252 -82.33334
v -125 3.724252 -82.66667
v -125 3.724252 -83.16667
v -126.8333 3.890918 -81.16667
v -126 3.890918 -81.16667
v -126 3.724252 -82.33334
v -126 3.724252 -82.33334
v -125 3.724252 -83.16667
v -124.5 3.724252 -83.66667
v -128 3.724252 -85.33334
v -128 3.724252 -81
v -128 3.724252 -81
v -126.8333 3.890918 -81.16667
v -126 3.724252 -82.33334
v -124.5 3.724252 -83.66667
v -121 3.724252 -84.5
v -119.3333 3.724252 -85.33334
v -128 3.724252 -85.33334
v -112.3333 2.557585 -82.16667
v -111.8333 2.057585 -81.16667
v -111.6667 2.057585 -81.16667
v -110.6667 2.057585 -81.66667
v -108.1667 2.057585 -83.16667
v -112 2.807585 -83
v -112 3.724252 -85.33334
v -112.5 3.724252 -84.66667
v -112 2.807585 -83
v -108.1667 2.057585 -83.16667
v -105.8333 2.057585 -84.5
v -104.6667 2.057585 -85.33334
v -112.5 3.724252 -84.66667
v -113 3.724252 -84.66667
v -112 2.807585 -83
v -104.5 2.057585 -85.33334
v -104.6667 2.057585 -85.33334
v -105.8333 2.057585 -84.5
v -92.16666 2.057585 -84.5
v -86.5 2.057585 -84.5
v -85.5 2.057585 -85.33334
v -92.83333 2.057585 -84.5
v -92.16666 2.057585 -84.5
v -85.5 2.057585 -85.33334
v -92.83333 2.057585 -84.5
v -85.5 2.057585 -85.33334
v -104.5 2.057585 -85.33334
v -105.8333 2.057585 -84.5
v -93.16666 2.057585 -84.16667
v -92.83333 2.057585 -84.5
v -105.8333 2.057585 -84.5
v -92.83333 2.057585 -83.16667
v -93.16666 2.057585 -84.16667
v -105.8333 2.057585 -84.5
v -108.1667 2.057585 -83.16667
v -91.83333 2.057585 -84.16667
v -92.16666 2.057585 -83.16667
v -88 2.057585 -83.16667
v -88 2.057585 -83.16667
v -86.5 2.057585 -84.5
v -92.16666 2.057585 -84.5
v -91.83333 2.057585 -84.16667
v -111.8333 2.057585 -81.16667
v -112.3333 2.557585 -82.16667
v -112.8333 2.057585 -82.16667
v -122 2.057585 -81.16667
v -113.5 2.057585 -82.83334
v -114.3333 2.057585 -84.16667
v -122 2.057585 -81.16667
v -122 2.057585 -81.16667
v -112.8333 2.057585 -82.16667
v -113.5 2.057585 -82.83334
v -89.83333 2.057585 -81.66667
v -89 2.057585 -82
v -88 2.057585 -83.16667
v -92.16666 2.057585 -83.16667
v -102.1667 2.057585 -81.66667
v -89.83333 2.057585 -81.66667
v -92.83333 2.057585 -83.16667
v -108.1667 2.057585 -83.16667
v -89.83333 2.057585 -81.66667
v -92.16666 2.057585 -83.16667
v -92.83333 2.057585 -83.16667
v -108.1667 2.057585 -83.16667
v -110.6667 2.057585 -81.66667
v -103.5 2.057585 -81.66667
v -108.1667 2.057585 -83.16667
v -103.5 2.057585 -81.66667
v -102.1667 2.057585 -81.66667
v -103.8333 2.057585 -81.16667
v -103.5 2.057585 -81.66667
v -110.6667 2.057585 -81.66667
v -111.6667 2.057585 -81.16667
v -92.33333 2.057585 -80.33334
v -91.5 2.057585 -80.33334
v -89.83333 2.057585 -81.66667
v -102.1667 2.057585 -81.66667
v -101.8333 2.057585 -81
v -100 2.057585 -79.5
v -92.33333 2.057585 -80.33334
v -89.83333 2.057585 -81.66667
v -100 2.057585 -78
v -101.8333 2.057585 -76.5
v -102.1667 2.057585 -75.83334
v -94.33333 2.057585 -75.83334
v -94.83333 2.057585 -77.16667
v -100 2.057585 -78
v -94.83333 2.057585 -77.16667
v -94.5 2.057585 -79
v -100 2.057585 -79.5
v -100 2.057585 -79.5
v -94.5 2.057585 -79
v -92.33333 2.057585 -80.33334
v -128 3.724252 -81
v -128 3.890918 -80.83334
v -127.6667 3.890918 -80.66667
v -127.3333 3.890918 -80.83334
v -126.8333 3.890918 -81.16667
v -124.3333 2.807585 -78.83334
v -126.6667 3.890918 -80.5
v -127.6667 3.890918 -80.33334
v -128 2.057585 -76.83334
v -128 2.057585 -76.66667
v -124 2.057585 -77.33334
v -127.6667 3.890918 -80.33334
v -128 3.890918 -80.33334
v -128 2.057585 -76.83334
v -127.1667 3.890918 -80.5
v -127.3333 3.890918 -80.83334
v -127.6667 3.890918 -80.66667
v -127.6667 3.890918 -80.33334
v -124.3333 2.807585 -78.83334
v -124.5 3.474252 -80.5
v -126.6667 3.890918 -80.5
v -126.6667 3.890918 -80.5
v -127.1667 3.890918 -80.5
v -127.6667 3.890918 -80.33334
v -124 2.057585 -77.33334
v -123.5 2.057585 -77.16667
v -123.5 2.557585 -78.5
v -124.3333 2.807585 -78.83334
v -126.3333 3.890918 -80.66667
v -125.6667 3.890918 -80.83334
v -126 3.890918 -81.16667
v -126.6667 3.890918 -80.5
v -126.3333 3.890918 -80.66667
v -126 3.890918 -81.16667
v -126.8333 3.890918 -81.16667
v -127.3333 3.890918 -80.83334
v -127.1667 3.890918 -80.5
v -123.1667 2.057585 -78.83334
v -123.5 2.557585 -78.5
v -123.5 2.057585 -77.16667
v -122 2.057585 -81.16667
v -123.3333 2.057585 -81
v -123.1667 2.057585 -78.83334
v -122 2.057585 -81.16667
v -123.1667 2.057585 -78.83334
v -123.5 2.057585 -77.16667
v -104.8333 2.057585 -77.16667
v -105.8333 2.057585 -78
v -111.8333 2.057585 -81.16667
v -105.8333 2.057585 -79.5
v -103.8333 2.057585 -81.16667
v -111.6667 2.057585 -81.16667
v -105.8333 2.057585 -79.5
v -111.6667 2.057585 -81.16667
v -111.8333 2.057585 -81.16667
v -105.8333 2.057585 -78
v -128 3.890918 -80.33334
v -127.6667 3.890918 -80.33334
v -127.6667 3.890918 -80.66667
v -128 3.890918 -80.83334
v -126.3333 3.890918 -80.66667
v -125.5 3.724252 -80.66667
v -125.6667 3.890918 -80.83334
v -124.5 3.474252 -80.5
v -124.5 3.724252 -80.83334
v -125.5 3.724252 -80.66667
v -125.5 3.724252 -80.66667
v -126.3333 3.890918 -80.66667
v -126.6667 3.890918 -80.5
v -124.5 3.474252 -80.5
v -85.33333 2.057585 -79.33334
v -86 2.057585 -79.16667
v -87 2.057585 -78
v -87 2.057585 -78
v -89.16666 2.057585 -76.66667
v -90 2.057585 -75.33334
v -85.83333 2.057585 -42.66667
v -85.83333 2.057585 -43.16667
v -121 2.057585 -43.16667
v -128 2.057585 -42.66667
v -121 2.057585 -43.16667
v -124.6667 2.057585 -43.16667
v -128 2.057585 -42.66667
v -123.5 2.057585 -77.16667
v -128 2.057585 -76.66667
v -127 2.057585 -71.16667
v -93.16666 2.057585 -71.16667
v -92.83333 2.057585 -74.16667
v -103.6667 2.057585 -75.83334
v -90 2.057585 -75.33334
v -92 2.057585 -74.16667
v -89.5 2.057585 -71.16667
v -94 2.057585 -74.83334
v -94.33333 2.057585 -75.83334
v -102.1667 2.057585 -75.83334
v -92.83333 2.057585 -74.16667
v -94 2.057585 -74.83334
v -102.1667 2.057585 -75.83334
v -103.6667 2.057585 -75.83334
v -85.83333 2.057585 -43.16667
v -85.66666 2.057585 -44.16667
v -115.8333 2.057585 -44.16667
v -121 2.057585 -43.16667
v -103.6667 2.057585 -75.83334
v -104.8333 2.057585 -77.16667
v -123.5 2.057585 -77.16667
v -128 2.057585 -69
v -125 2.057585 -47.83334
v -124 2.057585 -48.33334
v -93.16666 2.057585 -71.16667
v -92.66666 2.057585 -71.16667
v -92.83333 2.057585 -74.16667
v -90.33333 2.057585 -71.16667
v -89.5 2.057585 -71.16667
v -92 2.057585 -74.16667
v -92.66666 2.057585 -71.16667
v -90.33333 2.057585 -71.16667
v -92 2.057585 -74.16667
v -92.83333 2.057585 -74.16667
v -94.66666 2.057585 -71
v -93.33333 2.057585 -71
v -93.16666 2.057585 -71.16667
v -95.33333 2.057585 -71
v -94.66666 2.057585 -71
v -93.16666 2.057585 -71.16667
v -95.33333 2.057585 -71
v -93.16666 2.057585 -71.16667
v -127 2.057585 -71.16667
v -127 2.057585 -71
v -90.33333 2.057585 -71.16667
v -92.66666 2.057585 -71.16667
v -92 2.057585 -70.66667
v -89.5 2.057585 -71.16667
v -88.83333 2.057585 -70.33334
v -88.16666 2.057585 -70.33334
v -128 2.057585 -76.66667
v -128 2.057585 -72.33334
v -127 2.057585 -71.16667
v -123.5 2.057585 -77.16667
v -124 2.057585 -77.33334
v -128 2.057585 -76.66667
v -95.5 2.057585 -64.5
v -94.83333 2.057585 -65.16667
v -95.66666 2.057585 -65.83334
v -94.5 2.057585 -68.66667
v -94.66666 2.057585 -69.66667
v -95.66666 2.057585 -70
v -127 2.057585 -69.83334
v -95.66666 2.057585 -66.83334
v -85.33333 2.057585 -79.33334
v -86.16666 2.057585 -69.16667
v -85.83333 2.057585 -67.5
v -95.5 2.057585 -63.5
v -95.5 2.057585 -64.5
v -95.66666 2.057585 -65.83334
v -127 2.057585 -69.83334
v -86.16666 2.057585 -60.5
v -86.5 2.057585 -59.5
v -85.33333 2.057585 -48
v -95.66666 2.057585 -65.83334
v -95.66666 2.057585 -66.83334
v -127 2.057585 -69.83334
v -95.66666 2.057585 -70
v -95.33333 2.057585 -71
v -127 2.057585 -71
v -127 2.057585 -69.83334
v -93.33333 2.057585 -71
v -94.66666 2.057585 -71
v -94.33333 2.057585 -70.33334
v -88.16666 2.057585 -70.33334
v -88.83333 2.057585 -70.33334
v -88.83333 2.057585 -70
v -86.33333 2.057585 -61.16667
v -86.66666 2.057585 -60.83334
v -86.16666 2.057585 -60.5
v -86.16666 2.057585 -63
v -86.66666 2.057585 -62.5
v -86.33333 2.057585 -62
v -103.1667 2.057585 -54.5
v -94.83333 2.057585 -61.33334
v -95.5 2.057585 -63.5
v -105 2.057585 -53.33334
v -89.5 2.057585 -71.16667
v -88.16666 2.057585 -70.33334
v -87.33333 2.057585 -70.33334
v -85.33333 2.057585 -79.33334
v -85.5 2.057585 -65.33334
v -85.33333 2.057585 -48
v -116.3333 2.057585 -44.16667
v -120.6667 2.057585 -43.66667
v -121 2.057585 -43.16667
v -115.8333 2.057585 -44.16667
v -116.3333 2.057585 -44.16667
v -116.6667 2.057585 -44.16667
v -120.6667 2.057585 -43.66667
v -100.1667 2.057585 -49.83334
v -85.66666 2.057585 -44.16667
v -85.33333 2.057585 -48
v -99.16666 2.057585 -51.16667
v -92.83333 2.057585 -60.16667
v -91.83333 2.057585 -60.16667
v -92.33333 2.057585 -60.83334
v -87.33333 2.057585 -59.66667
v -87.5 2.057585 -60
v -88.66666 2.057585 -60
v -90.5 2.057585 -59.66667
v -90.5 2.057585 -59.66667
v -88.66666 2.057585 -60
v -89.5 2.057585 -60.5
v -91.33333 2.057585 -59.66667
v -91.83333 2.057585 -60.16667
v -92.83333 2.057585 -60.16667
v -91.33333 2.057585 -59.66667
v -92.83333 2.057585 -60.16667
v -93.5 2.057585 -60.16667
v -85.33333 2.057585 -79.33334
v -85.83333 2.057585 -67.5
v -85.5 2.057585 -65.33334
v -87.16666 2.057585 -59.5
v -87.33333 2.057585 -59.66667
v -90.5 2.057585 -59.66667
v -87.16666 2.057585 -59.5
v -90.5 2.057585 -59.66667
v -91.33333 2.057585 -59.66667
v -86.33333 2.057585 -62
v -86.33333 2.057585 -61.16667
v -86.16666 2.057585 -60.5
v -85.33333 2.057585 -79.33334
v -87 2.057585 -78
v -90 2.057585 -75.33334
v -87.33333 2.057585 -70.33334
v -86.16666 2.057585 -69.16667
v -103.1667 2.057585 -54.5
v -91.33333 2.057585 -59.66667
v -93.5 2.057585 -60.16667
v -90 2.057585 -75.33334
v -89.5 2.057585 -71.16667
v -87.33333 2.057585 -70.33334
v -103.1667 2.057585 -54.5
v -101.5 2.057585 -54.5
v -87.16666 2.057585 -59.5
v -107.5 2.057585 -51.66667
v -105.8333 2.057585 -52.16667
v -105 2.057585 -53.33334
v -121.1667 2.057585 -48.33334
v -119.5 2.057585 -48.33334
v -116.8333 2.057585 -48.5
v -109.1667 2.057585 -50.66667
v -107.5 2.057585 -51.66667
v -105 2.057585 -53.33334
v -116.8333 2.057585 -48.5
v -124 2.057585 -48.33334
v -121.1667 2.057585 -48.33334
v -116.8333 2.057585 -48.5
v -103.1667 2.057585 -54.5
v -93.5 2.057585 -60.16667
v -94.83333 2.057585 -61.33334
v -101.8333 2.057585 -48.83334
v -103 2.057585 -48.83334
v -108 2.057585 -46.33334
v -85.66666 2.057585 -44.16667
v -103.1667 2.057585 -54.5
v -87.16666 2.057585 -59.5
v -91.33333 2.057585 -59.66667
v -94.83333 2.057585 -61.33334
v -94.66666 2.057585 -62.33334
v -95.5 2.057585 -63.5
v -85.83333 2.057585 -67.5
v -86 2.057585 -65.66667
v -85.5 2.057585 -65.33334
v -85.66666 2.057585 -44.16667
v -100.1667 2.057585 -49.83334
v -101.8333 2.057585 -48.83334
v -115.8333 2.057585 -44.16667
v -85.66666 2.057585 -44.16667
v -108 2.057585 -46.33334
v -124 2.057585 -48.33334
v -116.8333 2.057585 -48.5
v -105 2.057585 -53.33334
v -95.5 2.057585 -63.5
v -127 2.057585 -69.83334
v -128 2.057585 -69
v -87.16666 2.057585 -59.5
v -99.16666 2.057585 -52
v -99.16666 2.057585 -51.16667
v -85.33333 2.057585 -48
v -86.5 2.057585 -59.5
v -87.16666 2.057585 -59.5
v -101.5 2.057585 -54.5
v -99.16666 2.057585 -52
v -86.16666 2.057585 -69.16667
v -86.33333 2.057585 -68.16667
v -85.83333 2.057585 -67.5
v -86.16666 2.057585 -63
v -86.33333 2.057585 -62
v -86.16666 2.057585 -60.5
v -85.5 2.057585 -65.33334
v -86.16666 2.057585 -63
v -86.16666 2.057585 -60.5
v -85.33333 2.057585 -48
v -128 2.057585 -42.66667
v -124.6667 2.057585 -43.16667
v -125.5 2.057585 -44
v -128 2.057585 -42.66667
v -125.5 2.057585 -44
v -125.5 2.057585 -45.16667
v -128 2.057585 -42.66667
v -125.5 2.057585 -45.16667
v -125 2.057585 -47.83334
v -128 2.057585 -69
v -46.83334 2.057585 -57.5
v -47.66667 2.057585 -57.5
v -48.16667 2.057585 -57
v -49.83334 2.057585 -54
v -50 2.057585 -53
v -58.5 2.057585 -83.16667
v -44 2.057585 -85.33334
v -79.5 2.057585 -85.33334
v -81.33334 2.057585 -83.16667
v -58.5 2.057585 -83.16667
v -57.33334 2.057585 -83.16667
v -44 2.057585 -85.33334
v -63.5 2.057585 -81.16667
v -59.83334 2.057585 -81.16667
v -59.66667 2.057585 -82.16667
v -63.5 2.057585 -81.16667
v -59.66667 2.057585 -82.16667
v -58.5 2.057585 -83.16667
v -65.16667 2.057585 -81.16667
v -65.16667 2.057585 -81.16667
v -58.5 2.057585 -83.16667
v -81.33334 2.057585 -83.16667
v -83.33334 2.057585 -81.16667
v -57.33334 2.057585 -83.16667
v -56.33334 2.057585 -82.16667
v -53.5 2.057585 -82.16667
v -57.33334 2.057585 -83.16667
v -53.5 2.057585 -82.16667
v -52.5 2.057585 -82.16667
v -44.33334 2.057585 -60.16667
v -45.5 2.057585 -59.33334
v -45.5 2.057585 -58.83334
v -56.33334 2.057585 -80.83334
v -54.83334 2.057585 -80
v -54.33334 2.057585 -81.5
v -56.33334 2.057585 -82.16667
v -53.5 2.057585 -82.16667
v -56.33334 2.057585 -82.16667
v -54.33334 2.057585 -81.5
v -44.33334 2.057585 -73.66667
v -44.33334 2.057585 -72.83334
v -44 2.057585 -72.5
v -42.66667 2.057585 -72.66667
v -48.16667 2.057585 -79
v -48.16667 2.057585 -78.16667
v -47.66667 2.057585 -77.66667
v -79.66667 2.057585 -43.16667
v -78.83334 2.057585 -43.83334
v -81.83334 2.057585 -43.83334
v -81 2.057585 -42.66667
v -81 2.057585 -42.66667
v -79.66667 2.057585 -42.66667
v -79.66667 2.057585 -43.16667
v -53.5 2.057585 -49.83334
v -59 2.057585 -48.5
v -60.16667 2.057585 -47.33334
v -47.66667 2.057585 -77.66667
v -47.66667 2.057585 -76.33334
v -44.33334 2.057585 -73.66667
v -67.66667 2.057585 -79.83334
v -67.33334 2.057585 -79.83334
v -66.16667 2.057585 -81
v -83.33334 2.057585 -81.16667
v -83.66667 2.057585 -81.16667
v -84.83334 2.057585 -79.83334
v -68.33334 2.057585 -79.83334
v -66.16667 2.057585 -81
v -68.33334 2.057585 -79.83334
v -67.66667 2.057585 -79.83334
v -66.16667 2.057585 -81
v -66.16667 2.057585 -81
v -65.16667 2.057585 -81.16667
v -83.33334 2.057585 -81.16667
v -60.83334 2.057585 -80.5
v -59.66667 2.057585 -80.5
v -59.83334 2.057585 -81.16667
v -59.83334 2.057585 -81.16667
v -63.5 2.057585 -81.16667
v -61.66667 2.057585 -80
v -60.83334 2.057585 -80.5
v -44 2.057585 -85.33334
v -57.33334 2.057585 -83.16667
v -52.5 2.057585 -82.16667
v -48.16667 2.057585 -79
v -47.66667 2.057585 -77.66667
v -44.33334 2.057585 -73.66667
v -42.66667 2.057585 -72.66667
v -42.66667 2.057585 -85.16667
v -44 2.057585 -85.33334
v -70 2.057585 -78.5
v -68.33334 2.057585 -79.83334
v -84.83334 2.057585 -79.83334
v -70 2.057585 -77.33334
v -70 2.057585 -78.5
v -84.83334 2.057585 -79.83334
v -58.83334 2.057585 -76.16667
v -56.83334 2.057585 -76.16667
v -57.66667 2.057585 -76.66667
v -58.5 2.057585 -76.66667
v -56.33334 2.057585 -76.16667
v -54.5 2.057585 -76.16667
v -55.5 2.057585 -76.5
v -63.16667 2.057585 -75.66667
v -63.16667 2.057585 -76.16667
v -63.66667 2.057585 -76.16667
v -65 2.057585 -76.16667
v -65.66667 2.057585 -76.16667
v -66.66667 2.057585 -75.83334
v -67.33334 2.057585 -75.16667
v -62.66667 2.057585 -75.16667
v -63.16667 2.057585 -75.66667
v -63.16667 2.057585 -75.66667
v -63.66667 2.057585 -76.16667
v -65 2.057585 -76.16667
v -58.83334 2.057585 -76.16667
v -59.16667 2.057585 -76.16667
v -59.83334 2.057585 -75.16667
v -59.83334 2.057585 -75.16667
v -61 2.057585 -75.16667
v -61.33334 2.057585 -74.83334
v -53.5 2.057585 -74.83334
v -53.5 2.057585 -74.83334
v -54.5 2.057585 -76.16667
v -56.33334 2.057585 -76.16667
v -56.83334 2.057585 -76.16667
v -58.83334 2.057585 -76.16667
v -59.83334 2.057585 -75.16667
v -53.5 2.057585 -74.83334
v -56.33334 2.057585 -76.16667
v -56.83334 2.057585 -76.16667
v -59.83334 2.057585 -75.16667
v -62.16667 2.057585 -74.83334
v -62.66667 2.057585 -75.16667
v -67.33334 2.057585 -75.16667
v -62.16667 2.057585 -74.83334
v -67.33334 2.057585 -75.16667
v -68.33334 2.057585 -75.16667
v -51 2.057585 -81.83334
v -50.5 2.057585 -80.83334
v -48.16667 2.057585 -79
v -44 2.057585 -85.33334
v -54.16667 2.057585 -74.5
v -53.66667 2.057585 -74.5
v -53.5 2.057585 -74.83334
v -61.33334 2.057585 -74.83334
v -72 2.057585 -74.5
v -70.66667 2.057585 -74.5
v -62.16667 2.057585 -74.83334
v -54.16667 2.057585 -74.5
v -61.33334 2.057585 -74.83334
v -62.16667 2.057585 -74.83334
v -70.66667 2.057585 -74.5
v -52.5 2.057585 -82.16667
v -52.33334 2.057585 -81.83334
v -51 2.057585 -81.83334
v -44 2.057585 -85.33334
v -75.5 2.057585 -67.16667
v -75.16667 2.057585 -67.5
v -75.5 2.057585 -67.66667
v -72 2.057585 -74.5
v -68.33334 2.057585 -75.16667
v -69.16667 2.057585 -76.16667
v -75.5 2.057585 -64.33334
v -75.16667 2.057585 -65.66667
v -75.5 2.057585 -66
v -77 2.057585 -64
v -77.66667 2.057585 -59.83334
v -77.16667 2.057585 -60.66667
v -77.83334 2.057585 -61.5
v -72 2.057585 -74.5
v -62.16667 2.057585 -74.83334
v -68.33334 2.057585 -75.16667
v -74.33334 2.057585 -72.83334
v -73.5 2.057585 -73.83334
v -84.83334 2.057585 -79.83334
v -77.5 2.057585 -63.5
v -77 2.057585 -64
v -75.5 2.057585 -66
v -75.5 2.057585 -67.16667
v -75.16667 2.057585 -69.5
v -74.16667 2.057585 -70.66667
v -74.33334 2.057585 -72.83334
v -75.5 2.057585 -68.33334
v -75.16667 2.057585 -69.5
v -74.33334 2.057585 -72.83334
v -77.5 2.057585 -63.5
v -75.5 2.057585 -67.16667
v -75.5 2.057585 -67.66667
v -69.16667 2.057585 -76.16667
v -69.16667 2.057585 -76.66667
v -70 2.057585 -77.33334
v -77.5 2.057585 -63.5
v -75.5 2.057585 -67.66667
v -75.5 2.057585 -68.33334
v -72 2.057585 -74.5
v -69.16667 2.057585 -76.16667
v -70 2.057585 -77.33334
v -84.83334 2.057585 -79.83334
v -73.5 2.057585 -73.83334
v -69.5 2.057585 -71.33334
v -69.83334 2.057585 -71
v -69.5 2.057585 -70.66667
v -54.5 2.057585 -72.83334
v -52 2.057585 -69.5
v -51.66667 2.057585 -71.33334
v -52 2.057585 -72.16667
v -54.16667 2.057585 -72.5
v -54.5 2.057585 -72.83334
v -69.5 2.057585 -72.33334
v -69.5 2.057585 -71.33334
v -52 2.057585 -69.5
v -54.16667 2.057585 -72.5
v -54.5 2.057585 -72.83334
v -69.5 2.057585 -69.66667
v -70.5 2.057585 -69
v -54.16667 2.057585 -74.5
v -70.66667 2.057585 -74.5
v -69.83334 2.057585 -74
v -54.5 2.057585 -74.16667
v -70.5 2.057585 -69
v -51.5 2.057585 -69
v -52 2.057585 -69.5
v -54.5 2.057585 -74.16667
v -69.83334 2.057585 -74
v -69.5 2.057585 -72.33334
v -54.5 2.057585 -72.83334
v -54.5 2.057585 -72.83334
v -69.5 2.057585 -70.66667
v -69.5 2.057585 -69.66667
v -51 2.057585 -69
v -50 2.057585 -69
v -50.16667 2.057585 -69.33334
v -50.83334 2.057585 -69.33334
v -70.5 2.057585 -69
v -71.16667 2.057585 -69
v -70.66667 2.057585 -67.66667
v -48.83334 2.057585 -67.66667
v -50 2.057585 -69
v -51 2.057585 -69
v -48.83334 2.057585 -67.66667
v -51 2.057585 -69
v -51.5 2.057585 -69
v -70.66667 2.057585 -67.66667
v -48.83334 2.057585 -67.66667
v -51.5 2.057585 -69
v -70.5 2.057585 -69
v -47.5 2.057585 -66.83334
v -47.66667 2.057585 -67.66667
v -48.16667 2.057585 -67.66667
v -71.33334 2.057585 -61.5
v -71 2.057585 -61.16667
v -70.16667 2.057585 -61.16667
v -47.5 2.057585 -66.83334
v -48.16667 2.057585 -67.66667
v -48.83334 2.057585 -67.66667
v -48.5 2.057585 -63.33334
v -47.5 2.057585 -64
v -49.5 2.057585 -61.66667
v -48.66667 2.057585 -61.66667
v -48.5 2.057585 -63.33334
v -71.83334 2.057585 -63.16667
v -71.33334 2.057585 -61.5
v -70.16667 2.057585 -61.16667
v -68.5 2.057585 -61.16667
v -50 2.057585 -61.16667
v -49.5 2.057585 -61.66667
v -48.5 2.057585 -63.33334
v -72 2.057585 -65.83334
v -72.16667 2.057585 -63.33334
v -71.83334 2.057585 -63.16667
v -47.5 2.057585 -64
v -47.16667 2.057585 -66.66667
v -47.5 2.057585 -66.83334
v -71 2.057585 -66.16667
v -72 2.057585 -65.83334
v -71.83334 2.057585 -63.16667
v -68.5 2.057585 -61.16667
v -68 2.057585 -61.16667
v -50 2.057585 -61.16667
v -48.5 2.057585 -63.33334
v -48.83334 2.057585 -67.66667
v -70.66667 2.057585 -67.66667
v -71 2.057585 -66.16667
v -68 2.057585 -61.16667
v -44 2.057585 -62.83334
v -44.33334 2.057585 -62.66667
v -44 2.057585 -62.16667
v -84.83334 2.057585 -49.66667
v -77.83334 2.057585 -61.5
v -77.5 2.057585 -63.5
v -43.83334 2.057585 -65.5
v -44.33334 2.057585 -64.66667
v -44 2.057585 -64
v -83 2.057585 -50.5
v -76.66667 2.057585 -57.16667
v -77.66667 2.057585 -58.66667
v -83.83334 2.057585 -50.5
v -42.66667 2.057585 -65.83334
v -43.83334 2.057585 -65.5
v -44 2.057585 -64
v -44 2.057585 -62.83334
v -85.33334 2.057585 -48
v -84.83334 2.057585 -49.66667
v -85.33334 2.057585 -79.33334
v -42.66667 2.057585 -65.83334
v -44 2.057585 -62.83334
v -44 2.057585 -62.16667
v -70.66667 2.057585 -51.16667
v -73.83334 2.057585 -55.5
v -76.66667 2.057585 -57.16667
v -83 2.057585 -50.5
v -77.5 2.057585 -63.5
v -75.5 2.057585 -68.33334
v -74.33334 2.057585 -72.83334
v -84.83334 2.057585 -79.83334
v -85.33334 2.057585 -79.33334
v -84.83334 2.057585 -49.66667
v -68.83334 2.057585 -59.66667
v -68.5 2.057585 -59.66667
v -69 2.057585 -60.16667
v -70.16667 2.057585 -61.16667
v -69 2.057585 -60.66667
v -68.5 2.057585 -61.16667
v -70.16667 2.057585 -61.16667
v -69 2.057585 -60.16667
v -69 2.057585 -60.66667
v -70.16667 2.057585 -61.16667
v -51 2.057585 -60.16667
v -50 2.057585 -60.83334
v -50 2.057585 -61.16667
v -68 2.057585 -61.16667
v -67.5 2.057585 -60.66667
v -67.5 2.057585 -60.66667
v -67.83334 2.057585 -59.66667
v -51 2.057585 -59.66667
v -51 2.057585 -60.16667
v -50 2.057585 -58
v -50 2.057585 -58.33334
v -51 2.057585 -59
v -56 2.057585 -58
v -68.5 2.057585 -59.66667
v -68.83334 2.057585 -59.66667
v -68.16667 2.057585 -58.16667
v -67.83334 2.057585 -59.66667
v -68.5 2.057585 -59.66667
v -68.16667 2.057585 -58.16667
v -67.83334 2.057585 -59.66667
v -68.16667 2.057585 -58.16667
v -67.66667 2.057585 -58
v -57.33334 2.057585 -58
v -51 2.057585 -59.66667
v -56 2.057585 -58
v -51 2.057585 -59
v -51 2.057585 -59.66667
v -57.33334 2.057585 -58
v -66.83334 2.057585 -57.5
v -66.83334 2.057585 -56
v -64.83334 2.057585 -56
v -63.83334 2.057585 -56
v -60.66667 2.057585 -56
v -60.83334 2.057585 -57.16667
v -66.83334 2.057585 -57.5
v -64.83334 2.057585 -56
v -63.83334 2.057585 -56
v -63.83334 2.057585 -56
v -60.83334 2.057585 -57.16667
v -60.5 2.057585 -57.5
v -67.66667 2.057585 -58
v -66.83334 2.057585 -57.5
v -60.5 2.057585 -57.5
v -57.33334 2.057585 -58
v -67.66667 2.057585 -58
v -55.66667 2.057585 -57
v -49.33334 2.057585 -57
v -50 2.057585 -58
v -56 2.057585 -58
v -74.83334 2.057585 -56.5
v -75 2.057585 -57.16667
v -75.5 2.057585 -57.16667
v -70.66667 2.057585 -51.16667
v -70.66667 2.057585 -52
v -71.16667 2.057585 -52.33334
v -71.16667 2.057585 -52.33334
v -71.33334 2.057585 -53.83334
v -71.66667 2.057585 -53.83334
v -74.83334 2.057585 -56.5
v -75.5 2.057585 -57.16667
v -76.66667 2.057585 -57.16667
v -71.66667 2.057585 -53.83334
v -72.66667 2.057585 -55
v -73.83334 2.057585 -55.5
v -71.16667 2.057585 -52.33334
v -73.83334 2.057585 -55.5
v -74.83334 2.057585 -56.5
v -76.66667 2.057585 -57.16667
v -83 2.057585 -50.5
v -70 2.057585 -50.5
v -70.66667 2.057585 -51.16667
v -70.66667 2.057585 -51.16667
v -71.16667 2.057585 -52.33334
v -73.83334 2.057585 -55.5
v -73.5 2.057585 -73.83334
v -72.83334 2.057585 -73.83334
v -72 2.057585 -74.5
v -60.16667 2.057585 -47.33334
v -61.33334 2.057585 -47.33334
v -77.16667 2.057585 -43.83334
v -55.66667 2.057585 -57
v -55.5 2.057585 -56.33334
v -52.83334 2.057585 -56.33334
v -49.33334 2.057585 -57
v -55.66667 2.057585 -57
v -52.83334 2.057585 -56.33334
v -51.66667 2.057585 -56.33334
v -81.66667 2.057585 -45.16667
v -78.83334 2.057585 -43.83334
v -77.16667 2.057585 -43.83334
v -61.33334 2.057585 -47.33334
v -82.16667 2.057585 -47.33334
v -48.16667 2.057585 -57
v -49.33334 2.057585 -57
v -51.66667 2.057585 -56.33334
v -55.5 2.057585 -56.33334
v -55.33334 2.057585 -55
v -53.83334 2.057585 -55.5
v -52.83334 2.057585 -56.33334
v -50 2.057585 -53
v -50.66667 2.057585 -52.66667
v -50.33334 2.057585 -52.33334
v -45.5 2.057585 -58.83334
v -46.83334 2.057585 -57.5
v -50 2.057585 -53
v -77.66667 2.057585 -58.66667
v -77.66667 2.057585 -59.83334
v -77.83334 2.057585 -61.5
v -84.83334 2.057585 -49.66667
v -83.83334 2.057585 -50.5
v -48.16667 2.057585 -57
v -51.66667 2.057585 -56.33334
v -50.66667 2.057585 -55.66667
v -81.66667 2.057585 -45.16667
v -81.83334 2.057585 -43.83334
v -78.83334 2.057585 -43.83334
v -82.16667 2.057585 -47.33334
v -61.33334 2.057585 -47.33334
v -66.33334 2.057585 -48.16667
v -82.33334 2.057585 -48.16667
v -65.83334 2.057585 -55.66667
v -65.33334 2.057585 -55.66667
v -64.83334 2.057585 -56
v -66.83334 2.057585 -56
v -65.83334 2.057585 -55.66667
v -66.83334 2.057585 -56
v -66.83334 2.057585 -55.5
v -60.5 2.057585 -53.83334
v -60.33334 2.057585 -54.66667
v -60.66667 2.057585 -56
v -63.83334 2.057585 -56
v -62.83334 2.057585 -54.16667
v -57.83334 2.057585 -50.16667
v -59.16667 2.057585 -50.16667
v -59 2.057585 -49.83334
v -55.5 2.057585 -49.83334
v -55.5 2.057585 -49.83334
v -57.5 2.057585 -50.66667
v -57.83334 2.057585 -50.16667
v -51.83334 2.057585 -50.66667
v -52.16667 2.057585 -50.66667
v -53.5 2.057585 -49.83334
v -51.16667 2.057585 -50.66667
v -51.83334 2.057585 -50.66667
v -53.5 2.057585 -49.83334
v -50.66667 2.057585 -55.66667
v -50.5 2.057585 -54.33334
v -49.83334 2.057585 -54
v -48.16667 2.057585 -57
v -61.33334 2.057585 -47.33334
v -65.16667 2.057585 -48.16667
v -66.33334 2.057585 -48.16667
v -61.33334 2.057585 -47.33334
v -62.33334 2.057585 -48.16667
v -65.16667 2.057585 -48.16667
v -67.66667 2.057585 -48.33334
v -68.5 2.057585 -49.66667
v -70 2.057585 -50.5
v -82.5 2.057585 -49.83334
v -82.33334 2.057585 -48.16667
v -70 2.057585 -50.5
v -83 2.057585 -50.5
v -82.5 2.057585 -49.83334
v -82.33334 2.057585 -48.16667
v -66.33334 2.057585 -48.16667
v -67.66667 2.057585 -48.33334
v -62.5 2.057585 -49.66667
v -64.16667 2.057585 -50.33334
v -64.33334 2.057585 -49
v -62.33334 2.057585 -48.16667
v -62.5 2.057585 -49.66667
v -64.33334 2.057585 -49
v -65.16667 2.057585 -48.16667
v -55.5 2.057585 -49.83334
v -59 2.057585 -49.83334
v -59 2.057585 -48.5
v -54.66667 2.057585 -49.83334
v -55.5 2.057585 -49.83334
v -59 2.057585 -48.5
v -54.33334 2.057585 -49.83334
v -54.66667 2.057585 -49.83334
v -59 2.057585 -48.5
v -53.5 2.057585 -49.83334
v -54.33334 2.057585 -49.83334
v -59 2.057585 -48.5
v -50 2.057585 -53
v -50.33334 2.057585 -52.33334
v -50.33334 2.057585 -51.5
v -42.66667 2.057585 -42.66667
v -44.33334 2.057585 -60.16667
v -45.5 2.057585 -58.83334
v -77.16667 2.057585 -43.83334
v -77 2.057585 -43.5
v -75 2.057585 -43.5
v -60.16667 2.057585 -47.33334
v -42.66667 2.057585 -65.83334
v -44 2.057585 -62.16667
v -44 2.057585 -60.83334
v -42.66667 2.057585 -42.66667
v -60.16667 2.057585 -47.33334
v -75 2.057585 -43.5
v -74.66667 2.057585 -42.66667
v -42.66667 2.057585 -42.66667
v -51.16667 2.057585 -50.66667
v -53.5 2.057585 -49.83334
v -60.16667 2.057585 -47.33334
v -42.66667 2.057585 -42.66667
v -50.33334 2.057585 -51.5
v -51.16667 2.057585 -50.66667
v -42.66667 2.057585 -42.66667
v -44 2.057585 -60.83334
v -44.33334 2.057585 -60.16667
v -42.66667 2.057585 -42.66667
v -39.83334 2.057585 -83.83334
v -39.33334 2.057585 -84.33334
v -39.83334 2.057585 -85.33334
v -41.66667 2.057585 -85.33334
v -18.33333 3.890918 -42.66667
v -16.66667 3.890918 -44
v -20.5 2.807585 -44
v -19.5 3.474252 -42.66667
v -18.33333 3.890918 -42.66667
v -18.16667 3.890918 -42.66667
v -16.66667 3.890918 -44
v -35.33334 2.057585 -84.33334
v -35.83334 2.057585 -83.5
v -35.83334 2.057585 -82.5
v -18.66667 2.057585 -82.5
v -18.66667 2.057585 -82.5
v -17.66667 2.057585 -82.33334
v -14.83333 2.057585 -84
v -18.66667 2.057585 -82.5
v -14.83333 2.057585 -84
v -11.5 2.057585 -85.33334
v -35.5 2.057585 -85.33334
v -35.33334 2.057585 -84.33334
v -13.66667 2.057585 -79.33334
v -14.66667 2.057585 -79.16667
v -15.66667 2.057585 -77.83334
v -38.66667 2.057585 -77.5
v -31.66667 2.057585 -71.5
v -31 2.057585 -71.5
v -18.83333 2.057585 -76.66667
v -19.66667 2.057585 -77.5
v -38.66667 2.057585 -77.5
v -39.33334 2.057585 -77.5
v -42.66667 2.057585 -72.66667
v -41.66667 2.057585 -71.5
v -31.66667 2.057585 -71.5
v -34.66667 2.057585 -44
v -36 2.057585 -43
v -36 2.057585 -42.66667
v -21 2.057585 -42.66667
v -27.83333 2.057585 -44
v -20.5 2.057585 -81.33334
v -18.66667 2.057585 -82.5
v -35.83334 2.057585 -82.5
v -21.33333 2.057585 -80.16667
v -20.5 2.057585 -81.33334
v -35.83334 2.057585 -82.5
v -21.33333 2.057585 -79.33334
v -21.33333 2.057585 -80.16667
v -35.83334 2.057585 -82.5
v -37.33334 2.057585 -78.5
v -38.66667 2.057585 -77.5
v -19.66667 2.057585 -77.5
v -21.33333 2.057585 -79.33334
v -37.33334 2.057585 -78.5
v -21 2.057585 -42.66667
v -21.33333 2.057585 -43.16667
v -27.16667 2.057585 -44
v -27.83333 2.057585 -44
v -39.33334 2.057585 -77.5
v -40 2.057585 -78.16667
v -42.66667 2.057585 -72.66667
v -15.16667 3.890918 -44.83334
v -15.16667 3.890918 -44.5
v -14.83333 3.890918 -44.5
v -14.83333 3.890918 -44.83334
v -21.83333 2.057585 -45.16667
v -26.83333 2.057585 -45.16667
v -26.83333 2.057585 -44.33334
v -18.33333 2.057585 -76.66667
v -18.83333 2.057585 -76.66667
v -31 2.057585 -71.5
v -27.16667 2.057585 -44
v -21.33333 2.390918 -44
v -21.83333 2.057585 -45.16667
v -26.83333 2.057585 -44.33334
v -21.33333 2.057585 -43.16667
v -21.16667 2.557585 -43.83334
v -21.33333 2.390918 -44
v -27.16667 2.057585 -44
v -33.66667 2.057585 -71.33334
v -32.16667 2.057585 -71.33334
v -31.66667 2.057585 -71.5
v -34.83334 2.057585 -71.33334
v -33.66667 2.057585 -71.33334
v -31.66667 2.057585 -71.5
v -34.83334 2.057585 -71.33334
v -31.66667 2.057585 -71.5
v -41.66667 2.057585 -71.5
v -41.66667 2.057585 -71.33334
v -31 2.057585 -71.5
v -30.33333 2.057585 -70.66667
v -29.5 2.057585 -70.66667
v -31 2.057585 -71.5
v -29.5 2.057585 -70.66667
v -28.83333 2.057585 -70.66667
v -39.83334 2.057585 -83.83334
v -41.66667 2.057585 -85.33334
v -42.66667 2.057585 -85.16667
v -42.66667 2.057585 -72.66667
v -40 2.057585 -78.16667
v -39.66667 2.057585 -81.5
v -36.83334 2.057585 -65
v -36.33334 2.057585 -65.5
v -37 2.057585 -65.83334
v -41.5 2.057585 -67.66667
v -41.83334 2.057585 -67.33334
v -41.83334 2.057585 -66.5
v -37.16667 2.057585 -67
v -41.5 2.057585 -70.16667
v -42 2.057585 -69
v -41.66667 2.057585 -68.83334
v -18.33333 2.057585 -76.66667
v -27 2.057585 -65.66667
v -27 2.057585 -64.83334
v -17 2.057585 -77
v -36.83334 2.057585 -63.5
v -36.83334 2.057585 -65
v -37 2.057585 -65.83334
v -41.5 2.057585 -70.16667
v -41.66667 2.057585 -68.83334
v -41.5 2.057585 -67.66667
v -37.16667 2.057585 -67
v -35.83334 2.057585 -69.16667
v -36.16667 2.057585 -70.16667
v -18.33333 2.057585 -76.66667
v -28.83333 2.057585 -70.66667
v -27.66667 2.057585 -69.5
v -36.83334 2.057585 -63.5
v -37 2.057585 -65.83334
v -37.16667 2.057585 -67
v -41.83334 2.057585 -66.5
v -42.66667 2.057585 -65.83334
v -36.16667 2.057585 -70.16667
v -34.83334 2.057585 -71.33334
v -41.66667 2.057585 -71.33334
v -41.5 2.057585 -70.16667
v -32.16667 2.057585 -71.33334
v -33.66667 2.057585 -71.33334
v -33 2.057585 -70.66667
v -29.5 2.057585 -70.66667
v -30.33333 2.057585 -70.66667
v -30.16667 2.057585 -70.16667
v -21.83333 2.057585 -45.16667
v -21.33333 2.057585 -45.5
v -27.16667 2.057585 -45.5
v -26.83333 2.057585 -45.16667
v -21.83333 2.057585 -45.16667
v -21.33333 2.057585 -45.16667
v -21.33333 2.057585 -45.5
v -28.83333 2.057585 -54.66667
v -32.83334 2.057585 -60
v -35 2.057585 -60.5
v -27.83333 2.057585 -44
v -28.16667 2.057585 -44.33334
v -33.16667 2.057585 -45.5
v -34.66667 2.057585 -44
v -42.66667 2.057585 -42.66667
v -42 2.057585 -42.66667
v -37 2.057585 -48.16667
v -35 2.057585 -60.5
v -36.16667 2.057585 -61.5
v -42.66667 2.057585 -65.83334
v -28.16667 2.057585 -44.33334
v -28.16667 2.057585 -45.16667
v -33.16667 2.057585 -45.5
v -34.33334 2.057585 -60.5
v -33.33334 2.057585 -60.5
v -33.83334 2.057585 -61
v -31.16667 2.057585 -60.33334
v -30.16667 2.057585 -60.33334
v -30.83333 2.057585 -60.83334
v -32.83334 2.057585 -60
v -33.33334 2.057585 -60.5
v -34.33334 2.057585 -60.5
v -32.83334 2.057585 -60
v -34.33334 2.057585 -60.5
v -35 2.057585 -60.5
v -18.33333 2.057585 -76.66667
v -31 2.057585 -71.5
v -28.83333 2.057585 -70.66667
v -30.16667 2.057585 -60.33334
v -31.16667 2.057585 -60.33334
v -31.83333 2.057585 -60
v -29 2.057585 -60.33334
v -30.16667 2.057585 -60.33334
v -31.83333 2.057585 -60
v -36.16667 2.057585 -61.5
v -36.16667 2.057585 -62.66667
v -36.83334 2.057585 -63.5
v -42.66667 2.057585 -65.83334
v -27 2.057585 -64.83334
v -28 2.057585 -62.83334
v -27.66667 2.057585 -61.5
v -11.33333 2.057585 -80.66667
v -13.66667 2.057585 -79.33334
v -15.66667 2.057585 -77.83334
v 0 2.057585 -83.16667
v -3.666668 2.057585 -82.83334
v -31.83333 2.057585 -60
v -32.83334 2.057585 -60
v -28.83333 2.057585 -54.66667
v -28.33333 2.057585 -54.66667
v -35.5 2.057585 -49.5
v -35 2.057585 -49.5
v -34.33334 2.057585 -50.5
v -27 2.057585 -64.83334
v -27.66667 2.057585 -61.5
v -28.33333 2.057585 -54.66667
v -34.33334 2.057585 -50.5
v -31.66667 2.057585 -52.16667
v -31.66667 2.057585 -52.83334
v -27.66667 2.057585 -61.5
v -29 2.057585 -60.33334
v -28.33333 2.057585 -54.66667
v -29 2.057585 -60.33334
v -31.83333 2.057585 -60
v -28.33333 2.057585 -54.66667
v -27.66667 2.057585 -69.5
v -27.83333 2.057585 -68.5
v -27.16667 2.057585 -67.33334
v -18.33333 2.057585 -76.66667
v -28.33333 2.057585 -54.66667
v -28.16667 2.057585 -54.33334
v -27.5 2.057585 -54.5
v -31.16667 2.057585 -53.33334
v -28.83333 2.057585 -54.66667
v -35 2.057585 -60.5
v -27 2.057585 -64.83334
v -28.33333 2.057585 -54.66667
v -27.5 2.057585 -54.5
v -34.33334 2.057585 -50.5
v -31.66667 2.057585 -52.83334
v -31.16667 2.057585 -53.33334
v -35 2.057585 -60.5
v -35.5 2.057585 -49.5
v -37 2.057585 -48.16667
v -36.66667 2.057585 -48.16667
v -35.5 2.057585 -49.5
v -35 2.057585 -60.5
v -19.33333 2.057585 -46.83334
v -18.66667 2.224252 -47
v -18.66667 2.057585 -47.33334
v -18.66667 2.057585 -47.33334
v -18 2.057585 -47.5
v -17.66667 2.057585 -48
v -26.5 2.057585 -52.33334
v -21.33333 2.057585 -45.5
v -20.16667 2.057585 -46
v -19.33333 2.057585 -46.83334
v -21.33333 2.057585 -45.5
v -19.33333 2.057585 -46.83334
v -18.66667 2.057585 -47.33334
v -26.5 2.057585 -52.33334
v -26.16667 2.057585 -51.5
v -29.66667 2.057585 -48.33334
v -33.16667 2.057585 -45.5
v -27.83333 2.057585 -45.5
v -28.5 2.057585 -48.5
v -17.66667 2.057585 -48
v -11 2.057585 -52.33334
v -26.5 2.057585 -52.33334
v -28.5 2.057585 -48.5
v -27.83333 2.057585 -45.5
v -27.16667 2.057585 -45.5
v -26.5 2.057585 -49.83334
v -26.16667 2.057585 -51.5
v -26.16667 2.057585 -50.33334
v -21.33333 2.057585 -45.5
v -26.16667 2.057585 -50.33334
v -26.5 2.057585 -49.83334
v -27.16667 2.057585 -45.5
v -21.33333 2.057585 -45.5
v -13.66667 3.890918 -46
v -13 3.890918 -45.83334
v -13 3.890918 -46.33334
v -18 2.057585 -47.5
v -18.66667 2.057585 -47.33334
v -18.66667 2.224252 -47
v -13.66667 3.890918 -46
v -11.33333 3.890918 -47.33334
v -10.5 3.890918 -47.33334
v -10.5 3.890918 -47.66667
v -10.33333 2.557585 -51.33334
v -10.83333 2.057585 -52.33334
v -11 2.057585 -52.33334
v -10.5 2.974252 -50.5
v -10.5 3.890918 -47.66667
v -9.666668 3.890918 -48.16667
v -9.333332 3.724252 -49
v -10.5 2.974252 -50.5
v -11.33333 3.890918 -47.33334
v -18.66667 2.224252 -47
v -19.33333 2.057585 -46.83334
v -20.16667 2.057585 -46
v -13.66667 3.890918 -46
v -13.66667 3.890918 -46
v -13 3.890918 -46.33334
v -11.33333 3.890918 -47.33334
v -13 3.890918 -46.33334
v -12.16667 3.890918 -46.66667
v -11.33333 3.890918 -47.33334
v -13.66667 3.890918 -46
v -11.33333 3.890918 -47.33334
v -10.5 2.974252 -50.5
v -11 2.057585 -52.33334
v -17.66667 2.057585 -48
v -18 2.057585 -47.5
v -10.83333 2.057585 -52.33334
v -10.33333 2.557585 -51.33334
v -9.666668 2.057585 -51.5
v -4 2.057585 -51.5
v -1.833332 2.057585 -52.33334
v -10.83333 2.057585 -52.33334
v -9.666668 2.057585 -51.5
v -4 2.057585 -51.5
v -9.666668 2.057585 -51.5
v -8.333332 2.057585 -49.5
v -27 2.057585 -64.83334
v -26.5 2.057585 -52.33334
v -11 2.057585 -52.33334
v 0 2.057585 -52.83334
v 0 2.057585 -83.16667
v -15.66667 2.057585 -77.83334
v -9.666668 3.890918 -48.16667
v -10.5 3.890918 -47.66667
v -10.5 3.890918 -47.33334
v -9 3.890918 -47.83334
v -8.333332 3.724252 -46.66667
v -9 3.890918 -47.83334
v -10.5 3.890918 -47.33334
v -12.16667 3.890918 -46.66667
v -10.5 3.890918 -47.33334
v -11.33333 3.890918 -47.33334
v -12.16667 3.890918 -46.66667
v -15.16667 3.890918 -44.5
v -15.16667 3.890918 -44.83334
v -15.5 3.890918 -44.83334
v -15.5 3.890918 -44.33334
v -14.83333 3.890918 -44.5
v -7.666668 3.724252 -46.66667
v -14.33333 3.807585 -44.83334
v -14.83333 3.890918 -44.5
v -15.16667 3.890918 -44.5
v -15.5 3.890918 -44.33334
v -12.16667 3.890918 -46.66667
v -13 3.890918 -46.33334
v -13 3.890918 -45.83334
v -8.333332 3.724252 -46.66667
v -13.66667 3.890918 -46
v -14.33333 3.890918 -45.5
v -14.33333 3.807585 -44.83334
v -13 3.890918 -45.83334
v -14.83333 3.890918 -44.83334
v -14.83333 3.890918 -44.5
v -14.33333 3.807585 -44.83334
v -14.83333 3.890918 -44.5
v -15.5 3.890918 -44.33334
v -16.66667 3.890918 -44
v -18.16667 3.890918 -42.66667
v -14.33333 3.807585 -44.83334
v -15.16667 3.890918 -44.83334
v -14.83333 3.890918 -44.83334
v -15.66667 2.057585 -77.83334
v -17 2.057585 -77
v -27 2.057585 -64.83334
v -7.666668 3.724252 -46.66667
v -8.333332 3.724252 -46.66667
v -13 3.890918 -45.83334
v -14.33333 3.807585 -44.83334
v -21.33333 2.390918 -44
v -21.16667 2.557585 -43.83334
v -20.5 2.807585 -44
v -21.33333 2.057585 -45.16667
v -21.83333 2.057585 -45.16667
v -15.16667 3.890918 -45
v -14.33333 3.807585 -44.83334
v -14.33333 3.890918 -45.5
v -16.66667 3.890918 -44
v -15.5 3.890918 -44.33334
v -15.5 3.890918 -44.83334
v -20.16667 2.057585 -46
v -21.33333 2.057585 -45.16667
v -20.5 2.807585 -44
v -15.5 3.890918 -44.83334
v -15.16667 3.890918 -45
v -14.33333 3.890918 -45.5
v -13.66667 3.890918 -46
v -20.16667 2.057585 -46
v -20.16667 2.057585 -46
v -21.33333 2.057585 -45.5
v -21.33333 2.057585 -45.16667
v -28.16667 2.057585 -45.16667
v -27.83333 2.057585 -45.5
v -33.16667 2.057585 -45.5
v -27.16667 2.057585 -67.33334
v -27.33333 2.057585 -65.83334
v -27 2.057585 -65.66667
v -18.33333 2.057585 -76.66667
v -10.83333 2.057585 -52.33334
v -1.833332 2.057585 -52.33334
v 0 2.057585 -52.83334
v -11 2.057585 -52.33334
v -10.83333 2.057585 -52.33334
v 0 2.057585 -52.83334
v -27 2.057585 -64.83334
v -27.5 2.057585 -54.5
v -26.5 2.057585 -52.33334
v 0 3.724252 -42.66667
v 0 3.724252 -49.83334
v -3.833332 3.724252 -48.5
v -7.666668 3.724252 -46.66667
v -7.666668 3.724252 -46.66667
v -14.83333 3.890918 -44.5
v -18.16667 3.890918 -42.66667
v 0 3.724252 -42.66667
v 20 2.057585 -82.83334
v 20 2.057585 -85.33334
v 4.833333 2.057585 -85.33334
v 4.5 2.057585 -83.5
v 3.5 2.057585 -82.83334
v 20 2.057585 -82.83334
v 4.5 2.057585 -83.5
v 28 2.057585 -81
v 28 2.057585 -80.33334
v 30 2.057585 -78.5
v 26.66667 2.057585 -85.33334
v 26.5 2.057585 -82.16667
v 27.5 2.057585 -81.66667
v 27.5 2.057585 -81.66667
v 28 2.057585 -81
v 30 2.057585 -78.5
v 26.66667 2.057585 -85.33334
v 40.66667 2.057585 -42.66667
v 42.66667 2.057585 -42.66667
v 42 2.057585 -42.83334
v 42.66667 2.057585 -42.66667
v 42.66667 2.057585 -43.5
v 42 2.057585 -42.83334
v 40.16667 2.057585 -50.33334
v 37.33334 2.057585 -50.33334
v 38.16667 2.057585 -49.33334
v 40 2.057585 -49.5
v 30.66667 2.057585 -77.33334
v 30.66667 2.057585 -76.16667
v 42.66667 2.057585 -69.16667
v 42.66667 2.057585 -85.33334
v 26.66667 2.057585 -85.33334
v 30 2.057585 -78.5
v 30.66667 2.057585 -77.33334
v 42.66667 2.057585 -85.33334
v 30.66667 2.057585 -76.16667
v 30 2.057585 -75.16667
v 27.66667 2.057585 -69.16667
v 42.66667 2.057585 -69.16667
v 19.83333 2.057585 -81.5
v 20 2.057585 -82.83334
v 3.5 2.057585 -82.83334
v 23.5 2.057585 -79.66667
v 23.5 2.057585 -80.16667
v 23.16667 2.057585 -80.16667
v 22.5 2.057585 -79.66667
v 23.83333 2.057585 -78.33334
v 23.5 2.057585 -79.66667
v 22.5 2.057585 -79.66667
v 23 2.057585 -77.5
v 23.83333 2.057585 -78.33334
v 22.5 2.057585 -79.66667
v 21.33333 2.057585 -79.66667
v 23 2.057585 -76
v 23 2.057585 -77.5
v 21.33333 2.057585 -79.66667
v 35 2.057585 -49.5
v 35.5 2.057585 -50
v 23.83333 2.057585 -50.33334
v 25.5 2.057585 -75.16667
v 27.16667 2.057585 -75.16667
v 26.33333 2.057585 -76
v 24.5 2.057585 -48.16667
v 24.5 2.057585 -46.83334
v 24.83333 2.057585 -44.66667
v 25.33333 2.057585 -42.66667
v 33.16667 2.057585 -43.66667
v 33 2.057585 -46.66667
v 33.16667 2.057585 -43.66667
v 33.16667 2.057585 -44.5
v 33 2.057585 -46.66667
v 27.66667 2.057585 -69.16667
v 30 2.057585 -75.16667
v 28.83333 2.057585 -75.16667
v 27.66667 2.057585 -69.16667
v 28.83333 2.057585 -75.16667
v 28.33333 2.057585 -75.16667
v 27.66667 2.057585 -69.16667
v 28.33333 2.057585 -75.16667
v 27.16667 2.057585 -75.16667
v 26.16667 2.057585 -69.16667
v 27.66667 2.057585 -69.16667
v 27.16667 2.057585 -75.16667
v 25.5 2.057585 -75.16667
v 26.16667 2.057585 -69.16667
v 25.5 2.057585 -75.16667
v 24.16667 2.057585 -75.16667
v 25.5 2.057585 -68.83334
v 25.83333 2.057585 -68.83334
v 26.16667 2.057585 -69.16667
v 24.66667 2.057585 -68.83334
v 25.5 2.057585 -68.83334
v 26.16667 2.057585 -69.16667
v 22.33333 2.057585 -68.83334
v 24.66667 2.057585 -68.83334
v 26.16667 2.057585 -69.16667
v 20.5 2.057585 -68.83334
v 22.33333 2.057585 -68.83334
v 26.16667 2.057585 -69.16667
v 26.16667 2.057585 -69.16667
v 24.16667 2.057585 -75.16667
v 23 2.057585 -76
v 31.16667 2.057585 -66.16667
v 30.66667 2.057585 -65.66667
v 31.33333 2.057585 -65.16667
v 29 2.057585 -57.33334
v 27.83333 2.057585 -57.33334
v 27 2.057585 -56.5
v 42.66667 2.057585 -56.5
v 31.16667 2.057585 -67.33334
v 31.16667 2.057585 -66.16667
v 31.33333 2.057585 -65.16667
v 42.33334 2.057585 -68.83334
v 28.5 2.057585 -69
v 29.5 2.057585 -67.83334
v 30.66667 2.057585 -67.83334
v 42.66667 2.057585 -69.16667
v 31.33333 2.057585 -64
v 29.5 2.057585 -62.33334
v 29.83333 2.057585 -61.5
v 31.33333 2.057585 -64
v 29.83333 2.057585 -61.5
v 29.66667 2.057585 -57.83334
v 42.66667 2.057585 -56.5
v 42.66667 2.057585 -57.16667
v 42.33334 2.057585 -68.83334
v 42.66667 2.057585 -57.16667
v 42.66667 2.057585 -67.83334
v 42.33334 2.057585 -68.83334
v 31.16667 2.057585 -67.33334
v 42.33334 2.057585 -68.83334
v 42.66667 2.057585 -69.16667
v 30.66667 2.057585 -67.83334
v 31.33333 2.057585 -65.16667
v 31.33333 2.057585 -64
v 42.33334 2.057585 -68.83334
v 29.66667 2.057585 -57.83334
v 29 2.057585 -57.33334
v 42.66667 2.057585 -56.5
v 42.66667 2.057585 -69.16667
v 27.66667 2.057585 -69.16667
v 28.5 2.057585 -69
v 20.5 2.057585 -68.83334
v 26.16667 2.057585 -69.16667
v 23 2.057585 -76
v 17.16667 2.057585 -67.5
v 18 2.057585 -67.33334
v 18.83333 2.057585 -68.33334
v 23 2.057585 -76
v 21.33333 2.057585 -79.66667
v 19.83333 2.057585 -81.5
v 24.66667 2.057585 -68.83334
v 22.33333 2.057585 -68.83334
v 23.5 2.057585 -68
v 3 2.057585 -56.33334
v 3.5 2.557585 -56.66667
v 3.333333 2.057585 -57.83334
v 14.83333 2.057585 -60.5
v 16.66667 2.057585 -62.33334
v 16.16667 2.057585 -64.5
v 0 2.057585 -52.83334
v 3.333333 2.057585 -53.83334
v 3 2.057585 -56.33334
v 17.16667 2.057585 -67.5
v 18.83333 2.057585 -68.33334
v 23 2.057585 -76
v 14.83333 2.057585 -60.5
v 16.16667 2.057585 -64.5
v 16.16667 2.057585 -66.66667
v 3.333333 2.057585 -57.83334
v 18.83333 2.057585 -68.33334
v 20.16667 2.057585 -68.33334
v 20.5 2.057585 -68.83334
v 23 2.057585 -76
v 3.333333 2.057585 -57.83334
v 15.16667 2.057585 -59.33334
v 14.83333 2.057585 -60.5
v 15.66667 3.890918 -55.5
v 15.83333 3.890918 -55.5
v 16.16667 3.224252 -57
v 15.33333 2.807585 -57.66667
v 15.66667 2.307585 -59
v 15.16667 2.057585 -59.33334
v 3.333333 2.057585 -57.83334
v 3.5 2.557585 -56.66667
v 4.166667 2.807585 -56.33334
v 14.66667 3.890918 -55.5
v 15.33333 2.807585 -57.66667
v 15.16667 2.057585 -59.33334
v 14.66667 3.890918 -55.5
v 15.66667 3.890918 -55.5
v 16.16667 3.224252 -57
v 15.33333 2.807585 -57.66667
v 4.166667 2.807585 -56.33334
v 4.333333 3.140918 -55.5
v 14.66667 3.890918 -55.5
v 21.83333 2.057585 -56.16667
v 23.66667 2.057585 -56.16667
v 22.5 2.057585 -56.83334
v 27 2.057585 -56.5
v 25.83333 2.057585 -56.66667
v 25.5 2.057585 -56.16667
v 42.66667 2.057585 -56.33334
v 42.66667 2.057585 -56.5
v 27 2.057585 -56.5
v 16.16667 2.057585 -66.66667
v 0.8333334 2.057585 -82.83334
v 0 2.057585 -83.16667
v 3.333333 2.057585 -57.83334
v 21.83333 2.057585 -56.16667
v 21 2.057585 -56.16667
v 21.16667 2.057585 -55.16667
v 21.83333 2.057585 -56.16667
v 21.16667 2.057585 -55.16667
v 22 2.057585 -54.83334
v 23.66667 2.057585 -56.16667
v 16.16667 2.057585 -66.66667
v 17.16667 2.057585 -67.5
v 23 2.057585 -76
v 19.83333 2.057585 -81.5
v 3.5 2.057585 -82.83334
v 0.8333334 2.057585 -82.83334
v 23.66667 2.057585 -56.16667
v 22 2.057585 -54.83334
v 23.16667 2.057585 -53.5
v 25.5 2.057585 -56.16667
v 0 2.057585 -52.83334
v 3 2.057585 -56.33334
v 3.333333 2.057585 -57.83334
v 0 2.057585 -83.16667
v 0.8333334 2.057585 -82.83334
v 0.6666667 2.057585 -83.16667
v 0 2.057585 -83.16667
v 13 3.890918 -55.33334
v 14.66667 3.890918 -55.5
v 4.333333 3.140918 -55.5
v 4.333333 3.140918 -55.33334
v 13 3.890918 -55.33334
v 12.33333 3.890918 -55
v 13.16667 3.890918 -55
v 13 3.890918 -55.33334
v 13.16667 3.890918 -55
v 13.5 3.890918 -55
v 14.66667 3.890918 -55
v 15.66667 3.890918 -55
v 15.66667 3.890918 -55.16667
v 14.66667 3.890918 -55
v 15.66667 3.890918 -55.16667
v 15.66667 3.890918 -55.5
v 14.66667 3.890918 -55.5
v 14.16667 3.890918 -55
v 13 3.890918 -55.33334
v 13.5 3.890918 -55
v 14.16667 3.890918 -55
v 14.66667 3.890918 -55.5
v 15.66667 3.890918 -55.16667
v 15.83333 3.890918 -55.5
v 15.66667 3.890918 -55.5
v 11.83333 3.890918 -54.66667
v 12.5 3.890918 -54.66667
v 12.33333 3.890918 -55
v 11.83333 3.890918 -55.16667
v 11.5 3.890918 -55.16667
v 13 3.890918 -55.33334
v 4.333333 3.140918 -55.33334
v 4.333333 3.224252 -55.16667
v 11.83333 3.890918 -55.16667
v 12.33333 3.890918 -55
v 13 3.890918 -55.33334
v 11.5 3.890918 -55.16667
v 11.83333 3.890918 -55.16667
v 13 3.890918 -55.33334
v 9.5 3.890918 -54.83334
v 10.33333 3.890918 -54.66667
v 10.33333 3.890918 -55
v 10.33333 3.890918 -55
v 11.5 3.890918 -55
v 11.5 3.890918 -55.16667
v 4.333333 3.224252 -55.16667
v 4.333333 3.224252 -55.16667
v 4.333333 3.307585 -54.83334
v 9.5 3.890918 -54.83334
v 10.33333 3.890918 -55
v 11.83333 3.890918 -55.16667
v 11.5 3.890918 -55.16667
v 11.5 3.890918 -55
v 11.66667 3.890918 -54.5
v 11.83333 3.890918 -54.66667
v 12.5 3.890918 -54.66667
v 11.83333 3.890918 -54.66667
v 11.66667 3.890918 -54.5
v 13.16667 3.724252 -54.66667
v 12.5 3.890918 -54.66667
v 11.66667 3.890918 -54.5
v 13.16667 3.890918 -55
v 12.33333 3.890918 -55
v 12.5 3.890918 -54.66667
v 13.16667 3.890918 -54.83334
v 15.66667 3.724252 -54.5
v 15.66667 3.724252 -54.66667
v 13.16667 3.724252 -54.66667
v 11.66667 3.890918 -54.5
v 13.16667 3.724252 -54.66667
v 13.16667 3.890918 -54.83334
v 12.5 3.890918 -54.66667
v 10.33333 3.890918 -54.66667
v 9.5 3.890918 -54.83334
v 9.5 3.890918 -54.33334
v 11.5 3.890918 -55
v 10.33333 3.890918 -55
v 10.33333 3.890918 -54.66667
v 11.66667 3.890918 -54.5
v 11.5 3.890918 -55
v 10.33333 3.890918 -54.66667
v 9.5 3.890918 -54.33334
v 15.66667 3.724252 -54.33334
v 15.66667 3.724252 -54.5
v 11.66667 3.890918 -54.5
v 9.5 3.890918 -54.33334
v 13.16667 3.890918 -54.83334
v 13.5 3.890918 -55
v 13.16667 3.890918 -55
v 13.5 3.890918 -55
v 13.16667 3.890918 -54.83334
v 13.16667 3.724252 -54.66667
v 14.66667 3.724252 -54.83334
v 14.16667 3.890918 -55
v 15.66667 3.724252 -54.66667
v 15.66667 3.724252 -54.83334
v 14.66667 3.724252 -54.83334
v 13.16667 3.724252 -54.66667
v 14.66667 3.724252 -54.83334
v 14.66667 3.890918 -55
v 14.16667 3.890918 -55
v 14.66667 3.724252 -54.83334
v 15.66667 3.724252 -54.83334
v 15.66667 3.890918 -55
v 14.66667 3.890918 -55
v 9.166667 3.890918 -54.66667
v 9.166667 3.890918 -54.33334
v 9.5 3.890918 -54.33334
v 9.5 3.890918 -54.83334
v 8.333334 3.890918 -54.66667
v 9.5 3.890918 -54.83334
v 4.333333 3.307585 -54.83334
v 4.5 3.474252 -54.66667
v 8.333334 3.890918 -54.66667
v 9.166667 3.890918 -54.66667
v 9.5 3.890918 -54.83334
v 7 3.890918 -54
v 7.833333 3.890918 -54
v 7.833333 3.890918 -54.5
v 6.833333 3.890918 -54.33334
v 6.833333 3.890918 -54.33334
v 7.833333 3.890918 -54.5
v 8.333334 3.890918 -54.66667
v 4.5 3.474252 -54.66667
v 5.166667 3.724252 -54.33334
v 8.333334 3.890918 -54.66667
v 7.833333 3.890918 -54.5
v 7.833333 3.890918 -54
v 9.166667 3.890918 -54.33334
v 9.166667 3.890918 -54.66667
v 9.5 3.890918 -54.33334
v 9.166667 3.890918 -54.33334
v 7.833333 3.890918 -54
v 15.83333 3.724252 -54
v 15.66667 3.724252 -54.33334
v 9.5 3.890918 -54.33334
v 7.833333 3.890918 -54
v 6.166667 3.890918 -53.83334
v 6.333333 3.890918 -53.83334
v 6.833333 3.890918 -54.33334
v 5.166667 3.724252 -54.33334
v 5.5 3.890918 -54
v 7 3.890918 -54
v 6.833333 3.890918 -54.33334
v 6.333333 3.890918 -53.83334
v 7.833333 3.890918 -54
v 7 3.890918 -54
v 6.333333 3.890918 -53.83334
v 15.83333 3.724252 -53.83334
v 15.83333 3.724252 -54
v 7.833333 3.890918 -54
v 6.333333 3.890918 -53.83334
v 5.5 3.890918 -53.83334
v 6.166667 3.890918 -53.83334
v 5.5 3.890918 -54
v 18.83333 3.724252 -43.83334
v 18.83333 3.724252 -44.33334
v 17.83333 3.724252 -44.33334
v 18 3.724252 -43.33334
v 5 3.724252 -51.5
v 0 3.724252 -49.83334
v 0 3.724252 -42.66667
v 6.166667 3.890918 -53.83334
v 5.5 3.890918 -53.83334
v 5.166667 3.890918 -53.33334
v 17.83333 3.724252 -46.33334
v 18.66667 3.724252 -46.33334
v 18.83333 3.724252 -47
v 17.16667 3.724252 -47.5
v 6.333333 3.890918 -53.83334
v 6.166667 3.890918 -53.83334
v 5.166667 3.890918 -53.33334
v 18 3.724252 -42.66667
v 17.5 3.724252 -44.66667
v 16 3.724252 -49.33334
v 5.333333 3.724252 -51.83334
v 5 3.724252 -51.5
v 0 3.724252 -42.66667
v 18 3.724252 -43.33334
v 17.83333 3.724252 -44.33334
v 17.5 3.724252 -44.66667
v 18 3.724252 -42.66667
v 17.5 3.724252 -46
v 17.83333 3.724252 -46.33334
v 17.16667 3.724252 -47.5
v 17.5 3.724252 -44.66667
v 16.33333 3.724252 -48.5
v 16 3.724252 -49.33334
v 6.333333 3.890918 -53.83334
v 5.166667 3.890918 -53.33334
v 5.333333 3.724252 -51.83334
v 16 3.724252 -49.33334
v 16.16667 3.724252 -52.66667
v 15.83333 3.724252 -53.83334
v 17.5 3.724252 -46
v 17.16667 3.724252 -47.5
v 16.33333 3.724252 -48.5
v 17.5 3.724252 -44.66667
v 37.33334 2.057585 -50.33334
v 40.16667 2.057585 -50.33334
v 40.5 2.057585 -51.16667
v 36.66667 2.057585 -50.33334
v 37.33334 2.057585 -50.33334
v 40.5 2.057585 -51.16667
v 36.66667 2.057585 -50.33334
v 40.5 2.057585 -51.16667
v 23.66667 2.057585 -51.16667
v 23.83333 2.057585 -50.33334
v 40.5 2.057585 -51.16667
v 41.16667 2.057585 -51.16667
v 42.66667 2.057585 -56.33334
v 27 2.057585 -56.5
v 25.5 2.057585 -56.16667
v 23.16667 2.057585 -53.5
v 23.66667 2.057585 -51.16667
v 40.5 2.057585 -51.16667
v 42.66667 2.057585 -56.33334
v 25 2.057585 -43.5
v 24.66667 2.057585 -43
v 25.33333 2.057585 -42.66667
v 33.16667 2.057585 -44.5
v 33.83334 2.057585 -45.16667
v 33.16667 2.057585 -45.5
v 33.5 2.057585 -42.66667
v 34 2.057585 -43
v 33.16667 2.057585 -43.66667
v 25.33333 2.057585 -42.66667
v 24.5 2.057585 -46.83334
v 23.66667 2.057585 -46.16667
v 23.66667 2.057585 -45.66667
v 24.83333 2.057585 -44.66667
v 24.83333 2.057585 -44.66667
v 25 2.057585 -43.5
v 25.33333 2.057585 -42.66667
v 33.16667 2.057585 -44.5
v 33.16667 2.057585 -45.5
v 33 2.057585 -46.66667
v 35.5 2.057585 -50
v 36.66667 2.057585 -50.33334
v 23.83333 2.057585 -50.33334
v 23.83333 2.057585 -50.33334
v 23.83333 2.057585 -48.83334
v 24.5 2.057585 -48.16667
v 33 2.057585 -46.66667
v 35.16667 2.057585 -48.66667
v 35 2.057585 -49.5
v 42.16667 2.057585 -49.16667
v 42.5 2.057585 -49
v 42.66667 2.057585 -49.33334
v 42.33334 2.057585 -50.33334
v 42.66667 2.057585 -56.33334
v 42.33334 2.057585 -50.33334
v 42.66667 2.057585 -49.33334
v 42.66667 2.057585 -56.33334
v 41.16667 2.057585 -51.16667
v 42.33334 2.057585 -50.33334
v 51.16667 2.057585 -73.16667
v 51.5 2.057585 -73.16667
v 50.83334 2.057585 -74
v 51 2.057585 -84
v 51.33334 2.057585 -84
v 50.66667 2.057585 -84.83334
v 50.33334 2.057585 -72.16667
v 51.16667 2.057585 -73.16667
v 50.83334 2.057585 -74
v 50.16667 2.057585 -83
v 51 2.057585 -84
v 50.66667 2.057585 -84.83334
v 50 2.057585 -70.16667
v 50.5 2.057585 -70.5
v 50.33334 2.057585 -72.16667
v 50.5 2.057585 -78.5
v 50.5 2.057585 -79.66667
v 49.83334 2.057585 -80.5
v 50.16667 2.057585 -83
v 50.66667 2.057585 -84.83334
v 50.66667 2.057585 -85.33334
v 42.66667 2.057585 -85.33334
v 50.83334 2.057585 -74
v 51.33334 2.057585 -76.66667
v 50.5 2.057585 -78.5
v 50.33334 2.057585 -72.16667
v 49.83334 2.057585 -80.5
v 50.16667 2.057585 -83
v 42.66667 2.057585 -85.33334
v 42.66667 2.057585 -69.16667
v 50 2.057585 -69
v 50 2.057585 -70.16667
v 42.66667 2.057585 -69.16667
v 50 2.057585 -70.16667
v 50.33334 2.057585 -72.16667
v 50.5 2.057585 -78.5
v 49.83334 2.057585 -80.5
v 42.66667 2.057585 -85.33334
v 59.16667 2.057585 -85.33334
v 58.83334 2.057585 -84.66667
v 59.83334 2.057585 -84
v 68.66667 2.057585 -85.33334
v 59.5 2.057585 -61.5
v 59.16667 2.057585 -61
v 60.16667 2.057585 -60.16667
v 59 2.057585 -67.33334
v 58.66667 2.057585 -66.83334
v 59.33334 2.057585 -65
v 59.16667 2.057585 -62.5
v 59.5 2.057585 -61.5
v 60.16667 2.057585 -60.16667
v 59.33334 2.057585 -65
v 59.33334 2.057585 -75.66667
v 59.16667 2.057585 -73.83334
v 60 2.057585 -73.16667
v 59.83334 2.057585 -81
v 60.16667 2.057585 -60.16667
v 60.16667 2.057585 -58.5
v 60.66667 2.057585 -57.33334
v 60 2.057585 -70.16667
v 59 2.057585 -69.16667
v 59 2.057585 -67.33334
v 59.33334 2.057585 -65
v 60.16667 2.057585 -60.16667
v 60.66667 2.057585 -57.33334
v 59.83334 2.057585 -81
v 58.83334 2.057585 -80
v 58.66667 2.057585 -77.83334
v 59.33334 2.057585 -75.66667
v 68.66667 2.057585 -85.33334
v 59.83334 2.057585 -84
v 59.83334 2.057585 -81
v 60 2.057585 -73.16667
v 60 2.057585 -51.5
v 59.5 2.057585 -44
v 59.5 2.057585 -42.66667
v 68.66667 2.057585 -42.66667
v 60.66667 2.057585 -57.33334
v 59.16667 2.057585 -50
v 58.33334 2.057585 -49.33334
v 58.83334 2.057585 -44.66667
v 60 2.057585 -73.16667
v 60 2.057585 -70.16667
v 60.66667 2.057585 -57.33334
v 68.66667 2.057585 -42.66667
v 68.66667 2.057585 -85.33334
v 59.16667 2.057585 -50
v 58.83334 2.057585 -44.66667
v 59.5 2.057585 -44
v 60 2.057585 -51.5
v 42.66667 2.057585 -57.16667
v 43.33334 2.307585 -57.5
v 43.33334 2.390918 -59.83334
v 43.16667 2.307585 -67.83334
v 42.66667 2.057585 -67.83334
v 45.5 2.057585 -57.5
v 49 2.057585 -57.5
v 48.83334 2.057585 -67.83334
v 45.33334 2.057585 -67.83334
v 50.66667 2.057585 -49.66667
v 43.5 2.057585 -49.66667
v 43.83334 2.057585 -49.33334
v 52.83334 2.057585 -56
v 52.66667 2.057585 -56.16667
v 52.16667 2.057585 -56.16667
v 52.83334 2.057585 -56
v 52.16667 2.057585 -56.16667
v 51 2.057585 -56.16667
v 43.66667 2.057585 -56
v 52.83334 2.057585 -56
v 51 2.057585 -56.16667
v 43.83334 2.057585 -56.16667
v 52.16667 2.057585 -55
v 52.83334 2.057585 -55
v 52.83334 2.057585 -56
v 51.66667 2.057585 -54.5
v 52.16667 2.057585 -55
v 52.83334 2.057585 -56
v 43.66667 2.057585 -56
v 50.83334 2.057585 -51.5
v 51.83334 2.057585 -53
v 51.66667 2.057585 -54.5
v 43.83334 2.057585 -49.33334
v 43.83334 2.057585 -48.5
v 44.16667 2.057585 -44.83334
v 50.83334 2.057585 -47.5
v 50.66667 2.057585 -49.66667
v 43.5 2.057585 -49.66667
v 50.66667 2.057585 -49.66667
v 50.83334 2.057585 -51.5
v 43.66667 2.057585 -56
v 43 2.057585 -56
v 43 2.057585 -49.66667
v 43.5 2.057585 -49.66667
v 50.83334 2.057585 -51.5
v 51.66667 2.057585 -54.5
v 57.66667 2.057585 -53.33334
v 56 2.057585 -52.83334
v 56.5 2.057585 -52.33334
v 56.5 2.057585 -51.5
v 57.83334 2.057585 -50.5
v 57.66667 2.057585 -53.33334
v 56.5 2.057585 -52.33334
v 53.16667 2.057585 -49.5
v 54.33334 2.057585 -49.66667
v 54.5 2.057585 -50.16667
v 53.83334 2.057585 -51.5
v 52.66667 2.057585 -52
v 43.83334 2.057585 -48.5
v 43.83334 2.057585 -48
v 44.16667 2.057585 -44.83334
v 43.83334 2.057585 -48.5
v 43.5 2.057585 -48.16667
v 43.83334 2.057585 -48
v 43.66667 2.057585 -44.16667
v 42.66667 2.057585 -44
v 42.66667 2.057585 -43.5
v 52.66667 2.057585 -42.66667
v 52.66667 2.057585 -43.16667
v 51.66667 2.057585 -43.66667
v 44.16667 2.057585 -44.83334
v 43.66667 2.057585 -44.16667
v 42.66667 2.057585 -42.66667
v 43.66667 2.057585 -44.16667
v 42.66667 2.057585 -43.5
v 42.66667 2.057585 -42.66667
v 51.66667 2.057585 -43.66667
v 51.16667 2.057585 -44.66667
v 44.16667 2.057585 -44.83334
v 51.16667 2.057585 -44.66667
v 51.16667 2.057585 -47
v 50.83334 2.057585 -47.5
v 44.16667 2.057585 -44.83334
v 42.66667 2.057585 -49.33334
v 43 2.057585 -49.66667
v 43 2.057585 -56
v 42.66667 2.057585 -56.33334
v -178.3333 2.057585 -42
v -177.8333 2.057585 -42.5
v -178 2.057585 -42.66667
v -180.1667 2.057585 -42.66667
v -178.8333 2.057585 -39
v -177.8333 2.057585 -39.83334
v -178.3333 2.057585 -40.5
v -178.8333 2.057585 -25.66667
v -177.6667 2.057585 -27
v -178.1667 2.057585 -27.5
v -178.1667 2.057585 -29.33333
v -177.8333 2.057585 -31.33333
v -178.6667 2.057585 -33.83334
v -178.1667 2.057585 -29.33333
v -176.8333 2.057585 -30.16667
v -177.8333 2.057585 -31.33333
v -178.6667 2.057585 -33.83334
v -178.6667 2.057585 -35
v -179.3333 2.057585 -35.83334
v -180.1667 2.057585 -22.83333
v -177.6667 2.057585 -22.83333
v -178.5 2.057585 -24.16667
v -179.3333 2.057585 -36.83334
v -178.6667 2.057585 -37.16667
v -178.8333 2.057585 -39
v -180.1667 2.057585 -42.66667
v -178.3333 2.057585 -40.5
v -178.3333 2.057585 -42
v -180.1667 2.057585 -42.66667
v -178.8333 2.057585 -39
v -180.1667 2.057585 -22.83333
v -178.5 2.057585 -24.16667
v -178.8333 2.057585 -25.66667
v -178.8333 2.057585 -25.66667
v -178.1667 2.057585 -27.5
v -178.1667 2.057585 -29.33333
v -178.6667 2.057585 -33.83334
v -179.3333 2.057585 -35.83334
v -180.1667 2.057585 -22.83333
v -179.3333 2.057585 -35.83334
v -179.3333 2.057585 -36.83334
v -180.1667 2.057585 -42.66667
v -180.1667 2.057585 -22.83333
v -177 2.057585 -21.66667
v -176.5 2.057585 -21.66667
v -176.5 2.057585 -22.83333
v -177 2.057585 -22.83333
v -180.1667 2.057585 0
v -178.5 2.057585 -1.833332
v -178.1667 2.057585 -3.833332
v -177 2.057585 -21.66667
v -177 2.057585 -22.83333
v -177.6667 2.057585 -22.83333
v -177.5 2.057585 -21.16667
v -178.1667 2.057585 -11.66667
v -178.5 2.057585 -17.83333
v -180.1667 2.057585 -22.83333
v -180.1667 2.057585 0
v -178.1667 2.057585 0
v -178.5 2.057585 -0.3333321
v -178.1667 2.057585 -3.833332
v -177.1667 2.057585 -4.666668
v -177.6667 2.057585 -5.5
v -177.5 2.057585 -7.333332
v -176.6667 2.057585 -7.833332
v -176.3333 2.057585 -8.666668
v -176.5 2.057585 -9.666668
v -177.6667 2.057585 -10.5
v -178.5 2.057585 -1.833332
v -178 2.057585 -2.166668
v -178.1667 2.057585 -3.833332
v -177.6667 2.057585 -6.833332
v -177.5 2.057585 -7.333332
v -177.6667 2.057585 -10.5
v -178.1667 2.057585 -11.66667
v -180.1667 2.057585 0
v -178.5 2.057585 -0.3333321
v -178.5 2.057585 -1.833332
v -178.1667 2.057585 -3.833332
v -177.6667 2.057585 -5.5
v -177.6667 2.057585 -6.833332
v -178.1667 2.057585 -11.66667
v -180.1667 2.057585 -22.83333
v -180.1667 2.057585 0
v -177.5 2.057585 -21.16667
v -177.6667 2.057585 -22.83333
v -180.1667 2.057585 -22.83333
v -178.5 2.057585 -17.83333
v -177.5 2.057585 -19.5
v -171.5 2.057585 -20
v -173.3333 2.057585 -19.5
v -172.6667 2.057585 -18.83333
v -172.6667 2.057585 -18.83333
v -172.6667 2.057585 -18
v -171.5 2.057585 -17.16667
v -171.5 2.057585 -20
v -176 2.057585 -16
v -174.8333 2.057585 -16.33333
v -175.1667 2.057585 -18
v -176.6667 2.057585 -18.66667
v -170.6667 2.057585 -14.16667
v -170.6667 2.057585 -16.16667
v -171 2.057585 -16
v -150.1667 2.057585 -42
v -149.5 2.057585 -42.33334
v -149.5 2.057585 -42.66667
v -170 2.057585 -42.66667
v -155.3333 2.057585 -34
v -154.5 2.057585 -33.83334
v -154.5 2.057585 -34.66667
v -150.8333 2.057585 -37
v -150.5 2.057585 -37.16667
v -150.3333 2.057585 -38.33334
v -154.5 2.057585 -34.66667
v -153.5 2.057585 -35
v -153.1667 2.057585 -35.5
v -150.3333 2.057585 -38.33334
v -149.6667 2.057585 -38.66667
v -150.1667 2.057585 -40
v -153.1667 2.057585 -35.5
v -150.6667 2.057585 -35.83334
v -150.8333 2.057585 -37
v -150.8333 2.057585 -37
v -150.3333 2.057585 -38.33334
v -150.1667 2.057585 -40
v -150.1667 2.057585 -42
v -154.5 2.057585 -34.66667
v -153.1667 2.057585 -35.5
v -169.1667 2.057585 -37
v -170.3333 2.057585 -35.66667
v -170.1667 2.057585 -34
v -155.3333 2.057585 -34
v -170 2.057585 -42.66667
v -170 2.057585 -40.33334
v -169.1667 2.057585 -39.5
v -155.3333 2.057585 -34
v -154.5 2.057585 -34.66667
v -150.1667 2.057585 -42
v -169.1667 2.057585 -39.5
v -169.1667 2.057585 -37
v -155.3333 2.057585 -34
v -144.8333 2.057585 -36.33334
v -144.6667 2.057585 -35.83334
v -144.1667 2.057585 -35.83334
v -144.5 2.057585 -37.33334
v -143.1667 2.057585 -38.16667
v -143.5 2.057585 -35.16667
v -143.5 2.057585 -33
v -128 2.057585 -42.66667
v -145.8333 2.057585 -29
v -145.8333 2.057585 -27.83333
v -145 2.057585 -27.5
v -145 2.057585 -30.66667
v -145 2.057585 -30.66667
v -146.6667 2.057585 -29.66667
v -145.8333 2.057585 -29
v -158.3333 2.057585 -7
v -168.5 2.057585 -4.666668
v -168.5 2.057585 -1.833332
v -144.5 2.057585 -37.33334
v -144.1667 2.057585 -35.83334
v -143.5 2.057585 -35.16667
v -143.1667 2.057585 -38.16667
v -145.1667 2.057585 -42.66667
v -145.1667 2.057585 -40.5
v -144 2.057585 -40.5
v -143.5 2.057585 -33
v -144.3333 2.057585 -32.33334
v -145 2.057585 -30.66667
v -145 2.057585 -27.5
v -144.8333 2.057585 -26.66667
v -148.8333 2.057585 0
v -148.8333 2.057585 -1.166668
v -150.6667 2.057585 -7
v -156.5 2.057585 -7
v -169.3333 2.057585 -7
v -169.5 2.057585 -5.5
v -168.5 2.057585 -4.666668
v -158.3333 2.057585 -7
v -145.1667 2.057585 -42.66667
v -144 2.057585 -40.5
v -143.3333 2.057585 -39.83334
v -128 2.057585 -42.66667
v -128 2.057585 -42.66667
v -143.3333 2.057585 -39.83334
v -143.1667 2.057585 -38.16667
v -156.5 2.057585 -33.66667
v -155.6667 2.057585 -33.66667
v -155.3333 2.057585 -34
v -157.1667 2.057585 -33.66667
v -156.5 2.057585 -33.66667
v -155.3333 2.057585 -34
v -157.1667 2.057585 -33.66667
v -155.3333 2.057585 -34
v -170.1667 2.057585 -34
v -170.5 2.057585 -33.66667
v -154.6667 2.057585 -28.16667
v -157.3333 2.057585 -31.16667
v -158.1667 2.057585 -31.5
v -169.8333 2.057585 -31
v -169.8333 2.057585 -28.16667
v -169.8333 2.057585 -31
v -158.1667 2.057585 -31.5
v -158.1667 2.057585 -32.5
v -158.1667 2.057585 -32.5
v -157.1667 2.057585 -33.66667
v -170.5 2.057585 -33.66667
v -169.8333 2.057585 -31
v -155.6667 2.057585 -33.66667
v -156.5 2.057585 -33.66667
v -156.1667 2.057585 -33.33334
v -153.6667 2.057585 -28.16667
v -153.6667 2.057585 -28.5
v -154 2.057585 -28.5
v -154.1667 2.057585 -28.16667
v -153.6667 2.057585 -27.66667
v -153.6667 2.057585 -28.16667
v -154.1667 2.057585 -28.16667
v -153.6667 2.057585 -27.66667
v -154.1667 2.057585 -28.16667
v -154.6667 2.057585 -28.16667
v -153.1667 2.057585 -26.5
v -153.1667 2.057585 -27.33333
v -153.6667 2.057585 -27.66667
v -154.6667 2.057585 -28.16667
v -153.3333 2.057585 -24.66667
v -169.8333 2.057585 -28.16667
v -170 2.057585 -27.5
v -169.1667 2.057585 -27
v -154.6667 2.057585 -28.16667
v -153.3333 2.057585 -24.66667
v -152.5 2.057585 -25.83333
v -153.1667 2.057585 -26.5
v -154.6667 2.057585 -28.16667
v -169.1667 2.057585 -27
v -168.6667 2.057585 -24.5
v -168.6667 2.057585 -22.5
v -152.1667 2.057585 -22.5
v -153.3333 2.057585 -24
v -153.3333 2.057585 -24
v -153.3333 2.057585 -24.66667
v -154.6667 2.057585 -28.16667
v -168.6667 2.057585 -24.5
v -168.6667 2.057585 -22.5
v -149 2.057585 -21.33333
v -151 2.057585 -22.5
v -151.3333 2.057585 -22.5
v -149 2.057585 -21.33333
v -151.3333 2.057585 -22.5
v -152.1667 2.057585 -22.5
v -168.8333 2.057585 -21.33333
v -149 2.057585 -21.33333
v -152.1667 2.057585 -22.5
v -168.6667 2.057585 -22.5
v -147.5 2.057585 -22
v -146.8333 2.057585 -22
v -147.3333 2.057585 -22.33333
v -146.8333 2.057585 -22
v -147.5 2.057585 -22
v -148.1667 2.057585 -21.33333
v -146.1667 2.057585 -22
v -146.8333 2.057585 -22
v -148.1667 2.057585 -21.33333
v -148 2.057585 -4.833332
v -148 2.057585 -6.5
v -148.3333 2.057585 -7
v -150.6667 2.057585 -7
v -148.5 2.057585 -3.166668
v -169 2.057585 -19
v -169.8333 2.057585 -17
v -151.8333 2.057585 -17
v -149 2.057585 -21.33333
v -168.8333 2.057585 -21.33333
v -169 2.057585 -19
v -151.8333 2.057585 -17
v -151.3333 2.057585 -17
v -168.5 2.057585 -1.833332
v -169.6667 2.057585 -0.6666679
v -169.5 2.057585 0
v -148.8333 2.057585 0
v -156.5 2.057585 -7
v -158.3333 2.057585 -7
v -148.1667 2.057585 -21.33333
v -149 2.057585 -21.33333
v -151.3333 2.057585 -17
v -158.8333 2.057585 -12
v -158.3333 2.057585 -12.5
v -158.3333 2.057585 -13.33333
v -161.1667 2.057585 -11.33333
v -159.5 2.057585 -11.5
v -169.6667 2.057585 -9.333332
v -170.6667 2.057585 -8.5
v -170.6667 2.057585 -8.166668
v -169.5 2.057585 -7.166668
v -154.1667 2.057585 -16.16667
v -153.1667 2.057585 -16.16667
v -152.6667 2.057585 -16.83333
v -169.5 2.057585 -7.166668
v -161.3333 2.057585 -7.166668
v -161.8333 2.057585 -8
v -169.6667 2.057585 -10.5
v -161.6667 2.057585 -10.83333
v -161.1667 2.057585 -11.33333
v -156.8333 2.057585 -15
v -155.8333 2.057585 -15.16667
v -154.1667 2.057585 -16.16667
v -169.8333 2.057585 -17
v -170.6667 2.057585 -16.16667
v -170.6667 2.057585 -14.16667
v -169.6667 2.057585 -10.5
v -169.6667 2.057585 -9.333332
v -169.5 2.057585 -7.166668
v -161.8333 2.057585 -8
v -161.6667 2.057585 -10.83333
v -152.6667 2.057585 -16.83333
v -151.8333 2.057585 -17
v -169.8333 2.057585 -17
v -170.6667 2.057585 -14.16667
v -170.3333 2.057585 -11.16667
v -169.6667 2.057585 -10.5
v -156.8333 2.057585 -15
v -154.1667 2.057585 -16.16667
v -152.6667 2.057585 -16.83333
v -169.8333 2.057585 -17
v -161.1667 2.057585 -11.33333
v -158.3333 2.057585 -13.33333
v -156.8333 2.057585 -15
v -169.8333 2.057585 -17
v -170.6667 2.057585 -14.16667
v -169.6667 2.057585 -10.5
v -151.3333 2.057585 -17
v -151 2.057585 -16.66667
v -150.3333 2.057585 -16.66667
v -151.3333 2.057585 -17
v -150.3333 2.057585 -16.66667
v -149.1667 2.057585 -16.66667
v -148.8333 2.057585 -1.166668
v -148.1667 2.057585 -1.5
v -148.5 2.057585 -3.166668
v -150.6667 2.057585 -7
v -150.3333 2.057585 -16.66667
v -151 2.057585 -16.66667
v -150.8333 2.057585 -16.33333
v -149.1667 2.057585 -16.66667
v -148.8333 2.057585 -16.33333
v -147.5 2.057585 -16.33333
v -149.1667 2.057585 -16.66667
v -147.5 2.057585 -16.33333
v -145.8333 2.057585 -16.33333
v -148.1667 2.057585 -21.33333
v -151.3333 2.057585 -17
v -149.1667 2.057585 -16.66667
v -146.1667 2.057585 -22
v -147.5 2.057585 -16.33333
v -148.8333 2.057585 -16.33333
v -148.3333 2.057585 -15.83333
v -145.8333 2.057585 -16.33333
v -145.1667 2.057585 -15.5
v -144.1667 2.057585 -15.5
v -145.8333 2.057585 -16.33333
v -144.1667 2.057585 -15.5
v -142.8333 2.057585 -15.5
v -144.8333 2.057585 -25
v -145.3333 2.057585 -22.83333
v -145.8333 2.057585 -16.33333
v -145.1667 2.057585 -15.5
v -145.1667 2.057585 -15
v -144.6667 2.057585 -15
v -144.1667 2.057585 -15.5
v -142.3333 2.057585 -15
v -142.3333 2.057585 -13
v -141.5 2.057585 -12.5
v -139.6667 2.057585 -7.166668
v -139.6667 2.057585 -5
v -138.8333 2.057585 -4.333332
v -143.5 2.057585 -33
v -144.8333 2.057585 -26.66667
v -144.8333 2.057585 -25
v -140.8333 2.057585 -11.33333
v -140.6667 2.057585 -9.666668
v -139.6667 2.057585 -7.166668
v -146.1667 2.057585 -22
v -149.1667 2.057585 -16.66667
v -145.8333 2.057585 -16.33333
v -145.3333 2.057585 -22.83333
v -138.8333 2.057585 -1.333332
v -139.8333 2.057585 0
v -128 2.057585 0
v -138.8333 2.057585 -4.333332
v -138.8333 2.057585 -1.333332
v -128 2.057585 0
v -144.8333 2.057585 -25
v -145.5 2.057585 -24.16667
v -145.3333 2.057585 -22.83333
v -154.3333 2.057585 -7.666668
v -153.5 2.057585 -7.666668
v -154 2.057585 -8
v -150.6667 2.057585 -7
v -151.6667 2.057585 -7.666668
v -152.3333 2.057585 -7.666668
v -150.6667 2.057585 -7
v -152.3333 2.057585 -7.666668
v -153.5 2.057585 -7.666668
v -156.5 2.057585 -7
v -150.6667 2.057585 -7
v -153.5 2.057585 -7.666668
v -154.3333 2.057585 -7.666668
v -160.1667 2.057585 -7.166668
v -159 2.057585 -7.166668
v -159.8333 2.057585 -7.5
v -158.3333 2.057585 -7
v -159 2.057585 -7.166668
v -160.1667 2.057585 -7.166668
v -158.3333 2.057585 -7
v -160.1667 2.057585 -7.166668
v -161.3333 2.057585 -7.166668
v -169.3333 2.057585 -7
v -158.3333 2.057585 -7
v -161.3333 2.057585 -7.166668
v -169.5 2.057585 -7.166668
v -148 2.057585 -6.5
v -147.6667 2.057585 -7
v -148.3333 2.057585 -7
v -148.5 2.057585 -3.166668
v -147.5 2.057585 -4.166668
v -148 2.057585 -4.833332
v -142.3333 2.057585 -15
v -141.5 2.057585 -12.5
v -140.8333 2.057585 -11.33333
v -140.8333 2.057585 -11.33333
v -139.6667 2.057585 -7.166668
v -138.8333 2.057585 -4.333332
v -128 2.057585 0
v -144.8333 2.057585 -25
v -145.8333 2.057585 -16.33333
v -142.8333 2.057585 -15.5
v -144.8333 2.057585 -25
v -142.8333 2.057585 -15.5
v -142.3333 2.057585 -15
v -144.8333 2.057585 -25
v -142.3333 2.057585 -15
v -140.8333 2.057585 -11.33333
v -128 2.057585 0
v -128 2.057585 -42.66667
v -143.5 2.057585 -33
v -98.5 2.057585 -41.83334
v -85.33333 2.057585 -41.83334
v -85.83333 2.057585 -42.66667
v -99.5 2.057585 -41.83334
v -98.5 2.057585 -41.83334
v -85.83333 2.057585 -42.66667
v -124.1667 2.057585 -26.16667
v -123 2.057585 -32.16667
v -123 2.057585 -33.33334
v -128 2.057585 -42.66667
v -111.1667 2.057585 -38.83334
v -101.8333 2.057585 -38.83334
v -100.6667 2.057585 -41.16667
v -111.1667 2.057585 -38.83334
v -100.6667 2.057585 -41.16667
v -99.5 2.057585 -41.83334
v -112.5 2.057585 -38.83334
v -120.3333 2.057585 -0.1666679
v -121.1667 2.057585 -0.1666679
v -121.8333 2.057585 0
v -89.33333 2.057585 -33.16667
v -89.33333 2.057585 -32.66667
v -88.83333 2.057585 -32.33334
v -112.5 2.057585 -38.83334
v -99.5 2.057585 -41.83334
v -128 2.057585 -42.66667
v -87.5 2.057585 -14.33333
v -85.5 2.057585 -14.33333
v -89.66666 2.057585 -25.16667
v -88.83333 2.057585 -32.33334
v -87.83333 2.057585 -30.16667
v -87 2.057585 -29.83333
v -89.33333 2.057585 -33.16667
v -88.83333 2.057585 -32.33334
v -87 2.057585 -29.83333
v -85.33333 2.057585 -41.83334
v -97.16666 2.057585 -41.16667
v -96.5 2.057585 -40
v -93.66666 2.057585 -38.16667
v -85.33333 2.057585 -41.83334
v -85.33333 2.057585 -41.83334
v -98.5 2.057585 -41.83334
v -97.16666 2.057585 -41.16667
v -115.8333 2.057585 -37.83334
v -112.8333 2.057585 -38.16667
v -112.5 2.057585 -38.83334
v -128 2.057585 -42.66667
v -85.33333 2.057585 -41.83334
v -93.66666 2.057585 -38.16667
v -91.16666 2.057585 -35.66667
v -85.33333 2.057585 -41.83334
v -91.16666 2.057585 -35.66667
v -89.33333 2.057585 -33.16667
v -85.33333 2.057585 -41.83334
v -87 2.057585 -29.83333
v -86.33333 2.057585 -28
v -117 2.057585 -36.16667
v -116.1667 2.057585 -36.16667
v -116.1667 2.057585 -37.5
v -118.6667 2.057585 -35.5
v -117.3333 2.057585 -35.5
v -117 2.057585 -36.16667
v -119.8333 2.057585 -35.5
v -118.6667 2.057585 -35.5
v -117 2.057585 -36.16667
v -116.1667 2.057585 -37.5
v -99.5 2.057585 -41.83334
v -85.83333 2.057585 -42.66667
v -128 2.057585 -42.66667
v -121.1667 2.057585 -0.1666679
v -121.8333 2.057585 -0.1666679
v -121.8333 2.057585 0
v -110 2.057585 -38
v -110 2.057585 -36.66667
v -107.8333 2.057585 -36.66667
v -110 2.057585 -38
v -107.8333 2.057585 -36.66667
v -107 2.057585 -36.66667
v -101.6667 2.057585 -37.66667
v -101.8333 2.057585 -38.83334
v -111.1667 2.057585 -38.83334
v -107 2.057585 -36.66667
v -100.1667 2.057585 -36.66667
v -101.6667 2.057585 -37.66667
v -97.33333 2.057585 -36.83334
v -96.83333 2.057585 -36.33334
v -96.33333 2.057585 -36.33334
v -95.16666 2.057585 -37.5
v -96.5 2.057585 -38.66667
v -97.5 2.057585 -37.83334
v -95.16666 2.057585 -35.66667
v -95.16666 2.057585 -35.16667
v -94.5 2.057585 -34.33334
v -92.83333 2.057585 -35.33334
v -94 2.057585 -36.83334
v -107.8333 2.057585 -36.66667
v -110 2.057585 -36.66667
v -108.6667 2.057585 -35.83334
v -108.1667 2.057585 -36
v -98.33333 2.057585 -35
v -97 2.057585 -35
v -98.66666 2.057585 -36.5
v -106.1667 2.057585 -34.83334
v -107.3333 2.057585 -34.16667
v -106.5 2.057585 -33.16667
v -106.5 2.057585 -32
v -107.3333 2.057585 -31.33333
v -107.3333 2.057585 -30.33333
v -102.3333 2.057585 -29.5
v -102.3333 2.057585 -30.83333
v -99.83333 2.057585 -33.83334
v -98.66666 2.057585 -34.16667
v -98.33333 2.057585 -35
v -98.66666 2.057585 -36.5
v -100.1667 2.057585 -36.66667
v -107.3333 2.057585 -30.33333
v -108.1667 2.057585 -29.5
v -102.3333 2.057585 -29.5
v -102.3333 2.057585 -30.83333
v -101.6667 2.057585 -31.16667
v -100.8333 2.057585 -33
v -106.1667 2.057585 -35.66667
v -106.1667 2.057585 -34.83334
v -100.8333 2.057585 -33
v -99.83333 2.057585 -33.83334
v -100.1667 2.057585 -36.66667
v -107 2.057585 -36.66667
v -106.1667 2.057585 -35.66667
v -106.1667 2.057585 -34.83334
v -106.5 2.057585 -33.16667
v -106.5 2.057585 -32
v -102.3333 2.057585 -30.83333
v -122 2.057585 -28.83333
v -121.3333 2.474252 -29.5
v -121.6667 2.390918 -29.83333
v -122.6667 2.057585 -22.5
v -122.5 2.057585 -23.66667
v -123.5 2.057585 -24
v -103 2.057585 -16
v -104.3333 2.057585 -15
v -88.5 2.057585 -14.33333
v -123.5 2.057585 -26.83333
v -122.3333 2.057585 -27
v -122 2.057585 -28.83333
v -123 2.057585 -33.33334
v -122 2.057585 -34.5
v -128 2.057585 -42.66667
v -122 2.057585 -28.83333
v -121.6667 2.390918 -29.83333
v -121.6667 2.057585 -31.5
v -123 2.057585 -32.16667
v -124.1667 2.057585 -26.16667
v -123.5 2.057585 -26.83333
v -122 2.057585 -28.83333
v -85.33333 2.057585 -14.33333
v -86.66666 2.057585 -26.5
v -89.66666 2.057585 -25.16667
v -85.5 2.057585 -14.33333
v -124.1667 2.057585 -26.16667
v -122 2.057585 -28.83333
v -123 2.057585 -32.16667
v -92.83333 2.057585 -3.833332
v -116 2.057585 -2
v -117.3333 2.057585 -0.6666679
v -119.8333 2.057585 -35.5
v -116.1667 2.057585 -37.5
v -115.8333 2.057585 -37.83334
v -128 2.057585 -42.66667
v -122 2.057585 -34.5
v -92.83333 2.057585 -3.833332
v -116 2.057585 -3.333332
v -116 2.057585 -2
v -117.3333 2.057585 -35.5
v -118.6667 2.057585 -35.5
v -117.8333 2.057585 -34.5
v -117.3333 2.057585 -34.5
v -92.66666 2.057585 -32
v -90.83333 2.057585 -32.83334
v -92 2.057585 -34.5
v -93.5 2.057585 -33.33334
v -89.83333 2.057585 -31.33333
v -90.5 2.057585 -31.5
v -91.5 2.057585 -30.66667
v -91 2.057585 -29.33333
v -89.16666 2.057585 -30.16667
v -114 2.057585 -30
v -113.5 2.057585 -30
v -114 2.057585 -30.5
v -113.5 2.057585 -30
v -114 2.057585 -30
v -114.1667 2.057585 -29.83333
v -113.6667 2.057585 -29.33333
v -113.6667 2.057585 -29.33333
v -111 2.057585 -29.33333
v -112 2.057585 -30.16667
v -113.5 2.057585 -30
v -110 2.057585 -29.5
v -109.3333 2.057585 -29.5
v -109.8333 2.057585 -29.83333
v -91.66666 2.057585 -28.16667
v -92.66666 2.057585 -29.83333
v -92.66666 2.057585 -29.33333
v -91.66666 2.057585 -28.16667
v -92.66666 2.057585 -29.33333
v -93.33333 2.057585 -29
v -93.83333 2.057585 -27.66667
v -95.16666 2.057585 -26.33333
v -96.33333 2.057585 -26
v -96.66666 2.057585 -25.16667
v -90.5 2.057585 -25.16667
v -91.33333 2.057585 -26
v -91.33333 2.057585 -26
v -91.66666 2.057585 -28.16667
v -93.83333 2.057585 -27.66667
v -95.16666 2.057585 -26.33333
v -109.3333 2.057585 -29.5
v -110 2.057585 -29.5
v -110.5 2.057585 -29.33333
v -108.1667 2.057585 -29.5
v -109.3333 2.057585 -29.5
v -110.5 2.057585 -29.33333
v -102.3333 2.057585 -29.33333
v -102.3333 2.057585 -29.5
v -108.1667 2.057585 -29.5
v -110.5 2.057585 -29.33333
v -101.1667 2.057585 -27.83333
v -101.6667 2.057585 -29
v -102.3333 2.057585 -29.33333
v -110.5 2.057585 -29.33333
v -113.6667 2.057585 -28.33333
v -114.1667 2.057585 -27.83333
v -111 2.057585 -29.33333
v -113.6667 2.057585 -29.33333
v -113.6667 2.057585 -28.33333
v -110.5 2.057585 -29.33333
v -111 2.057585 -29.33333
v -113.6667 2.057585 -28.33333
v -114.1667 2.057585 -27.83333
v -115.3333 2.057585 -27.83333
v -115.1667 2.057585 -26.83333
v -106.3333 2.057585 -26.5
v -100 2.057585 -26.5
v -101.1667 2.057585 -27.83333
v -107 2.057585 -26.5
v -106.3333 2.057585 -26.5
v -101.1667 2.057585 -27.83333
v -114.1667 2.057585 -27.83333
v -115.1667 2.057585 -26.83333
v -115.5 2.057585 -26.5
v -107 2.057585 -26.5
v -115.1667 2.057585 -26.83333
v -107.3333 2.057585 -26.33333
v -107 2.057585 -26.5
v -115.5 2.057585 -26.5
v -115.6667 2.057585 -26.33333
v -106.3333 2.057585 -26.5
v -105.8333 2.057585 -25.83333
v -104.8333 2.057585 -25.83333
v -106.3333 2.057585 -26.5
v -104.8333 2.057585 -25.83333
v -103.8333 2.057585 -25.83333
v -103.8333 2.057585 -25.83333
v -98.66666 2.057585 -25.83333
v -100 2.057585 -26.5
v -106.3333 2.057585 -26.5
v -108.8333 2.057585 -26
v -107.8333 2.057585 -26
v -107.3333 2.057585 -26.33333
v -116.8333 2.057585 -26.33333
v -118.3333 2.057585 -26.33333
v -118.3333 2.057585 -26
v -116.5 2.057585 -26.33333
v -116.8333 2.057585 -26.33333
v -118.3333 2.057585 -26
v -110 2.057585 -26
v -108.8333 2.057585 -26
v -107.3333 2.057585 -26.33333
v -115.6667 2.057585 -26.33333
v -116.5 2.057585 -26.33333
v -118.3333 2.057585 -26
v -110 2.057585 -26
v -107.3333 2.057585 -26.33333
v -115.6667 2.057585 -26.33333
v -118.3333 2.057585 -26
v -120 2.057585 -22.33333
v -120.8333 2.057585 -22.16667
v -121 2.057585 -21.83333
v -111.8333 2.057585 -21.83333
v -111.3333 2.057585 -23.33333
v -111 2.057585 -23.5
v -111.3333 2.057585 -24.83333
v -111.8333 2.057585 -21.83333
v -111.3333 2.057585 -23.33333
v -111.3333 2.057585 -24.83333
v -118.3333 2.057585 -26
v -119.3333 2.057585 -23.16667
v -111.3333 2.057585 -24.83333
v -110 2.057585 -26
v -118.3333 2.057585 -26
v -111.8333 2.057585 -21.83333
v -119.3333 2.057585 -23.16667
v -120 2.057585 -22.33333
v -107.8333 2.057585 -26
v -108.8333 2.057585 -26
v -108.3333 2.057585 -25.5
v -104.8333 2.057585 -25.83333
v -105.8333 2.057585 -25.83333
v -105.5 2.057585 -25.16667
v -103.1667 2.057585 -25.16667
v -98.33333 2.057585 -25.16667
v -98.66666 2.057585 -25.83333
v -103.8333 2.057585 -25.83333
v -102.1667 2.057585 -21.5
v -102.6667 2.057585 -20.83333
v -102 2.057585 -20.5
v -102.8333 2.057585 -24.83333
v -103 2.057585 -23.83333
v -102.1667 2.057585 -22.83333
v -98.33333 2.057585 -25.16667
v -102.1667 2.057585 -22.83333
v -102.1667 2.057585 -21.5
v -102 2.057585 -20.5
v -102.1667 2.057585 -22.83333
v -102 2.057585 -20.5
v -101.8333 2.057585 -19.5
v -96.66666 2.057585 -25.16667
v -98.33333 2.057585 -25.16667
v -85.33333 2.057585 -14.33333
v -86.33333 2.057585 -28
v -86.66666 2.057585 -26.5
v -98.33333 2.057585 -25.16667
v -103.1667 2.057585 -25.16667
v -102.8333 2.057585 -24.83333
v -121.8333 2.057585 -0.1666679
v -121.1667 2.057585 -0.1666679
v -121.6667 2.057585 -0.5
v -92.83333 2.057585 -3.833332
v -116.3333 2.057585 -3.833332
v -116 2.057585 -3.333332
v -127 2.057585 -8.5
v -126.5 2.057585 -9.333332
v -126.1667 2.057585 -11.83333
v -111.3333 2.057585 -16.83333
v -111.1667 2.057585 -17.83333
v -111.8333 2.057585 -18.83333
v -121 2.057585 -21.83333
v -122 2.057585 -34.5
v -120.8333 2.057585 -34.5
v -119.8333 2.057585 -35.5
v -85.33333 2.057585 -14.33333
v -85.33333 2.057585 -41.83334
v -86.33333 2.057585 -28
v -111.8333 2.057585 -18.83333
v -111.8333 2.057585 -21.83333
v -121 2.057585 -21.83333
v -109.5 2.057585 -15.66667
v -108.6667 2.057585 -15.66667
v -109 2.057585 -16.16667
v -108.1667 2.057585 -15
v -108.6667 2.057585 -15.66667
v -109.5 2.057585 -15.66667
v -108.1667 2.057585 -15
v -109.5 2.057585 -15.66667
v -110.1667 2.057585 -15.66667
v -88.5 2.057585 -14.33333
v -87.5 2.057585 -14.33333
v -89.66666 2.057585 -25.16667
v -90.5 2.057585 -25.16667
v -107 2.057585 -15
v -105.3333 2.057585 -15
v -106.1667 2.057585 -15.66667
v -127.1667 2.057585 -7.333332
v -127 2.057585 -8.5
v -128 2.057585 -42.66667
v -117.3333 2.057585 -0.6666679
v -119.1667 2.057585 -0.6666679
v -120.3333 2.057585 -0.1666679
v -92.83333 2.057585 -3.833332
v -94 2.057585 -4.666668
v -97.16666 2.057585 -5
v -116.5 2.057585 -5
v -116.3333 2.057585 -3.833332
v -101.8333 2.057585 -19.5
v -103.1667 2.057585 -17.33333
v -103 2.057585 -16
v -88.5 2.057585 -14.33333
v -90.5 2.057585 -25.16667
v -96.66666 2.057585 -25.16667
v -88.5 2.057585 -14.33333
v -104.3333 2.057585 -15
v -105.3333 2.057585 -15
v -88.5 2.057585 -14.33333
v -105.3333 2.057585 -15
v -107 2.057585 -15
v -88.5 2.057585 -14.33333
v -107 2.057585 -15
v -108.1667 2.057585 -15
v -94 2.057585 -4.666668
v -96.33333 2.057585 -5
v -97.16666 2.057585 -5
v -94 2.057585 -4.666668
v -94 2.057585 -5
v -96.33333 2.057585 -5
v -116.5 2.057585 -5
v -97.16666 2.057585 -5
v -98 2.057585 -6
v -116.8333 2.057585 -5.5
v -85.5 2.057585 -14.33333
v -87.5 2.057585 -14.33333
v -86.66666 2.057585 -13.33333
v -86.33333 2.057585 -13.33333
v -90 2.057585 -13.66667
v -88.5 2.057585 -14.33333
v -108.1667 2.057585 -15
v -123.8333 2.057585 -13.66667
v -124.8333 2.057585 -13.66667
v -123.8333 2.057585 -13.66667
v -121.6667 2.057585 -21.83333
v -122.6667 2.057585 -22.5
v -108.1667 2.057585 -15
v -110.1667 2.057585 -15.66667
v -123.8333 2.057585 -13.66667
v -128 2.057585 0
v -124.3333 2.057585 0
v -125.6667 2.057585 -2.5
v -111.3333 2.057585 -16.83333
v -121 2.057585 -21.83333
v -121.6667 2.057585 -21.83333
v -123.8333 2.057585 -13.66667
v -110.1667 2.057585 -15.66667
v -125.6667 2.057585 -2.5
v -126.3333 2.057585 -5
v -127.1667 2.057585 -5.666668
v -128 2.057585 0
v -118.8333 2.057585 -6
v -118.1667 2.057585 -5.5
v -116.8333 2.057585 -5.5
v -98 2.057585 -6
v -91.33333 2.057585 -13.33333
v -90.16666 2.057585 -13.33333
v -90 2.057585 -13.66667
v -92.5 2.057585 -13.33333
v -91.33333 2.057585 -13.33333
v -90 2.057585 -13.66667
v -92.5 2.057585 -13.33333
v -90 2.057585 -13.66667
v -123.8333 2.057585 -13.66667
v -123.5 2.057585 -13.33333
v -93.83333 2.057585 -12.83333
v -93 2.057585 -12.83333
v -92.5 2.057585 -13.33333
v -95.16666 2.057585 -12.83333
v -93.83333 2.057585 -12.83333
v -92.5 2.057585 -13.33333
v -95.16666 2.057585 -12.83333
v -92.5 2.057585 -13.33333
v -123.5 2.057585 -13.33333
v -122.5 2.057585 -12.83333
v -90.16666 2.057585 -13.33333
v -91.33333 2.057585 -13.33333
v -90.66666 2.057585 -12.33333
v -90 2.057585 -12.33333
v -97 2.057585 -12.33333
v -95.66666 2.057585 -12.16667
v -95.16666 2.057585 -12.83333
v -97 2.057585 -12.33333
v -95.16666 2.057585 -12.83333
v -122.5 2.057585 -12.83333
v -122.5 2.057585 -12.33333
v -93 2.057585 -12.83333
v -93.83333 2.057585 -12.83333
v -93.5 2.057585 -12.5
v -93 2.057585 -12.5
v -123 2.057585 -7
v -123.6667 2.057585 -6.166668
v -122.1667 2.057585 -6
v -120.8333 2.057585 -6
v -98 2.057585 -6.833332
v -97.16666 2.057585 -7.666668
v -98.16666 2.057585 -8.333332
v -98.33333 2.057585 -9.666668
v -97.83333 2.057585 -10
v -97.83333 2.057585 -11.5
v -118.8333 2.057585 -6
v -98 2.057585 -6
v -98 2.057585 -6.833332
v -98.16666 2.057585 -8.333332
v -98.33333 2.057585 -9.666668
v -118.8333 2.057585 -6
v -122.8333 2.057585 -11.83333
v -123.3333 2.057585 -11.83333
v -123 2.057585 -7
v -122.5 2.057585 -12.33333
v -122.8333 2.057585 -11.83333
v -123 2.057585 -7
v -118.8333 2.057585 -6
v -97.83333 2.057585 -11.5
v -97 2.057585 -12.33333
v -123 2.057585 -7
v -120.8333 2.057585 -6
v -118.8333 2.057585 -6
v -87 2.057585 -8
v -88 2.057585 -7.333332
v -87.83333 2.057585 -6
v -85.33333 2.057585 -9.666668
v -87.33333 2.057585 -9.333332
v -87 2.057585 -8
v -126.1667 2.057585 -11.83333
v -124.1667 2.057585 -24.66667
v -124.1667 2.057585 -26.16667
v -128 2.057585 -42.66667
v -127 2.057585 -8.5
v -125.8333 2.057585 -12.66667
v -124.8333 2.057585 -13.66667
v -122.6667 2.057585 -22.5
v -128 2.057585 0
v -127.1667 2.057585 -5.666668
v -127.1667 2.057585 -7.333332
v -128 2.057585 -42.66667
v -94 2.057585 -5
v -94 2.057585 -5.666668
v -94.83333 2.057585 -5.666668
v -96.33333 2.057585 -5
v -94 2.057585 -5
v -94.83333 2.057585 -5.666668
v -95.66666 2.057585 -6.166668
v -120.8333 2.057585 -6
v -122.1667 2.057585 -6
v -121.6667 2.057585 -5.333332
v -127.1667 2.057585 -7.333332
v -126.8333 2.057585 -7.5
v -127 2.057585 -8.5
v -122.6667 2.057585 -22.5
v -123.5 2.057585 -24
v -124.1667 2.057585 -24.66667
v -126.1667 2.057585 -11.83333
v -125.8333 2.057585 -12.66667
v -88.5 2.057585 -5.333332
v -90.83333 2.057585 -4.833332
v -91.33333 2.057585 -3.833332
v -85.33333 2.057585 0
v -85.33333 2.057585 -9.666668
v -87 2.057585 -8
v -87.83333 2.057585 -6
v -85.33333 2.057585 0
v -120.3333 2.057585 -0.1666679
v -121.8333 2.057585 0
v -85.33333 2.057585 0
v -85.33333 2.057585 0
v -87.83333 2.057585 -6
v -88.5 2.057585 -5.333332
v -85.33333 2.057585 0
v -91.33333 2.057585 -3.833332
v -92.83333 2.057585 -3.833332
v -117.3333 2.057585 -0.6666679
v -120.3333 2.057585 -0.1666679
v -79.66667 2.057585 -42.66667
v -81 2.057585 -42.66667
v -80.5 2.057585 -42
v -79.66667 2.057585 -42
v -43.5 2.057585 -40.66667
v -42.66667 2.057585 -41.83334
v -42.66667 2.057585 -42.66667
v -74.66667 2.057585 -42.66667
v -62.5 2.057585 -40.66667
v -74.66667 2.057585 -42.66667
v -73.83334 2.057585 -40.66667
v -66 2.057585 -40.66667
v -74.66667 2.057585 -42.66667
v -66 2.057585 -40.66667
v -65.33334 2.057585 -40.66667
v -74.66667 2.057585 -42.66667
v -65.33334 2.057585 -40.66667
v -63.33334 2.057585 -40.66667
v -74.66667 2.057585 -42.66667
v -63.33334 2.057585 -40.66667
v -62.5 2.057585 -40.66667
v -43.66667 3.890918 0
v -43.5 3.890918 0
v -43.33334 3.890918 -0.1666679
v -83.66667 2.057585 -40
v -83.83334 2.057585 -41
v -85.33334 2.057585 -41.83334
v -43.5 3.890918 0
v -43.33334 3.807585 0
v -43.33334 3.890918 -0.1666679
v -67.83334 2.057585 -37.83334
v -67.33334 2.057585 -38.33334
v -67.5 2.057585 -39.5
v -74 2.057585 -40
v -75.16667 2.057585 -38.66667
v -75.16667 2.057585 -38.66667
v -76.66667 2.057585 -38.66667
v -78.33334 2.057585 -37.83334
v -67.83334 2.057585 -37.83334
v -67.5 2.057585 -39.5
v -66 2.057585 -40.66667
v -73.83334 2.057585 -40.66667
v -74 2.057585 -40
v -63.33334 2.057585 -40.66667
v -65.33334 2.057585 -40.66667
v -64.5 2.057585 -40
v -62.5 2.057585 -40.66667
v -61.66667 2.057585 -39.83334
v -61.16667 2.057585 -39.83334
v -62.5 2.057585 -40.66667
v -61.16667 2.057585 -39.83334
v -60.16667 2.057585 -39.83334
v -60.16667 2.057585 -39.83334
v -44 2.057585 -39.83334
v -43.5 2.057585 -40.66667
v -62.5 2.057585 -40.66667
v -61.16667 2.057585 -39.83334
v -61.66667 2.057585 -39.83334
v -61.66667 2.057585 -39.33334
v -59.16667 2.057585 -32.16667
v -59.5 2.057585 -32
v -59.16667 2.057585 -30.83333
v -58.5 2.057585 -34
v -59.16667 2.057585 -32.83334
v -59.16667 2.057585 -32.16667
v -45.5 2.057585 -38.33334
v -44.66667 2.057585 -38.66667
v -44 2.057585 -39.83334
v -60.16667 2.057585 -39.83334
v -59.16667 2.057585 -38.83334
v -58.5 2.057585 -34
v -59.16667 2.057585 -32.16667
v -59.16667 2.057585 -30.83333
v -46 2.057585 -34.16667
v -46.66667 2.057585 -35.33334
v -46 2.057585 -34.16667
v -59.16667 2.057585 -30.83333
v -60.66667 2.057585 -29.5
v -46.66667 2.057585 -36.16667
v -45.5 2.057585 -38.33334
v -59.16667 2.057585 -38.83334
v -58.5 2.057585 -34
v -46.66667 2.057585 -35.33334
v -46.66667 2.057585 -36.16667
v -58.5 2.057585 -34
v -79.5 2.057585 -37.83334
v -78.83334 2.057585 -37.83334
v -79.33334 2.057585 -38.16667
v -78.83334 2.057585 -37.83334
v -79.5 2.057585 -37.83334
v -80 2.057585 -37
v -78.33334 2.057585 -37.83334
v -78.83334 2.057585 -37.83334
v -80 2.057585 -37
v -68.16667 2.057585 -37
v -67.83334 2.057585 -37.83334
v -78.33334 2.057585 -37.83334
v -80 2.057585 -37
v -68.33334 2.057585 -34.16667
v -67.83334 2.057585 -34.66667
v -68.5 2.057585 -35.16667
v -67.66667 2.057585 -30.83333
v -67.66667 2.057585 -31.83333
v -68.33334 2.057585 -32.83334
v -80 2.057585 -37
v -68.33334 2.057585 -32.83334
v -68.33334 2.057585 -34.16667
v -68.5 2.057585 -35.16667
v -68.33334 2.057585 -32.83334
v -68.5 2.057585 -35.16667
v -68.66667 2.057585 -36.16667
v -80 2.057585 -37
v -47.5 2.057585 0
v -47.5 2.057585 -0.3333321
v -72.33334 2.057585 -0.3333321
v -85.33334 2.057585 0
v -70.83334 2.057585 -21.66667
v -64.16667 2.057585 -29.16667
v -66.66667 2.057585 -29.83333
v -68.66667 2.057585 -36.16667
v -68.16667 2.057585 -37
v -80 2.057585 -37
v -65.66667 2.057585 -29.83333
v -64.83334 2.057585 -29.83333
v -65.16667 2.057585 -30.33333
v -62.66667 2.057585 -29.5
v -61.33334 2.057585 -29.5
v -62.33334 2.057585 -30
v -64.16667 2.057585 -29.16667
v -64.83334 2.057585 -29.83333
v -65.66667 2.057585 -29.83333
v -64.16667 2.057585 -29.16667
v -65.66667 2.057585 -29.83333
v -66.66667 2.057585 -29.83333
v -72.33334 2.057585 -0.3333321
v -73.33334 2.057585 -0.3333321
v -85.33334 2.057585 0
v -61.33334 2.057585 -29.5
v -62.66667 2.057585 -29.5
v -63.5 2.057585 -29.16667
v -60.66667 2.057585 -29.5
v -61.33334 2.057585 -29.5
v -63.5 2.057585 -29.16667
v -44.16667 2.057585 -14.83333
v -46 2.057585 -34.16667
v -60.66667 2.057585 -29.5
v -67.16667 2.057585 -18.66667
v -69.5 2.057585 -4.166668
v -47 2.057585 -4.166668
v -44 3.890918 0
v -43.66667 3.890918 0
v -43.33334 3.890918 -0.1666679
v -43.5 3.890918 -0.6666679
v -73 2.057585 -19
v -72 2.057585 -21
v -67.66667 2.057585 -30.83333
v -80 2.057585 -37
v -81.16667 2.057585 -37
v -64.16667 2.057585 -29.16667
v -70.83334 2.057585 -21.66667
v -70.16667 2.057585 -21.66667
v -63.5 2.057585 -29.16667
v -74 2.057585 -14.5
v -73.5 2.057585 -15.16667
v -73.5 2.057585 -16.33333
v -73.5 2.057585 -16.33333
v -72.66667 2.057585 -18.16667
v -73 2.057585 -19
v -74 2.057585 -14.5
v -73.5 2.057585 -16.33333
v -73 2.057585 -19
v -84.33334 2.057585 -14.5
v -60.66667 2.057585 -29.5
v -63.5 2.057585 -29.16667
v -70.16667 2.057585 -21.66667
v -85.33334 2.057585 0
v -73.33334 2.057585 -0.3333321
v -74.33334 2.057585 -1.333332
v -43.16667 2.057585 -13.66667
v -43.16667 2.390918 -14.16667
v -44.16667 2.057585 -14.5
v -67.83334 2.057585 -17.33333
v -68.5 2.057585 -16.83333
v -69.33334 2.057585 -14.83333
v -70.16667 2.057585 -11
v -46.66667 2.140918 -4.166668
v -45.5 2.057585 -4.166668
v -43.66667 2.057585 -4.333332
v -47 2.057585 -4.166668
v -46.66667 2.140918 -4.166668
v -43.66667 2.057585 -4.333332
v -42.66667 2.057585 -8.833332
v -43.16667 2.057585 -13.66667
v -44.16667 2.057585 -14.5
v -44.16667 2.057585 -14.83333
v -42.66667 2.057585 -17.5
v -42.66667 2.057585 -17.83333
v -42.66667 2.057585 -8.833332
v -42.66667 2.057585 -13.33333
v -43.16667 2.057585 -13.66667
v -73 2.057585 -19
v -81.16667 2.057585 -37
v -82.5 2.057585 -37.83334
v -70.83334 2.057585 -21.66667
v -66.66667 2.057585 -29.83333
v -67.66667 2.057585 -30.83333
v -72 2.057585 -21
v -47 2.057585 -4.166668
v -44.16667 2.057585 -14.5
v -44.16667 2.057585 -14.83333
v -70.16667 2.057585 -11
v -70.16667 2.057585 -5
v -69.5 2.057585 -4.166668
v -82.5 2.057585 -37.83334
v -83.66667 2.057585 -40
v -85.33334 2.057585 -41.83334
v -85.33334 2.057585 -14.33333
v -84.33334 2.057585 -14.5
v -73 2.057585 -19
v -67.16667 2.057585 -18.66667
v -67.83334 2.057585 -17.33333
v -70.16667 2.057585 -11
v -82.5 2.057585 -37.83334
v -82.83334 2.057585 -39
v -83.66667 2.057585 -40
v -44.16667 2.057585 -14.83333
v -44.16667 2.057585 -14.5
v -43.16667 2.390918 -14.16667
v -42.66667 2.557585 -14.5
v -42.66667 2.057585 -17.5
v -83.33334 2.057585 -13.66667
v -83.33334 2.057585 -13
v -82.66667 2.057585 -13
v -74 2.057585 -14.5
v -82.33334 2.057585 -10.66667
v -83.5 2.057585 -9.833332
v -74.66667 2.057585 -9.833332
v -82 2.057585 -12.33333
v -82.33334 2.057585 -10.66667
v -74.66667 2.057585 -9.833332
v -82 2.057585 -12.33333
v -74.66667 2.057585 -9.833332
v -74 2.057585 -14.5
v -82.66667 2.057585 -13
v -74 2.057585 -14.5
v -84.33334 2.057585 -14.5
v -83.33334 2.057585 -13.66667
v -84 2.057585 -9.833332
v -84.5 2.057585 -9.833332
v -85.33334 2.057585 -9.666668
v -83.5 2.057585 -9.833332
v -84 2.057585 -9.833332
v -85.33334 2.057585 -9.666668
v -42.66667 2.057585 -17.83333
v -42.66667 2.057585 -33.33334
v -46 2.057585 -34.16667
v -44.16667 2.057585 -14.83333
v -67.16667 2.057585 -18.66667
v -70.16667 2.057585 -11
v -69.5 2.057585 -4.166668
v -74.66667 2.057585 -5.666668
v -74.66667 2.057585 -9.833332
v -83.5 2.057585 -9.833332
v -60.66667 2.057585 -29.5
v -67.16667 2.057585 -19.83333
v -67.16667 2.057585 -18.66667
v -69.33334 2.057585 -1.333332
v -72.33334 2.057585 -0.3333321
v -47.5 2.057585 -0.3333321
v -69.16667 2.057585 -3
v -69.33334 2.057585 -1.333332
v -47.5 2.057585 -0.3333321
v -47 2.057585 -4.166668
v -69.5 2.057585 -4.166668
v -69.16667 2.057585 -3
v -47.5 2.057585 -0.3333321
v -43.5 3.890918 -0.6666679
v -43.33334 3.890918 -0.1666679
v -43.16667 3.890918 -1.166668
v -43.5 3.890918 -0.6666679
v -43.16667 3.890918 -1.166668
v -43.66667 3.890918 -1.166668
v -44 3.890918 0
v -43.66667 3.890918 -2.166668
v -43.33334 3.890918 -2.833332
v -43.83334 3.474252 -3.166668
v -47.5 2.057585 -0.3333321
v -47.5 2.057585 0
v -44 3.890918 0
v -45.33334 2.974252 -3.166668
v -47 2.057585 -4.166668
v -45.66667 2.640918 -4
v -46.66667 2.140918 -4.166668
v -47 2.057585 -4.166668
v -45.33334 2.974252 -3.166668
v -43.66667 3.890918 -2.166668
v -43.83334 3.474252 -3.166668
v -45.33334 2.974252 -3.166668
v -44 3.890918 0
v -43.66667 3.890918 -1.166668
v -45.66667 2.640918 -4
v -45.5 2.057585 -4.166668
v -46.66667 2.140918 -4.166668
v -43.33334 3.890918 -2.333332
v -43.16667 3.890918 -2.833332
v -43.33334 3.890918 -2.833332
v -43.66667 3.890918 -2.166668
v -85.33334 2.057585 0
v -74.33334 2.057585 -1.333332
v -74.66667 2.057585 -2.666668
v -74.66667 2.057585 -2.666668
v -74.33334 2.057585 -4.333332
v -74.66667 2.057585 -5.666668
v -83.5 2.057585 -9.833332
v -85.33334 2.057585 -9.666668
v -85.33334 2.057585 0
v -43 3.890918 -2.333332
v -43.33334 3.890918 -2.333332
v -43.66667 3.890918 -2.166668
v -43 3.890918 -2.333332
v -43 3.890918 -2.833332
v -43.16667 3.890918 -2.833332
v -43.33334 3.890918 -2.333332
v -60.66667 2.057585 -29.5
v -70.16667 2.057585 -21.66667
v -67.16667 2.057585 -19.83333
v -42.66667 3.724252 -2.833332
v -43 3.890918 -2.833332
v -43 3.890918 -2.333332
v -43.33334 3.890918 -0.1666679
v -43.33334 3.807585 0
v -42.66667 3.724252 0
v -43.16667 3.890918 -1.166668
v -43.66667 3.890918 -2.166668
v -43.66667 3.890918 -1.166668
v -43.16667 3.890918 -1.166668
v -43 3.890918 -2.333332
v -42.66667 3.724252 -2.833332
v -43 3.890918 -2.333332
v -43.16667 3.890918 -1.166668
v -42.66667 3.724252 0
v -42.66667 2.057585 -41.83334
v -42 2.057585 -42.66667
v -42.66667 2.057585 -42.66667
v -42.66667 2.057585 -17.83333
v -42.5 2.057585 -17.83333
v -42 2.057585 -19.5
v -42.66667 2.057585 -33.33334
v -39.66667 2.057585 -38
v -40.33334 2.057585 -37.5
v -40.33334 2.057585 -36.33334
v -39.5 2.057585 -24.66667
v -39.16667 2.057585 -24.66667
v -38.66667 2.057585 -26.33333
v -41.33334 2.057585 -34.33334
v -42.66667 2.057585 -33.33334
v -42 2.057585 -19.5
v -41 2.057585 -20.83333
v -41 2.057585 -21.5
v -41 2.057585 -21.5
v -39.66667 2.224252 -23.66667
v -39.5 2.057585 -24.66667
v -23 2.057585 -39.66667
v -20.33333 2.057585 -41.66667
v -21 2.057585 -42.66667
v -42 2.057585 -19.5
v -41 2.057585 -21.5
v -39.5 2.057585 -24.66667
v -42.66667 2.057585 -33.33334
v -36 2.057585 -42.66667
v -37.33334 2.057585 -41.5
v -39.66667 2.057585 -38
v -40.33334 2.057585 -36.33334
v -29 2.057585 -33.66667
v -23 2.057585 -39.66667
v -21 2.057585 -42.66667
v -36 2.057585 -42.66667
v -36 2.057585 -42.66667
v -40.33334 2.057585 -36.33334
v -41.33334 2.057585 -34.33334
v -38.66667 2.057585 -26.33333
v -38.16667 2.057585 -26.5
v -29 2.057585 -33.66667
v -38.16667 2.057585 -26.5
v -34.33334 2.057585 -26.5
v -29 2.057585 -33.66667
v -19.5 3.474252 -42.66667
v -19.33333 3.724252 -42.33334
v -19 3.890918 -42.33334
v -19 3.890918 -42.33334
v -18.33333 3.890918 -42.16667
v -18.33333 3.890918 -42.66667
v -19.5 3.474252 -42.66667
v -18.16667 3.890918 -42.66667
v -18.33333 3.890918 -42.66667
v -18.33333 3.890918 -42.16667
v -18.33333 3.890918 -42.16667
v -19 3.890918 -42.33334
v -19 3.890918 -42.16667
v -17.83333 3.724252 -41
v -38.33334 3.724252 -12.33333
v -40.33334 3.724252 -7.166668
v -41 3.724252 -3.166668
v -18.16667 3.890918 -42.66667
v -18.33333 3.890918 -42.16667
v -17.83333 3.724252 -41
v 0 3.724252 -42.66667
v -30 3.724252 -28
v -31.66667 3.724252 -25.5
v -31.83333 3.724252 -24.5
v -17.83333 3.724252 -40.16667
v -23.33333 3.724252 -35.66667
v -26.33333 3.724252 -32.33334
v -26.33333 3.724252 -32.33334
v -26.66667 3.724252 -32.33334
v -30 3.724252 -28
v 0 3.724252 -42.66667
v -17.83333 3.724252 -41
v -17.83333 3.724252 -40.16667
v -19 3.890918 -42.16667
v -19 3.890918 -42.33334
v -19.33333 3.724252 -42.33334
v -37.83334 2.307585 -26.33333
v -38.16667 2.057585 -26.5
v -38.66667 2.057585 -26.33333
v -37.33334 2.640918 -25.5
v -37.33334 2.557585 -26
v -41 2.057585 -20.83333
v -42 2.057585 -19.5
v -42.5 2.057585 -17.83333
v -38.5 3.890918 -17.83333
v -36.5 3.890918 -22
v -35.83334 3.890918 -22.33333
v -35.83334 3.890918 -22.83333
v -39.16667 2.057585 -24.66667
v -39.5 2.057585 -24.66667
v -39.66667 2.224252 -23.66667
v -35.83334 3.890918 -22.83333
v -35.16667 3.890918 -23.83333
v -35.33334 3.890918 -24
v -38.5 3.890918 -17.83333
v -38.33334 3.890918 -18
v -36.83334 3.890918 -21.16667
v -36.5 3.890918 -22
v -39.66667 2.224252 -23.66667
v -41 2.057585 -20.83333
v -35.33334 3.890918 -24
v -35.66667 3.474252 -24.66667
v -36.83334 3.057585 -25
v -37.33334 2.640918 -25.5
v -38.66667 2.057585 -26.33333
v -39.16667 2.057585 -24.66667
v -36.83334 3.057585 -25
v -36.5 3.890918 -22
v -35.83334 3.890918 -22.83333
v -35.33334 3.890918 -24
v -36.83334 3.057585 -25
v -39.16667 2.057585 -24.66667
v -39.66667 2.224252 -23.66667
v -39.66667 2.224252 -23.66667
v -41 2.057585 -21.5
v -41 2.057585 -20.83333
v -38.16667 2.057585 -26.5
v -37.83334 2.307585 -26.33333
v -37 2.057585 -26.33333
v -38.16667 2.057585 -26.5
v -37 2.057585 -26.33333
v -36.5 2.057585 -26.33333
v -36.5 2.057585 -26.33333
v -34.5 2.057585 -26.33333
v -34.33334 2.057585 -26.5
v -38.16667 2.057585 -26.5
v -37.33334 2.557585 -26
v -37 2.057585 -26.33333
v -37.83334 2.307585 -26.33333
v -34.5 2.057585 -26.33333
v -36.5 2.057585 -26.33333
v -35.16667 2.057585 -25.5
v -34.83334 2.057585 -25.5
v -35.83334 3.890918 -22.83333
v -33.66667 3.724252 -22.83333
v -35.16667 3.890918 -23.83333
v -35.83334 3.890918 -22.83333
v -35.83334 3.890918 -22.33333
v -35.66667 3.890918 -22.16667
v -33.66667 3.724252 -22.83333
v -36.5 3.890918 -22
v -36.83334 3.890918 -21.16667
v -36.5 3.890918 -21.16667
v -36.5 3.890918 -22
v -36.5 3.890918 -21.16667
v -36.33334 3.890918 -21.16667
v -35.66667 3.890918 -22.16667
v -35.83334 3.890918 -22.33333
v -33.16667 3.724252 -22.83333
v -33.66667 3.724252 -22.83333
v -35.66667 3.890918 -22.16667
v -41.5 3.724252 -2.666668
v -42.66667 3.724252 -2.833332
v -42.66667 3.724252 0
v -37 3.890918 -19.66667
v -37.33334 3.890918 -20
v -37.66667 3.890918 -19.83333
v -37.66667 3.890918 -19.16667
v -38.33334 3.807585 -16.66667
v -39.16667 3.890918 -16.5
v -39.33334 3.890918 -15.16667
v -38.66667 3.724252 -13.5
v -38.33334 3.724252 -13.16667
v -37.66667 3.890918 -19.16667
v -38.33334 3.890918 -18
v -37.83334 3.890918 -18.16667
v -37 3.890918 -19.66667
v -38 3.890918 -17.66667
v -38.66667 3.890918 -17.5
v -38.33334 3.807585 -16.66667
v -36.83334 3.890918 -21.16667
v -37.33334 3.890918 -20
v -37 3.890918 -20
v -36.5 3.890918 -21.16667
v -42.66667 2.057585 -8.833332
v -41.33334 2.057585 -12.66667
v -42.66667 2.057585 -13.33333
v -39.16667 3.890918 -16.5
v -39.5 3.890918 -15.33333
v -39.33334 3.890918 -15.16667
v -36.33334 3.890918 -21.16667
v -36.5 3.890918 -21.16667
v -37 3.890918 -20
v -37 3.890918 -19.66667
v -39.33334 3.890918 -15.16667
v -39.5 3.890918 -15.33333
v -40 3.890918 -14.5
v -39.83334 3.890918 -13.83333
v -38.66667 3.724252 -13.5
v -40.83334 3.474252 -13.66667
v -40 3.890918 -14.5
v -39.5 3.890918 -15.83333
v -37 3.890918 -19.66667
v -38 3.890918 -17.66667
v -38.33334 3.807585 -16.66667
v -38.33334 3.724252 -13.16667
v -37 3.890918 -19.66667
v -37.83334 3.890918 -18.16667
v -38 3.890918 -17.66667
v -31.83333 3.724252 -24.5
v -33.16667 3.724252 -22.83333
v -38.33334 3.724252 -12.33333
v -37.33334 3.890918 -20
v -37 3.890918 -19.66667
v -37 3.890918 -20
v -42.5 2.057585 -17.83333
v -42.66667 2.057585 -17.83333
v -42.66667 2.057585 -17.5
v -37.83334 3.807585 -17.83333
v -37.83334 3.890918 -18.16667
v -38.33334 3.890918 -18
v -38.5 3.890918 -17.83333
v -38.66667 3.890918 -17.5
v -42.5 2.057585 -17.83333
v -42.66667 2.057585 -17.5
v -42.66667 2.557585 -14.5
v -40.83334 3.474252 -13.66667
v -39.5 3.890918 -15.83333
v -38.66667 3.890918 -17.5
v -38.5 3.890918 -17.83333
v -42.5 2.057585 -17.83333
v -38.66667 3.890918 -17.5
v -39 3.890918 -16.66667
v -38.33334 3.807585 -16.66667
v -38.66667 3.890918 -17.5
v -40.83334 3.474252 -13.66667
v -39.83334 3.890918 -13.83333
v -40 3.890918 -14.5
v -39.5 3.890918 -15.83333
v -39 3.890918 -16.66667
v -38.66667 3.890918 -17.5
v -35.66667 3.890918 -22.16667
v -36.33334 3.890918 -21.16667
v -37 3.890918 -19.66667
v -38.33334 3.724252 -13.16667
v -38.33334 3.724252 -12.33333
v -33.16667 3.724252 -22.83333
v -41 3.724252 -3.166668
v -41.5 3.724252 -2.666668
v -42.66667 3.724252 0
v 0 3.724252 0
v -31.83333 3.724252 -24.5
v -38.33334 3.724252 -12.33333
v -41 3.724252 -3.166668
v 0 3.724252 0
v 0 3.724252 -42.66667
v -17.83333 3.724252 -40.16667
v 17.5 3.724252 -41
v 18.16667 3.724252 -41
v 18 3.724252 -42.66667
v 16.83333 3.724252 -41
v 17.5 3.724252 -41
v 18 3.724252 -42.66667
v 42.66667 2.057585 0
v 40.66667 2.057585 -1.333332
v 36.66667 2.057585 -1.333332
v 32.16667 2.057585 -34.83334
v 33.16667 2.057585 -35.5
v 33 2.057585 -37.16667
v 30.83333 2.057585 -37.66667
v 24.83333 2.057585 -36.83334
v 24.33333 2.057585 -36.33334
v 25 2.057585 -34.33334
v 25.66667 2.057585 -39.33334
v 24.66667 2.057585 -38.33334
v 24.83333 2.057585 -36.83334
v 30.16667 2.057585 -40.16667
v 25.66667 2.057585 -42.33334
v 25.66667 2.057585 -39.33334
v 30.16667 2.057585 -38.5
v 35.5 2.057585 -30.16667
v 33.66667 2.057585 -32.33334
v 32.83334 2.057585 -32.33334
v 25 2.057585 -30.16667
v 32.16667 2.057585 -34.83334
v 30.83333 2.057585 -37.66667
v 30.16667 2.057585 -38.5
v 25.66667 2.057585 -39.33334
v 24.83333 2.057585 -36.83334
v 25 2.057585 -34.33334
v 32.33334 2.057585 -32.83334
v 32.16667 2.057585 -34.83334
v 30.16667 2.057585 -38.5
v 30.16667 2.057585 -40.16667
v 33.5 2.057585 -42.66667
v 25.33333 2.057585 -42.66667
v 25.66667 2.057585 -42.33334
v 32.33334 2.057585 -32.83334
v 25 2.057585 -34.33334
v 25 2.057585 -30.16667
v 32.83334 2.057585 -32.33334
v 15.66667 3.724252 -38
v 15.66667 3.724252 -39
v 0 3.724252 -42.66667
v 39 2.057585 -41.83334
v 38.5 2.057585 -41.83334
v 38.16667 2.057585 -41.5
v 39.66667 2.057585 -41.83334
v 39 2.057585 -41.83334
v 38.16667 2.057585 -41.5
v 42.66667 2.057585 -42.66667
v 40.66667 2.057585 -42.66667
v 39.66667 2.057585 -41.83334
v 39.66667 2.057585 -39.16667
v 40.66667 2.057585 -36.5
v 42.66667 2.057585 -32.16667
v 37.33334 2.057585 -41.5
v 37 2.057585 -41.5
v 36.83334 2.057585 -41.33334
v 37.33334 2.057585 -41.5
v 36.83334 2.057585 -41.33334
v 38.16667 2.057585 -41
v 38.16667 2.057585 -41.5
v 16.33333 3.724252 -40.5
v 16.83333 3.724252 -41
v 18 3.724252 -42.66667
v 0 3.724252 -42.66667
v 15.66667 3.724252 -39
v 16.33333 3.724252 -39.66667
v 16.33333 3.724252 -40.5
v 0 3.724252 -42.66667
v 40.66667 2.057585 -36.5
v 40.33334 2.057585 -35.5
v 40.83334 2.057585 -35.16667
v 38.66667 2.057585 -40.33334
v 38.66667 2.057585 -39.66667
v 39.66667 2.057585 -39.16667
v 40.66667 2.057585 -36.5
v 40.83334 2.057585 -35.16667
v 42.66667 2.057585 -32.16667
v 39.66667 2.057585 -39.16667
v 39.83334 2.057585 -37.5
v 40.66667 2.057585 -36.5
v 40.83334 2.057585 -35.16667
v 40.83334 2.057585 -33.66667
v 42.66667 2.057585 -32.16667
v 17.83333 3.724252 -28.5
v 18.16667 3.724252 -28.5
v 18.16667 3.724252 -29.83333
v 0 3.724252 0
v 16 3.724252 -14.33333
v 16 3.724252 -15.33333
v 17.83333 3.724252 -28.5
v 18.16667 3.724252 -29.83333
v 17.5 3.724252 -30.16667
v 17 3.724252 -28.5
v 26.5 2.057585 -1.333332
v 26.33333 2.057585 -0.3333321
v 27.66667 2.057585 0
v 42.66667 2.057585 0
v 36.66667 2.057585 -1.333332
v 17.5 3.724252 -31.5
v 19 3.724252 -32
v 17.16667 3.724252 -33.66667
v 17 3.724252 -34.66667
v 17.83333 3.724252 -35.66667
v 17 3.724252 -37
v 15.66667 3.724252 -38
v 17 3.724252 -28.5
v 17.5 3.724252 -30.16667
v 17.5 3.724252 -31.5
v 17.5 3.724252 -31.5
v 17.16667 3.724252 -33.66667
v 17 3.724252 -34.66667
v 16 3.724252 -15.33333
v 16 3.724252 -25.5
v 15.66667 3.724252 -38
v 0 3.724252 -42.66667
v 0 3.724252 0
v 19.33333 3.724252 -3
v 18.16667 4.057585 -3
v 18.66667 3.724252 -2.166668
v 19.33333 3.724252 -1.666668
v 20 3.724252 -1.833332
v 19.83333 3.724252 -2.666668
v 18.16667 3.724252 -41
v 17.5 3.724252 -41
v 18.33333 3.724252 -40.33334
v 18.33333 3.724252 -40.33334
v 18.5 3.724252 -39.66667
v 18.83333 3.724252 -39.66667
v 18.16667 3.724252 -41
v 18.33333 3.724252 -40.33334
v 18.83333 3.724252 -39.66667
v 38.66667 2.057585 -30.16667
v 39.66667 2.057585 -30.16667
v 39.16667 2.057585 -30.83333
v 36.66667 2.057585 -30.16667
v 37.66667 2.057585 -30.16667
v 37 2.057585 -30.66667
v 40.16667 2.057585 -29.16667
v 40 2.057585 -30
v 39.66667 2.057585 -30.16667
v 38.66667 2.057585 -30.16667
v 41.16667 2.057585 -27.83333
v 41 2.057585 -28.5
v 40.16667 2.057585 -29.16667
v 36.66667 2.057585 -30.16667
v 35.5 2.057585 -30.16667
v 25.16667 2.057585 -13
v 24.66667 2.057585 -12.66667
v 25.16667 2.057585 -11.33333
v 16 3.724252 -25.5
v 16 3.724252 -26.66667
v 15.66667 3.724252 -38
v 40.16667 2.057585 -29.16667
v 38.66667 2.057585 -30.16667
v 37.66667 2.057585 -30.16667
v 25.33333 2.057585 -21.33333
v 25.16667 2.057585 -19.33333
v 26 2.057585 -18.66667
v 25.83333 2.057585 -26.5
v 26 2.057585 -15.66667
v 25 2.057585 -14.66667
v 25.16667 2.057585 -13
v 25.83333 2.057585 -26.5
v 24.83333 2.057585 -25.5
v 24.66667 2.057585 -23.33333
v 25.33333 2.057585 -21.33333
v 40.16667 2.057585 -29.16667
v 37.66667 2.057585 -30.16667
v 36.66667 2.057585 -30.16667
v 26 2.057585 -15.66667
v 25.16667 2.057585 -13
v 25.16667 2.057585 -11.33333
v 32.83334 2.057585 -11.33333
v 26 2.057585 -15.66667
v 32.83334 2.057585 -11.33333
v 34 2.057585 -11.33333
v 26 2.057585 -18.66667
v 35.5 2.057585 -30.16667
v 25.83333 2.057585 -29.5
v 25.83333 2.057585 -26.5
v 35.5 2.057585 -30.16667
v 25.83333 2.057585 -26.5
v 26 2.057585 -18.66667
v 34 2.057585 -11.33333
v 42.66667 2.057585 -10.66667
v 42 2.057585 -27
v 42 2.057585 -27
v 41.16667 2.057585 -27.83333
v 35.5 2.057585 -30.16667
v 35.5 2.057585 -30.16667
v 25 2.057585 -30.16667
v 25.83333 2.057585 -29.5
v 17.33333 3.724252 -22.33333
v 18.16667 3.724252 -23.16667
v 17.66667 3.724252 -23.5
v 18.16667 4.057585 -3
v 19.33333 3.724252 -3
v 18.5 3.724252 -4.5
v 16.66667 3.724252 -16.83333
v 17.5 3.724252 -17.16667
v 17.5 3.724252 -18.16667
v 16 3.724252 -15.33333
v 16.66667 3.724252 -15.83333
v 16.66667 3.724252 -16.83333
v 38.16667 2.057585 -41.5
v 38.16667 2.057585 -41
v 38.66667 2.057585 -40.33334
v 39.66667 2.057585 -39.16667
v 39.66667 2.057585 -41.83334
v 17.66667 4.057585 -3
v 18.16667 4.057585 -3
v 18.5 3.724252 -4.5
v 18.33333 3.724252 -6
v 17.5 3.724252 -18.16667
v 18.33333 3.724252 -18.5
v 18.33333 3.724252 -19.66667
v 18.5 3.724252 -6.666668
v 19.33333 3.724252 -7.333332
v 19.33333 3.724252 -8.333332
v 17.66667 3.724252 -9.666668
v 18.33333 3.724252 -19.66667
v 18.66667 3.724252 -19.83333
v 17.33333 3.724252 -21.33333
v 17.33333 3.724252 -22.33333
v 17.66667 3.724252 -23.5
v 17.33333 3.724252 -24.5
v 16 3.724252 -25.5
v 18.66667 3.724252 -2.166668
v 18.66667 3.724252 -0.6666679
v 19.33333 3.724252 -1.666668
v 42.66667 2.057585 -10.66667
v 42.66667 2.057585 -27
v 42 2.057585 -27
v 17.5 3.724252 -18.16667
v 18.33333 3.724252 -19.66667
v 17.33333 3.724252 -21.33333
v 16.66667 3.724252 -16.83333
v 34 2.057585 -11.33333
v 35 2.057585 -10
v 40.66667 2.057585 -10
v 42.66667 2.057585 -10.66667
v 17.33333 3.724252 -11
v 18.16667 3.724252 -12
v 16 3.724252 -14.33333
v 18.33333 3.724252 -6
v 18.5 3.724252 -6.666668
v 17.66667 3.724252 -9.666668
v 17.33333 3.724252 -21.33333
v 17.33333 3.724252 -22.33333
v 16 3.724252 -25.5
v 16 3.724252 -26.66667
v 16.66667 3.724252 -28.16667
v 17.5 3.724252 -31.5
v 17 3.724252 -34.66667
v 15.66667 3.724252 -38
v 16.66667 3.724252 -28.16667
v 17 3.724252 -28.5
v 17.5 3.724252 -31.5
v 32.5 2.057585 -3.666668
v 32.5 2.057585 -4.833332
v 31.5 2.057585 -5.166668
v 26.16667 2.057585 -5.666668
v 26.16667 2.057585 -4
v 26.66667 2.057585 -2.833332
v 29.83333 2.057585 -7.666668
v 29.83333 2.057585 -9
v 26.16667 2.057585 -5.666668
v 31.5 2.057585 -5.166668
v 31.5 2.057585 -5.666668
v 29.83333 2.057585 -7.666668
v 26.16667 2.057585 -5.666668
v 25.16667 2.057585 -11.33333
v 25.33333 2.057585 -6.333332
v 26.16667 2.057585 -5.666668
v 29.83333 2.057585 -9
v 30.16667 2.057585 -9.666668
v 31.16667 2.057585 -10.66667
v 32.83334 2.057585 -11.33333
v 25.16667 2.057585 -11.33333
v 30.16667 2.057585 -9.666668
v 31.16667 2.057585 -10.66667
v 25.16667 2.057585 -11.33333
v 32.5 2.057585 -3.666668
v 26.66667 2.057585 -2.833332
v 26.5 2.057585 -1.333332
v 33.66667 2.057585 -2.333332
v 26.5 2.057585 -1.333332
v 36.66667 2.057585 -1.333332
v 33.66667 2.057585 -2.333332
v 16 3.724252 -15.33333
v 16.66667 3.724252 -16.83333
v 17.33333 3.724252 -21.33333
v 16 3.724252 -25.5
v 35 2.057585 -10
v 35.33334 2.057585 -8.333332
v 39.5 2.057585 -8.833332
v 40.66667 2.057585 -10
v 31.16667 2.057585 -8.5
v 31.66667 2.057585 -7.333332
v 32 2.057585 -7.666668
v 31.5 2.057585 -9.333332
v 34 2.057585 -7.666668
v 34.16667 2.057585 -8.166668
v 33.66667 2.057585 -9.666668
v 33.16667 2.057585 -10
v 31.5 2.057585 -9.333332
v 32 2.057585 -7.666668
v 42.66667 2.057585 -9.333332
v 40.83334 2.057585 -8.5
v 42 2.057585 -7.5
v 42.66667 2.057585 -6
v 42.66667 2.057585 -9.333332
v 42 2.057585 -7.5
v 34 2.057585 -5.5
v 33.66667 2.057585 -4.333332
v 34.33334 2.057585 -3.5
v 38.66667 2.057585 -2.5
v 39.83334 2.057585 -2.833332
v 38.33334 2.057585 -5
v 38.33334 2.057585 -5
v 38.5 2.057585 -7.5
v 36.5 2.057585 -7.333332
v 36.5 2.057585 -7.333332
v 35 2.057585 -6.666668
v 34 2.057585 -5.5
v 36.16667 2.057585 -2.666668
v 38.66667 2.057585 -2.5
v 38.33334 2.057585 -5
v 36.5 2.057585 -7.333332
v 34 2.057585 -5.5
v 34.33334 2.057585 -3.5
v 40.66667 2.057585 -6.833332
v 40 2.057585 -7.166668
v 39.66667 2.057585 -6.5
v 40.83334 2.057585 -6.166668
v 40.83334 2.057585 -6.166668
v 39.66667 2.057585 -6.5
v 39.66667 2.057585 -5.333332
v 40.83334 2.057585 -3.666668
v 41.33334 2.057585 -4.666668
v 41.33334 2.057585 -5.833332
v 42.66667 2.057585 -3.166668
v 42.66667 2.057585 -5
v 42.33334 2.057585 -3.833332
v 42.33334 2.057585 -3.166668
v 16 3.724252 -26.66667
v 16.66667 3.724252 -27.16667
v 16.66667 3.724252 -28.16667
v 17.33333 4.224252 -2.666668
v 17.66667 4.057585 -3
v 18.33333 3.724252 -6
v 17.66667 3.724252 -9.666668
v 17.33333 3.724252 -11
v 16 3.724252 -14.33333
v 17.33333 5.224252 0
v 17.33333 4.224252 -2.666668
v 16 3.724252 -14.33333
v 0 3.724252 0
v 42.66667 2.057585 -2
v 41.5 2.057585 -2
v 40.66667 2.057585 -1.333332
v 42.66667 2.057585 0
v 51 2.057585 -11.5
v 51.66667 2.057585 -11.83333
v 51.33334 2.057585 -12.5
v 51.16667 2.057585 -32.5
v 51.16667 2.057585 -33.33334
v 50.66667 2.057585 -33.83334
v 51 2.057585 -22.66667
v 51.33334 2.057585 -22.83333
v 51.16667 2.057585 -24.16667
v 44.33334 2.057585 -27.33333
v 44 2.057585 -27
v 51.5 2.057585 -19.83333
v 51.5 2.057585 -20.83333
v 51 2.057585 -21.33333
v 51 2.057585 -37
v 52.16667 2.057585 -38.16667
v 51.66667 2.057585 -38.66667
v 50.66667 2.057585 -35.16667
v 51.33334 2.057585 -35.5
v 51 2.057585 -37
v 51.83334 2.057585 -16.16667
v 52.33334 2.057585 -17
v 52.33334 2.057585 -18
v 51.5 2.057585 -19.83333
v 51.83334 2.057585 -27.66667
v 53.16667 2.057585 -28.5
v 52 2.057585 -29.66667
v 51.16667 2.057585 -24.16667
v 52.16667 2.057585 -25.16667
v 51.66667 2.057585 -26.16667
v 51 2.057585 -11.5
v 51.33334 2.057585 -12.5
v 51.5 2.057585 -13.66667
v 51.83334 2.057585 -16.16667
v 51.5 2.057585 -13.66667
v 52.33334 2.057585 -14.33333
v 51.83334 2.057585 -16.16667
v 51.5 2.057585 -40
v 52.83334 2.057585 -41.83334
v 52.66667 2.057585 -42.66667
v 42.66667 2.057585 -42.66667
v 52 2.057585 -29.66667
v 52 2.057585 -30.66667
v 51.16667 2.057585 -32.5
v 51 2.057585 -37
v 51.66667 2.057585 -38.66667
v 51.5 2.057585 -40
v 51.66667 2.057585 -26.16667
v 51.83334 2.057585 -27.66667
v 52 2.057585 -29.66667
v 42.66667 2.057585 -5
v 43.66667 2.057585 -3.166668
v 45.66667 2.057585 -5
v 45.66667 2.057585 -6.666668
v 44.5 2.057585 -8
v 42.66667 2.057585 -6
v 52 2.057585 -29.66667
v 51.16667 2.057585 -32.5
v 50.66667 2.057585 -33.83334
v 50.66667 2.057585 -33.83334
v 50.66667 2.057585 -35.16667
v 44 2.057585 -31.16667
v 44.33334 2.057585 -28.83333
v 50.66667 2.057585 -35.16667
v 51 2.057585 -37
v 51.5 2.057585 -40
v 42.66667 2.057585 -42.66667
v 42.66667 2.057585 -32.16667
v 44 2.057585 -31.16667
v 51.83334 2.057585 -16.16667
v 51.5 2.057585 -19.83333
v 51 2.057585 -21.33333
v 51.16667 2.057585 -24.16667
v 51.66667 2.057585 -26.16667
v 52 2.057585 -29.66667
v 50.66667 2.057585 -33.83334
v 44.33334 2.057585 -28.83333
v 44.33334 2.057585 -27.33333
v 44.83334 2.057585 -11
v 51 2.057585 -11
v 51 2.057585 -11.5
v 43.66667 2.057585 -11
v 44.83334 2.057585 -11
v 51 2.057585 -11.5
v 43.66667 2.057585 -3.166668
v 45.16667 2.057585 -3.833332
v 45.66667 2.057585 -5
v 51 2.057585 -21.33333
v 51 2.057585 -22.66667
v 44 2.057585 -27
v 58.66667 2.057585 -41.83334
v 58.66667 2.057585 -41.33334
v 59 2.057585 -41.33334
v 59.5 2.057585 -42.66667
v 58.66667 2.057585 -41.83334
v 59 2.057585 -41.33334
v 60 2.057585 -40.16667
v 60.16667 2.057585 -26.5
v 59.83334 2.057585 -25.83333
v 60.83334 2.057585 -25.16667
v 60 2.057585 -40.16667
v 59.83334 2.057585 -38.66667
v 60.66667 2.057585 -38.16667
v 59.83334 2.057585 -32.5
v 59.33334 2.057585 -32
v 60 2.057585 -30.33333
v 60.16667 2.057585 -8.666668
v 59.66667 2.057585 -8.166668
v 60.33334 2.057585 -6.5
v 60 2.057585 -19.66667
v 59.66667 2.057585 -19.16667
v 60.33334 2.057585 -17.33333
v 61.16667 2.057585 -1.5
v 61.16667 2.057585 0
v 68.66667 2.057585 0
v 60.66667 2.057585 -35
v 59.66667 2.057585 -34
v 59.83334 2.057585 -32.5
v 60.83334 2.057585 -22.16667
v 59.83334 2.057585 -21.16667
v 60 2.057585 -19.66667
v 60.33334 2.057585 -17.33333
v 61 2.057585 -14.5
v 61 2.057585 -11.33333
v 60 2.057585 -10.33333
v 60.16667 2.057585 -8.666668
v 60.33334 2.057585 -17.33333
v 60.16667 2.057585 -15
v 61 2.057585 -14.5
v 59.5 2.057585 -42.66667
v 60 2.057585 -40.16667
v 60.66667 2.057585 -38.16667
v 68.66667 2.057585 -42.66667
v 60.66667 2.057585 -35
v 59.83334 2.057585 -32.5
v 60 2.057585 -30.33333
v 60.83334 2.057585 -22.16667
v 61 2.057585 -14.5
v 61.16667 2.057585 -12.33333
v 60.83334 2.057585 -25.16667
v 61 2.057585 -11.33333
v 60.16667 2.057585 -8.666668
v 60.33334 2.057585 -6.5
v 60.33334 2.057585 -6.5
v 60.33334 2.057585 -2.166668
v 61.16667 2.057585 -1.5
v 68.66667 2.057585 0
v 61.16667 2.057585 -12.33333
v 61 2.057585 -11.33333
v 60 2.057585 -30.33333
v 60.16667 2.057585 -26.5
v 60.83334 2.057585 -25.16667
v 60.83334 2.057585 -36
v 60.66667 2.057585 -35
v 68.66667 2.057585 -42.66667
v 60.83334 2.057585 -36
v 60.83334 2.057585 -25.16667
v 61.16667 2.057585 -12.33333
v 68.66667 2.057585 0
v 68.66667 2.057585 -42.66667
v 60.66667 2.057585 -38.16667
v 60.83334 2.057585 -36
v 44.5 2.057585 -8
v 43.83334 2.057585 -8.5
v 42.66667 2.057585 -9.333332
v 42.66667 2.057585 -6
v 51.66667 2.057585 -0.8333321
v 52.66667 2.057585 -1.5
v 52 2.057585 -2.5
v 52.16667 2.057585 -4
v 53.33334 2.057585 -4.833332
v 52.33334 2.057585 -6
v 44.16667 2.057585 -2
v 42.66667 2.057585 -2
v 42.66667 2.057585 0
v 51.66667 2.057585 -0.8333321
v 52 2.057585 -2.5
v 52.16667 2.057585 -4
v 45.66667 2.057585 -2.666668
v 44.16667 2.057585 -2
v 42.66667 2.057585 0
v 51.5 2.057585 0
v 51.5 2.057585 0
v 51.66667 2.057585 -0.8333321
v 52.16667 2.057585 -4
v 46.83334 2.057585 -4.5
v 45.66667 2.057585 -2.666668
v 51 2.057585 -11
v 44.83334 2.057585 -11
v 45.83334 2.057585 -9.833332
v 51 2.057585 -11
v 45.83334 2.057585 -9.833332
v 46.83334 2.057585 -7.5
v 52.33334 2.057585 -6
v 51 2.057585 -11
v 46.83334 2.057585 -7.5
v 46.83334 2.057585 -4.5
v 52.16667 2.057585 -4
v 43.83334 2.057585 -8.5
v 43.66667 2.057585 -9.5
v 42.66667 2.057585 -9.333332
v 45.66667 2.057585 -6.666668
v 45.16667 2.057585 -8
v 44.5 2.057585 -8
v 42.66667 2.057585 -5
v 42.66667 2.057585 -3.166668
v 43.66667 2.057585 -3.166668
v 43.66667 2.057585 -11
v 51 2.057585 -11.5
v 51.83334 2.057585 -16.16667
v 51 2.057585 -21.33333
v 44 2.057585 -27
v 42.66667 2.057585 -27
v 42.66667 2.057585 -10.66667
v 43.66667 2.057585 -11
v 51.83334 2.057585 -16.16667
v -177.6667 2.057585 24.83333
v -177.6667 2.057585 23.66667
v -178.1667 2.057585 23.33333
v -178.3333 2.057585 10.66667
v -178 2.057585 10.5
v -178 2.057585 9
v -177.6667 2.057585 32.83334
v -176.6667 2.057585 31.83333
v -177.1667 2.057585 31.16667
v -178 2.057585 9
v -177 2.057585 8.166667
v -177.5 2.057585 7.333333
v -177.3333 2.057585 5.5
v -176.1667 2.057585 4.833333
v -177.1667 2.057585 3.666667
v -178.1667 2.057585 21.83333
v -177.6667 2.057585 21.5
v -177.8333 2.057585 20
v -177.8333 2.057585 20
v -176.8333 2.057585 19
v -177.3333 2.057585 18.16667
v -177.6667 2.057585 13.66667
v -177.6667 2.057585 12.5
v -178.3333 2.057585 11.83333
v -177.1667 2.057585 29.66667
v -175.8333 2.057585 28.5
v -176.8333 2.057585 27.5
v -178 2.057585 1.166667
v -178.1667 2.057585 0
v -180.1667 2.057585 0
v -177.1667 2.057585 3.666667
v -177.1667 2.057585 2.833333
v -178 2.057585 1.166667
v -176.8333 2.057585 27.5
v -176.8333 2.057585 26.66667
v -177.6667 2.057585 24.83333
v -180.1667 2.057585 35.83334
v -176.6667 2.057585 35.83334
v -177.6667 2.057585 34
v -177.3333 2.057585 16.83333
v -176.8333 2.057585 16
v -177.6667 2.057585 13.66667
v -177.6667 2.057585 32.83334
v -177.1667 2.057585 31.16667
v -177.1667 2.057585 29.66667
v -177.8333 2.057585 20
v -177.3333 2.057585 18.16667
v -177.3333 2.057585 16.83333
v -178 2.057585 9
v -177.5 2.057585 7.333333
v -177.3333 2.057585 5.5
v -180.1667 2.057585 35.83334
v -177.6667 2.057585 34
v -177.6667 2.057585 32.83334
v -176.8333 2.057585 27.5
v -177.6667 2.057585 24.83333
v -178.1667 2.057585 23.33333
v -180.1667 2.057585 35.83334
v -177.6667 2.057585 32.83334
v -177.1667 2.057585 29.66667
v -177.3333 2.057585 5.5
v -177.1667 2.057585 3.666667
v -178 2.057585 1.166667
v -180.1667 2.057585 0
v -178.3333 2.057585 10.66667
v -178 2.057585 9
v -178.1667 2.057585 21.83333
v -177.8333 2.057585 20
v -177.3333 2.057585 16.83333
v -177.6667 2.057585 13.66667
v -178.3333 2.057585 11.83333
v -178.1667 2.057585 23.33333
v -178.1667 2.057585 21.83333
v -178.3333 2.057585 11.83333
v -180.1667 2.057585 0
v -180.1667 2.057585 35.83334
v -178.3333 2.057585 11.83333
v -178.3333 2.057585 10.66667
v -180.1667 2.057585 0
v -175 2.057585 39.5
v -174.1667 2.057585 39.5
v -175.1667 2.057585 38.16667
v -176 2.057585 40
v -175 2.057585 39.5
v -175.1667 2.057585 38.16667
v -175.1667 2.057585 38.16667
v -175.5 2.057585 35.66667
v -176.6667 2.057585 35.83334
v -176.8333 2.057585 40.83334
v -176 2.057585 40
v -175.1667 2.057585 38.16667
v -176.6667 2.057585 35.83334
v -180.1667 2.057585 35.83334
v -180.1667 2.057585 42.66667
v -180.1667 2.057585 42.66667
v -177 2.057585 42.66667
v -176.8333 2.057585 40.83334
v -174 2.057585 42.66667
v -173.8333 2.057585 40.66667
v -175.6667 2.057585 41.33334
v -175.8333 2.057585 42.66667
v -148.1667 2.057585 1.833333
v -148.1667 2.057585 0.6666667
v -148.8333 2.057585 0
v -169.5 2.057585 0
v -166.1667 2.057585 3.666667
v -165.1667 2.057585 3.666667
v -169.5 2.057585 1.166667
v -169.8333 2.057585 1.666667
v -169.3333 2.057585 3.666667
v -169.5 2.057585 0
v -169.5 2.057585 1.166667
v -169.3333 2.057585 3.666667
v -166.1667 2.057585 3.666667
v -165.1667 2.057585 3.666667
v -147.3333 2.057585 3.666667
v -148.1667 2.057585 1.833333
v -139.6667 2.057585 1.333333
v -140 2.057585 1.5
v -140 2.057585 2
v -139.3333 2.057585 3.5
v -145 2.057585 39.66667
v -145.1667 2.057585 39.66667
v -144.6667 2.057585 39.83334
v -147 2.057585 39.66667
v -149.5 2.057585 39.83334
v -149.1667 2.057585 40.33334
v -139.8333 2.057585 0
v -139.6667 2.057585 1.333333
v -139.3333 2.057585 3.5
v -128 2.057585 0
v -147 2.057585 39.66667
v -151.3333 2.057585 39.66667
v -149.5 2.057585 39.83334
v -167.3333 2.057585 4
v -166.5 2.057585 4
v -166.1667 2.057585 3.666667
v -169.3333 2.057585 3.666667
v -169.1667 2.057585 6.666667
v -168 2.057585 6.666667
v -168 2.057585 4.666667
v -169.3333 2.057585 3.666667
v -168 2.057585 4.666667
v -167.3333 2.057585 4
v -169.3333 2.057585 3.666667
v -156 2.057585 7.833333
v -155.6667 2.057585 8.166667
v -154.3333 2.057585 8.166667
v -143.8333 2.057585 8.166667
v -143.8333 2.057585 7.333333
v -144.5 2.057585 6.333333
v -146.1667 2.057585 5.666667
v -153.3333 2.057585 8.166667
v -156 2.057585 7.833333
v -154.3333 2.057585 8.166667
v -153.3333 2.057585 8.166667
v -159.1667 2.057585 7
v -158.3333 2.057585 7.666667
v -156 2.057585 7.833333
v -161.6667 2.057585 4.833333
v -159.8333 2.057585 7
v -159.1667 2.057585 7
v -153.3333 2.057585 8.166667
v -146.1667 2.057585 5.666667
v -147.1667 2.057585 4.5
v -165.1667 2.057585 3.666667
v -164.3333 2.057585 4.333333
v -161.6667 2.057585 4.833333
v -147.3333 2.057585 3.666667
v -159.1667 2.057585 7
v -156 2.057585 7.833333
v -153.3333 2.057585 8.166667
v -147.1667 2.057585 4.5
v -147.3333 2.057585 3.666667
v -161.6667 2.057585 4.833333
v -154.3333 2.057585 8.166667
v -155.6667 2.057585 8.166667
v -155.1667 2.057585 8.833334
v -143.8333 2.057585 8.166667
v -153.3333 2.057585 8.166667
v -151.8333 2.057585 9.5
v -143.8333 2.057585 8.166667
v -151.8333 2.057585 9.5
v -151.8333 2.057585 9.833334
v -143.6667 2.057585 9
v -151.8333 2.057585 9.833334
v -142.6667 2.057585 9.833334
v -143.6667 2.057585 9
v -150.8333 2.057585 16.5
v -151.3333 2.057585 16.5
v -150.8333 2.057585 17.16667
v -150.5 2.057585 15.66667
v -150.8333 2.057585 16.5
v -150.8333 2.057585 17.16667
v -150.5 2.057585 13.83333
v -151.3333 2.057585 14.66667
v -150.5 2.057585 15.66667
v -144.5 2.057585 18.83333
v -143.8333 2.057585 18.83333
v -151.8333 2.057585 9.833334
v -151.6667 2.057585 11.16667
v -150.8333 2.057585 11.66667
v -142.6667 2.057585 9.833334
v -150.5 2.057585 15.66667
v -150.8333 2.057585 17.16667
v -150.8333 2.057585 18
v -144.5 2.057585 18.83333
v -150.8333 2.057585 18
v -151.8333 2.057585 18.83333
v -144.5 2.057585 18.83333
v -142.6667 2.057585 9.833334
v -150.5 2.057585 13
v -150.5 2.057585 13.83333
v -143.8333 2.057585 18.83333
v -140.5 2.057585 9.833334
v -142.6667 2.057585 9.833334
v -150.8333 2.057585 11.66667
v -150.5 2.057585 13
v -158.6667 2.057585 39.33334
v -160.5 2.057585 39.33334
v -160.1667 2.057585 39.83334
v -163.6667 2.057585 11
v -162.1667 2.057585 11
v -162.6667 2.057585 10.33333
v -163.1667 2.057585 10.33333
v -162.3333 2.057585 11.66667
v -162.1667 2.057585 11
v -163.6667 2.057585 11
v -163.6667 2.057585 11
v -165.1667 2.057585 10.83333
v -165.1667 2.057585 11.5
v -161.8333 2.057585 12.16667
v -162.3333 2.057585 11.66667
v -163.6667 2.057585 11
v -165.1667 2.057585 11.5
v -166.1667 2.057585 12.16667
v -160.3333 2.057585 13.16667
v -160.3333 2.057585 12.83333
v -161.8333 2.057585 12.16667
v -167 2.057585 12.16667
v -167.3333 2.057585 12.16667
v -169.3333 2.057585 12.5
v -166.1667 2.057585 12.16667
v -167 2.057585 12.16667
v -169.3333 2.057585 12.5
v -158.8333 2.057585 14.33333
v -160.3333 2.057585 13.16667
v -161.8333 2.057585 12.16667
v -166.1667 2.057585 12.16667
v -169.3333 2.057585 12.5
v -169.3333 2.057585 14.33333
v -157.5 2.057585 14.33333
v -156.6667 2.057585 14.33333
v -157.3333 2.057585 14
v -168.8333 2.057585 16.66667
v -169 2.057585 18.33333
v -168.1667 2.057585 19
v -155.1667 2.057585 15.66667
v -156.6667 2.057585 14.33333
v -157.5 2.057585 14.33333
v -154.5 2.057585 18.66667
v -154.5 2.057585 17.66667
v -155.1667 2.057585 15.66667
v -157.5 2.057585 14.33333
v -158.8333 2.057585 14.33333
v -153.8333 2.057585 19.66667
v -154.5 2.057585 18.66667
v -158.8333 2.057585 14.33333
v -168.1667 2.057585 19
v -168.1667 2.057585 19.66667
v -169.3333 2.057585 14.33333
v -168.8333 2.057585 16.66667
v -168.1667 2.057585 19
v -158.8333 2.057585 14.33333
v -145.8333 2.057585 19.66667
v -144.5 2.057585 18.83333
v -151.8333 2.057585 18.83333
v -153 2.057585 19.66667
v -142.6667 2.057585 19.83333
v -142.6667 2.057585 21.5
v -140.5 2.057585 21.5
v -142.6667 2.057585 19.83333
v -140.5 2.057585 21.5
v -139 2.057585 21.5
v -128 2.057585 0
v -139.3333 2.057585 3.5
v -139.1667 2.057585 5.833333
v -147 2.057585 20.5
v -146.1667 2.057585 20.5
v -145.8333 2.057585 19.66667
v -147.5 2.057585 20.5
v -147 2.057585 20.5
v -145.8333 2.057585 19.66667
v -153 2.057585 19.66667
v -168.1667 2.057585 20.5
v -147.5 2.057585 20.5
v -153.8333 2.057585 19.66667
v -168.1667 2.057585 19.66667
v -147.5 2.057585 20.5
v -153 2.057585 19.66667
v -153.8333 2.057585 19.66667
v -149.3333 2.057585 21.5
v -148.3333 2.057585 21.33333
v -147.5 2.057585 20.5
v -169.1667 2.057585 23
v -169.3333 2.057585 25.5
v -167.6667 2.057585 25.5
v -169.1667 2.057585 23
v -167.6667 2.057585 25.5
v -167 2.057585 25.5
v -168.1667 2.057585 22
v -167 2.057585 25.5
v -149.8333 2.057585 22
v -149.3333 2.057585 21.5
v -168.1667 2.057585 20.5
v -168.1667 2.057585 22
v -167 2.057585 25.5
v -149.3333 2.057585 21.5
v -147.5 2.057585 20.5
v -167 2.057585 25.5
v -145.5 2.057585 25.5
v -148.8333 2.057585 24.5
v -167 2.057585 25.5
v -148.8333 2.057585 24.5
v -149.6667 2.057585 23.5
v -167 2.057585 25.5
v -149.6667 2.057585 23.5
v -149.8333 2.057585 22
v -140.5 2.057585 21.5
v -142.6667 2.057585 21.5
v -141.6667 2.057585 22.83333
v -133.6667 2.057585 32
v -133.6667 2.057585 33.5
v -132.6667 2.057585 33.33334
v -135.3333 2.057585 29.33333
v -135.1667 2.057585 30.33333
v -133.6667 2.057585 32
v -139.5 2.057585 9.166667
v -140.5 2.057585 9.833334
v -143.8333 2.057585 18.83333
v -135.8333 2.057585 25.5
v -135.8333 2.057585 28.83333
v -135.3333 2.057585 29.33333
v -139.1667 2.057585 5.833333
v -139.8333 2.057585 7.5
v -139.5 2.057585 9.166667
v -128 2.057585 0
v -160.5 2.057585 39.33334
v -158.6667 2.057585 39.33334
v -157.5 2.057585 39.16667
v -162.1667 2.057585 39.16667
v -169.3333 2.057585 25.5
v -169.1667 2.057585 26.16667
v -168.3333 2.057585 26.16667
v -167.6667 2.057585 25.5
v -168.1667 2.057585 28.83333
v -168.8333 2.057585 28.83333
v -169 2.057585 29.33333
v -169 2.057585 31.16667
v -140.8333 2.057585 30.33333
v -140.1667 2.057585 29.83333
v -140.3333 2.057585 29
v -141.6667 2.057585 28.83333
v -142.3333 2.057585 28.16667
v -144.3333 2.057585 26.16667
v -145.5 2.057585 25.5
v -166.6667 2.057585 26.5
v -167.3333 2.057585 27.16667
v -167.6667 2.057585 28.33333
v -168 2.057585 32
v -168 2.057585 33.66667
v -167.6667 2.057585 34.16667
v -150.1667 2.057585 34.16667
v -166.6667 2.057585 26.5
v -167.6667 2.057585 28.33333
v -149.6667 2.057585 34.16667
v -142.3333 2.057585 28.16667
v -145.5 2.057585 25.5
v -167 2.057585 25.5
v -166.6667 2.057585 26.5
v -150.1667 2.057585 34.16667
v -140.8333 2.057585 30.33333
v -141.6667 2.057585 28.83333
v -142.3333 2.057585 28.16667
v -149.6667 2.057585 34.16667
v -140.3333 2.057585 34.16667
v -140.3333 2.057585 32.33334
v -142.3333 2.057585 28.16667
v -142.8333 2.057585 26.33333
v -144.3333 2.057585 26.16667
v -167.6667 2.057585 28.33333
v -168.1667 2.057585 28.83333
v -169 2.057585 31.16667
v -168 2.057585 32
v -130.5 2.057585 38.66667
v -129.8333 2.057585 38.66667
v -129.3333 2.057585 38.16667
v -131.3333 2.057585 38.66667
v -130.5 2.057585 38.66667
v -129.3333 2.057585 38.16667
v -132.8333 2.057585 37.16667
v -132.8333 2.057585 38.66667
v -131.3333 2.057585 38.66667
v -129.3333 2.057585 38.16667
v -131.8333 2.057585 36.16667
v -139.5 2.057585 9.166667
v -139 2.057585 21.5
v -137.5 2.057585 22.33333
v -143.8333 2.057585 18.83333
v -142.6667 2.057585 19.83333
v -139 2.057585 21.5
v -139.5 2.057585 9.166667
v -152.3333 2.057585 34.33334
v -152 2.057585 34.33334
v -150.1667 2.057585 34.16667
v -152.8333 2.057585 34.33334
v -152.3333 2.057585 34.33334
v -150.1667 2.057585 34.16667
v -152.8333 2.057585 34.33334
v -150.1667 2.057585 34.16667
v -167.6667 2.057585 34.16667
v -167.6667 2.057585 34.33334
v -140.5 2.057585 36.16667
v -140 2.057585 36.16667
v -139.5 2.474252 35.33334
v -140.1667 2.057585 34.83334
v -149.3333 2.057585 34.5
v -149.1667 2.057585 36.16667
v -141 2.057585 36.16667
v -141 2.057585 36.16667
v -140.5 2.057585 36.16667
v -140.1667 2.057585 34.83334
v -140.3333 2.057585 34.16667
v -149.6667 2.057585 34.16667
v -149.3333 2.057585 34.5
v -167.5 2.057585 35.66667
v -167.8333 2.057585 36.5
v -167 2.057585 36.5
v -167 2.057585 36.5
v -166.3333 2.057585 37.5
v -166 2.057585 37.5
v -167 2.057585 36.5
v -166 2.057585 37.5
v -165 2.057585 37.5
v -167.6667 2.057585 34.33334
v -167.5 2.057585 35.66667
v -167 2.057585 36.5
v -165 2.057585 37.5
v -153.1667 2.057585 34.66667
v -152.8333 2.057585 34.33334
v -165 2.057585 37.5
v -153 2.057585 37.5
v -153.1667 2.057585 34.66667
v -149.1667 2.057585 36.16667
v -149.1667 2.057585 36.83334
v -146.1667 2.057585 36.83334
v -149.1667 2.057585 36.16667
v -146.1667 2.057585 36.83334
v -145.1667 2.057585 36.83334
v -145.1667 2.057585 36.83334
v -141.6667 2.057585 36.83334
v -141 2.057585 36.16667
v -149.1667 2.057585 36.16667
v -140 2.057585 36.16667
v -140.5 2.057585 36.16667
v -140.3333 2.057585 36.5
v -140 2.057585 36.5
v -145.1667 2.057585 39.66667
v -145 2.057585 39.66667
v -146.8333 2.057585 38.66667
v -147 2.057585 39.66667
v -145.1667 2.057585 39.66667
v -146.8333 2.057585 38.66667
v -149.3333 2.057585 39.33334
v -151.3333 2.057585 39.33334
v -151.3333 2.057585 39.66667
v -147 2.057585 39.66667
v -147 2.057585 39.66667
v -146.8333 2.057585 38.66667
v -146.8333 2.057585 37.33334
v -149.1667 2.057585 36.83334
v -149 2.057585 39
v -146.8333 2.057585 37.33334
v -146.1667 2.057585 36.83334
v -149.1667 2.057585 36.83334
v -149 2.057585 39
v -149.3333 2.057585 39.33334
v -147 2.057585 39.66667
v -143.5 2.057585 39
v -143.6667 2.057585 39.83334
v -143.3333 2.057585 40
v -142.5 2.057585 39.16667
v -142.5 2.057585 39.16667
v -141.3333 2.057585 38.5
v -141.6667 2.057585 38.16667
v -139.8333 2.057585 39.16667
v -139.8333 2.057585 38.66667
v -141.3333 2.057585 38.5
v -142.5 2.057585 39.16667
v -143.5 2.057585 39
v -142.5 2.057585 39.16667
v -141.6667 2.057585 38.16667
v -141.6667 2.057585 36.83334
v -145.1667 2.057585 36.83334
v -156.5 2.057585 39.16667
v -156 2.057585 39.16667
v -155.5 2.057585 38.66667
v -165 2.057585 37.5
v -164.6667 2.057585 38.16667
v -163.5 2.057585 38.16667
v -157.5 2.057585 39.16667
v -156.5 2.057585 39.16667
v -155.5 2.057585 38.66667
v -155.5 2.057585 38.66667
v -153 2.057585 38.66667
v -153 2.057585 37.5
v -157.5 2.057585 39.16667
v -155.5 2.057585 38.66667
v -153 2.057585 37.5
v -165 2.057585 37.5
v -163.5 2.057585 38.16667
v -163.5 2.057585 38.16667
v -162.1667 2.057585 39.16667
v -157.5 2.057585 39.16667
v -132.8333 2.057585 38.66667
v -133.3333 2.057585 39.16667
v -133 2.057585 40
v -131.3333 2.057585 38.66667
v -129.8333 2.057585 38.66667
v -130.5 2.057585 38.66667
v -130 2.057585 39
v -162.1667 2.057585 39.16667
v -162.1667 2.057585 39.33334
v -161.8333 2.057585 39.33334
v -162.1667 2.057585 39.16667
v -161.8333 2.057585 39.33334
v -160.5 2.057585 39.33334
v -133.6667 2.057585 32
v -132.6667 2.057585 33.33334
v -132 2.057585 34
v -137.5 2.057585 22.33333
v -137.1667 2.057585 24
v -135.8333 2.057585 25.5
v -131.8333 2.057585 36.16667
v -129.3333 2.057585 38.16667
v -128 2.057585 38.16667
v -132 2.057585 34
v -135.3333 2.057585 29.33333
v -133.6667 2.057585 32
v -132 2.057585 34
v -128 2.057585 38.16667
v -135.8333 2.057585 25.5
v -139.5 2.057585 9.166667
v -137.5 2.057585 22.33333
v -135.8333 2.057585 25.5
v -128 2.057585 38.16667
v -128 2.057585 0
v -93.5 2.057585 40.16667
v -93.83333 2.057585 40.16667
v -93.33333 2.057585 40.5
v -122.3333 2.057585 0.5
v -123.3333 2.057585 0.5
v -122.3333 2.057585 6.5
v -121.6667 2.057585 6.5
v -97.66666 2.057585 40.16667
v -100 2.057585 40.16667
v -99.5 2.057585 40.66667
v -107.6667 2.057585 39.66667
v -112.3333 2.057585 39.66667
v -110.6667 2.057585 39.83334
v -107.6667 2.057585 39.66667
v -110.6667 2.057585 39.83334
v -110.3333 2.057585 40.33334
v -122.3333 2.057585 0.5
v -111.8333 2.057585 5.5
v -110.5 2.057585 5.5
v -116.8333 2.057585 39.16667
v -119.5 2.057585 39.16667
v -117.3333 2.057585 39.5
v -120.5 2.057585 39.16667
v -123.5 2.057585 39.33334
v -123.3333 2.057585 39.66667
v -120.5 2.057585 39.16667
v -125.1667 2.057585 39.16667
v -123.5 2.057585 39.33334
v -110.5 2.057585 5.5
v -110.1667 2.057585 5.833333
v -109.6667 2.057585 5.833333
v -110.5 2.057585 5.5
v -109.6667 2.057585 5.833333
v -108.3333 2.057585 5.833333
v -124.5 2.057585 7.833333
v -123.8333 2.057585 7.166667
v -123.3333 2.057585 0.5
v -108.3333 2.057585 5.833333
v -108 2.057585 6.166667
v -106.8333 2.057585 6.166667
v -108.3333 2.057585 5.833333
v -106.8333 2.057585 6.166667
v -105.3333 2.057585 6.166667
v -123.8333 2.057585 7.166667
v -122.3333 2.057585 6.5
v -123.3333 2.057585 0.5
v -106.8333 2.057585 6.166667
v -108 2.057585 6.166667
v -107.5 2.057585 6.833333
v -105.3333 2.057585 6.166667
v -104.5 2.057585 7.166667
v -103.5 2.057585 7.166667
v -105.3333 2.057585 6.166667
v -103.5 2.057585 7.166667
v -102.1667 2.057585 7.166667
v -110.5 2.057585 5.5
v -108.3333 2.057585 5.833333
v -105.3333 2.057585 6.166667
v -126.5 2.057585 13.83333
v -125.8333 2.057585 13.16667
v -126.8333 2.057585 12.5
v -86.33333 2.057585 13.5
v -85.33333 2.057585 12.66667
v -85.33333 2.057585 0
v -100.1667 2.057585 7.666667
v -99.5 2.057585 8.666667
v -105.3333 2.057585 6.166667
v -102.1667 2.057585 7.166667
v -100.1667 2.057585 7.666667
v -85.33333 2.057585 0
v -121.8333 2.057585 0
v -114.1667 2.057585 6.5
v -112.3333 2.057585 6.166667
v -111.8333 2.057585 5.5
v -122.3333 2.057585 0.5
v -121.6667 2.057585 6.5
v -93.83333 2.057585 39
v -103.8333 2.057585 39
v -102.5 2.057585 39.16667
v -102.5 2.057585 39.16667
v -100 2.057585 40.16667
v -97.66666 2.057585 40.16667
v -93.83333 2.057585 39
v -97.66666 2.057585 40.16667
v -95.33333 2.057585 40.16667
v -93.83333 2.057585 39
v -121.6667 2.057585 6.5
v -120.8333 2.057585 7
v -119.6667 2.057585 7
v -121.6667 2.057585 6.5
v -119.6667 2.057585 7
v -118 2.057585 7
v -118 2.057585 7
v -115.6667 2.057585 7
v -114.1667 2.057585 6.5
v -121.6667 2.057585 6.5
v -119.6667 2.057585 7
v -120.8333 2.057585 7
v -120.5 2.057585 7.5
v -115.6667 2.057585 7
v -118 2.057585 7
v -117.3333 2.057585 7.666667
v -115.6667 2.057585 7
v -117.3333 2.057585 7.666667
v -117.3333 2.057585 8.333334
v -103.5 2.057585 7.166667
v -104.5 2.057585 7.166667
v -104.3333 2.057585 7.666667
v -100.1667 2.057585 12.5
v -100.1667 2.057585 13.16667
v -99.83333 2.057585 13.33333
v -99.66666 2.057585 12
v -99.5 2.057585 24.16667
v -99.83333 2.057585 24.33333
v -99.83333 2.057585 25
v -99.5 2.057585 25.66667
v -121.8333 2.057585 0
v -122.3333 2.057585 0.5
v -110.5 2.057585 5.5
v -105.3333 2.057585 6.166667
v -99.5 2.057585 8.666667
v -99.66666 2.057585 12
v -99.33333 2.057585 15
v -86 2.057585 16.83333
v -85.33333 2.057585 16
v -86.33333 2.057585 15.33333
v -85.83333 2.057585 19.83333
v -85.66666 2.057585 18.33333
v -86 2.057585 18.16667
v -123.3333 2.057585 0.5
v -124.3333 2.057585 0
v -128 2.057585 0
v -126.8333 2.057585 11.5
v -124.5 2.057585 7.833333
v -86 2.057585 18.16667
v -86 2.057585 16.83333
v -86.33333 2.057585 15.33333
v -99.66666 2.057585 12
v -99.83333 2.057585 13.33333
v -99.33333 2.057585 15
v -98.5 2.057585 21.16667
v -99.66666 2.057585 22.5
v -99.5 2.057585 24.16667
v -99.33333 2.057585 15
v -99.33333 2.057585 17.83333
v -98.66666 2.057585 18.33333
v -99.33333 2.057585 15
v -98.66666 2.057585 18.33333
v -98.5 2.057585 19
v -85.83333 2.057585 19.83333
v -86 2.057585 18.16667
v -86.33333 2.057585 15.33333
v -87.66666 2.057585 25.66667
v -86.5 2.057585 25.66667
v -98.5 2.057585 21.16667
v -99.5 2.057585 24.16667
v -99.5 2.057585 25.66667
v -87.66666 2.057585 25.66667
v -85.33333 2.057585 20.16667
v -85.83333 2.057585 19.83333
v -86.5 2.057585 25.66667
v -85.33333 2.057585 26.5
v -99.5 2.057585 8.666667
v -99.33333 2.057585 15
v -98.5 2.057585 19
v -87.66666 2.057585 25.66667
v -86.33333 2.057585 15.33333
v -86.33333 2.057585 13.5
v -98.5 2.057585 19
v -98.5 2.057585 21.16667
v -87.66666 2.057585 25.66667
v -114 2.057585 14.66667
v -113 2.057585 14.66667
v -113.5 2.057585 14.33333
v -110.3333 2.057585 15.33333
v -111.3333 2.057585 14.66667
v -111.6667 2.057585 14.66667
v -110.3333 2.057585 15.33333
v -111.6667 2.057585 14.66667
v -113 2.057585 14.66667
v -110.3333 2.057585 15.33333
v -113 2.057585 14.66667
v -114 2.057585 14.66667
v -118 2.057585 15.33333
v -119 2.057585 15.33333
v -119.3333 2.057585 15.33333
v -119.5 2.057585 15.5
v -118 2.057585 15.33333
v -119 2.057585 15.33333
v -119.5 2.057585 15.5
v -110.1667 2.057585 15.5
v -110.3333 2.057585 15.33333
v -118 2.057585 15.33333
v -119.5 2.057585 15.5
v -122.8333 2.057585 16.33333
v -124 2.057585 15.5
v -124.8333 2.057585 15.5
v -102.1667 2.057585 7.166667
v -101.8333 2.057585 7.666667
v -100.1667 2.057585 7.666667
v -126.8333 2.057585 11.5
v -124.3333 2.057585 8.833334
v -124.5 2.057585 7.833333
v -107.6667 2.057585 16.33333
v -107.3333 2.057585 15.5
v -108 2.057585 15.5
v -107.6667 2.057585 16.33333
v -108 2.057585 15.5
v -110.1667 2.057585 15.5
v -120 2.057585 16.16667
v -121.5 2.057585 16.33333
v -110.1667 2.057585 15.5
v -119.5 2.057585 15.5
v -120 2.057585 16.16667
v -104.5 2.057585 29
v -104.8333 2.057585 28.66667
v -105.6667 2.057585 28.66667
v -103.8333 2.057585 31.66667
v -103.8333 2.057585 30
v -108.6667 2.057585 21.33333
v -108 2.057585 21
v -108.3333 2.057585 20.16667
v -108.1667 2.057585 19.16667
v -107.1667 2.057585 18.33333
v -107.6667 2.057585 17.66667
v -108.6667 2.057585 21.33333
v -108.3333 2.057585 20.16667
v -108.1667 2.057585 19.16667
v -122.8333 2.057585 16.33333
v -124.8333 2.057585 15.5
v -125.8333 2.057585 15.5
v -108.1667 2.057585 19.16667
v -107.6667 2.057585 17.66667
v -107.6667 2.057585 16.33333
v -108.6667 2.057585 22.5
v -108.6667 2.057585 21.33333
v -121.5 2.057585 16.33333
v -107.1667 2.057585 27
v -108.1667 2.057585 23
v -108.6667 2.057585 22.5
v -121.5 2.057585 16.33333
v -122.8333 2.057585 16.33333
v -108.6667 2.057585 21.33333
v -108.1667 2.057585 19.16667
v -107.6667 2.057585 16.33333
v -121.5 2.057585 16.33333
v -102.5 2.057585 39.16667
v -100.6667 2.057585 40.16667
v -100 2.057585 40.16667
v -91.16666 2.057585 27.66667
v -89.66666 2.057585 27.83333
v -89.66666 2.057585 27
v -91.16666 2.057585 27.66667
v -89.66666 2.057585 27
v -87.66666 2.057585 25.66667
v -99.5 2.057585 25.66667
v -99.16666 2.057585 27.66667
v -102.5 2.057585 39.16667
v -101.3333 2.057585 40.16667
v -100.6667 2.057585 40.16667
v -102.1667 2.057585 29.16667
v -100.8333 2.057585 29.5
v -101.8333 2.057585 27
v -103.3333 2.057585 27.83333
v -86.66666 2.057585 28.83333
v -86.66666 2.057585 29.66667
v -85.66666 2.057585 29.33333
v -87.5 2.057585 27
v -88.5 2.057585 27.83333
v -88.16666 2.057585 28.33333
v -87 2.057585 28.5
v -86.16666 2.057585 27.33333
v -87 2.057585 28.5
v -86.66666 2.057585 28.83333
v -85.66666 2.057585 29.33333
v -86.16666 2.057585 27.33333
v -99.16666 2.057585 28.66667
v -99.83333 2.057585 30.16667
v -99.66666 2.057585 32
v -93.83333 2.057585 32.5
v -93.5 2.057585 30.5
v -99.66666 2.057585 32
v -100.3333 2.057585 32.5
v -93.83333 2.057585 32.5
v -92.5 2.057585 28.83333
v -91.16666 2.057585 27.66667
v -99.16666 2.057585 27.66667
v -93.5 2.057585 30.5
v -92.5 2.057585 28.83333
v -99.16666 2.057585 27.66667
v -99.16666 2.057585 28.66667
v -89 2.057585 33.5
v -87.83333 2.057585 33.5
v -87.66666 2.057585 32.33334
v -89.5 2.057585 30.16667
v -89.83333 2.057585 29
v -90.66666 2.057585 28.83333
v -92.33333 2.057585 31.16667
v -89 2.057585 33.5
v -87.66666 2.057585 32.33334
v -88 2.057585 31.33333
v -90 2.057585 33.5
v -92.33333 2.057585 31.16667
v -92.66666 2.057585 33.5
v -90 2.057585 33.5
v -88 2.057585 31.33333
v -89.5 2.057585 30.16667
v -86.66666 2.057585 34.33334
v -86.66666 2.057585 35
v -86 2.057585 35.5
v -85.33333 2.057585 30.83333
v -86.5 2.057585 31.16667
v -85.33333 2.057585 37
v -85.33333 2.057585 30.83333
v -86 2.057585 35.5
v -95.33333 2.057585 40.16667
v -94.66666 2.057585 40.16667
v -93.83333 2.057585 39
v -94.66666 2.057585 40.16667
v -93.83333 2.057585 40.16667
v -93.83333 2.057585 39
v -93.83333 2.057585 38.66667
v -93.83333 2.057585 32.5
v -100.3333 2.057585 32.5
v -93.83333 2.057585 38.66667
v -100.3333 2.057585 32.5
v -102.8333 2.057585 32.5
v -113.5 2.057585 38.66667
v -93.83333 2.057585 40.16667
v -93.5 2.057585 40.16667
v -93.83333 2.057585 39
v -90 2.057585 33.5
v -92.66666 2.057585 33.5
v -92.66666 2.057585 34.83334
v -87.83333 2.057585 33.5
v -89 2.057585 33.5
v -88.16666 2.057585 34
v -87.83333 2.057585 34
v -89.83333 2.057585 36.66667
v -88.16666 2.057585 35.5
v -89.83333 2.057585 34.83334
v -91.83333 2.057585 35.83334
v -91.33333 2.057585 36.33334
v -86.66666 2.057585 37.83334
v -87.16666 2.057585 36.33334
v -88 2.057585 37.33334
v -89.33333 2.057585 37.83334
v -86.66666 2.057585 37.83334
v -88 2.057585 37.33334
v -92.5 2.057585 37.83334
v -90.83333 2.057585 37.83334
v -92.5 2.057585 37.33334
v -88.66666 2.057585 40.66667
v -88 2.057585 40.66667
v -88 2.057585 40
v -89.66666 2.057585 39.66667
v -86.33333 2.057585 39.33334
v -86.33333 2.057585 38.33334
v -86.66666 2.057585 37.83334
v -87.5 2.057585 39.5
v -90.83333 2.057585 37.83334
v -92.5 2.057585 37.83334
v -92.33333 2.057585 39.66667
v -89.66666 2.057585 39.66667
v -89.33333 2.057585 37.83334
v -90.83333 2.057585 37.83334
v -89.66666 2.057585 39.66667
v -89.66666 2.057585 39.66667
v -88 2.057585 40
v -87.5 2.057585 39.5
v -86.66666 2.057585 37.83334
v -89.33333 2.057585 37.83334
v -119.5 2.057585 39.16667
v -116.8333 2.057585 39.16667
v -116.3333 2.057585 38.66667
v -120.5 2.057585 39.16667
v -119.5 2.057585 39.16667
v -116.3333 2.057585 38.66667
v -120.5 2.057585 39.16667
v -116.3333 2.057585 38.66667
v -125.6667 2.057585 38.66667
v -125.1667 2.057585 39.16667
v -113.5 2.057585 38.66667
v -113 2.057585 39
v -105.3333 2.057585 39
v -113.5 2.057585 38.66667
v -105.3333 2.057585 39
v -103.8333 2.057585 39
v -103.8333 2.057585 39
v -93.83333 2.057585 39
v -93.83333 2.057585 38.66667
v -113.5 2.057585 38.66667
v -106.6667 2.057585 39.66667
v -106.1667 2.057585 39.66667
v -105.3333 2.057585 39
v -107.6667 2.057585 39.66667
v -106.6667 2.057585 39.66667
v -105.3333 2.057585 39
v -107.6667 2.057585 39.66667
v -105.3333 2.057585 39
v -113 2.057585 39
v -112.3333 2.057585 39.66667
v -126.5 2.057585 14.83333
v -126.5 2.057585 13.83333
v -126.8333 2.057585 12.5
v -128 2.057585 38.16667
v -103.8333 2.057585 31.66667
v -105.6667 2.057585 28.66667
v -107.1667 2.057585 27
v -126.3333 2.057585 38.16667
v -125.6667 2.057585 38.66667
v -116.3333 2.057585 38.66667
v -113.5 2.057585 38.66667
v -102.8333 2.057585 32.5
v -103.8333 2.057585 31.66667
v -126.8333 2.057585 12.5
v -126.8333 2.057585 11.5
v -128 2.057585 0
v -128 2.057585 38.16667
v -126.3333 2.057585 38.16667
v -116.3333 2.057585 38.66667
v -113.5 2.057585 38.66667
v -113.5 2.057585 38.66667
v -103.8333 2.057585 31.66667
v -107.1667 2.057585 27
v -122.8333 2.057585 16.33333
v -125.8333 2.057585 15.5
v -126.3333 2.057585 38.16667
v -128 2.057585 38.16667
v -126.3333 2.057585 38.16667
v -125.8333 2.057585 15.5
v -126.5 2.057585 14.83333
v -48 2.057585 2.666667
v -47.66667 2.057585 2.166667
v -47.83334 2.057585 1.333333
v -53 2.057585 8.166667
v -52 2.057585 8.166667
v -52 2.057585 8.166667
v -48.33334 2.057585 8.166667
v -48 2.057585 2.666667
v -56.5 2.057585 41.16667
v -57.83334 2.057585 41.16667
v -57.33334 2.057585 41.66667
v -56.5 2.057585 41.5
v -44.66667 3.890918 8.333334
v -44.16667 3.890918 8.333334
v -44.66667 3.890918 8.166667
v -44.33334 3.890918 4
v -43.83334 3.890918 4
v -44.33334 3.890918 3.833333
v -44.16667 3.890918 6
v -44.5 3.890918 6.166667
v -44.66667 3.807585 6.333333
v -44.66667 3.890918 6.666667
v -44 3.890918 6.666667
v -44.5 3.890918 4.5
v -44.33334 3.890918 4
v -44.33334 3.890918 3.833333
v -47 2.557585 8.833334
v -44.66667 3.890918 7
v -44.66667 3.890918 6.666667
v -47 2.557585 8.833334
v -44.66667 3.890918 6.666667
v -44.66667 3.807585 6.333333
v -48.33334 2.057585 8.166667
v -44.16667 3.890918 1
v -43.83334 3.890918 0.5
v -44 3.890918 0
v -47.5 2.057585 0
v -44.5 3.890918 4.5
v -44.33334 3.890918 3.833333
v -44.33334 3.890918 3.166667
v -48.33334 2.057585 8.166667
v -48.5 2.057585 9.166667
v -47.33334 2.390918 9.166667
v -47 2.557585 8.833334
v -44.5 3.890918 4.5
v -47.66667 2.057585 2.166667
v -48 2.057585 2.666667
v -48.33334 2.057585 8.166667
v -44.66667 3.807585 6.333333
v -44.5 3.890918 6.166667
v -47.5 2.057585 0
v -47.83334 2.057585 1.333333
v -47.66667 2.057585 2.166667
v -44.5 3.890918 4.5
v -44.33334 3.890918 3.166667
v -44.16667 3.890918 1
v -47 2.557585 8.833334
v -44.66667 3.890918 8.833334
v -44.66667 3.890918 8.333334
v -47 2.557585 8.833334
v -44.66667 3.890918 8.333334
v -44.66667 3.890918 8.166667
v -47 2.557585 8.833334
v -44.66667 3.890918 8.166667
v -44.66667 3.890918 7
v -43.66667 3.890918 0
v -44 3.890918 0
v -43.83334 3.890918 0.5
v -44.33334 3.890918 3.166667
v -43.83334 3.890918 3.166667
v -43.83334 3.890918 2.833333
v -43.5 3.890918 0
v -43.66667 3.890918 0
v -43.83334 3.890918 0.5
v -43.5 3.890918 1
v -72.33334 2.057585 40.66667
v -71.83334 2.057585 40.83334
v -70.66667 2.057585 40.83334
v -43.5 3.890918 1
v -43.83334 3.890918 0.5
v -44.16667 3.890918 1
v -43.83334 3.890918 1.833333
v -72.33334 2.057585 40.66667
v -72.16667 2.057585 40.83334
v -71.83334 2.057585 40.83334
v -43.83334 3.724252 5
v -43.83334 3.724252 6
v -42.66667 3.724252 6.666667
v -42.66667 3.724252 0
v -43.5 3.807585 1.833333
v -43.66667 3.724252 3.166667
v -43.66667 3.890918 2.333333
v -43.83334 3.890918 1.833333
v -44.16667 3.890918 1
v -44.33334 3.890918 3.166667
v -43.83334 3.890918 2.833333
v -43.66667 3.890918 2.666667
v -43.33334 3.807585 0
v -43.5 3.890918 0
v -43.5 3.890918 1
v -43.83334 3.890918 1.5
v -43.83334 3.890918 1.833333
v -43.5 3.807585 1.833333
v -43.5 3.890918 1
v -70.66667 2.057585 40.83334
v -68.83334 2.057585 40.83334
v -67.33334 2.057585 40.66667
v -72.33334 2.057585 40.66667
v -43.83334 3.890918 3.166667
v -43.66667 3.724252 3.166667
v -43.83334 3.890918 2.833333
v -44.5 3.890918 4.5
v -44 3.890918 4.5
v -44 3.890918 4.166667
v -44.33334 3.890918 4
v -43.66667 3.724252 3.166667
v -43.83334 3.890918 3.166667
v -43.83334 3.890918 4
v -43.83334 3.890918 4
v -44.33334 3.890918 4
v -44 3.890918 4.166667
v -43.83334 3.890918 4
v -44 3.890918 4.166667
v -43.83334 3.724252 4.5
v -43.83334 3.890918 3.166667
v -44.33334 3.890918 3.166667
v -44.33334 3.890918 3.833333
v -43.83334 3.890918 4
v -64 2.057585 40.66667
v -64.83334 2.057585 40.66667
v -64.33334 2.057585 41
v -64 2.057585 41
v -44 3.890918 4.5
v -43.83334 3.724252 4.5
v -44 3.890918 4.166667
v -44.16667 3.890918 6
v -44 3.890918 6
v -44.16667 3.890918 5
v -44.5 3.890918 6.166667
v -44.16667 3.890918 6
v -44.16667 3.890918 5
v -44.5 3.890918 4.5
v -42.66667 3.724252 0
v -43.33334 3.807585 0
v -43.5 3.890918 1
v -43.5 3.807585 1.833333
v -44 3.890918 4.5
v -44.5 3.890918 4.5
v -44.16667 3.890918 5
v -43.83334 3.724252 5
v -43.5 3.807585 1.833333
v -43.66667 3.890918 2.333333
v -43.66667 3.890918 2.666667
v -43.83334 3.724252 4.5
v -44 3.890918 4.5
v -43.83334 3.724252 5
v -44 3.890918 6
v -43.83334 3.724252 6
v -43.83334 3.724252 5
v -44.16667 3.890918 5
v -44.66667 3.890918 6.666667
v -44.66667 3.890918 7
v -44.16667 3.890918 7
v -44 3.890918 6.666667
v -43.66667 3.724252 3.166667
v -43.83334 3.724252 4.5
v -43.83334 3.724252 5
v -44 3.890918 6.666667
v -44.16667 3.890918 7
v -44 3.890918 7
v -44 3.890918 6
v -44.16667 3.890918 6
v -44 3.890918 6.666667
v -43.83334 3.724252 6
v -44 3.890918 6
v -44 3.890918 6.666667
v -43.5 3.724252 8.166667
v -43.5 3.724252 7.833333
v -44 3.724252 7.833333
v -44.16667 3.890918 8.333334
v -44.66667 3.890918 8.166667
v -44.16667 3.890918 8.333334
v -44 3.724252 7.833333
v -44.16667 3.890918 7
v -44.66667 3.890918 7
v -44 3.724252 7.833333
v -44 3.890918 7
v -44.16667 3.890918 7
v -43.5 3.724252 7.833333
v -43 3.724252 7
v -44 3.890918 7
v -44 3.724252 7.833333
v -54.16667 2.057585 8.333334
v -53.16667 2.057585 8.333334
v -53 2.057585 8.166667
v -54.83334 2.057585 8.333334
v -54.16667 2.057585 8.333334
v -53 2.057585 8.166667
v -68.83334 2.057585 40.83334
v -70.66667 2.057585 40.83334
v -70.33334 2.057585 41.33334
v -48.16667 2.057585 9.5
v -47.33334 2.390918 9.166667
v -48.5 2.057585 9.166667
v -48.5 2.057585 9.5
v -49.33334 2.057585 9.5
v -48.5 2.057585 9.166667
v -48.33334 2.057585 8.166667
v -52 2.057585 8.166667
v -50.33334 2.057585 9.5
v -49.33334 2.057585 9.5
v -48.5 2.057585 9.5
v -48.5 2.057585 9.166667
v -43.83334 3.724252 6
v -44 3.890918 6.666667
v -44 3.890918 7
v -43 3.724252 7
v -42.66667 3.724252 6.666667
v -43.66667 3.724252 3.166667
v -43.83334 3.890918 4
v -43.83334 3.724252 4.5
v -66.66667 2.057585 8.666667
v -55.33334 2.057585 8.666667
v -54.83334 2.057585 8.333334
v -68.16667 2.057585 8.666667
v -66.66667 2.057585 8.666667
v -54.83334 2.057585 8.333334
v -43.5 3.807585 1.833333
v -43.66667 3.890918 2.666667
v -43.66667 3.724252 3.166667
v -53.16667 2.057585 8.333334
v -54.16667 2.057585 8.333334
v -53.83334 2.057585 8.833334
v -44.66667 3.890918 8.833334
v -44.16667 3.890918 8.333334
v -44.66667 3.890918 8.333334
v -80.66667 2.057585 9
v -78.83334 2.057585 9.166667
v -77.5 2.057585 8.666667
v -85.33334 2.057585 0
v -77.5 2.057585 8.666667
v -76.16667 2.057585 8.666667
v -69.5 2.057585 9.333334
v -68.66667 2.057585 9.333334
v -68.16667 2.057585 8.666667
v -76.16667 2.057585 8.666667
v -75.83334 2.057585 9.166667
v -74.5 2.057585 9.333334
v -70.66667 2.057585 9.333334
v -68.16667 2.057585 8.666667
v -70.66667 2.057585 9.333334
v -69.5 2.057585 9.333334
v -68.16667 2.057585 8.666667
v -56.16667 2.057585 19.16667
v -56 2.057585 19
v -56.5 2.057585 18.66667
v -61.5 2.057585 17
v -63 2.057585 19.16667
v -56.5 2.057585 15
v -56.33334 2.057585 13.83333
v -56.83334 2.057585 13.5
v -63.33334 2.057585 14.5
v -62.83334 2.057585 15.5
v -62.16667 2.057585 15.5
v -62.83334 2.057585 13.33333
v -65.33334 2.057585 9.5
v -65 2.057585 10.66667
v -64 2.057585 10.66667
v -55.66667 2.057585 9
v -55.33334 2.057585 8.666667
v -56.5 2.057585 17
v -55.83334 2.057585 15.66667
v -56.5 2.057585 15
v -56.5 2.057585 18.66667
v -56.5 2.057585 17
v -56.83334 2.057585 13.5
v -61.66667 2.057585 16
v -61.5 2.057585 17
v -56.83334 2.057585 11.33333
v -55.66667 2.057585 10.16667
v -55.66667 2.057585 9
v -64 2.057585 10.66667
v -62.83334 2.057585 12.16667
v -62.83334 2.057585 13.33333
v -62.16667 2.057585 15.5
v -61.66667 2.057585 16
v -56.83334 2.057585 13.5
v -56.83334 2.057585 11.33333
v -62.83334 2.057585 12.16667
v -56.5 2.057585 17
v -56.5 2.057585 15
v -56.83334 2.057585 13.5
v -55.33334 2.057585 8.666667
v -66.66667 2.057585 8.666667
v -65.33334 2.057585 9.5
v -81.83334 2.057585 12.83333
v -81.66667 2.057585 12.33333
v -82.33334 2.057585 11.5
v -84 2.057585 12.66667
v -83.33334 2.057585 13.33333
v -54.83334 2.057585 8.333334
v -53 2.057585 8.166667
v -47.5 2.057585 0
v -85.33334 2.057585 0
v -76.16667 2.057585 8.666667
v -68.16667 2.057585 8.666667
v -84 2.057585 12.66667
v -82.33334 2.057585 11.5
v -82.33334 2.057585 10.66667
v -53 2.057585 8.166667
v -47.83334 2.057585 1.333333
v -47.5 2.057585 0
v -74.5 2.057585 9.333334
v -74.16667 2.057585 9.833334
v -72 2.057585 9.833334
v -70.66667 2.057585 9.333334
v -68.66667 2.057585 9.333334
v -69.5 2.057585 9.333334
v -69.16667 2.057585 9.833334
v -68.66667 2.057585 9.833334
v -49.33334 2.057585 9.5
v -50.33334 2.057585 9.5
v -50.16667 2.057585 9.833334
v -80.66667 2.057585 9
v -77.5 2.057585 8.666667
v -85.33334 2.057585 0
v -84 2.057585 12.66667
v -82.33334 2.057585 10.66667
v -82.16667 2.057585 10.16667
v -85.33334 2.057585 0
v -85.33334 2.057585 12.66667
v -43.66667 2.057585 10.66667
v -44.33334 2.057585 10.5
v -44.83334 2.057585 11.66667
v -42.66667 2.057585 11.33333
v -43.83334 2.057585 18
v -44 2.057585 19.16667
v -43.5 2.057585 19.5
v -42.66667 2.057585 10.16667
v -43.16667 2.057585 10
v -43.66667 2.057585 10.66667
v -42.66667 2.057585 11.33333
v -43.83334 2.057585 16
v -44.66667 2.057585 16.83333
v -43.83334 2.057585 18
v -82.16667 2.057585 10.16667
v -81.33334 2.057585 9.833334
v -80.66667 2.057585 9
v -85.33334 2.057585 0
v -43.5 3.807585 1.833333
v -43.83334 3.890918 1.833333
v -43.66667 3.890918 2.333333
v -43.66667 3.890918 2.666667
v -43.83334 3.890918 2.833333
v -43.66667 3.724252 3.166667
v -43.83334 2.057585 16
v -43.83334 2.057585 18
v -43.5 2.057585 19.5
v -78.66667 2.057585 40.5
v -81.33334 2.057585 40.5
v -80.5 2.057585 40.83334
v -74.66667 2.057585 14.33333
v -75.5 2.057585 14
v -75.83334 2.057585 15
v -74.16667 2.057585 15.33333
v -74.66667 2.057585 14.33333
v -75.83334 2.057585 15
v -76.5 2.057585 15.5
v -76.5 2.057585 15.5
v -73 2.057585 15.5
v -74.16667 2.057585 15.33333
v -78.83334 2.057585 15.5
v -77.5 2.057585 15.5
v -78.66667 2.057585 15.16667
v -69.5 2.057585 16.16667
v -66.83334 2.057585 16.16667
v -68.83334 2.057585 15.33333
v -78.83334 2.057585 15.5
v -79.33334 2.057585 15.66667
v -79.33334 2.057585 16.16667
v -77.5 2.057585 15.5
v -71.33334 2.057585 16.16667
v -72 2.057585 15.5
v -73 2.057585 15.5
v -71.33334 2.057585 16.16667
v -73 2.057585 15.5
v -76.5 2.057585 15.5
v -79.33334 2.057585 16.16667
v -76.5 2.057585 15.5
v -77.5 2.057585 15.5
v -79.33334 2.057585 16.16667
v -64 2.057585 19.16667
v -66.16667 2.057585 16.16667
v -66.83334 2.057585 16.16667
v -79.33334 2.057585 16.16667
v -81.5 2.057585 18
v -82.33334 2.057585 19.16667
v -64 2.057585 19.16667
v -71.33334 2.057585 16.16667
v -64 2.057585 19.16667
v -66.83334 2.057585 16.16667
v -69.5 2.057585 16.16667
v -64 2.057585 19.16667
v -69.5 2.057585 16.16667
v -71.33334 2.057585 16.16667
v -56 2.057585 20.33333
v -56.16667 2.057585 19.16667
v -63 2.057585 19.16667
v -56 2.057585 20.33333
v -63 2.057585 19.16667
v -64 2.057585 19.16667
v -83.66667 2.057585 20.33333
v -56 2.057585 20.33333
v -64 2.057585 19.16667
v -82.33334 2.057585 19.16667
v -85.33334 2.057585 20.33333
v -84.83334 2.057585 20.33333
v -85.33334 2.057585 20.16667
v -55.16667 2.057585 22.5
v -55.33334 2.057585 21
v -56 2.057585 20.33333
v -83.66667 2.057585 20.33333
v -55.33334 2.057585 32.16667
v -48.66667 2.057585 24.66667
v -54.16667 2.057585 23.16667
v -83.66667 2.057585 20.33333
v -84.66667 2.057585 27.16667
v -56 2.057585 32.16667
v -83.66667 2.057585 20.33333
v -84.83334 2.057585 20.33333
v -85.33334 2.057585 26.5
v -84.66667 2.057585 27.16667
v -50.16667 2.057585 23.16667
v -50.33334 2.057585 23
v -51.16667 2.057585 23
v -52.83334 2.057585 23.16667
v -50.16667 2.057585 23.16667
v -51.16667 2.057585 23
v -52.33334 2.057585 22.83333
v -48.66667 2.057585 24.66667
v -50.16667 2.057585 23.16667
v -52.83334 2.057585 23.16667
v -48.66667 2.057585 24.66667
v -52.83334 2.057585 23.16667
v -54.16667 2.057585 23.16667
v -84.83334 2.057585 20.33333
v -85.33334 2.057585 20.33333
v -85.33334 2.057585 26.5
v -47.33334 2.057585 24.5
v -46.5 2.057585 24.5
v -47 2.057585 24
v -46.5 2.057585 24.5
v -47.33334 2.057585 24.5
v -47.66667 2.057585 24.66667
v -45.5 2.057585 24.5
v -46.5 2.057585 24.5
v -47.66667 2.057585 24.66667
v -80.5 2.057585 40.83334
v -80 2.057585 41.66667
v -79.66667 2.057585 41.66667
v -78.66667 2.057585 40.5
v -84.16667 2.057585 30
v -85.33334 2.057585 30.83333
v -85.33334 2.057585 37
v -84.16667 2.057585 39.5
v -56.33334 2.057585 32.5
v -56 2.057585 32.16667
v -54.16667 2.057585 23.16667
v -55.16667 2.057585 22.5
v -83.66667 2.057585 20.33333
v -82.16667 2.057585 40.5
v -83 2.057585 40.5
v -83 2.057585 40.83334
v -85.33334 2.057585 37
v -85 2.057585 39.66667
v -84.16667 2.057585 39.5
v -84.66667 2.057585 27.16667
v -84.16667 2.057585 29.33333
v -56 2.057585 32.16667
v -84.16667 2.057585 29.33333
v -84.16667 2.057585 30
v -56 2.057585 32.16667
v -42.66667 2.057585 13.83333
v -43.83334 2.057585 13.83333
v -43.83334 2.057585 16
v -43.5 2.057585 19.5
v -84.16667 2.057585 39.5
v -56.16667 2.057585 39.5
v -56.33334 2.057585 32.5
v -76.83334 2.057585 40.33334
v -77.5 2.057585 40.33334
v -77.16667 2.057585 40.66667
v -81.33334 2.057585 40.5
v -78.66667 2.057585 40.5
v -78.33334 2.057585 40.33334
v -83.16667 2.057585 40.33334
v -83.16667 2.057585 40.33334
v -82.16667 2.057585 40.5
v -81.33334 2.057585 40.5
v -45.5 2.057585 24.5
v -44.16667 2.057585 32.33334
v -43.5 2.057585 32.33334
v -47.66667 2.057585 24.66667
v -50.83334 2.057585 32.33334
v -44.16667 2.057585 32.33334
v -45.5 2.057585 24.5
v -55 2.057585 38.5
v -44.66667 2.057585 38.83334
v -44.66667 2.057585 35.5
v -55 2.057585 35.16667
v -84.16667 2.057585 39.5
v -83.66667 2.057585 39.83334
v -76.33334 2.057585 39.83334
v -84.16667 2.057585 39.5
v -76.33334 2.057585 39.83334
v -73.33334 2.057585 39.83334
v -73.33334 2.057585 39.83334
v -56.16667 2.057585 39.83334
v -56.16667 2.057585 39.5
v -84.16667 2.057585 39.5
v -77.5 2.057585 40.33334
v -76.83334 2.057585 40.33334
v -76.33334 2.057585 39.83334
v -78.33334 2.057585 40.33334
v -77.5 2.057585 40.33334
v -76.33334 2.057585 39.83334
v -78.33334 2.057585 40.33334
v -76.33334 2.057585 39.83334
v -83.66667 2.057585 39.83334
v -83.16667 2.057585 40.33334
v -60.5 2.057585 40.16667
v -56.16667 2.057585 40.16667
v -56.16667 2.057585 39.83334
v -63.5 2.057585 40.16667
v -60.5 2.057585 40.16667
v -56.16667 2.057585 39.83334
v -63.5 2.057585 40.16667
v -56.16667 2.057585 39.83334
v -73.33334 2.057585 39.83334
v -72.83334 2.057585 40.16667
v -64.83334 2.057585 40.66667
v -64 2.057585 40.66667
v -63.5 2.057585 40.16667
v -65.33334 2.057585 40.66667
v -64.83334 2.057585 40.66667
v -63.5 2.057585 40.16667
v -66.83334 2.057585 40.66667
v -65.33334 2.057585 40.66667
v -63.5 2.057585 40.16667
v -67.33334 2.057585 40.66667
v -66.83334 2.057585 40.66667
v -63.5 2.057585 40.16667
v -67.33334 2.057585 40.66667
v -63.5 2.057585 40.16667
v -72.83334 2.057585 40.16667
v -72.33334 2.057585 40.66667
v -57.83334 2.057585 41.16667
v -56.5 2.057585 41.16667
v -56.16667 2.057585 40.16667
v -60.5 2.057585 40.16667
v -59.33334 2.057585 41.16667
v -58.66667 2.057585 41.16667
v -58.66667 2.057585 41.16667
v -57.83334 2.057585 41.16667
v -56.16667 2.057585 40.16667
v -60.5 2.057585 40.16667
v -83.16667 2.057585 40.33334
v -83 2.057585 40.5
v -82.16667 2.057585 40.5
v -48.66667 2.057585 24.66667
v -55.33334 2.057585 32.16667
v -50.83334 2.057585 32.33334
v -47.66667 2.057585 24.66667
v -43.5 2.057585 40.83334
v -43.33334 2.057585 41.33334
v -42.66667 2.057585 41.33334
v -43.16667 2.057585 32.66667
v -43.5 2.057585 34.66667
v -43.83334 2.057585 22
v -45 2.057585 22.83333
v -44.83334 2.057585 23.66667
v -43.5 2.057585 20.83333
v -43.83334 2.057585 22
v -43.16667 2.057585 32.66667
v -42.66667 2.057585 13.83333
v -43.5 2.057585 19.5
v -43.5 2.057585 20.83333
v -43.16667 2.057585 32.66667
v -42.66667 2.057585 41.33334
v -45.5 2.057585 24.5
v -43.5 2.057585 32.33334
v -43.16667 2.057585 32.66667
v -44.83334 2.057585 23.66667
v -43.83334 2.057585 22
v -44.83334 2.057585 23.66667
v -43.16667 2.057585 32.66667
v -40.33334 2.057585 41.33334
v -40.83334 2.057585 41.33334
v -40.5 2.057585 41.66667
v -42.66667 3.724252 0
v -37.33334 3.724252 5.5
v -36.16667 3.724252 5.5
v -20.83333 3.724252 7
v -7.333332 3.724252 7
v 0 3.724252 0
v -42.66667 3.724252 0
v -36.16667 3.724252 5.5
v -4.666668 2.057585 40.66667
v -7.833332 2.057585 41
v -7.666668 2.057585 41.33334
v -9.666668 2.057585 40.66667
v -9.5 2.057585 41
v -7.833332 2.057585 41
v -4.666668 2.057585 40.66667
v -18.66667 2.057585 40.5
v -20.66667 2.057585 40.66667
v -20.5 2.057585 41
v -36.16667 3.724252 5.5
v -35.33334 3.724252 6.5
v -34.66667 3.724252 6.5
v -34.66667 3.724252 6.5
v -34.33334 3.724252 7
v -28.33333 3.724252 7
v -41.66667 3.724252 6.166667
v -40.66667 3.724252 6.166667
v -37.33334 3.724252 5.5
v -34.66667 3.724252 6.5
v -28.33333 3.724252 7
v -27.66667 3.724252 7
v -40.66667 3.724252 6.166667
v -38.16667 3.724252 6.166667
v -37.33334 3.724252 5.5
v -36.16667 3.724252 5.5
v -34.66667 3.724252 6.5
v -27.66667 3.724252 7
v -22 3.724252 7
v -18.66667 2.057585 40.5
v -22.33333 2.057585 40.5
v -20.66667 2.057585 40.66667
v -36.16667 3.724252 5.5
v -22 3.724252 7
v -20.83333 3.724252 7
v -7.333332 3.724252 7
v -6.333332 3.724252 7
v 0 3.724252 0
v -38.16667 3.724252 6.166667
v -40.66667 3.724252 6.166667
v -40 3.724252 7
v -38.5 3.724252 6.666667
v -33.83334 3.724252 7.5
v -34 3.724252 8.333334
v -32.83334 3.724252 8.333334
v -32.83334 3.724252 8.333334
v -32.16667 3.724252 8.833334
v -31.16667 3.724252 8.333334
v -31.16667 3.724252 8.333334
v -29.66667 3.724252 8.333334
v -29.5 3.724252 7.833333
v -34.33334 3.724252 7
v -33.83334 3.724252 7.5
v -32.83334 3.724252 8.333334
v -31.16667 3.724252 8.333334
v -29.5 3.724252 7.833333
v -28.33333 3.724252 7
v -23 3.724252 7.333333
v -22.33333 3.724252 7.333333
v -22 3.724252 7
v -27.66667 3.724252 7
v -27 3.724252 7.333333
v -26.5 3.724252 7.333333
v -27.66667 3.724252 7
v -26.5 3.724252 7.333333
v -25.83333 3.724252 7.333333
v -24.66667 3.724252 7.333333
v -23 3.724252 7.333333
v -22 3.724252 7
v -24.66667 3.724252 7.333333
v -22 3.724252 7
v -27.66667 3.724252 7
v -25.83333 3.724252 7.333333
v -20.83333 3.724252 7
v -20.5 3.724252 7.5
v -17.66667 3.724252 7.5
v -20.83333 3.724252 7
v -17.66667 3.724252 7.5
v -16 3.724252 7.5
v -20.83333 3.724252 7
v -16 3.724252 7.5
v -15.66667 3.724252 7.5
v -20.83333 3.724252 7
v -15.66667 3.724252 7.5
v -14.33333 3.724252 7.5
v -14.33333 3.724252 7.5
v -7.666668 3.724252 7.5
v -7.333332 3.724252 7
v -20.83333 3.724252 7
v -6.333332 3.724252 7
v -6 3.724252 7.833333
v -4.833332 3.724252 7.833333
v -6.333332 3.724252 7
v -4.833332 3.724252 7.833333
v -3.5 3.724252 7.833333
v -42.66667 3.724252 6.666667
v -41.66667 3.724252 6.166667
v -42.66667 3.724252 0
v -22.33333 3.724252 7.333333
v -23 3.724252 7.333333
v -22.5 3.724252 7.833333
v -17.66667 3.724252 7.5
v -20.5 3.724252 7.5
v -20.5 3.724252 8.333334
v -14.33333 3.724252 7.5
v -13.83333 3.724252 8.166667
v -13.16667 3.724252 8.166667
v -7.666668 3.724252 7.5
v -12.83333 3.724252 8.666667
v -7.333332 3.724252 8.666667
v -7.666668 3.724252 8.333334
v -12.83333 3.724252 8.666667
v -7.666668 3.724252 8.333334
v -7.666668 3.724252 7.5
v -13.16667 3.724252 8.166667
v -5.833332 3.724252 8.666667
v -4.833332 3.724252 7.833333
v -6 3.724252 7.833333
v -6.333332 3.724252 8.666667
v -41.66667 3.724252 6.166667
v -37.33334 3.724252 5.5
v -42.66667 3.724252 0
v -6 3.724252 8.833334
v -5.833332 3.724252 8.666667
v -6.333332 3.724252 8.666667
v -7.666668 3.724252 8.833334
v -6 3.724252 8.833334
v -6.333332 3.724252 8.666667
v -7.333332 3.724252 8.666667
v -9.5 3.724252 8.833334
v -7.333332 3.724252 8.666667
v -12.83333 3.724252 8.666667
v -12.66667 3.724252 8.833334
v -9.5 3.724252 8.833334
v -7.666668 3.724252 8.833334
v -7.333332 3.724252 8.666667
v -12.66667 3.724252 9.833334
v -12.33333 3.724252 10.16667
v -11.66667 3.724252 10.16667
v -11.16667 3.724252 9.5
v -12.66667 3.724252 8.833334
v -9.5 3.724252 8.833334
v -12.66667 3.724252 8.833334
v -11.16667 3.724252 9.5
v -10.5 3.724252 9.5
v -42.66667 2.057585 11.33333
v -42.33334 2.057585 11
v -42.66667 2.057585 10.16667
v -39.83334 2.057585 14.16667
v -40.16667 2.057585 13.66667
v -42.66667 2.057585 13.83333
v -37.16667 2.057585 15.66667
v -38.33334 2.057585 14.16667
v -39.83334 2.057585 14.16667
v -6.333332 3.724252 7
v -3.5 3.724252 7.833333
v 0 3.724252 8
v 0 3.724252 0
v -3.5 3.724252 7.833333
v -3.166668 3.724252 8.333334
v 0 3.724252 8
v -17.83333 2.057585 15.16667
v -16 2.057585 15.16667
v -17 2.057585 14.33333
v -31.83333 2.057585 15.5
v -28.66667 2.057585 15.5
v -29.66667 2.057585 14.66667
v -30.83333 2.057585 14.5
v -15 2.057585 15.16667
v -14 2.057585 15.16667
v -14.16667 2.140918 14.5
v -27.5 2.057585 15.5
v -26.33333 2.057585 15.5
v -27 2.057585 15
v -33.83334 2.057585 15.5
v -33.16667 2.057585 15.5
v -33.66667 2.057585 15.16667
v -21 2.057585 16.16667
v -22 2.057585 16.16667
v -22.33333 2.057585 16.5
v -13 2.057585 16.5
v -13 2.057585 16.5
v -14 2.057585 15.16667
v -15 2.057585 15.16667
v -13 2.057585 16.5
v -15 2.057585 15.16667
v -16 2.057585 15.16667
v -13 2.057585 16.5
v -16 2.057585 15.16667
v -17.83333 2.057585 15.16667
v -21 2.057585 16.16667
v -33.16667 2.057585 15.5
v -33.83334 2.057585 15.5
v -34.5 2.057585 16
v -26 2.057585 16
v -26.33333 2.057585 15.5
v -27.5 2.057585 15.5
v -26 2.057585 16
v -27.5 2.057585 15.5
v -28.66667 2.057585 15.5
v -31.83333 2.057585 15.5
v -33.16667 2.057585 15.5
v -34.5 2.057585 16
v -34.5 2.057585 16
v -26 2.057585 16
v -28.66667 2.057585 15.5
v -31.83333 2.057585 15.5
v -3.666668 2.057585 16.16667
v -2.833332 2.057585 16.16667
v -3.166668 2.057585 15.66667
v -29 2.057585 40.33334
v -31.16667 2.057585 40.33334
v -30.5 2.057585 40.66667
v -30.5 2.057585 40.66667
v -30.16667 2.057585 41.33334
v -29.83333 2.057585 41.33334
v -29 2.057585 40.33334
v -32.66667 2.057585 40.33334
v -33.16667 2.057585 40.33334
v -33 2.057585 40.66667
v -23.83333 2.057585 16.66667
v -24.16667 2.057585 16.16667
v -24.83333 2.057585 16.16667
v -23.83333 2.057585 16.66667
v -24.83333 2.057585 16.16667
v -25.66667 2.057585 16.16667
v -31.16667 2.057585 40.33334
v -29 2.057585 40.33334
v -28.66667 2.057585 40.16667
v -33.33334 2.057585 40.16667
v -2 2.057585 16.83333
v -2.833332 2.057585 16.16667
v -3.666668 2.057585 16.16667
v -2 2.057585 16.83333
v -3.666668 2.057585 16.16667
v -5.166668 2.057585 16.16667
v -9.166668 2.057585 16.83333
v -2 2.057585 16.83333
v -5.166668 2.057585 16.16667
v -6.5 2.057585 16.16667
v -11.33333 2.057585 16.66667
v -11.33333 2.057585 16.33333
v -13 2.057585 16.5
v -13 2.057585 16.5
v -22.33333 2.057585 16.5
v -22.66667 2.057585 16.66667
v -11.33333 2.057585 16.66667
v -11 2.057585 17.16667
v -11.33333 2.057585 16.66667
v -22.66667 2.057585 16.66667
v -11 2.057585 17.16667
v -22.66667 2.057585 16.66667
v -23.83333 2.057585 16.66667
v -25.66667 2.057585 16.16667
v -26 2.057585 16
v -34.5 2.057585 16
v -0.3333321 2.057585 17.16667
v -0.5 2.057585 16.83333
v -0.8333321 2.057585 16.83333
v -0.3333321 2.057585 17.16667
v -0.8333321 2.057585 16.83333
v -2 2.057585 16.83333
v -9.833332 2.057585 17.16667
v -0.3333321 2.057585 17.16667
v -2 2.057585 16.83333
v -9.166668 2.057585 16.83333
v -9.833332 2.057585 17.16667
v -11.5 2.057585 21.33333
v -11.33333 2.057585 23.33333
v 0 2.057585 17.33333
v -0.3333321 2.057585 17.16667
v -12.16667 2.057585 20.83333
v -9.833332 2.057585 17.16667
v -11 2.057585 17.16667
v -12.83333 2.057585 20.83333
v -33.33334 2.057585 40.16667
v -32.66667 2.057585 40.33334
v -31.16667 2.057585 40.33334
v -15.5 2.057585 21.66667
v -13.5 2.057585 21.33333
v -12.83333 2.057585 20.83333
v -12.83333 2.057585 20.83333
v -11 2.057585 17.16667
v -23.83333 2.057585 16.66667
v -29.16667 2.057585 24
v -16.83333 2.057585 24
v -15.5 2.057585 21.66667
v -33.33334 2.057585 40.16667
v -33.16667 2.057585 40.33334
v -32.66667 2.057585 40.33334
v -13.66667 2.057585 28
v -14.16667 2.057585 28.5
v -13.5 2.057585 29
v -13.66667 2.057585 27.33333
v -13.66667 2.057585 28
v -13.5 2.057585 29
v -13.33333 2.057585 25.5
v -14.66667 2.057585 26.33333
v -13.66667 2.057585 27.33333
v -13.66667 2.057585 27.33333
v -13.5 2.057585 29
v -13.33333 2.057585 30.16667
v -42.66667 2.057585 41.33334
v -36.66667 2.057585 39.66667
v -35.5 2.057585 39.33334
v -35 2.057585 28.5
v -37.16667 2.057585 15.66667
v -42.66667 2.057585 13.83333
v -29.16667 2.057585 24
v -15.5 2.057585 21.66667
v -12.83333 2.057585 20.83333
v -23.83333 2.057585 16.66667
v -25.66667 2.057585 16.16667
v -33.5 2.057585 25
v -32 2.057585 24.66667
v -30.33333 2.057585 24
v -35 2.057585 16
v -37.16667 2.057585 15.66667
v -25.66667 2.057585 16.16667
v -34.5 2.057585 16
v -35 2.057585 16
v -30.33333 2.057585 24
v -29.16667 2.057585 24
v -10.66667 2.057585 39.83334
v -9.666668 2.057585 40.66667
v -4.666668 2.057585 40.66667
v -2.833332 2.057585 40.16667
v -15 2.057585 33.16667
v -15.66667 2.057585 33.83334
v -13.5 2.057585 39.83334
v -33.5 2.057585 25
v -32.33334 2.057585 25.16667
v -32 2.057585 24.66667
v -32 2.057585 24.66667
v -31 2.057585 24.66667
v -30.33333 2.057585 24
v -9.833332 2.057585 17.16667
v -12.16667 2.057585 20.83333
v -11.5 2.057585 21.33333
v -19.66667 2.057585 26
v -19.33333 2.057585 26
v -19 2.057585 25.5
v -28.16667 2.057585 24.83333
v -28.16667 2.057585 25.33333
v -27.5 2.057585 25.33333
v -20.33333 2.057585 26
v -19.66667 2.057585 26
v -19 2.057585 25.5
v -29.16667 2.057585 24
v -28.16667 2.057585 24.83333
v -27.5 2.057585 25.33333
v -20.33333 2.057585 26
v -19 2.057585 25.5
v -16.83333 2.057585 24
v -19 2.057585 25.5
v -17.83333 2.057585 25.5
v -16.83333 2.057585 24
v -27.5 2.057585 25.33333
v -26.83333 2.057585 26
v -20.33333 2.057585 26
v -34.16667 2.057585 26.66667
v -33.16667 2.057585 26.66667
v -33.83334 2.057585 25.83333
v -33.5 2.057585 31.5
v -32.5 2.057585 30.33333
v -33 2.057585 30
v -34.83334 2.057585 27.33333
v -34.16667 2.057585 26.66667
v -33.83334 2.057585 25.83333
v -33.5 2.057585 31.5
v -33 2.057585 30
v -33 2.057585 29.16667
v -35 2.057585 28.5
v -37.16667 2.057585 15.66667
v -39.83334 2.057585 14.16667
v -42.66667 2.057585 13.83333
v -34.83334 2.057585 27.33333
v -33.83334 2.057585 25.83333
v -33.5 2.057585 25
v -34.83334 2.057585 27.33333
v -33.5 2.057585 25
v -37.16667 2.057585 15.66667
v -42.66667 2.057585 41.33334
v -42.33334 2.057585 41.33334
v -39.66667 2.057585 40.66667
v -36.66667 2.057585 39.66667
v -4 2.057585 40.66667
v -3.333332 2.057585 40.66667
v -2.833332 2.057585 40.16667
v -24.83333 2.057585 30.66667
v -24.5 2.057585 30.66667
v -24.5 2.057585 29.33333
v -25 2.057585 29.33333
v -25.5 2.057585 28
v -23.16667 2.057585 27.83333
v -22.66667 2.057585 27.33333
v -25 2.057585 29.33333
v -24.5 2.057585 29.33333
v -24.16667 2.057585 28.83333
v -24.16667 2.057585 28.83333
v -23.16667 2.057585 28.5
v -23.16667 2.057585 27.83333
v -25.5 2.057585 28
v -25.66667 2.057585 29
v -25 2.057585 29.33333
v -24.16667 2.057585 28.83333
v -23.16667 2.057585 27.83333
v -22.66667 2.057585 27.33333
v -21.33333 2.057585 27.16667
v -21.33333 2.057585 26.83333
v -26.83333 2.057585 26
v -26.66667 2.057585 27.16667
v -25.5 2.057585 28
v -22.66667 2.057585 27.33333
v -21.33333 2.057585 26.83333
v -20.33333 2.057585 26
v -17.16667 2.057585 34.16667
v -18.33333 2.057585 33.16667
v -18.5 2.057585 33.5
v -19.83333 2.057585 34.16667
v -17.16667 2.057585 34.16667
v -18.5 2.057585 33.5
v -19.83333 2.057585 33.66667
v -24.83333 2.057585 34.66667
v -25.16667 2.057585 34
v -25.66667 2.057585 33.83334
v -26.33333 2.057585 34.66667
v -17.16667 2.057585 34.16667
v -19.83333 2.057585 34.16667
v -20 2.057585 36.16667
v -16.66667 2.057585 34.16667
v -17.16667 2.057585 34.16667
v -20 2.057585 36.16667
v -4.666668 2.057585 40.66667
v -4 2.057585 40.66667
v -2.833332 2.057585 40.16667
v -27.83333 2.057585 34.66667
v -27.33333 2.057585 34.66667
v -27.83333 2.057585 34.33334
v -27.33333 2.057585 34.66667
v -27.83333 2.057585 34.66667
v -28.33333 2.057585 35.16667
v -24.5 2.057585 35.16667
v -24.83333 2.057585 34.66667
v -26.33333 2.057585 34.66667
v -28.33333 2.057585 35.16667
v -24.5 2.057585 35.16667
v -26.33333 2.057585 34.66667
v -27.33333 2.057585 34.66667
v -22.5 2.057585 36.83334
v -23.5 2.057585 35.66667
v -24.5 2.057585 35.16667
v -28.33333 2.057585 35.16667
v -18.66667 2.057585 40.5
v -16 2.057585 40.5
v -13.5 2.057585 39.83334
v -23.16667 2.057585 39.83334
v -22.5 2.057585 36.83334
v -28.33333 2.057585 35.16667
v -29.5 2.057585 35.16667
v -42.33334 2.057585 41.33334
v -41.83334 2.057585 41.33334
v -39.66667 2.057585 40.66667
v -33 2.057585 33.16667
v -33.5 2.057585 31.5
v -35 2.057585 28.5
v -35.5 2.057585 39.33334
v -34 2.057585 39.33334
v -23.16667 2.057585 39.83334
v -22.33333 2.057585 40.5
v -18.66667 2.057585 40.5
v -20.83333 2.057585 36.83334
v -22.5 2.057585 36.83334
v -34 2.057585 39.33334
v -40.83334 2.057585 41.33334
v -40.33334 2.057585 41.33334
v -39.66667 2.057585 40.66667
v -34 2.057585 39.33334
v -32.5 2.057585 33.66667
v -33 2.057585 33.16667
v -35 2.057585 28.5
v -34.83334 2.057585 27.33333
v -37.16667 2.057585 15.66667
v -41.83334 2.057585 41.33334
v -40.83334 2.057585 41.33334
v -39.66667 2.057585 40.66667
v -39.66667 2.057585 40.66667
v -37.16667 2.057585 40.66667
v -37.16667 2.057585 40.16667
v -39.66667 2.057585 40.66667
v -37.16667 2.057585 40.16667
v -36.66667 2.057585 39.66667
v -34 2.057585 39.33334
v -22.5 2.057585 36.83334
v -29.5 2.057585 35.16667
v -34 2.057585 39.33334
v -33.83334 2.057585 39.5
v -26.5 2.057585 39.5
v -34 2.057585 39.33334
v -26.5 2.057585 39.5
v -23.5 2.057585 39.5
v -29.5 2.057585 35.16667
v -31.33333 2.057585 33.66667
v -32.5 2.057585 33.66667
v -34 2.057585 39.33334
v -27.5 2.057585 40.16667
v -27 2.057585 40.16667
v -26.5 2.057585 39.5
v -28.66667 2.057585 40.16667
v -27.5 2.057585 40.16667
v -26.5 2.057585 39.5
v -28.66667 2.057585 40.16667
v -26.5 2.057585 39.5
v -33.83334 2.057585 39.5
v -33.33334 2.057585 40.16667
v -23.5 2.057585 39.5
v -23.16667 2.057585 39.83334
v -13.5 2.057585 39.83334
v -20.83333 2.057585 36.83334
v -34 2.057585 39.33334
v -23.5 2.057585 39.5
v -16 2.057585 40.5
v -15.66667 2.057585 40.5
v -13.5 2.057585 39.83334
v -14.66667 2.057585 40.5
v -14.16667 2.057585 40.5
v -13.5 2.057585 39.83334
v -15.66667 2.057585 40.5
v -14.66667 2.057585 40.5
v -13.5 2.057585 39.83334
v -13.33333 2.057585 30.16667
v -15.16667 2.057585 32.16667
v -15 2.057585 33.16667
v -13.5 2.057585 39.83334
v -10.66667 2.057585 39.83334
v -11.33333 2.057585 23.33333
v -13.33333 2.057585 25.5
v -13.66667 2.057585 27.33333
v -20 2.057585 36.16667
v -20.83333 2.057585 36.83334
v -23.5 2.057585 39.5
v -13.5 2.057585 39.83334
v -15.66667 2.057585 33.83334
v -16.66667 2.057585 34.16667
v -11.33333 2.057585 23.33333
v -13.66667 2.057585 27.33333
v -13.33333 2.057585 30.16667
v -10.66667 2.057585 39.83334
v -2.833332 2.057585 40.16667
v 0 2.057585 40.16667
v 0 2.057585 17.33333
v -11.33333 2.057585 23.33333
v -13.33333 2.057585 30.16667
v 21.16667 5.140918 1.5
v 19.5 5.057585 0.6666667
v 17.83333 5.057585 0.5
v 11.33333 5.140918 5.5
v 23.33333 5.057585 5.5
v 22.66667 5.057585 3.333333
v 16.66667 2.057585 42.66667
v 17.83333 2.057585 42.66667
v 17.66667 2.057585 41.5
v 15.83333 2.057585 41.5
v 11.33333 5.140918 5.5
v 17.83333 5.057585 0.5
v 17.33333 5.224252 0
v 10.83333 4.890918 5.5
v 41.83334 2.057585 6
v 42.5 2.057585 6
v 42.66667 2.057585 5.833333
v 41.16667 2.057585 6
v 41.83334 2.057585 6
v 42.66667 2.057585 5.833333
v 31.33333 2.057585 4.333333
v 31.5 2.057585 5
v 33 2.057585 5
v 40.5 2.057585 6
v 41.16667 2.057585 6
v 42.66667 2.057585 5.833333
v 27.66667 2.057585 0
v 28.33333 2.057585 2.333333
v 29.5 2.057585 2.666667
v 38.83334 2.057585 6
v 40.5 2.057585 6
v 42.66667 2.057585 5.833333
v 29.5 2.057585 2.666667
v 31.33333 2.057585 4.333333
v 33 2.057585 5
v 33 2.057585 5
v 34.33334 2.057585 6
v 38.83334 2.057585 6
v 38.83334 2.057585 6
v 42.66667 2.057585 5.833333
v 42.66667 2.057585 0
v 27.66667 2.057585 0
v 29.5 2.057585 2.666667
v 33 2.057585 5
v 27.83333 2.057585 5
v 27.16667 2.057585 5.666667
v 28.16667 2.057585 5.666667
v 29 2.057585 5.666667
v 29.66667 2.057585 5.666667
v 30.16667 2.057585 5
v 29.16667 2.057585 4
v 28 2.057585 3.666667
v 27.83333 2.057585 5
v 27.83333 2.057585 5
v 28.16667 2.057585 5.666667
v 29 2.057585 5.666667
v 11.5 3.724252 8.166667
v 11.16667 3.724252 6.833333
v 9.666667 3.724252 6.833333
v 9 3.724252 8.166667
v 4.666667 2.057585 41.16667
v 3 2.057585 41.16667
v 3.333333 2.057585 41.66667
v 9 3.724252 8.166667
v 9.666667 3.724252 6.833333
v 9.333334 3.724252 6.5
v 8.166667 3.724252 8.166667
v 9.666667 2.057585 41
v 8.833334 2.057585 41
v 9.333334 2.057585 41.33334
v 12.33333 5.057585 7.166667
v 13.33333 5.140918 9.166667
v 14.16667 5.057585 9.166667
v 12.33333 5.057585 7.166667
v 14.16667 5.057585 9.166667
v 14.83333 5.057585 9.166667
v 22.16667 5.140918 9.166667
v 22.66667 5.057585 8.666667
v 23.33333 5.057585 5.5
v 12.33333 5.057585 6.166667
v 12.33333 5.057585 7.166667
v 14.83333 5.057585 9.166667
v 23.33333 5.057585 5.5
v 11.33333 5.140918 5.5
v 12.33333 5.057585 6.166667
v 27.16667 2.057585 5.666667
v 25.33333 2.057585 6.166667
v 26.5 2.057585 6.166667
v 27.16667 2.057585 5.666667
v 26.5 2.057585 6.166667
v 27.16667 2.057585 6.666667
v 28.16667 2.057585 5.666667
v 38.83334 2.057585 6
v 34.33334 2.057585 6
v 36 2.057585 6.166667
v 38.83334 2.057585 6
v 36 2.057585 6.166667
v 36.16667 2.057585 6.5
v 42.5 2.057585 6
v 41.83334 2.057585 6
v 42.33334 2.057585 6.333333
v 20.83333 2.057585 10
v 19.66667 2.057585 10
v 21 2.057585 10.33333
v 21.16667 2.057585 9.666667
v 20.83333 2.057585 10
v 21 2.057585 10.33333
v 22.66667 2.057585 8.333334
v 22.66667 2.057585 7.666667
v 21.5 2.057585 6.333333
v 21.16667 2.057585 6.333333
v 21.16667 2.057585 9.666667
v 22.66667 2.057585 8.333334
v 5.166667 3.724252 9
v 7.166667 3.974252 9
v 8.166667 3.724252 8.166667
v 0.8333334 3.724252 8.166667
v 2.333333 3.724252 9
v 3.833333 3.724252 9
v 4.5 3.724252 9
v 5.166667 3.724252 9
v 8.166667 3.724252 8.166667
v 0.8333334 3.724252 8.166667
v 3.833333 3.724252 9
v 4.5 3.724252 9
v 0.8333334 3.724252 8.166667
v 10.83333 3.724252 8.5
v 11.5 3.724252 8.5
v 11.5 3.724252 8.166667
v 9 3.724252 8.166667
v 9.666667 3.724252 8.5
v 10 3.724252 8.5
v 10 3.724252 8.5
v 10.83333 3.724252 8.5
v 11.5 3.724252 8.166667
v 9 3.724252 8.166667
v 11.5 3.724252 8.5
v 10.83333 3.724252 8.5
v 11.66667 3.724252 8.666667
v 4.5 3.724252 9
v 3.833333 3.724252 9
v 4 3.724252 9.333334
v 7.166667 3.974252 9
v 5.166667 3.724252 9
v 5.5 3.974252 9.5
v 6.833333 4.140918 9.5
v 14.16667 5.057585 9.166667
v 13.33333 5.140918 9.166667
v 13.5 5.057585 9.5
v 20.66667 5.140918 10.16667
v 21.66667 5.057585 9.833334
v 22.16667 5.140918 9.166667
v 14.83333 5.057585 9.166667
v 16.5 5.057585 9.833334
v 17.83333 5.057585 11.5
v 20.5 5.057585 10.83333
v 20.66667 5.140918 10.16667
v 16.5 5.057585 9.833334
v 24.33333 2.057585 10
v 23.66667 2.057585 9.166667
v 23.5 2.057585 9.833334
v 23.16667 2.057585 12.83333
v 24.83333 2.057585 12.83333
v 24.16667 2.057585 12.16667
v 22.5 2.057585 12.16667
v 23.16667 2.057585 12.83333
v 24.16667 2.057585 12.16667
v 24.33333 2.057585 10
v 23.5 2.057585 9.833334
v 22.5 2.057585 10.83333
v 26 2.057585 12.83333
v 26.66667 2.057585 12.83333
v 26.83333 2.057585 12.5
v 26.16667 2.057585 13.66667
v 26.66667 2.057585 12.83333
v 26 2.057585 12.83333
v 26.16667 2.057585 13.66667
v 26 2.057585 12.83333
v 24.83333 2.057585 12.83333
v 24.83333 2.057585 12.83333
v 23.16667 2.057585 12.83333
v 24 2.057585 14.66667
v 26.16667 2.057585 13.66667
v 39.83334 2.057585 13.83333
v 39.5 2.057585 13
v 38.33334 2.057585 14
v 41 2.057585 14.5
v 39.83334 2.057585 13.83333
v 38.33334 2.057585 14
v 36.33334 2.057585 14.5
v 28.66667 2.057585 14.16667
v 30.33333 2.057585 14.16667
v 29.66667 2.057585 13.66667
v 42 2.057585 14.5
v 42.66667 2.057585 14.5
v 42.66667 2.057585 14
v 28.16667 2.057585 14.16667
v 27.5 2.057585 14.16667
v 26.66667 2.057585 14.83333
v 28.66667 2.057585 14.16667
v 28.16667 2.057585 14.16667
v 26.66667 2.057585 14.83333
v 31.16667 2.057585 14.83333
v 30.33333 2.057585 14.16667
v 28.66667 2.057585 14.16667
v 26.66667 2.057585 14.83333
v 32.5 2.057585 14.83333
v 32.5 2.057585 14.5
v 32.16667 2.057585 14.5
v 31.66667 2.057585 14.83333
v 9.666667 4.474252 5.666667
v 10.83333 4.890918 5.5
v 17.33333 5.224252 0
v 9.666667 4.474252 5.666667
v 17.33333 5.224252 0
v 0 3.724252 0
v 0 3.724252 8
v 8.166667 3.724252 8.166667
v 9.333334 3.724252 6.5
v 9.666667 4.474252 5.666667
v 0 3.724252 8
v 0.8333334 3.724252 8.166667
v 32.83334 2.057585 15.16667
v 32.5 2.057585 14.83333
v 31.66667 2.057585 14.83333
v 32.83334 2.057585 15.16667
v 31.66667 2.057585 14.83333
v 31.16667 2.057585 14.83333
v 26.16667 2.057585 15.16667
v 32.83334 2.057585 15.16667
v 31.16667 2.057585 14.83333
v 26.66667 2.057585 14.83333
v 6.833333 2.057585 15.83333
v 6.666667 2.057585 15.16667
v 5.5 2.057585 16.16667
v 5.5 2.057585 16.16667
v 4.5 2.057585 16.16667
v 3.5 2.057585 16.66667
v 8 2.057585 16.66667
v 8 2.057585 16.66667
v 6.833333 2.057585 15.83333
v 5.5 2.057585 16.16667
v 26.16667 2.057585 15.16667
v 25.83333 2.057585 15.16667
v 25.83333 2.057585 15.5
v 26 2.057585 35.16667
v 25.16667 2.057585 35.16667
v 25 2.057585 35.83334
v 26.16667 2.057585 37
v 25.66667 2.057585 22.33333
v 24.83333 2.057585 22.5
v 26 2.057585 23.66667
v 27 2.057585 31.33333
v 26 2.057585 32.16667
v 26.5 2.057585 32.83334
v 32.83334 2.057585 15.16667
v 26.83333 2.057585 17.16667
v 26.83333 2.057585 18.33333
v 26.83333 2.057585 18.33333
v 25.66667 2.057585 19.5
v 26.33333 2.057585 20.16667
v 26.16667 2.057585 15.16667
v 25.83333 2.057585 15.5
v 26.83333 2.057585 17.16667
v 32.83334 2.057585 15.16667
v 26.83333 2.057585 26.33333
v 26.83333 2.057585 27.33333
v 27.5 2.057585 28.33333
v 26.33333 2.057585 34.83334
v 26 2.057585 35.16667
v 26.16667 2.057585 37
v 27.5 2.057585 29.16667
v 26.83333 2.057585 29.66667
v 27 2.057585 31.33333
v 26.33333 2.057585 21.33333
v 25.66667 2.057585 22.33333
v 26 2.057585 23.66667
v 26 2.057585 23.66667
v 26 2.057585 24.5
v 26.83333 2.057585 26.33333
v 26.83333 2.057585 18.33333
v 26.33333 2.057585 20.16667
v 26.33333 2.057585 21.33333
v 27 2.057585 31.33333
v 26.5 2.057585 32.83334
v 26.33333 2.057585 34.83334
v 27 2.057585 38.83334
v 27 2.057585 41
v 27.5 2.057585 42.66667
v 26.33333 2.057585 34.83334
v 26.16667 2.057585 37
v 27 2.057585 38.83334
v 27.5 2.057585 29.16667
v 27 2.057585 31.33333
v 26 2.057585 23.66667
v 26.83333 2.057585 26.33333
v 27.5 2.057585 28.33333
v 26.83333 2.057585 18.33333
v 26.33333 2.057585 21.33333
v 26 2.057585 23.66667
v 27.5 2.057585 28.33333
v 34.33334 2.057585 15.16667
v 32.83334 2.057585 15.16667
v 3 2.057585 41.16667
v 4.666667 2.057585 41.16667
v 6.166667 2.057585 41
v 1.333333 2.057585 41
v 34.33334 2.057585 15.16667
v 27.5 2.057585 28.33333
v 27.5 2.057585 29.16667
v 9 2.057585 16.66667
v 10.16667 2.057585 16.66667
v 9.666667 2.057585 16.16667
v 11 2.057585 17.33333
v 10.16667 2.057585 16.66667
v 9 2.057585 16.66667
v 3.5 2.057585 16.66667
v 1.666667 2.057585 16.83333
v 1.333333 2.057585 17.33333
v 11 2.057585 17.33333
v 8 2.057585 16.66667
v 11 2.057585 17.33333
v 9 2.057585 16.66667
v 8 2.057585 16.66667
v 14 2.057585 17.33333
v 13.66667 2.057585 16.83333
v 13 2.057585 16.83333
v 11.83333 2.057585 17.33333
v 42.66667 2.057585 14.5
v 42 2.057585 14.5
v 34.33334 2.057585 15.16667
v 15.33333 2.057585 17.66667
v 14 2.057585 17.33333
v 11.83333 2.057585 17.33333
v 15.33333 2.057585 17.66667
v 11.83333 2.057585 17.33333
v 11 2.057585 17.33333
v 42 2.057585 14.5
v 41 2.057585 14.5
v 34.33334 2.057585 15.16667
v 16.16667 2.057585 17.66667
v 17.16667 2.057585 17.66667
v 17 2.057585 17.33333
v 17.16667 2.057585 19.33333
v 17.16667 2.057585 17.66667
v 16.16667 2.057585 17.66667
v 17.83333 2.057585 21.16667
v 18.16667 2.057585 20
v 17.16667 2.057585 19.33333
v 17.16667 2.057585 19.33333
v 16.16667 2.057585 17.66667
v 15.33333 2.057585 17.66667
v 8 2.057585 21.16667
v 17.83333 2.057585 21.16667
v 27.5 2.057585 29.16667
v 27 2.057585 38.83334
v 27.5 2.057585 42.66667
v 42.66667 2.057585 42.66667
v 42.66667 2.057585 14.5
v 34.33334 2.057585 15.16667
v 36.33334 2.057585 14.5
v 34.66667 2.057585 14.66667
v 34.33334 2.057585 15.16667
v 41 2.057585 14.5
v 3 2.057585 22.66667
v 4.5 2.057585 21.66667
v 1.333333 2.057585 17.33333
v 3 2.057585 22.66667
v 1.333333 2.057585 17.33333
v 0 2.057585 17.33333
v 0.8333334 2.057585 33.33334
v 3 2.057585 25.66667
v 6.666667 2.057585 21.16667
v 11 2.057585 17.33333
v 1.333333 2.057585 17.33333
v 4.5 2.057585 21.66667
v 2.833333 2.057585 32.33334
v 4.166667 2.057585 32.33334
v 4.333333 2.057585 28.16667
v 8 2.057585 21.16667
v 15.33333 2.057585 17.66667
v 11 2.057585 17.33333
v 6.666667 2.057585 21.16667
v 1.333333 2.057585 41
v 1.666667 2.057585 41.16667
v 3 2.057585 41.16667
v 1.333333 2.057585 41
v 1.333333 2.057585 41.16667
v 1.666667 2.057585 41.16667
v 2.833333 2.057585 32.33334
v 4.333333 2.057585 28.16667
v 3.833333 2.057585 27.83333
v 1.333333 2.057585 32.83334
v 13.16667 2.057585 40.5
v 14.33333 2.057585 41.5
v 14.83333 2.057585 41.5
v 14.83333 2.057585 41.5
v 15.83333 2.057585 41.5
v 17.33333 2.057585 40.5
v 13.16667 2.057585 40.5
v 18.33333 2.057585 26.33333
v 18.66667 2.057585 26.16667
v 18 2.057585 23.83333
v 18 2.057585 23.83333
v 18.16667 2.057585 21.5
v 17.83333 2.057585 21.16667
v 11.33333 2.057585 22.83333
v 11.66667 2.057585 24
v 17.33333 2.057585 29.33333
v 18.5 2.057585 28.16667
v 18.33333 2.057585 26.33333
v 17 2.057585 32.66667
v 17.33333 2.057585 32.16667
v 17.33333 2.057585 29.33333
v 11.83333 2.057585 29.5
v 11 2.057585 33
v 11.66667 2.057585 24
v 11.5 2.057585 27.5
v 11.83333 2.057585 27.83333
v 17.33333 2.057585 29.33333
v 18.33333 2.057585 26.33333
v 18 2.057585 23.83333
v 17.83333 2.057585 21.16667
v 9.666667 2.057585 21.5
v 11.33333 2.057585 22.83333
v 9.833334 2.057585 34.83334
v 8.5 2.057585 35.83334
v 16.83333 2.057585 35.83334
v 11 2.057585 33
v 9.833334 2.057585 34.83334
v 16.83333 2.057585 35.83334
v 17 2.057585 32.66667
v 17.83333 2.057585 21.16667
v 8 2.057585 21.16667
v 9.666667 2.057585 21.5
v 11.83333 2.057585 27.83333
v 11.83333 2.057585 29.5
v 17.33333 2.057585 29.33333
v 6.666667 2.057585 22.5
v 6.166667 2.057585 22.66667
v 6 2.057585 23.33333
v 5.166667 2.057585 24
v 4.166667 2.057585 24
v 4.5 2.057585 25.5
v 10.33333 2.057585 25.5
v 10.5 2.057585 24.5
v 10.16667 2.057585 23.33333
v 8.166667 2.057585 25.5
v 8.333334 2.057585 22.5
v 6.666667 2.057585 22.5
v 6 2.057585 23.33333
v 7.333333 2.057585 25.5
v 8.166667 2.057585 25.5
v 10.16667 2.057585 23.33333
v 6 2.057585 23.33333
v 5.166667 2.057585 24
v 4.5 2.057585 25.5
v 7.333333 2.057585 25.5
v 4.5 2.057585 25.5
v 4.833333 2.057585 27
v 5.833333 2.057585 26
v 7.333333 2.057585 25.5
v 4.5 2.057585 25.5
v 5.833333 2.057585 26
v 10.33333 2.057585 25.5
v 8.166667 2.057585 25.5
v 9.833334 2.057585 26.16667
v 10.33333 2.057585 26.16667
v 7.5 2.057585 26.83333
v 6 2.057585 27.83333
v 6.666667 2.057585 28.33333
v 7.833333 2.057585 28.5
v 9.666667 2.057585 27.66667
v 8.333334 2.057585 26.83333
v 8 2.057585 29.83333
v 10.33333 2.057585 29.83333
v 10.16667 2.057585 28.66667
v 5.5 2.057585 29.83333
v 6.5 2.057585 29.83333
v 5.5 2.057585 29.33333
v 6.666667 2.057585 34.16667
v 7.5 2.057585 34.5
v 8.5 2.057585 34.33334
v 5.833333 2.057585 33.16667
v 6.5 2.057585 29.83333
v 5.5 2.057585 29.83333
v 5.333333 2.057585 31.5
v 9.5 2.057585 33
v 10.33333 2.057585 29.83333
v 8 2.057585 29.83333
v 5.333333 2.057585 31.5
v 5.833333 2.057585 33.16667
v 8.5 2.057585 34.33334
v 8 2.057585 29.83333
v 6.5 2.057585 29.83333
v 5.333333 2.057585 31.5
v 4.333333 2.057585 34.16667
v 4.666667 2.057585 33.83334
v 3.666667 2.057585 33.5
v 2.5 2.057585 35.83334
v 3.833333 2.057585 36.5
v 4.5 2.057585 36.16667
v 4.333333 2.057585 34.16667
v 3.666667 2.057585 33.5
v 2.166667 2.057585 34.16667
v 7.5 2.057585 35.83334
v 7.166667 2.057585 35.83334
v 6.833333 2.057585 36.5
v 6.833333 2.057585 36.5
v 6 2.057585 36.5
v 5.5 2.057585 37.16667
v 8.5 2.057585 35.83334
v 7.5 2.057585 35.83334
v 6.833333 2.057585 36.5
v 8.5 2.057585 35.83334
v 6.833333 2.057585 36.5
v 5.5 2.057585 37.16667
v 16.66667 2.057585 37.83334
v 16.83333 2.057585 35.83334
v 4 2.057585 37.83334
v 16.66667 2.057585 37.83334
v 5.5 2.057585 37.16667
v 17 2.057585 40.16667
v 17 2.057585 38.5
v 16.66667 2.057585 37.83334
v 4 2.057585 37.83334
v 10.16667 2.057585 40.5
v 13.16667 2.057585 40.5
v 0.8333334 2.057585 33.33334
v 1.333333 2.057585 32.83334
v 3.833333 2.057585 27.83333
v 3 2.057585 25.66667
v 4 2.057585 37.83334
v 3.166667 2.057585 37.83334
v 0.6666667 2.057585 40.5
v 10.16667 2.057585 40.5
v 13.16667 2.057585 40.5
v 17.33333 2.057585 40.5
v 17 2.057585 40.16667
v 8.833334 2.057585 41
v 9.666667 2.057585 41
v 10.16667 2.057585 40.5
v 8.166667 2.057585 41
v 8.833334 2.057585 41
v 10.16667 2.057585 40.5
v 7 2.057585 41
v 8.166667 2.057585 41
v 10.16667 2.057585 40.5
v 6.166667 2.057585 41
v 7 2.057585 41
v 10.16667 2.057585 40.5
v 6.166667 2.057585 41
v 10.16667 2.057585 40.5
v 0.6666667 2.057585 40.5
v 1.333333 2.057585 41
v 17.66667 2.057585 41.5
v 17.83333 2.057585 40.83334
v 17.33333 2.057585 40.5
v 15.83333 2.057585 41.5
v 0.6666667 2.057585 40.5
v 3.166667 2.057585 37.83334
v 2.333333 2.057585 37.5
v 0 2.057585 40.16667
v 0.6666667 2.057585 40.5
v 2.333333 2.057585 37.5
v 1.333333 2.057585 36.5
v 0 2.057585 40.16667
v 0.8333334 2.057585 35.16667
v 0.8333334 2.057585 33.33334
v 0 2.057585 17.33333
v 0 2.057585 40.16667
v 1.333333 2.057585 36.5
v 0.8333334 2.057585 35.16667
v 53.83334 2.057585 4
v 53.83334 2.057585 2.5
v 52.66667 2.057585 2.5
v 53.83334 2.057585 4
v 52.66667 2.057585 2.5
v 52 2.057585 1.833333
v 46.16667 2.057585 5.5
v 54.5 2.057585 5.5
v 42.66667 2.057585 0
v 43 2.057585 5.5
v 46.16667 2.057585 5.5
v 52 2.057585 1.833333
v 51.5 2.057585 0
v 42.66667 2.057585 0
v 42.66667 2.057585 5.5
v 43 2.057585 5.5
v 58 2.057585 13.16667
v 57.66667 2.057585 13.16667
v 57.66667 2.057585 14.33333
v 60.83334 2.057585 7.833333
v 59.83334 2.057585 9
v 60.33334 2.057585 9.666667
v 61.16667 2.057585 6.833333
v 60.83334 2.057585 7.833333
v 60.33334 2.057585 9.666667
v 60.33334 2.057585 10.83333
v 68.66667 2.057585 15.33333
v 68.66667 2.057585 0
v 55.66667 2.057585 15.33333
v 68.66667 2.057585 15.33333
v 57.33334 2.057585 14.66667
v 61.66667 2.057585 2.666667
v 61.33334 2.057585 3.333333
v 61.16667 2.057585 6.833333
v 68.66667 2.057585 0
v 60.33334 2.057585 10.83333
v 58 2.057585 13.16667
v 57.66667 2.057585 14.33333
v 68.66667 2.057585 15.33333
v 68.66667 2.057585 0
v 61.16667 2.057585 0
v 61.66667 2.057585 1.333333
v 68.66667 2.057585 0
v 61.66667 2.057585 1.333333
v 61.66667 2.057585 2.666667
v 68.66667 2.057585 15.33333
v 57.66667 2.057585 14.33333
v 57.33334 2.057585 14.66667
v 42.66667 2.057585 5.833333
v 43 2.057585 5.5
v 42.66667 2.057585 5.5
v 53 2.057585 6.333333
v 53.33334 2.057585 6.333333
v 53.83334 2.057585 5.666667
v 51.66667 2.057585 6.333333
v 53 2.057585 6.333333
v 53.83334 2.057585 5.666667
v 46.16667 2.057585 5.5
v 47.16667 2.057585 6.333333
v 51.66667 2.057585 6.333333
v 53.83334 2.057585 5.666667
v 53.83334 2.057585 5.666667
v 54.5 2.057585 5.5
v 46.16667 2.057585 5.5
v 47.16667 2.057585 6.333333
v 47.16667 2.057585 6.5
v 47.5 2.057585 6.5
v 47.16667 2.057585 6.333333
v 47.5 2.057585 6.5
v 48.83334 2.057585 6.5
v 48.83334 2.057585 6.5
v 50.5 2.057585 6.5
v 51.66667 2.057585 6.333333
v 47.16667 2.057585 6.333333
v 50.5 2.057585 6.5
v 48.83334 2.057585 6.5
v 49.16667 2.057585 7
v 42.66667 2.057585 15.16667
v 44 2.057585 15.16667
v 42.66667 2.057585 14
v 53 2.057585 14.66667
v 53.83334 2.057585 14.66667
v 53.5 2.057585 14.16667
v 51.5 2.057585 14.66667
v 51.16667 2.057585 14.33333
v 50.33334 2.057585 14.33333
v 49.83334 2.057585 14.66667
v 54.66667 2.057585 15.33333
v 53.83334 2.057585 14.66667
v 53 2.057585 14.66667
v 49.83334 2.057585 14.66667
v 47.5 2.057585 15
v 47.33334 2.057585 15.33333
v 54.66667 2.057585 15.33333
v 51.5 2.057585 14.66667
v 54.66667 2.057585 15.33333
v 53 2.057585 14.66667
v 51.5 2.057585 14.66667
v 44.66667 2.057585 15.16667
v 45.33334 2.057585 15.16667
v 45.16667 2.057585 14.83333
v 45.66667 2.057585 15.5
v 45.33334 2.057585 15.16667
v 44.66667 2.057585 15.16667
v 68.66667 2.057585 42.66667
v 68.66667 2.057585 15.5
v 47.16667 2.057585 15.5
v 42.66667 2.057585 42.66667
v 47.16667 2.057585 15.5
v 45.66667 2.057585 15.5
v 42.66667 2.057585 42.66667
v 54.66667 2.057585 15.33333
v 47.33334 2.057585 15.33333
v 47.16667 2.057585 15.5
v 55.66667 2.057585 15.33333
v 54.66667 2.057585 15.33333
v 47.16667 2.057585 15.5
v 68.66667 2.057585 15.5
v 68.66667 2.057585 15.33333
v 55.66667 2.057585 15.33333
v 47.16667 2.057585 15.5
v 45.66667 2.057585 15.5
v 44.66667 2.057585 15.16667
v 44 2.057585 15.16667
v 45.66667 2.057585 15.5
v 44 2.057585 15.16667
v 42.66667 2.057585 15.16667
v 42.66667 2.057585 42.66667
v -180.1667 2.057585 47.83334
v -176.6667 2.057585 47.83334
v -177.8333 2.057585 46.16667
v -177.8333 2.057585 45.5
v -176.8333 2.057585 44.83334
v -177 2.057585 42.66667
v -180.1667 2.057585 47.83334
v -177.8333 2.057585 46.16667
v -177.8333 2.057585 45.5
v -177.8333 2.057585 45.5
v -177 2.057585 42.66667
v -180.1667 2.057585 42.66667
v -180.1667 2.057585 47.83334
v -175.8333 2.057585 42.66667
v -175.6667 2.057585 43.16667
v -175.1667 2.057585 43.16667
v -175.1667 2.057585 43.16667
v -173.6667 2.057585 43.33334
v -174 2.057585 42.66667
v -175.8333 2.057585 42.66667
v -175.1667 2.057585 43.16667
v -175.6667 2.057585 43.16667
v -175.6667 2.057585 43.66667
v -175.3333 2.057585 47.83334
v -176.6667 2.057585 47.83334
v -180.1667 2.057585 62.66667
v -170.6667 2.057585 62.66667
v -176.6667 2.057585 47.83334
v -180.1667 2.057585 47.83334
v -180.1667 2.057585 62.66667
v -173.5 2.057585 47.33334
v -174.8333 2.057585 47.33334
v -175.3333 2.057585 47.83334
v -170.6667 2.057585 62.66667
v -170.6667 2.057585 46.5
v -173.5 2.057585 47.33334
v -170.6667 2.057585 62.66667
v -169.6667 2.057585 46.5
v -169.6667 2.057585 45.66667
v -170.6667 2.057585 46.5
v -138 2.057585 49.16667
v -140.8333 2.057585 48.83334
v -141.8333 2.057585 48.83334
v -167.3333 2.057585 47.16667
v -166.3333 2.057585 47.16667
v -166.8333 2.057585 46.66667
v -146 2.057585 47.33334
v -146.1667 2.057585 46.66667
v -147.3333 2.057585 47.66667
v -147.3333 2.057585 47.66667
v -148.5 2.057585 47.66667
v -149.5 2.057585 48.16667
v -144.8333 2.057585 48.16667
v -144.8333 2.057585 48.16667
v -146 2.057585 47.33334
v -147.3333 2.057585 47.66667
v -129.8333 2.057585 46.66667
v -130 2.057585 47
v -129.5 2.057585 47.33334
v -128.8333 2.057585 47.66667
v -131.3333 2.057585 50
v -132.1667 2.057585 50.16667
v -128 2.057585 62.66667
v -128.8333 2.057585 47.66667
v -129.5 2.057585 47.33334
v -129.6667 2.057585 48.33334
v -138 2.057585 49.16667
v -141.8333 2.057585 48.83334
v -151.8333 2.057585 48.83334
v -165.6667 2.057585 47.83334
v -166.3333 2.057585 47.16667
v -167.3333 2.057585 47.16667
v -128 2.057585 62.66667
v -132.1667 2.057585 50.16667
v -132.6667 2.057585 50.16667
v -128 2.057585 47.83334
v -128.8333 2.057585 47.66667
v -129.6667 2.057585 48.33334
v -131.3333 2.057585 50
v -128 2.057585 62.66667
v -158.1667 2.057585 47.5
v -158.3333 2.057585 47.16667
v -159 2.057585 47.16667
v -159.5 2.057585 47.5
v -156.3333 2.057585 47.5
v -155.6667 2.057585 47.5
v -156 2.057585 47.16667
v -154.6667 2.057585 48.33334
v -155.6667 2.057585 47.5
v -156.3333 2.057585 47.5
v -159.5 2.057585 47.5
v -161.8333 2.057585 47.83334
v -162.3333 2.057585 48.33334
v -154.6667 2.057585 48.33334
v -158.1667 2.057585 47.5
v -154.6667 2.057585 48.33334
v -156.3333 2.057585 47.5
v -158.1667 2.057585 47.5
v -163.6667 2.057585 48.33334
v -164.1667 2.057585 47.66667
v -165.6667 2.057585 47.83334
v -132.6667 2.057585 50.16667
v -136 2.057585 49.16667
v -138 2.057585 49.16667
v -143.6667 2.057585 48.16667
v -142.6667 2.057585 48.16667
v -143.1667 2.057585 47.66667
v -141.8333 2.057585 48.83334
v -142.6667 2.057585 48.16667
v -143.6667 2.057585 48.16667
v -149.5 2.057585 48.16667
v -151.1667 2.057585 48.33334
v -151.8333 2.057585 48.83334
v -141.8333 2.057585 48.83334
v -144.8333 2.057585 48.16667
v -141.8333 2.057585 48.83334
v -143.6667 2.057585 48.16667
v -144.8333 2.057585 48.16667
v -152.8333 2.057585 48.83334
v -153.3333 2.057585 48.33334
v -154 2.057585 48.33334
v -152.8333 2.057585 48.83334
v -154 2.057585 48.33334
v -154.6667 2.057585 48.33334
v -165.6667 2.057585 47.83334
v -167.3333 2.057585 47.16667
v -168.6667 2.057585 47.16667
v -132.6667 2.057585 50.16667
v -133.8333 2.057585 49.16667
v -136 2.057585 49.16667
v -138 2.057585 49.16667
v -151.8333 2.057585 48.83334
v -152.8333 2.057585 48.83334
v -138.8333 2.057585 48.83334
v -139.3333 2.057585 48.33334
v -139.8333 2.057585 48.33334
v -140.8333 2.057585 48.83334
v -136 2.057585 49.16667
v -133.8333 2.057585 49.16667
v -135.5 2.057585 48.66667
v -138 2.057585 49.16667
v -138.8333 2.057585 48.83334
v -140.8333 2.057585 48.83334
v -168.6667 2.057585 47.16667
v -169.6667 2.057585 46.5
v -170.6667 2.057585 46.5
v -170.6667 2.057585 62.66667
v -163.6667 2.057585 48.33334
v -165.6667 2.057585 47.83334
v -168.6667 2.057585 47.16667
v -170.6667 2.057585 62.66667
v -152.8333 2.057585 48.83334
v -154.6667 2.057585 48.33334
v -162.3333 2.057585 48.33334
v -152.8333 2.057585 48.83334
v -162.3333 2.057585 48.33334
v -163.6667 2.057585 48.33334
v -170.6667 2.057585 62.66667
v -128 2.057585 62.66667
v -132.6667 2.057585 50.16667
v -138 2.057585 49.16667
v -152.8333 2.057585 48.83334
v -170.6667 2.057585 62.66667
v -119.8333 2.057585 46.83334
v -120 2.057585 46.16667
v -121.1667 2.057585 47.16667
v -121.1667 2.057585 47.16667
v -122.1667 2.057585 47.16667
v -123.1667 2.057585 47.66667
v -118.8333 2.057585 47.66667
v -118.8333 2.057585 47.66667
v -119.8333 2.057585 46.83334
v -121.1667 2.057585 47.16667
v -117.5 2.057585 47.66667
v -116.5 2.057585 47.66667
v -117 2.057585 47.16667
v -96 2.057585 48
v -96.33333 2.057585 47.16667
v -97.5 2.057585 48.16667
v -97.5 2.057585 48.16667
v -98.66666 2.057585 48.16667
v -99.66666 2.057585 48.66667
v -95 2.057585 48.66667
v -96 2.057585 48
v -97.5 2.057585 48.16667
v -99.66666 2.057585 48.66667
v -88 2.057585 49.66667
v -92 2.057585 49.33334
v -102 2.057585 49.33334
v -115.8333 2.057585 48.33334
v -116.5 2.057585 47.66667
v -117.5 2.057585 47.66667
v -123.1667 2.057585 47.66667
v -125 2.057585 47.83334
v -125.5 2.057585 48.33334
v -115.8333 2.057585 48.33334
v -118.8333 2.057585 47.66667
v -115.8333 2.057585 48.33334
v -117.5 2.057585 47.66667
v -118.8333 2.057585 47.66667
v -109.6667 2.057585 48
v -108.1667 2.057585 48
v -109.1667 2.057585 47.66667
v -106.5 2.057585 48
v -105.6667 2.057585 48
v -106.1667 2.057585 47.66667
v -104.6667 2.057585 48.83334
v -105.6667 2.057585 48
v -106.5 2.057585 48
v -109.6667 2.057585 48
v -112 2.057585 48.33334
v -112.5 2.057585 48.83334
v -104.6667 2.057585 48.83334
v -108.1667 2.057585 48
v -104.6667 2.057585 48.83334
v -106.5 2.057585 48
v -108.1667 2.057585 48
v -92.83333 2.057585 48.66667
v -93 2.057585 48.16667
v -93.33333 2.057585 48.16667
v -93.83333 2.057585 48.66667
v -113.8333 2.057585 48.83334
v -114.1667 2.057585 48.33334
v -114.6667 2.057585 48.33334
v -85.33333 2.057585 62.66667
v -86.16666 2.057585 49.66667
v -88 2.057585 49.66667
v -113.8333 2.057585 48.83334
v -114.6667 2.057585 48.33334
v -115.8333 2.057585 48.33334
v -85.33333 2.057585 62.66667
v -85.33333 2.057585 49.66667
v -86.16666 2.057585 49.66667
v -113.8333 2.057585 48.83334
v -115.8333 2.057585 48.33334
v -125.5 2.057585 48.33334
v -104.1667 2.057585 48.83334
v -103.3333 2.057585 48.83334
v -103.5 2.057585 48.5
v -92 2.057585 49.33334
v -92.83333 2.057585 48.66667
v -93.83333 2.057585 48.66667
v -99.66666 2.057585 48.66667
v -101.3333 2.057585 48.83334
v -102 2.057585 49.33334
v -92 2.057585 49.33334
v -95 2.057585 48.66667
v -92 2.057585 49.33334
v -93.83333 2.057585 48.66667
v -95 2.057585 48.66667
v -102.8333 2.057585 49.33334
v -103.3333 2.057585 48.83334
v -104.1667 2.057585 48.83334
v -102.8333 2.057585 49.33334
v -104.1667 2.057585 48.83334
v -104.6667 2.057585 48.83334
v -102.8333 2.057585 49.33334
v -104.6667 2.057585 48.83334
v -112.5 2.057585 48.83334
v -102.8333 2.057585 49.33334
v -112.5 2.057585 48.83334
v -113.8333 2.057585 48.83334
v -88 2.057585 49.66667
v -102 2.057585 49.33334
v -102.8333 2.057585 49.33334
v -89 2.057585 49.33334
v -89.5 2.057585 48.83334
v -90 2.057585 48.83334
v -91 2.057585 49.33334
v -86.16666 2.057585 49.66667
v -85.33333 2.057585 49.66667
v -85.33333 2.057585 49.16667
v -88 2.057585 49.66667
v -89 2.057585 49.33334
v -91 2.057585 49.33334
v -88 2.057585 49.66667
v -91 2.057585 49.33334
v -92 2.057585 49.33334
v -126.6667 2.057585 48.33334
v -127.1667 2.057585 47.66667
v -128 2.057585 47.83334
v -128 2.057585 62.66667
v -113.8333 2.057585 48.83334
v -125.5 2.057585 48.33334
v -126.6667 2.057585 48.33334
v -128 2.057585 62.66667
v -85.33333 2.057585 62.66667
v -102.8333 2.057585 49.33334
v -85.33333 2.057585 62.66667
v -88 2.057585 49.66667
v -102.8333 2.057585 49.33334
v -66.83334 2.057585 48.33334
v -67 2.057585 47.66667
v -68.16667 2.057585 48.66667
v -68.16667 2.057585 48.66667
v -69 2.057585 48.66667
v -70 2.057585 49.16667
v -65.66667 2.057585 49.16667
v -66.83334 2.057585 48.33334
v -68.16667 2.057585 48.66667
v -70 2.057585 49.16667
v -79.83334 2.057585 48.83334
v -78.5 2.057585 48.83334
v -79.66667 2.057585 48
v -42.66667 2.057585 49.5
v -43.16667 2.057585 48.16667
v -44.5 2.057585 49.33334
v -85.33334 2.057585 62.66667
v -42.66667 2.057585 62.66667
v -50 2.057585 50.5
v -81.5 2.057585 50.5
v -77.5 2.057585 48.83334
v -76.33334 2.057585 48.83334
v -76.83334 2.057585 48.33334
v -63.5 2.057585 49.16667
v -63.66667 2.057585 48.66667
v -64 2.057585 48.66667
v -64.5 2.057585 49.16667
v -78.5 2.057585 48.83334
v -79.83334 2.057585 48.83334
v -80.33334 2.057585 49.5
v -75.5 2.057585 49.5
v -76.33334 2.057585 48.83334
v -77.5 2.057585 48.83334
v -80.33334 2.057585 49.5
v -75.5 2.057585 49.5
v -77.5 2.057585 48.83334
v -78.5 2.057585 48.83334
v -56.5 2.057585 49.33334
v -55.16667 2.057585 49.33334
v -56 2.057585 49
v -53.5 2.057585 49.33334
v -52.66667 2.057585 49.33334
v -53.16667 2.057585 49
v -44.5 2.057585 49.33334
v -48.16667 2.057585 50
v -48.66667 2.057585 50.5
v -42.66667 2.057585 62.66667
v -42.66667 2.057585 49.5
v -74.66667 2.057585 49.5
v -74 2.057585 49.5
v -74.16667 2.057585 49.16667
v -62.66667 2.057585 49.83334
v -63.5 2.057585 49.16667
v -64.5 2.057585 49.16667
v -70 2.057585 49.16667
v -71.83334 2.057585 49.33334
v -72.16667 2.057585 49.83334
v -62.66667 2.057585 49.83334
v -65.66667 2.057585 49.16667
v -62.66667 2.057585 49.83334
v -64.5 2.057585 49.16667
v -65.66667 2.057585 49.16667
v -52 2.057585 50
v -52.66667 2.057585 49.33334
v -53.5 2.057585 49.33334
v -52 2.057585 50
v -53.5 2.057585 49.33334
v -55.16667 2.057585 49.33334
v -59.16667 2.057585 50
v -52 2.057585 50
v -55.16667 2.057585 49.33334
v -56.5 2.057585 49.33334
v -73.66667 2.057585 49.83334
v -74 2.057585 49.5
v -74.66667 2.057585 49.5
v -73.66667 2.057585 49.83334
v -74.66667 2.057585 49.5
v -75.5 2.057585 49.5
v -80.83334 2.057585 49.83334
v -73.66667 2.057585 49.83334
v -75.5 2.057585 49.5
v -80.33334 2.057585 49.5
v -60.66667 2.057585 50.33334
v -61.16667 2.057585 49.83334
v -61.83334 2.057585 49.83334
v -60.66667 2.057585 50.33334
v -61.83334 2.057585 49.83334
v -62.66667 2.057585 49.83334
v -73.66667 2.057585 49.83334
v -80.83334 2.057585 49.83334
v -81.33334 2.057585 50.33334
v -72.16667 2.057585 49.83334
v -73.66667 2.057585 49.83334
v -81.33334 2.057585 50.33334
v -60.66667 2.057585 50.33334
v -62.66667 2.057585 49.83334
v -72.16667 2.057585 49.83334
v -81.33334 2.057585 50.33334
v -50.16667 2.057585 50.33334
v -50.33334 2.057585 50
v -50.66667 2.057585 50
v -50.16667 2.057585 50.33334
v -50.66667 2.057585 50
v -52 2.057585 50
v -59.83334 2.057585 50.33334
v -50.16667 2.057585 50.33334
v -52 2.057585 50
v -59.16667 2.057585 50
v -50 2.057585 50.5
v -50.16667 2.057585 50.33334
v -59.83334 2.057585 50.33334
v -50 2.057585 50.5
v -59.83334 2.057585 50.33334
v -60.66667 2.057585 50.33334
v -81.5 2.057585 50.5
v -50 2.057585 50.5
v -60.66667 2.057585 50.33334
v -81.33334 2.057585 50.33334
v -42.66667 2.057585 62.66667
v -48.66667 2.057585 50.5
v -50 2.057585 50.5
v -81.5 2.057585 50.5
v -83 2.057585 50.5
v -85.33334 2.057585 62.66667
v -83 2.057585 50.5
v -84 2.057585 49.5
v -85.33334 2.057585 49.16667
v -85.33334 2.057585 62.66667
v -18.5 2.057585 48.5
v -19.5 2.057585 48.5
v -20 2.057585 48.83334
v -16.83333 2.057585 48.16667
v -17 2.057585 47.33334
v -18.5 2.057585 48.5
v -16.16667 2.057585 48.83334
v -16.83333 2.057585 48.16667
v -18.5 2.057585 48.5
v -20 2.057585 48.83334
v -26.66667 2.057585 49.16667
v -25.66667 2.057585 49.16667
v -27 2.057585 48.16667
v -14.5 2.057585 48.83334
v -13.66667 2.057585 48.83334
v -14 2.057585 48.33334
v -3.833332 2.057585 49.16667
v -2.666668 2.057585 49.16667
v -3.333332 2.057585 48.66667
v -12.83333 2.057585 49.5
v -13.66667 2.057585 48.83334
v -14.5 2.057585 48.83334
v -20 2.057585 48.83334
v -22 2.057585 49.16667
v -22.33333 2.057585 49.5
v -12.83333 2.057585 49.5
v -16.16667 2.057585 48.83334
v -12.83333 2.057585 49.5
v -14.5 2.057585 48.83334
v -16.16667 2.057585 48.83334
v -7 2.057585 49.16667
v -4.833332 2.057585 49.16667
v -6.5 2.057585 48.83334
v -23.83333 2.057585 49.66667
v -24.16667 2.057585 49.16667
v -24.66667 2.057585 49.16667
v -25.66667 2.057585 49.16667
v -26.66667 2.057585 49.16667
v -26.83333 2.057585 49.66667
v -23.83333 2.057585 49.66667
v -24.66667 2.057585 49.16667
v -25.66667 2.057585 49.16667
v -26.83333 2.057585 49.66667
v -1.833332 2.057585 49.83334
v -2.666668 2.057585 49.16667
v -3.833332 2.057585 49.16667
v -7 2.057585 49.16667
v -9.166668 2.057585 49.5
v -9.333332 2.057585 49.83334
v -1.833332 2.057585 49.83334
v -4.833332 2.057585 49.16667
v -1.833332 2.057585 49.83334
v -3.833332 2.057585 49.16667
v -4.833332 2.057585 49.16667
v -40.5 2.057585 49.66667
v -39.83334 2.057585 49.66667
v -40.33334 2.057585 49.33334
v -42.66667 2.057585 49.66667
v -42.33334 2.057585 49.66667
v -42.66667 2.057585 49.5
v -11.33333 2.057585 49.66667
v -11.33333 2.057585 49.5
v -11.66667 2.057585 49.5
v -11.33333 2.057585 49.66667
v -11.66667 2.057585 49.5
v -12.83333 2.057585 49.5
v -22.66667 2.057585 49.66667
v -11.33333 2.057585 49.66667
v -12.83333 2.057585 49.5
v -22.33333 2.057585 49.5
v -1.166668 2.057585 49.83334
v -0.5 2.057585 49.83334
v -0.6666679 2.057585 49.5
v -11 2.057585 50
v -27 2.057585 50
v -28.5 2.057585 51.5
v -39.16667 2.057585 50.33334
v -39.83334 2.057585 49.66667
v -40.5 2.057585 49.66667
v -28.5 2.057585 51.5
v -29.83333 2.057585 51.5
v -42.66667 2.057585 62.66667
v -23.83333 2.057585 49.66667
v -26.83333 2.057585 49.66667
v -27 2.057585 50
v -22.66667 2.057585 49.66667
v -23.83333 2.057585 49.66667
v -27 2.057585 50
v -11 2.057585 50
v -11.33333 2.057585 49.66667
v -22.66667 2.057585 49.66667
v -27 2.057585 50
v -37.66667 2.057585 50.33334
v -36 2.057585 50.33334
v -36.83334 2.057585 49.83334
v -0.3333321 2.057585 50
v -0.5 2.057585 49.83334
v -1.166668 2.057585 49.83334
v -0.3333321 2.057585 50
v -1.166668 2.057585 49.83334
v -1.833332 2.057585 49.83334
v -9.666668 2.057585 50
v -0.3333321 2.057585 50
v -1.833332 2.057585 49.83334
v -9.333332 2.057585 49.83334
v 0 2.057585 50.16667
v -9.666668 2.057585 50
v -11 2.057585 50
v -28.5 2.057585 51.5
v -42.66667 2.057585 62.66667
v 0 2.057585 62.66667
v 0 2.057585 50.16667
v -0.3333321 2.057585 50
v -9.666668 2.057585 50
v -29.83333 2.057585 51.5
v -33 2.057585 50.66667
v -35.16667 2.057585 50.66667
v -33 2.057585 50.66667
v -30.83333 2.057585 50.66667
v -32.66667 2.057585 50.16667
v -35.16667 2.057585 50.66667
v -36 2.057585 50.33334
v -37.66667 2.057585 50.33334
v -29.83333 2.057585 51.5
v -30.83333 2.057585 50.66667
v -33 2.057585 50.66667
v -39.16667 2.057585 50.33334
v -40.5 2.057585 49.66667
v -42.33334 2.057585 49.66667
v -39.16667 2.057585 50.33334
v -42.33334 2.057585 49.66667
v -42.66667 2.057585 49.66667
v -42.66667 2.057585 62.66667
v -35.16667 2.057585 50.66667
v -37.66667 2.057585 50.33334
v -39.16667 2.057585 50.33334
v -42.66667 2.057585 62.66667
v -29.83333 2.057585 51.5
v 17.83333 2.057585 42.66667
v 16.66667 2.057585 42.66667
v 17.33333 2.057585 43.5
v 19 2.057585 44
v 19 2.057585 43.66667
v 0 2.057585 62.66667
v 21.33333 2.057585 51.16667
v 19.83333 2.057585 51.16667
v 42.66667 2.057585 42.66667
v 27.5 2.057585 42.66667
v 27.33333 2.057585 45.66667
v 42.66667 2.057585 42.66667
v 26.5 2.057585 48.66667
v 26.16667 2.057585 49
v 18 2.057585 47.33334
v 17.66667 2.057585 47.5
v 17.83333 2.057585 48
v 18.33333 2.057585 48
v 18 2.057585 47.33334
v 18.33333 2.057585 48
v 18.83333 2.057585 48
v 19.66667 2.057585 48
v 20.5 2.057585 47.83334
v 20.5 2.057585 47.5
v 18 2.057585 46.66667
v 18 2.057585 47.33334
v 18.83333 2.057585 48
v 6.833333 2.057585 48.83334
v 6.666667 2.057585 48
v 5.5 2.057585 49
v 5.5 2.057585 49
v 4.5 2.057585 49
v 3.5 2.057585 49.5
v 7.833333 2.057585 49.5
v 6.833333 2.057585 48.83334
v 5.5 2.057585 49
v 3.5 2.057585 49.5
v 19.66667 2.057585 48
v 18.83333 2.057585 48
v 19 2.057585 48.33334
v 19.5 2.057585 48.33334
v 9.166667 2.057585 49.5
v 10.16667 2.057585 49.5
v 9.666667 2.057585 49
v 23.83333 2.057585 49
v 23.16667 2.057585 49
v 23 2.057585 49.66667
v 26.16667 2.057585 49
v 23.83333 2.057585 49
v 23 2.057585 49.66667
v 27.33333 2.057585 45.66667
v 26.33333 2.057585 47
v 26.5 2.057585 48.66667
v 42.66667 2.057585 42.66667
v 11 2.057585 50.16667
v 10.16667 2.057585 49.5
v 9.166667 2.057585 49.5
v 3.5 2.057585 49.5
v 1.666667 2.057585 49.66667
v 1.333333 2.057585 50.16667
v 11 2.057585 50.16667
v 7.833333 2.057585 49.5
v 11 2.057585 50.16667
v 9.166667 2.057585 49.5
v 7.833333 2.057585 49.5
v 14 2.057585 50.16667
v 13.66667 2.057585 49.66667
v 12.83333 2.057585 49.66667
v 11.83333 2.057585 50.16667
v 19 2.057585 50.16667
v 17.16667 2.057585 50
v 17 2.057585 50.33334
v 19.16667 2.057585 50.5
v 19 2.057585 50.16667
v 17 2.057585 50.33334
v 16 2.057585 50.5
v 42.66667 2.057585 62.66667
v 42.66667 2.057585 42.66667
v 26.16667 2.057585 49
v 21.33333 2.057585 51.16667
v 0 2.057585 62.66667
v 15.33333 2.057585 50.5
v 14 2.057585 50.16667
v 11.83333 2.057585 50.16667
v 15.33333 2.057585 50.5
v 11.83333 2.057585 50.16667
v 11 2.057585 50.16667
v 26.16667 2.057585 49
v 23 2.057585 49.66667
v 21.33333 2.057585 51.16667
v 19.83333 2.057585 51.16667
v 19.16667 2.057585 50.5
v 16 2.057585 50.5
v 19.83333 2.057585 51.16667
v 16 2.057585 50.5
v 15.33333 2.057585 50.5
v 19.83333 2.057585 51.16667
v 15.33333 2.057585 50.5
v 11 2.057585 50.16667
v 1.333333 2.057585 50.16667
v 0 2.057585 62.66667
v 1.333333 2.057585 50.16667
v 0 2.057585 50.16667
v 0 2.057585 62.66667
v 42.66667 2.057585 62.66667
v 68.66667 2.057585 62.66667
v 68.66667 2.057585 42.66667
v 42.66667 2.057585 42.66667
f 1 2 3
f 1 3 4
f 5 6 7
f 5 7 8
f 9 10 11
f 9 11 12
f 13 14 15
f 16 17 18
f 19 20 21
f 19 21 22
f 23 24 25
f 23 25 26
f 27 28 29
f 30 31 32
f 30 32 33
f 34 35 36
f 34 36 37
f 38 39 40
f 38 40 41
f 42 43 44
f 42 44 45
f 46 47 48
f 49 50 51
f 52 53 54
f 55 56 57
f 58 59 60
f 58 60 61
f 62 63 64
f 65 66 67
f 68 69 70
f 71 72 73
f 74 75 76
f 74 76 77
f 74 77 78
f 79 80 81
f 82 83 84
f 85 86 87
f 88 89 90
f 91 92 93
f 94 95 96
f 94 96 97
f 98 99 100
f 98 100 101
f 102 103 104
f 105 106 107
f 105 107 108
f 105 108 109
f 110 111 112
f 113 114 115
f 116 117 118
f 119 120 121
f 122 123 124
f 125 126 127
f 125 127 128
f 125 128 129
f 130 131 132
f 133 134 135
f 136 137 138
f 139 140 141
f 139 141 142
f 143 144 145
f 146 147 148
f 149 150 151
f 152 153 154
f 152 154 155
f 156 157 158
f 159 160 161
f 159 161 162
f 163 164 165
f 166 167 168
f 169 170 171
f 172 173 174
f 172 174 175
f 176 177 178
f 179 180 181
f 182 183 184
f 185 186 187
f 188 189 190
f 188 190 191
f 192 193 194
f 195 196 197
f 195 197 198
f 199 200 201
f 202 203 204
f 205 206 207
f 208 209 210
f 208 210 211
f 208 211 212
f 208 212 213
f 214 215 216
f 214 216 217
f 214 217 218
f 219 220 221
f 219 221 222
f 223 224 225
f 226 227 228
f 226 228 229
f 226 229 230
f 231 232 233
f 234 235 236
f 237 238 239
f 240 241 242
f 243 244 245
f 246 247 248
f 249 250 251
f 249 251 252
f 249 252 253
f 254 255 256
f 257 258 259
f 257 259 260
f 261 262 263
f 264 265 266
f 267 268 269
f 270 271 272
f 273 274 275
f 276 277 278
f 279 280 281
f 282 283 284
f 282 284 285
f 282 285 286
f 287 288 289
f 290 291 292
f 290 292 293
f 290 293 294
f 290 294 295
f 296 297 298
f 299 300 301
f 302 303 304
f 305 306 307
f 305 307 308
f 309 310 311
f 312 313 314
f 315 316 317
f 315 317 318
f 319 320 321
f 322 323 324
f 322 324 325
f 322 325 326
f 327 328 329
f 330 331 332
f 333 334 335
f 333 335 336
f 337 338 339
f 340 341 342
f 343 344 345
f 346 347 348
f 346 348 349
f 350 351 352
f 353 354 355
f 356 357 358
f 359 360 361
f 359 361 362
f 363 364 365
f 363 365 366
f 367 368 369
f 370 371 372
f 370 372 373
f 374 375 376
f 377 378 379
f 377 379 380
f 381 382 383
f 381 383 384
f 385 386 387
f 388 389 390
f 391 392 393
f 394 395 396
f 397 398 399
f 397 399 400
f 401 402 403
f 404 405 406
f 407 408 409
f 410 411 412
f 413 414 415
f 413 415 416
f 417 418 419
f 420 421 422
f 423 424 425
f 423 425 426
f 427 428 429
f 430 431 432
f 433 434 435
f 436 437 438
f 439 440 441
f 439 441 442
f 443 444 445
f 443 445 446
f 447 448 449
f 447 449 450
f 451 452 453
f 454 455 456
f 454 456 457
f 458 459 460
f 461 462 463
f 464 465 466
f 467 468 469
f 470 471 472
f 473 474 475
f 476 477 478
f 479 480 481
f 479 481 482
f 483 484 485
f 486 487 488
f 489 490 491
f 492 493 494
f 495 496 497
f 495 497 498
f 495 498 499
f 500 501 502
f 503 504 505
f 506 507 508
f 509 510 511
f 512 513 514
f 515 516 517
f 518 519 520
f 521 522 523
f 524 525 526
f 527 528 529
f 527 529 530
f 531 532 533
f 534 535 536
f 534 536 537
f 538 539 540
f 541 542 543
f 544 545 546
f 547 548 549
f 550 551 552
f 550 552 553
f 554 555 556
f 557 558 559
f 557 559 560
f 561 562 563
f 564 565 566
f 564 566 567
f 568 569 570
f 571 572 573
f 571 573 574
f 571 574 575
f 576 577 578
f 579 580 581
f 582 583 584
f 585 586 587
f 588 589 590
f 591 592 593
f 594 595 596
f 597 598 599
f 600 601 602
f 603 604 605
f 606 607 608
f 609 610 611
f 612 613 614
f 615 616 617
f 618 619 620
f 618 620 621
f 622 623 624
f 625 626 627
f 628 629 630
f 631 632 633
f 634 635 636
f 637 638 639
f 640 641 642
f 640 642 643
f 640 643 644
f 645 646 647
f 648 649 650
f 651 652 653
f 651 653 654
f 655 656 657
f 658 659 660
f 661 662 663
f 661 663 664
f 665 666 667
f 668 669 670
f 671 672 673
f 671 673 674
f 675 676 677
f 678 679 680
f 681 682 683
f 681 683 684
f 685 686 687
f 688 689 690
f 691 692 693
f 694 695 696
f 694 696 697
f 698 699 700
f 698 700 701
f 702 703 704
f 702 704 705
f 702 705 706
f 707 708 709
f 710 711 712
f 713 714 715
f 716 717 718
f 719 720 721
f 722 723 724
f 722 724 725
f 722 725 726
f 722 726 727
f 728 729 730
f 728 730 731
f 728 731 732
f 733 734 735
f 736 737 738
f 736 738 739
f 740 741 742
f 740 742 743
f 740 743 744
f 745 746 747
f 748 749 750
f 751 752 753
f 751 753 754
f 755 756 757
f 755 757 758
f 759 760 761
f 762 763 764
f 765 766 767
f 768 769 770
f 771 772 773
f 774 775 776
f 777 778 779
f 777 779 780
f 777 780 781
f 782 783 784
f 782 784 785
f 782 785 786
f 782 786 787
f 788 789 790
f 791 792 793
f 791 793 794
f 791 794 795
f 796 797 798
f 796 798 799
f 800 801 802
f 800 802 803
f 804 805 806
f 807 808 809
f 810 811 812
f 813 814 815
f 816 817 818
f 816 818 819
f 820 821 822
f 823 824 825
f 826 827 828
f 829 830 831
f 832 833 834
f 835 836 837
f 838 839 840
f 841 842 843
f 844 845 846
f 847 848 849
f 850 851 852
f 853 854 855
f 853 855 856
f 853 856 857
f 853 857 858
f 859 860 861
f 859 861 862
f 863 864 865
f 863 865 866
f 867 868 869
f 870 871 872
f 870 872 873
f 874 875 876
f 874 876 877
f 878 879 880
f 881 882 883
f 884 885 886
f 887 888 889
f 887 889 890
f 887 890 891
f 892 893 894
f 895 896 897
f 898 899 900
f 901 902 903
f 904 905 906
f 907 908 909
f 907 909 910
f 907 910 911
f 907 911 912
f 913 914 915
f 916 917 918
f 919 920 921
f 919 921 922
f 923 924 925
f 923 925 926
f 927 928 929
f 927 929 930
f 927 930 931
f 927 931 932
f 933 934 935
f 936 937 938
f 936 938 939
f 940 941 942
f 943 944 945
f 943 945 946
f 947 948 949
f 947 949 950
f 951 952 953
f 954 955 956
f 954 956 957
f 958 959 960
f 961 962 963
f 961 963 964
f 965 966 967
f 965 967 968
f 965 968 969
f 965 969 970
f 971 972 973
f 971 973 974
f 975 976 977
f 978 979 980
f 978 980 981
f 978 981 982
f 978 982 983
f 984 985 986
f 987 988 989
f 990 991 992
f 993 994 995
f 996 997 998
f 996 998 999
f 996 999 1000
f 996 1000 1001
f 1002 1003 1004
f 1005 1006 1007
f 1008 1009 1010
f 1008 1010 1011
f 1012 1013 1014
f 1012 1014 1015
f 1016 1017 1018
f 1019 1020 1021
f 1022 1023 1024
f 1025 1026 1027
f 1025 1027 1028
f 1025 1028 1029
f 1030 1031 1032
f 1033 1034 1035
f 1036 1037 1038
f 1039 1040 1041
f 1039 1041 1042
f 1043 1044 1045
f 1046 1047 1048
f 1049 1050 1051
f 1052 1053 1054
f 1055 1056 1057
f 1055 1057 1058
f 1055 1058 1059
f 1060 1061 1062
f 1063 1064 1065
f 1066 1067 1068
f 1069 1070 1071
f 1072 1073 1074
f 1072 1074 1075
f 1072 1075 1076
f 1077 1078 1079
f 1080 1081 1082
f 1083 1084 1085
f 1083 1085 1086
f 1083 1086 1087
f 1088 1089 1090
f 1091 1092 1093
f 1094 1095 1096
f 1097 1098 1099
f 1100 1101 1102
f 1100 1102 1103
f 1104 1105 1106
f 1107 1108 1109
f 1107 1109 1110
f 1111 1112 1113
f 1114 1115 1116
f 1114 1116 1117
f 1118 1119 1120
f 1121 1122 1123
f 1124 1125 1126
f 1124 1126 1127
f 1128 1129 1130
f 1131 1132 1133
f 1134 1135 1136
f 1134 1136 1137
f 1138 1139 1140
f 1141 1142 1143
f 1141 1143 1144
f 1145 1146 1147
f 1148 1149 1150
f 1151 1152 1153
f 1151 1153 1154
f 1155 1156 1157
f 1155 1157 1158
f 1159 1160 1161
f 1162 1163 1164
f 1165 1166 1167
f 1168 1169 1170
f 1168 1170 1171
f 1172 1173 1174
f 1172 1174 1175
f 1172 1175 1176
f 1172 1176 1177
f 1178 1179 1180
f 1181 1182 1183
f 1184 1185 1186
f 1187 1188 1189
f 1190 1191 1192
f 1193 1194 1195
f 1196 1197 1198
f 1199 1200 1201
f 1202 1203 1204
f 1205 1206 1207
f 1208 1209 1210
f 1211 1212 1213
f 1214 1215 1216
f 1217 1218 1219
f 1217 1219 1220
f 1221 1222 1223
f 1224 1225 1226
f 1227 1228 1229
f 1230 1231 1232
f 1233 1234 1235
f 1233 1235 1236
f 1237 1238 1239
f 1240 1241 1242
f 1243 1244 1245
f 1243 1245 1246
f 1247 1248 1249
f 1247 1249 1250
f 1247 1250 1251
f 1252 1253 1254
f 1255 1256 1257
f 1255 1257 1258
f 1255 1258 1259
f 1255 1259 1260
f 1261 1262 1263
f 1261 1263 1264
f 1265 1266 1267
f 1268 1269 1270
f 1271 1272 1273
f 1271 1273 1274
f 1275 1276 1277
f 1278 1279 1280
f 1281 1282 1283
f 1284 1285 1286
f 1287 1288 1289
f 1290 1291 1292
f 1290 1292 1293
f 1294 1295 1296
f 1297 1298 1299
f 1300 1301 1302
f 1303 1304 1305
f 1306 1307 1308
f 1306 1308 1309
f 1310 1311 1312
f 1313 1314 1315
f 1313 1315 1316
f 1317 1318 1319
f 1320 1321 1322
f 1320 1322 1323
f 1320 1323 1324
f 1320 1324 1325
f 1326 1327 1328
f 1329 1330 1331
f 1332 1333 1334
f 1335 1336 1337
f 1338 1339 1340
f 1341 1342 1343
f 1341 1343 1344
f 1345 1346 1347
f 1348 1349 1350
f 1351 1352 1353
f 1354 1355 1356
f 1357 1358 1359
f 1360 1361 1362
f 1363 1364 1365
f 1363 1365 1366
f 1367 1368 1369
f 1370 1371 1372
f 1370 1372 1373
f 1370 1373 1374
f 1375 1376 1377
f 1375 1377 1378
f 1379 1380 1381
f 1379 1381 1382
f 1379 1382 1383
f 1384 1385 1386
f 1387 1388 1389
f 1390 1391 1392
f 1390 1392 1393
f 1394 1395 1396
f 1397 1398 1399
f 1400 1401 1402
f 1400 1402 1403
f 1400 1403 1404
f 1405 1406 1407
f 1408 1409 1410
f 1411 1412 1413
f 1414 1415 1416
f 1417 1418 1419
f 1417 1419 1420
f 1421 1422 1423
f 1424 1425 1426
f 1427 1428 1429
f 1427 1429 1430
f 1427 1430 1431
f 1432 1433 1434
f 1432 1434 1435
f 1436 1437 1438
f 1439 1440 1441
f 1442 1443 1444
f 1445 1446 1447
f 1448 1449 1450
f 1451 1452 1453
f 1454 1455 1456
f 1454 1456 1457
f 1454 1457 1458
f 1459 1460 1461
f 1459 1461 1462
f 1463 1464 1465
f 1463 1465 1466
f 1467 1468 1469
f 1467 1469 1470
f 1467 1470 1471
f 1472 1473 1474
f 1472 1474 1475
f 1476 1477 1478
f 1476 1478 1479
f 1480 1481 1482
f 1480 1482 1483
f 1480 1483 1484
f 1480 1484 1485
f 1486 1487 1488
f 1486 1488 1489
f 1486 1489 1490
f 1491 1492 1493
f 1494 1495 1496
f 1494 1496 1497
f 1494 1497 1498
f 1499 1500 1501
f 1502 1503 1504
f 1502 1504 1505
f 1502 1505 1506
f 1507 1508 1509
f 1510 1511 1512
f 1510 1512 1513
f 1510 1513 1514
f 1515 1516 1517
f 1515 1517 1518
f 1515 1518 1519
f 1520 1521 1522
f 1520 1522 1523
f 1524 1525 1526
f 1524 1526 1527
f 1528 1529 1530
f 1528 1530 1531
f 1532 1533 1534
f 1532 1534 1535
f 1536 1537 1538
f 1536 1538 1539
f 1540 1541 1542
f 1543 1544 1545
f 1546 1547 1548
f 1549 1550 1551
f 1549 1551 1552
f 1553 1554 1555
f 1556 1557 1558
f 1559 1560 1561
f 1562 1563 1564
f 1562 1564 1565
f 1566 1567 1568
f 1569 1570 1571
f 1572 1573 1574
f 1572 1574 1575
f 1572 1575 1576
f 1572 1576 1577
f 1578 1579 1580
f 1581 1582 1583
f 1584 1585 1586
f 1584 1586 1587
f 1588 1589 1590
f 1588 1590 1591
f 1588 1591 1592
f 1593 1594 1595
f 1593 1595 1596
f 1597 1598 1599
f 1597 1599 1600
f 1601 1602 1603
f 1604 1605 1606
f 1607 1608 1609
f 1610 1611 1612
f 1613 1614 1615
f 1613 1615 1616
f 1613 1616 1617
f 1618 1619 1620
f 1621 1622 1623
f 1621 1623 1624
f 1625 1626 1627
f 1625 1627 1628
f 1629 1630 1631
f 1629 1631 1632
f 1633 1634 1635
f 1633 1635 1636
f 1637 1638 1639
f 1637 1639 1640
f 1641 1642 1643
f 1641 1643 1644
f 1645 1646 1647
f 1645 1647 1648
f 1649 1650 1651
f 1652 1653 1654
f 1655 1656 1657
f 1658 1659 1660
f 1658 1660 1661
f 1662 1663 1664
f 1665 1666 1667
f 1665 1667 1668
f 1665 1668 1669
f 1670 1671 1672
f 1670 1672 1673
f 1674 1675 1676
f 1674 1676 1677
f 1678 1679 1680
f 1681 1682 1683
f 1684 1685 1686
f 1684 1686 1687
f 1684 1687 1688
f 1689 1690 1691
f 1692 1693 1694
f 1692 1694 1695
f 1692 1695 1696
f 1697 1698 1699
f 1697 1699 1700
f 1697 1700 1701
f 1697 1701 1702
f 1703 1704 1705
f 1706 1707 1708
f 1709 1710 1711
f 1712 1713 1714
f 1712 1714 1715
f 1712 1715 1716
f 1717 1718 1719
f 1720 1721 1722
f 1720 1722 1723
f 1724 1725 1726
f 1724 1726 1727
f 1728 1729 1730
f 1728 1730 1731
f 1732 1733 1734
f 1732 1734 1735
f 1732 1735 1736
f 1737 1738 1739
f 1740 1741 1742
f 1743 1744 1745
f 1746 1747 1748
f 1749 1750 1751
f 1749 1751 1752
f 1753 1754 1755
f 1753 1755 1756
f 1757 1758 1759
f 1757 1759 1760
f 1761 1762 1763
f 1764 1765 1766
f 1767 1768 1769
f 1767 1769 1770
f 1767 1770 1771
f 1767 1771 1772
f 1773 1774 1775
f 1776 1777 1778
f 1779 1780 1781
f 1779 1781 1782
f 1779 1782 1783
f 1784 1785 1786
f 1787 1788 1789
f 1787 1789 1790
f 1787 1790 1791
f 1792 1793 1794
f 1795 1796 1797
f 1798 1799 1800
f 1798 1800 1801
f 1802 1803 1804
f 1805 1806 1807
f 1808 1809 1810
f 1811 1812 1813
f 1811 1813 1814
f 1815 1816 1817
f 1818 1819 1820
f 1818 1820 1821
f 1818 1821 1822
f 1823 1824 1825
f 1823 1825 1826
f 1827 1828 1829
f 1830 1831 1832
f 1830 1832 1833
f 1830 1833 1834
f 1835 1836 1837
f 1838 1839 1840
f 1841 1842 1843
f 1844 1845 1846
f 1847 1848 1849
f 1850 1851 1852
f 1850 1852 1853
f 1854 1855 1856
f 1857 1858 1859
f 1860 1861 1862
f 1860 1862 1863
f 1860 1863 1864
f 1860 1864 1865
f 1866 1867 1868
f 1866 1868 1869
f 1866 1869 1870
f 1871 1872 1873
f 1871 1873 1874
f 1875 1876 1877
f 1878 1879 1880
f 1881 1882 1883
f 1884 1885 1886
f 1884 1886 1887
f 1884 1887 1888
f 1889 1890 1891
f 1892 1893 1894
f 1895 1896 1897
f 1895 1897 1898
f 1899 1900 1901
f 1899 1901 1902
f 1903 1904 1905
f 1906 1907 1908
f 1909 1910 1911
f 1909 1911 1912
f 1913 1914 1915
f 1913 1915 1916
f 1917 1918 1919
f 1917 1919 1920
f 1917 1920 1921
f 1922 1923 1924
f 1922 1924 1925
f 1922 1925 1926
f 1927 1928 1929
f 1930 1931 1932
f 1933 1934 1935
f 1933 1935 1936
f 1937 1938 1939
f 1937 1939 1940
f 1937 1940 1941
f 1937 1941 1942
f 1943 1944 1945
f 1946 1947 1948
f 1949 1950 1951
f 1952 1953 1954
f 1955 1956 1957
f 1958 1959 1960
f 1961 1962 1963
f 1961 1963 1964
f 1965 1966 1967
f 1968 1969 1970
f 1968 1970 1971
f 1972 1973 1974
f 1972 1974 1975
f 1976 1977 1978
f 1979 1980 1981
f 1979 1981 1982
f 1979 1982 1983
f 1984 1985 1986
f 1987 1988 1989
f 1987 1989 1990
f 1987 1990 1991
f 1987 1991 1992
f 1993 1994 1995
f 1996 1997 1998
f 1999 2000 2001
f 1999 2001 2002
f 2003 2004 2005
f 2006 2007 2008
f 2009 2010 2011
f 2009 2011 2012
f 2013 2014 2015
f 2016 2017 2018
f 2016 2018 2019
f 2020 2021 2022
f 2023 2024 2025
f 2026 2027 2028
f 2026 2028 2029
f 2030 2031 2032
f 2030 2032 2033
f 2034 2035 2036
f 2037 2038 2039
f 2037 2039 2040
f 2037 2040 2041
f 2042 2043 2044
f 2042 2044 2045
f 2042 2045 2046
f 2047 2048 2049
f 2050 2051 2052
f 2053 2054 2055
f 2053 2055 2056
f 2057 2058 2059
f 2057 2059 2060
f 2061 2062 2063
f 2064 2065 2066
f 2064 2066 2067
f 2068 2069 2070
f 2068 2070 2071
f 2068 2071 2072
f 2068 2072 2073
f 2074 2075 2076
f 2077 2078 2079
f 2077 2079 2080
f 2081 2082 2083
f 2081 2083 2084
f 2085 2086 2087
f 2088 2089 2090
f 2091 2092 2093
f 2094 2095 2096
f 2097 2098 2099
f 2100 2101 2102
f 2103 2104 2105
f 2106 2107 2108
f 2109 2110 2111
f 2112 2113 2114
f 2115 2116 2117
f 2115 2117 2118
f 2119 2120 2121
f 2119 2121 2122
f 2119 2122 2123
f 2124 2125 2126
f 2124 2126 2127
f 2124 2127 2128
f 2129 2130 2131
f 2132 2133 2134
f 2135 2136 2137
f 2138 2139 2140
f 2138 2140 2141
f 2142 2143 2144
f 2145 2146 2147
f 2148 2149 2150
f 2151 2152 2153
f 2154 2155 2156
f 2154 2156 2157
f 2154 2157 2158
f 2159 2160 2161
f 2162 2163 2164
f 2162 2164 2165
f 2166 2167 2168
f 2166 2168 2169
f 2170 2171 2172
f 2170 2172 2173
f 2174 2175 2176
f 2177 2178 2179
f 2180 2181 2182
f 2183 2184 2185
f 2186 2187 2188
f 2189 2190 2191
f 2189 2191 2192
f 2193 2194 2195
f 2196 2197 2198
f 2196 2198 2199
f 2200 2201 2202
f 2203 2204 2205
f 2206 2207 2208
f 2209 2210 2211
f 2209 2211 2212
f 2213 2214 2215
f 2216 2217 2218
f 2216 2218 2219
f 2220 2221 2222
f 2223 2224 2225
f 2223 2225 2226
f 2223 2226 2227
f 2228 2229 2230
f 2231 2232 2233
f 2231 2233 2234
f 2235 2236 2237
f 2238 2239 2240
f 2241 2242 2243
f 2241 2243 2244
f 2245 2246 2247
f 2248 2249 2250
f 2248 2250 2251
f 2252 2253 2254
f 2255 2256 2257
f 2255 2257 2258
f 2259 2260 2261
f 2262 2263 2264
f 2262 2264 2265
f 2262 2265 2266
f 2262 2266 2267
f 2268 2269 2270
f 2268 2270 2271
f 2272 2273 2274
f 2275 2276 2277
f 2278 2279 2280
f 2281 2282 2283
f 2284 2285 2286
f 2287 2288 2289
f 2290 2291 2292
f 2290 2292 2293
f 2294 2295 2296
f 2297 2298 2299
f 2300 2301 2302
f 2300 2302 2303
f 2304 2305 2306
f 2307 2308 2309
f 2310 2311 2312
f 2313 2314 2315
f 2316 2317 2318
f 2319 2320 2321
f 2319 2321 2322
f 2319 2322 2323
f 2319 2323 2324
f 2325 2326 2327
f 2325 2327 2328
f 2329 2330 2331
f 2332 2333 2334
f 2332 2334 2335
f 2332 2335 2336
f 2337 2338 2339
f 2340 2341 2342
f 2343 2344 2345
f 2343 2345 2346
f 2343 2346 2347
f 2343 2347 2348
f 2349 2350 2351
f 2352 2353 2354
f 2355 2356 2357
f 2355 2357 2358
f 2359 2360 2361
f 2362 2363 2364
f 2365 2366 2367
f 2365 2367 2368
f 2369 2370 2371
f 2372 2373 2374
f 2372 2374 2375
f 2376 2377 2378
f 2376 2378 2379
f 2376 2379 2380
f 2381 2382 2383
f 2384 2385 2386
f 2384 2386 2387
f 2384 2387 2388
f 2389 2390 2391
f 2389 2391 2392
f 2389 2392 2393
f 2394 2395 2396
f 2394 2396 2397
f 2398 2399 2400
f 2401 2402 2403
f 2401 2403 2404
f 2405 2406 2407
f 2405 2407 2408
f 2405 2408 2409
f 2410 2411 2412
f 2410 2412 2413
f 2414 2415 2416
f 2414 2416 2417
f 2418 2419 2420
f 2421 2422 2423
f 2421 2423 2424
f 2425 2426 2427
f 2428 2429 2430
f 2431 2432 2433
f 2434 2435 2436
f 2437 2438 2439
f 2437 2439 2440
f 2437 2440 2441
f 2437 2441 2442
f 2443 2444 2445
f 2446 2447 2448
f 2449 2450 2451
f 2452 2453 2454
f 2455 2456 2457
f 2458 2459 2460
f 2461 2462 2463
f 2461 2463 2464
f 2461 2464 2465
f 2461 2465 2466
f 2467 2468 2469
f 2470 2471 2472
f 2470 2472 2473
f 2474 2475 2476
f 2477 2478 2479
f 2480 2481 2482
f 2480 2482 2483
f 2484 2485 2486
f 2484 2486 2487
f 2488 2489 2490
f 2488 2490 2491
f 2492 2493 2494
f 2495 2496 2497
f 2495 2497 2498
f 2495 2498 2499
f 2500 2501 2502
f 2500 2502 2503
f 2504 2505 2506
f 2504 2506 2507
f 2508 2509 2510
f 2508 2510 2511
f 2508 2511 2512
f 2508 2512 2513
f 2514 2515 2516
f 2517 2518 2519
f 2520 2521 2522
f 2520 2522 2523
f 2524 2525 2526
f 2524 2526 2527
f 2524 2527 2528
f 2529 2530 2531
f 2532 2533 2534
f 2532 2534 2535
f 2536 2537 2538
f 2536 2538 2539
f 2540 2541 2542
f 2543 2544 2545
f 2543 2545 2546
f 2547 2548 2549
f 2550 2551 2552
f 2550 2552 2553
f 2554 2555 2556
f 2554 2556 2557
f 2554 2557 2558
f 2559 2560 2561
f 2562 2563 2564
f 2565 2566 2567
f 2565 2567 2568
f 2569 2570 2571
f 2569 2571 2572
f 2569 2572 2573
f 2574 2575 2576
f 2574 2576 2577
f 2578 2579 2580
f 2578 2580 2581
f 2582 2583 2584
f 2585 2586 2587
f 2588 2589 2590
f 2588 2590 2591
f 2592 2593 2594
f 2595 2596 2597
f 2598 2599 2600
f 2601 2602 2603
f 2604 2605 2606
f 2604 2606 2607
f 2608 2609 2610
f 2608 2610 2611
f 2608 2611 2612
f 2608 2612 2613
f 2614 2615 2616
f 2617 2618 2619
f 2617 2619 2620
f 2621 2622 2623
f 2624 2625 2626
f 2627 2628 2629
f 2630 2631 2632
f 2630 2632 2633
f 2634 2635 2636
f 2634 2636 2637
f 2638 2639 2640
f 2641 2642 2643
f 2644 2645 2646
f 2647 2648 2649
f 2650 2651 2652
f 2650 2652 2653
f 2654 2655 2656
f 2657 2658 2659
f 2660 2661 2662
f 2663 2664 2665
f 2666 2667 2668
f 2666 2668 2669
f 2670 2671 2672
f 2670 2672 2673
f 2674 2675 2676
f 2677 2678 2679
f 2680 2681 2682
f 2683 2684 2685
f 2683 2685 2686
f 2687 2688 2689
f 2690 2691 2692
f 2690 2692 2693
f 2690 2693 2694
f 2695 2696 2697
f 2698 2699 2700
f 2701 2702 2703
f 2704 2705 2706
f 2704 2706 2707
f 2708 2709 2710
f 2711 2712 2713
f 2711 2713 2714
f 2711 2714 2715
f 2716 2717 2718
f 2719 2720 2721
f 2722 2723 2724
f 2722 2724 2725
f 2722 2725 2726
f 2722 2726 2727
f 2728 2729 2730
f 2731 2732 2733
f 2731 2733 2734
f 2731 2734 2735
f 2736 2737 2738
f 2739 2740 2741
f 2739 2741 2742
f 2739 2742 2743
f 2744 2745 2746
f 2747 2748 2749
f 2747 2749 2750
f 2751 2752 2753
f 2751 2753 2754
f 2755 2756 2757
f 2755 2757 2758
f 2755 2758 2759
f 2760 2761 2762
f 2763 2764 2765
f 2763 2765 2766
f 2767 2768 2769
f 2770 2771 2772
f 2770 2772 2773
f 2770 2773 2774
f 2770 2774 2775
f 2776 2777 2778
f 2776 2778 2779
f 2780 2781 2782
f 2780 2782 2783
f 2784 2785 2786
f 2787 2788 2789
f 2787 2789 2790
f 2791 2792 2793
f 2791 2793 2794
f 2795 2796 2797
f 2798 2799 2800
f 2798 2800 2801
f 2798 2801 2802
f 2798 2802 2803
f 2804 2805 2806
f 2807 2808 2809
f 2810 2811 2812
f 2810 2812 2813
f 2814 2815 2816
f 2814 2816 2817
f 2814 2817 2818
f 2819 2820 2821
f 2819 2821 2822
f 2823 2824 2825
f 2826 2827 2828
f 2829 2830 2831
f 2829 2831 2832
f 2829 2832 2833
f 2834 2835 2836
f 2837 2838 2839
f 2840 2841 2842
f 2843 2844 2845
f 2843 2845 2846
f 2843 2846 2847
f 2848 2849 2850
f 2848 2850 2851
f 2852 2853 2854
f 2852 2854 2855
f 2856 2857 2858
f 2856 2858 2859
f 2860 2861 2862
f 2860 2862 2863
f 2864 2865 2866
f 2864 2866 2867
f 2868 2869 2870
f 2871 2872 2873
f 2871 2873 2874
f 2875 2876 2877
f 2878 2879 2880
f 2881 2882 2883
f 2881 2883 2884
f 2885 2886 2887
f 2888 2889 2890
f 2888 2890 2891
f 2892 2893 2894
f 2892 2894 2895
f 2892 2895 2896
f 2897 2898 2899
f 2897 2899 2900
f 2897 2900 2901
f 2902 2903 2904
f 2905 2906 2907
f 2908 2909 2910
f 2908 2910 2911
f 2912 2913 2914
f 2912 2914 2915
f 2912 2915 2916
f 2912 2916 2917
f 2918 2919 2920
f 2918 2920 2921
f 2922 2923 2924
f 2925 2926 2927
f 2928 2929 2930
f 2928 2930 2931
f 2932 2933 2934
f 2935 2936 2937
f 2935 2937 2938
f 2939 2940 2941
f 2942 2943 2944
f 2945 2946 2947
f 2948 2949 2950
f 2951 2952 2953
f 2951 2953 2954
f 2951 2954 2955
f 2951 2955 2956
f 2957 2958 2959
f 2960 2961 2962
f 2960 2962 2963
f 2960 2963 2964
f 2965 2966 2967
f 2965 2967 2968
f 2969 2970 2971
f 2969 2971 2972
f 2969 2972 2973
f 2974 2975 2976
f 2974 2976 2977
f 2978 2979 2980
f 2981 2982 2983
f 2984 2985 2986
f 2984 2986 2987
f 2988 2989 2990
f 2991 2992 2993
f 2994 2995 2996
f 2997 2998 2999
f 2997 2999 3000
f 2997 3000 3001
f 2997 3001 3002
f 3003 3004 3005
f 3006 3007 3008
f 3009 3010 3011
f 3009 3011 3012
f 3009 3012 3013
f 3014 3015 3016
f 3014 3016 3017
f 3018 3019 3020
f 3018 3020 3021
f 3022 3023 3024
f 3025 3026 3027
f 3028 3029 3030
f 3028 3030 3031
f 3028 3031 3032
f 3033 3034 3035
f 3036 3037 3038
f 3039 3040 3041
f 3042 3043 3044
f 3045 3046 3047
f 3048 3049 3050
f 3048 3050 3051
f 3052 3053 3054
f 3052 3054 3055
f 3056 3057 3058
f 3059 3060 3061
f 3062 3063 3064
f 3062 3064 3065
f 3066 3067 3068
f 3066 3068 3069
f 3066 3069 3070
f 3071 3072 3073
f 3074 3075 3076
f 3074 3076 3077
f 3074 3077 3078
f 3079 3080 3081
f 3079 3081 3082
f 3083 3084 3085
f 3086 3087 3088
f 3089 3090 3091
f 3092 3093 3094
f 3095 3096 3097
f 3095 3097 3098
f 3095 3098 3099
f 3100 3101 3102
f 3100 3102 3103
f 3104 3105 3106
f 3107 3108 3109
f 3110 3111 3112
f 3113 3114 3115
f 3116 3117 3118
f 3119 3120 3121
f 3122 3123 3124
f 3122 3124 3125
f 3122 3125 3126
f 3122 3126 3127
f 3128 3129 3130
f 3131 3132 3133
f 3134 3135 3136
f 3137 3138 3139
f 3137 3139 3140
f 3141 3142 3143
f 3144 3145 3146
f 3147 3148 3149
f 3150 3151 3152
f 3150 3152 3153
f 3150 3153 3154
f 3155 3156 3157
f 3158 3159 3160
f 3161 3162 3163
f 3164 3165 3166
f 3167 3168 3169
f 3167 3169 3170
f 3171 3172 3173
f 3174 3175 3176
f 3174 3176 3177
f 3178 3179 3180
f 3181 3182 3183
f 3181 3183 3184
f 3181 3184 3185
f 3181 3185 3186
f 3187 3188 3189
f 3187 3189 3190
f 3191 3192 3193
f 3191 3193 3194
f 3191 3194 3195
f 3191 3195 3196
f 3197 3198 3199
f 3200 3201 3202
f 3200 3202 3203
f 3204 3205 3206
f 3204 3206 3207
f 3208 3209 3210
f 3211 3212 3213
f 3214 3215 3216
f 3214 3216 3217
f 3214 3217 3218
f 3219 3220 3221
f 3222 3223 3224
f 3225 3226 3227
f 3225 3227 3228
f 3229 3230 3231
f 3229 3231 3232
f 3233 3234 3235
f 3236 3237 3238
f 3236 3238 3239
f 3240 3241 3242
f 3243 3244 3245
f 3246 3247 3248
f 3249 3250 3251
f 3252 3253 3254
f 3255 3256 3257
f 3255 3257 3258
f 3259 3260 3261
f 3259 3261 3262
f 3263 3264 3265
f 3263 3265 3266
f 3263 3266 3267
f 3263 3267 3268
f 3269 3270 3271
f 3272 3273 3274
f 3272 3274 3275
f 3272 3275 3276
f 3272 3276 3277
f 3278 3279 3280
f 3281 3282 3283
f 3284 3285 3286
f 3287 3288 3289
f 3290 3291 3292
f 3290 3292 3293
f 3294 3295 3296
f 3294 3296 3297
f 3294 3297 3298
f 3294 3298 3299
f 3300 3301 3302
f 3303 3304 3305
f 3306 3307 3308
f 3309 3310 3311
f 3312 3313 3314
f 3315 3316 3317
f 3318 3319 3320
f 3321 3322 3323
f 3324 3325 3326
f 3327 3328 3329
f 3330 3331 3332
f 3330 3332 3333
f 3330 3333 3334
f 3330 3334 3335
f 3336 3337 3338
f 3336 3338 3339
f 3340 3341 3342
f 3340 3342 3343
f 3340 3343 3344
f 3340 3344 3345
f 3346 3347 3348
f 3346 3348 3349
f 3350 3351 3352
f 3353 3354 3355
f 3356 3357 3358
f 3359 3360 3361
f 3362 3363 3364
f 3362 3364 3365
f 3366 3367 3368
f 3369 3370 3371
f 3372 3373 3374
f 3375 3376 3377
f 3378 3379 3380
f 3381 3382 3383
f 3381 3383 3384
f 3385 3386 3387
f 3385 3387 3388
f 3389 3390 3391
f 3392 3393 3394
f 3395 3396 3397
f 3398 3399 3400
f 3401 3402 3403
f 3401 3403 3404
f 3405 3406 3407
f 3408 3409 3410
f 3408 3410 3411
f 3412 3413 3414
f 3412 3414 3415
f 3416 3417 3418
f 3416 3418 3419
f 3416 3419 3420
f 3416 3420 3421
f 3422 3423 3424
f 3425 3426 3427
f 3428 3429 3430
f 3431 3432 3433
f 3434 3435 3436
f 3434 3436 3437
f 3438 3439 3440
f 3441 3442 3443
f 3441 3443 3444
f 3445 3446 3447
f 3448 3449 3450
f 3448 3450 3451
f 3448 3451 3452
f 3453 3454 3455
f 3453 3455 3456
f 3457 3458 3459
f 3457 3459 3460
f 3457 3460 3461
f 3462 3463 3464
f 3462 3464 3465
f 3466 3467 3468
f 3466 3468 3469
f 3470 3471 3472
f 3473 3474 3475
f 3476 3477 3478
f 3479 3480 3481
f 3479 3481 3482
f 3479 3482 3483
f 3479 3483 3484
f 3485 3486 3487
f 3485 3487 3488
f 3485 3488 3489
f 3490 3491 3492
f 3493 3494 3495
f 3496 3497 3498
f 3499 3500 3501
f 3502 3503 3504
f 3502 3504 3505
f 3502 3505 3506
f 3507 3508 3509
f 3507 3509 3510
f 3511 3512 3513
f 3514 3515 3516
f 3514 3516 3517
f 3518 3519 3520
f 3521 3522 3523
f 3521 3523 3524
f 3525 3526 3527
f 3528 3529 3530
f 3531 3532 3533
f 3534 3535 3536
f 3537 3538 3539
f 3540 3541 3542
f 3540 3542 3543
f 3540 3543 3544
f 3540 3544 3545
f 3546 3547 3548
f 3549 3550 3551
f 3552 3553 3554
f 3555 3556 3557
f 3555 3557 3558
f 3559 3560 3561
f 3562 3563 3564
f 3565 3566 3567
f 3565 3567 3568
f 3569 3570 3571
f 3572 3573 3574
f 3572 3574 3575
f 3576 3577 3578
f 3576 3578 3579
f 3580 3581 3582
f 3583 3584 3585
f 3583 3585 3586
f 3587 3588 3589
f 3587 3589 3590
f 3591 3592 3593
f 3591 3593 3594
f 3591 3594 3595
f 3591 3595 3596
f 3597 3598 3599
f 3600 3601 3602
f 3603 3604 3605
f 3606 3607 3608
f 3609 3610 3611
f 3609 3611 3612
f 3613 3614 3615
f 3613 3615 3616
f 3617 3618 3619
f 3617 3619 3620
f 3621 3622 3623
f 3621 3623 3624
f 3625 3626 3627
f 3628 3629 3630
f 3631 3632 3633
f 3634 3635 3636
f 3634 3636 3637
f 3638 3639 3640
f 3641 3642 3643
f 3644 3645 3646
f 3647 3648 3649
f 3650 3651 3652
f 3653 3654 3655
f 3656 3657 3658
f 3659 3660 3661
f 3662 3663 3664
f 3662 3664 3665
f 3666 3667 3668
f 3666 3668 3669
f 3670 3671 3672
f 3673 3674 3675
f 3676 3677 3678
f 3676 3678 3679
f 3680 3681 3682
f 3683 3684 3685
f 3683 3685 3686
f 3687 3688 3689
f 3687 3689 3690
f 3691 3692 3693
f 3694 3695 3696
f 3694 3696 3697
f 3694 3697 3698
f 3694 3698 3699
f 3700 3701 3702
f 3703 3704 3705
f 3706 3707 3708
f 3709 3710 3711
f 3709 3711 3712
f 3713 3714 3715
f 3716 3717 3718
f 3719 3720 3721
f 3722 3723 3724
f 3722 3724 3725
f 3726 3727 3728
f 3729 3730 3731
f 3732 3733 3734
f 3732 3734 3735
f 3736 3737 3738
f 3739 3740 3741
f 3739 3741 3742
f 3739 3742 3743
f 3744 3745 3746
f 3747 3748 3749
f 3747 3749 3750
f 3747 3750 3751
f 3747 3751 3752
f 3753 3754 3755
f 3756 3757 3758
f 3759 3760 3761
f 3762 3763 3764
f 3765 3766 3767
f 3768 3769 3770
f 3768 3770 3771
f 3768 3771 3772
f 3773 3774 3775
f 3773 3775 3776
f 3777 3778 3779
f 3780 3781 3782
f 3783 3784 3785
f 3786 3787 3788
f 3786 3788 3789
f 3790 3791 3792
f 3793 3794 3795
f 3793 3795 3796
f 3793 3796 3797
f 3793 3797 3798
f 3799 3800 3801
f 3802 3803 3804
f 3805 3806 3807
f 3808 3809 3810
f 3811 3812 3813
f 3814 3815 3816
f 3814 3816 3817
f 3818 3819 3820
f 3818 3820 3821
f 3822 3823 3824
f 3822 3824 3825
f 3826 3827 3828
f 3826 3828 3829
f 3830 3831 3832
f 3830 3832 3833
f 3834 3835 3836
f 3834 3836 3837
f 3834 3837 3838
f 3839 3840 3841
f 3839 3841 3842
f 3839 3842 3843
f 3844 3845 3846
f 3844 3846 3847
f 3848 3849 3850
f 3851 3852 3853
f 3854 3855 3856
f 3857 3858 3859
f 3860 3861 3862
f 3860 3862 3863
f 3864 3865 3866
f 3867 3868 3869
f 3870 3871 3872
f 3870 3872 3873
f 3874 3875 3876
f 3877 3878 3879
f 3880 3881 3882
f 3883 3884 3885
f 3886 3887 3888
f 3889 3890 3891
f 3889 3891 3892
f 3893 3894 3895
f 3896 3897 3898
f 3899 3900 3901
f 3899 3901 3902
f 3899 3902 3903
f 3904 3905 3906
f 3904 3906 3907
f 3908 3909 3910
f 3911 3912 3913
f 3911 3913 3914
f 3911 3914 3915
f 3916 3917 3918
f 3919 3920 3921
f 3919 3921 3922
f 3919 3922 3923
f 3924 3925 3926
f 3927 3928 3929
f 3927 3929 3930
f 3931 3932 3933
f 3934 3935 3936
f 3937 3938 3939
f 3937 3939 3940
f 3941 3942 3943
f 3944 3945 3946
f 3944 3946 3947
f 3948 3949 3950
f 3948 3950 3951
f 3952 3953 3954
f 3955 3956 3957
f 3955 3957 3958
f 3959 3960 3961
f 3962 3963 3964
f 3965 3966 3967
f 3965 3967 3968
f 3965 3968 3969
f 3970 3971 3972
f 3973 3974 3975
f 3976 3977 3978
f 3976 3978 3979
f 3980 3981 3982
f 3983 3984 3985
f 3983 3985 3986
f 3983 3986 3987
f 3988 3989 3990
f 3988 3990 3991
f 3988 3991 3992
f 3993 3994 3995
f 3993 3995 3996
f 3997 3998 3999
f 3997 3999 4000
f 3997 4000 4001
f 3997 4001 4002
f 4003 4004 4005
f 4006 4007 4008
f 4006 4008 4009
f 4006 4009 4010
f 4006 4010 4011
f 4012 4013 4014
f 4012 4014 4015
f 4016 4017 4018
f 4019 4020 4021
f 4022 4023 4024
f 4022 4024 4025
f 4026 4027 4028
f 4029 4030 4031
f 4032 4033 4034
f 4032 4034 4035
f 4036 4037 4038
f 4039 4040 4041
f 4042 4043 4044
f 4042 4044 4045
f 4042 4045 4046
f 4042 4046 4047
f 4048 4049 4050
f 4051 4052 4053
f 4054 4055 4056
f 4057 4058 4059
f 4057 4059 4060
f 4057 4060 4061
f 4057 4061 4062
f 4063 4064 4065
f 4063 4065 4066
f 4067 4068 4069
f 4067 4069 4070
f 4071 4072 4073
f 4071 4073 4074
f 4071 4074 4075
f 4076 4077 4078
f 4076 4078 4079
f 4076 4079 4080
f 4081 4082 4083
f 4081 4083 4084
f 4081 4084 4085
f 4081 4085 4086
f 4087 4088 4089
f 4087 4089 4090
f 4087 4090 4091
f 4092 4093 4094
f 4092 4094 4095
f 4096 4097 4098
f 4096 4098 4099
f 4096 4099 4100
f 4101 4102 4103
f 4104 4105 4106
f 4107 4108 4109
f 4107 4109 4110
f 4111 4112 4113
f 4114 4115 4116
f 4114 4116 4117
f 4118 4119 4120
f 4121 4122 4123
f 4121 4123 4124
f 4125 4126 4127
f 4125 4127 4128
f 4125 4128 4129
f 4130 4131 4132
f 4130 4132 4133
f 4134 4135 4136
f 4137 4138 4139
f 4140 4141 4142
f 4143 4144 4145
f 4143 4145 4146
f 4147 4148 4149
f 4150 4151 4152
f 4153 4154 4155
f 4156 4157 4158
f 4156 4158 4159
f 4160 4161 4162
f 4163 4164 4165
f 4163 4165 4166
f 4167 4168 4169
f 4170 4171 4172
f 4173 4174 4175
f 4173 4175 4176
f 4173 4176 4177
f 4178 4179 4180
f 4181 4182 4183
f 4184 4185 4186
f 4184 4186 4187
f 4188 4189 4190
f 4191 4192 4193
f 4194 4195 4196
f 4194 4196 4197
f 4194 4197 4198
f 4199 4200 4201
f 4202 4203 4204
f 4205 4206 4207
f 4208 4209 4210
f 4211 4212 4213
f 4211 4213 4214
f 4211 4214 4215
f 4216 4217 4218
f 4219 4220 4221
f 4219 4221 4222
f 4219 4222 4223
f 4219 4223 4224
f 4225 4226 4227
f 4225 4227 4228
f 4229 4230 4231
f 4229 4231 4232
f 4229 4232 4233
f 4229 4233 4234
f 4235 4236 4237
f 4235 4237 4238
f 4239 4240 4241
f 4242 4243 4244
f 4242 4244 4245
f 4246 4247 4248
f 4249 4250 4251
f 4252 4253 4254
f 4252 4254 4255
f 4256 4257 4258
f 4259 4260 4261
f 4262 4263 4264
f 4265 4266 4267
f 4265 4267 4268
f 4269 4270 4271
f 4269 4271 4272
f 4273 4274 4275
f 4276 4277 4278
f 4279 4280 4281
f 4279 4281 4282
f 4283 4284 4285
f 4286 4287 4288
f 4289 4290 4291
f 4289 4291 4292
f 4289 4292 4293
f 4294 4295 4296
f 4297 4298 4299
f 4297 4299 4300
f 4301 4302 4303
f 4301 4303 4304
f 4301 4304 4305
f 4301 4305 4306
f 4307 4308 4309
f 4310 4311 4312
f 4310 4312 4313
f 4314 4315 4316
f 4317 4318 4319
f 4320 4321 4322
f 4320 4322 4323
f 4320 4323 4324
f 4320 4324 4325
f 4326 4327 4328
f 4329 4330 4331
f 4329 4331 4332
f 4333 4334 4335
f 4333 4335 4336
f 4333 4336 4337
f 4338 4339 4340
f 4341 4342 4343
f 4341 4343 4344
f 4341 4344 4345
f 4346 4347 4348
f 4349 4350 4351
f 4352 4353 4354
f 4352 4354 4355
f 4356 4357 4358
f 4356 4358 4359
f 4360 4361 4362
f 4363 4364 4365
f 4366 4367 4368
f 4366 4368 4369
f 4370 4371 4372
f 4370 4372 4373
f 4374 4375 4376
f 4374 4376 4377
f 4378 4379 4380
f 4378 4380 4381
f 4382 4383 4384
f 4382 4384 4385
f 4386 4387 4388
f 4389 4390 4391
f 4389 4391 4392
f 4393 4394 4395
f 4393 4395 4396
f 4393 4396 4397
f 4398 4399 4400
f 4398 4400 4401
f 4398 4401 4402
f 4403 4404 4405
f 4406 4407 4408
f 4406 4408 4409
f 4410 4411 4412
f 4410 4412 4413
f 4414 4415 4416
f 4417 4418 4419
f 4420 4421 4422
f 4420 4422 4423
f 4424 4425 4426
f 4424 4426 4427
f 4428 4429 4430
f 4428 4430 4431
f 4428 4431 4432
f 4433 4434 4435
f 4436 4437 4438
f 4436 4438 4439
f 4440 4441 4442
f 4443 4444 4445
f 4446 4447 4448
f 4446 4448 4449
f 4446 4449 4450
f 4451 4452 4453
f 4454 4455 4456
f 4457 4458 4459
f 4460 4461 4462
f 4460 4462 4463
f 4464 4465 4466
f 4464 4466 4467
f 4468 4469 4470
f 4468 4470 4471
f 4468 4471 4472
f 4468 4472 4473
f 4474 4475 4476
f 4477 4478 4479
f 4480 4481 4482
f 4483 4484 4485
f 4486 4487 4488
f 4489 4490 4491
f 4492 4493 4494
f 4495 4496 4497
f 4498 4499 4500
f 4501 4502 4503
f 4504 4505 4506
f 4504 4506 4507
f 4504 4507 4508
f 4509 4510 4511
f 4509 4511 4512
f 4513 4514 4515
f 4516 4517 4518
f 4516 4518 4519
f 4520 4521 4522
f 4520 4522 4523
f 4520 4523 4524
f 4520 4524 4525
f 4526 4527 4528
f 4526 4528 4529
f 4530 4531 4532
f 4533 4534 4535
f 4533 4535 4536
f 4533 4536 4537
f 4538 4539 4540
f 4541 4542 4543
f 4544 4545 4546
f 4544 4546 4547
f 4548 4549 4550
f 4551 4552 4553
f 4551 4553 4554
f 4551 4554 4555
f 4551 4555 4556
f 4557 4558 4559
f 4560 4561 4562
f 4563 4564 4565
f 4566 4567 4568
f 4566 4568 4569
f 4570 4571 4572
f 4570 4572 4573
f 4570 4573 4574
f 4570 4574 4575
f 4576 4577 4578
f 4579 4580 4581
f 4582 4583 4584
f 4582 4584 4585
f 4582 4585 4586
f 4582 4586 4587
f 4588 4589 4590
f 4588 4590 4591
f 4592 4593 4594
f 4592 4594 4595
f 4596 4597 4598
f 4596 4598 4599
f 4596 4599 4600
f 4601 4602 4603
f 4601 4603 4604
f 4605 4606 4607
f 4605 4607 4608
f 4609 4610 4611
f 4612 4613 4614
f 4612 4614 4615
f 4616 4617 4618
f 4619 4620 4621
f 4622 4623 4624
f 4625 4626 4627
f 4625 4627 4628
f 4625 4628 4629
f 4630 4631 4632
f 4630 4632 4633
f 4630 4633 4634
f 4635 4636 4637
f 4638 4639 4640
f 4641 4642 4643
f 4644 4645 4646
f 4644 4646 4647
f 4644 4647 4648
f 4644 4648 4649
f 4650 4651 4652
f 4653 4654 4655
f 4656 4657 4658
f 4659 4660 4661
f 4659 4661 4662
f 4659 4662 4663
f 4664 4665 4666
f 4667 4668 4669
f 4670 4671 4672
f 4670 4672 4673
f 4674 4675 4676
f 4674 4676 4677
f 4678 4679 4680
f 4681 4682 4683
f 4681 4683 4684
f 4685 4686 4687
f 4688 4689 4690
f 4691 4692 4693
f 4694 4695 4696
f 4697 4698 4699
f 4700 4701 4702
f 4700 4702 4703
f 4704 4705 4706
f 4707 4708 4709
f 4710 4711 4712
f 4710 4712 4713
f 4714 4715 4716
f 4717 4718 4719
f 4717 4719 4720
f 4721 4722 4723
f 4724 4725 4726
f 4727 4728 4729
f 4727 4729 4730
f 4731 4732 4733
f 4731 4733 4734
f 4735 4736 4737
f 4735 4737 4738
f 4735 4738 4739
f 4740 4741 4742
f 4743 4744 4745
f 4743 4745 4746
f 4747 4748 4749
f 4747 4749 4750
f 4747 4750 4751
f 4752 4753 4754
f 4752 4754 4755
f 4756 4757 4758
f 4759 4760 4761
f 4759 4761 4762
f 4763 4764 4765
f 4763 4765 4766
f 4767 4768 4769
f 4770 4771 4772
f 4773 4774 4775
f 4773 4775 4776
f 4777 4778 4779
f 4780 4781 4782
f 4780 4782 4783
f 4780 4783 4784
f 4780 4784 4785
f 4786 4787 4788
f 4789 4790 4791
f 4792 4793 4794
f 4795 4796 4797
f 4798 4799 4800
f 4801 4802 4803
f 4804 4805 4806
f 4804 4806 4807
f 4808 4809 4810
f 4811 4812 4813
f 4814 4815 4816
f 4814 4816 4817
f 4818 4819 4820
f 4821 4822 4823
f 4824 4825 4826
f 4824 4826 4827
f 4828 4829 4830
f 4828 4830 4831
f 4832 4833 4834
f 4835 4836 4837
f 4838 4839 4840
f 4838 4840 4841
f 4842 4843 4844
f 4845 4846 4847
f 4848 4849 4850
f 4851 4852 4853
f 4851 4853 4854
f 4855 4856 4857
f 4855 4857 4858
f 4855 4858 4859
f 4860 4861 4862
f 4860 4862 4863
f 4864 4865 4866
f 4864 4866 4867
f 4868 4869 4870
f 4871 4872 4873
f 4874 4875 4876
f 4874 4876 4877
f 4878 4879 4880
f 4878 4880 4881
f 4882 4883 4884
f 4882 4884 4885
f 4886 4887 4888
f 4889 4890 4891
f 4892 4893 4894
f 4892 4894 4895
f 4896 4897 4898
f 4896 4898 4899
f 4896 4899 4900
f 4896 4900 4901
f 4902 4903 4904
f 4905 4906 4907
f 4908 4909 4910
f 4911 4912 4913
f 4914 4915 4916
f 4914 4916 4917
f 4918 4919 4920
f 4921 4922 4923
f 4921 4923 4924
f 4925 4926 4927
f 4928 4929 4930
f 4931 4932 4933
f 4934 4935 4936
f 4937 4938 4939
f 4937 4939 4940
f 4937 4940 4941
f 4942 4943 4944
f 4945 4946 4947
f 4945 4947 4948
f 4949 4950 4951
f 4952 4953 4954
f 4952 4954 4955
f 4952 4955 4956
f 4957 4958 4959
f 4960 4961 4962
f 4963 4964 4965
f 4966 4967 4968
f 4969 4970 4971
f 4972 4973 4974
f 4972 4974 4975
f 4976 4977 4978
f 4979 4980 4981
f 4982 4983 4984
f 4982 4984 4985
f 4986 4987 4988
f 4989 4990 4991
f 4992 4993 4994
f 4992 4994 4995
f 4996 4997 4998
f 4996 4998 4999
f 4996 4999 5000
f 5001 5002 5003
f 5004 5005 5006
f 5007 5008 5009
f 5007 5009 5010
f 5007 5010 5011
f 5012 5013 5014
f 5012 5014 5015
f 5012 5015 5016
f 5017 5018 5019
f 5017 5019 5020
f 5017 5020 5021
f 5022 5023 5024
f 5025 5026 5027
f 5028 5029 5030
f 5031 5032 5033
f 5031 5033 5034
f 5035 5036 5037
f 5038 5039 5040
f 5041 5042 5043
f 5044 5045 5046
f 5044 5046 5047
f 5048 5049 5050
f 5051 5052 5053
f 5054 5055 5056
f 5057 5058 5059
f 5060 5061 5062
f 5060 5062 5063
f 5064 5065 5066
f 5064 5066 5067
f 5064 5067 5068
f 5069 5070 5071
f 5069 5071 5072
f 5073 5074 5075
f 5076 5077 5078
f 5076 5078 5079
f 5080 5081 5082
f 5083 5084 5085
f 5086 5087 5088
f 5089 5090 5091
f 5089 5091 5092
f 5089 5092 5093
f 5094 5095 5096
f 5094 5096 5097
f 5094 5097 5098
f 5094 5098 5099
f 5100 5101 5102
f 5100 5102 5103
f 5104 5105 5106
f 5104 5106 5107
f 5104 5107 5108
f 5109 5110 5111
f 5109 5111 5112
f 5109 5112 5113
f 5114 5115 5116
f 5114 5116 5117
f 5114 5117 5118
f 5119 5120 5121
f 5122 5123 5124
f 5125 5126 5127
f 5128 5129 5130
f 5131 5132 5133
f 5134 5135 5136
f 5137 5138 5139
f 5137 5139 5140
f 5141 5142 5143
f 5144 5145 5146
f 5144 5146 5147
f 5144 5147 5148
f 5149 5150 5151
f 5152 5153 5154
f 5155 5156 5157
f 5158 5159 5160
f 5158 5160 5161
f 5162 5163 5164
f 5165 5166 5167
f 5165 5167 5168
f 5169 5170 5171
f 5172 5173 5174
f 5175 5176 5177
f 5178 5179 5180
f 5181 5182 5183
f 5181 5183 5184
f 5185 5186 5187
f 5185 5187 5188
f 5189 5190 5191
f 5189 5191 5192
f 5193 5194 5195
f 5196 5197 5198
f 5199 5200 5201
f 5202 5203 5204
f 5205 5206 5207
f 5205 5207 5208
f 5209 5210 5211
f 5209 5211 5212
f 5213 5214 5215
f 5213 5215 5216
f 5213 5216 5217
f 5218 5219 5220
f 5218 5220 5221
f 5218 5221 5222
f 5223 5224 5225
f 5226 5227 5228
f 5226 5228 5229
f 5226 5229 5230
f 5231 5232 5233
f 5234 5235 5236
f 5237 5238 5239
f 5240 5241 5242
f 5243 5244 5245
f 5243 5245 5246
f 5247 5248 5249
f 5250 5251 5252
f 5253 5254 5255
f 5253 5255 5256
f 5257 5258 5259
f 5260 5261 5262
f 5263 5264 5265
f 5263 5265 5266
f 5267 5268 5269
f 5267 5269 5270
f 5267 5270 5271
f 5267 5271 5272
f 5273 5274 5275
f 5273 5275 5276
f 5273 5276 5277
f 5278 5279 5280
f 5281 5282 5283
f 5281 5283 5284
f 5281 5284 5285
f 5281 5285 5286
f 5287 5288 5289
f 5290 5291 5292
f 5293 5294 5295
f 5296 5297 5298
f 5296 5298 5299
f 5296 5299 5300
f 5301 5302 5303
f 5304 5305 5306
f 5304 5306 5307
f 5308 5309 5310
f 5308 5310 5311
f 5308 5311 5312
f 5308 5312 5313
f 5314 5315 5316
f 5314 5316 5317
f 5314 5317 5318
f 5314 5318 5319
f 5320 5321 5322
f 5323 5324 5325
f 5326 5327 5328
f 5329 5330 5331
f 5332 5333 5334
f 5332 5334 5335
f 5336 5337 5338
f 5339 5340 5341
f 5339 5341 5342
f 5343 5344 5345
f 5346 5347 5348
f 5346 5348 5349
f 5350 5351 5352
f 5350 5352 5353
f 5354 5355 5356
f 5357 5358 5359
f 5360 5361 5362
f 5360 5362 5363
f 5364 5365 5366
f 5364 5366 5367
f 5368 5369 5370
f 5371 5372 5373
f 5374 5375 5376
f 5377 5378 5379
f 5377 5379 5380
f 5381 5382 5383
f 5384 5385 5386
f 5384 5386 5387
f 5384 5387 5388
f 5389 5390 5391
f 5389 5391 5392
f 5389 5392 5393
f 5394 5395 5396
f 5394 5396 5397
f 5398 5399 5400
f 5401 5402 5403
f 5401 5403 5404
f 5401 5404 5405
f 5406 5407 5408
f 5406 5408 5409
f 5406 5409 5410
f 5406 5410 5411
f 5412 5413 5414
f 5415 5416 5417
f 5415 5417 5418
f 5419 5420 5421
f 5422 5423 5424
f 5425 5426 5427
f 5425 5427 5428
f 5429 5430 5431
f 5432 5433 5434
f 5432 5434 5435
f 5432 5435 5436
f 5432 5436 5437
f 5438 5439 5440
f 5441 5442 5443
f 5444 5445 5446
f 5444 5446 5447
f 5444 5447 5448
f 5444 5448 5449
f 5450 5451 5452
f 5453 5454 5455
f 5453 5455 5456
f 5457 5458 5459
f 5457 5459 5460
f 5461 5462 5463
f 5464 5465 5466
f 5467 5468 5469
f 5467 5469 5470
f 5471 5472 5473
f 5474 5475 5476
f 5477 5478 5479
f 5477 5479 5480
f 5481 5482 5483
f 5484 5485 5486
f 5484 5486 5487
f 5484 5487 5488
f 5484 5488 5489
f 5490 5491 5492
f 5493 5494 5495
f 5496 5497 5498
f 5496 5498 5499
f 5500 5501 5502
f 5500 5502 5503
f 5504 5505 5506
f 5507 5508 5509
f 5510 5511 5512
f 5513 5514 5515
f 5516 5517 5518
f 5516 5518 5519
f 5520 5521 5522
f 5523 5524 5525
f 5526 5527 5528
f 5526 5528 5529
f 5530 5531 5532
f 5533 5534 5535
f 5536 5537 5538
f 5539 5540 5541
f 5542 5543 5544
f 5545 5546 5547
f 5545 5547 5548
f 5545 5548 5549
f 5550 5551 5552
f 5553 5554 5555
f 5553 5555 5556
f 5557 5558 5559
f 5560 5561 5562
f 5563 5564 5565
f 5563 5565 5566
f 5567 5568 5569
f 5570 5571 5572
f 5573 5574 5575
f 5576 5577 5578
f 5579 5580 5581
f 5579 5581 5582
f 5583 5584 5585
f 5586 5587 5588
f 5589 5590 5591
f 5589 5591 5592
f 5593 5594 5595
f 5596 5597 5598
f 5596 5598 5599
f 5600 5601 5602
f 5603 5604 5605
f 5603 5605 5606
f 5607 5608 5609
f 5610 5611 5612
f 5613 5614 5615
f 5616 5617 5618
f 5619 5620 5621
f 5622 5623 5624
f 5625 5626 5627
f 5628 5629 5630
f 5628 5630 5631
f 5628 5631 5632
f 5633 5634 5635
f 5636 5637 5638
f 5639 5640 5641
f 5642 5643 5644
f 5645 5646 5647
f 5648 5649 5650
f 5648 5650 5651
f 5652 5653 5654
f 5655 5656 5657
f 5658 5659 5660
f 5658 5660 5661
f 5662 5663 5664
f 5665 5666 5667
f 5668 5669 5670
f 5671 5672 5673
f 5674 5675 5676
f 5677 5678 5679
f 5677 5679 5680
f 5677 5680 5681
f 5677 5681 5682
f 5683 5684 5685
f 5683 5685 5686
f 5683 5686 5687
f 5688 5689 5690
f 5691 5692 5693
f 5694 5695 5696
f 5697 5698 5699
f 5697 5699 5700
f 5701 5702 5703
f 5704 5705 5706
f 5707 5708 5709
f 5707 5709 5710
f 5711 5712 5713
f 5711 5713 5714
f 5711 5714 5715
f 5716 5717 5718
f 5716 5718 5719
f 5720 5721 5722
f 5723 5724 5725
f 5726 5727 5728
f 5726 5728 5729
f 5730 5731 5732
f 5730 5732 5733
f 5734 5735 5736
f 5737 5738 5739
f 5740 5741 5742
f 5743 5744 5745
f 5743 5745 5746
f 5747 5748 5749
f 5750 5751 5752
f 5750 5752 5753
f 5754 5755 5756
f 5757 5758 5759
f 5757 5759 5760
f 5761 5762 5763
f 5764 5765 5766
f 5767 5768 5769
f 5770 5771 5772
f 5773 5774 5775
f 5773 5775 5776
f 5773 5776 5777
f 5778 5779 5780
f 5781 5782 5783
f 5784 5785 5786
f 5787 5788 5789
f 5787 5789 5790
f 5791 5792 5793
f 5794 5795 5796
f 5794 5796 5797
f 5794 5797 5798
f 5794 5798 5799
f 5800 5801 5802
f 5803 5804 5805
f 5806 5807 5808
f 5806 5808 5809
f 5810 5811 5812
f 5813 5814 5815
f 5816 5817 5818
f 5816 5818 5819
f 5816 5819 5820
f 5816 5820 5821
f 5822 5823 5824
f 5825 5826 5827
f 5828 5829 5830
f 5828 5830 5831
f 5832 5833 5834
f 5835 5836 5837
f 5838 5839 5840
f 5838 5840 5841
f 5842 5843 5844
f 5845 5846 5847
f 5848 5849 5850
f 5848 5850 5851
f 5852 5853 5854
f 5852 5854 5855
f 5856 5857 5858
f 5859 5860 5861
f 5859 5861 5862
f 5863 5864 5865
f 5863 5865 5866
f 5867 5868 5869
f 5870 5871 5872
f 5873 5874 5875
f 5873 5875 5876
f 5877 5878 5879
f 5880 5881 5882
f 5883 5884 5885
f 5886 5887 5888
f 5886 5888 5889
f 5890 5891 5892
f 5893 5894 5895
f 5896 5897 5898
f 5899 5900 5901
f 5902 5903 5904
f 5905 5906 5907
f 5905 5907 5908
f 5905 5908 5909
f 5910 5911 5912
f 5910 5912 5913
f 5914 5915 5916
f 5914 5916 5917
f 5918 5919 5920
f 5921 5922 5923
f 5921 5923 5924
f 5921 5924 5925
f 5926 5927 5928
f 5926 5928 5929
f 5930 5931 5932
f 5933 5934 5935
f 5933 5935 5936
f 5937 5938 5939
f 5940 5941 5942
f 5940 5942 5943
f 5944 5945 5946
f 5947 5948 5949
f 5950 5951 5952
f 5953 5954 5955
f 5953 5955 5956
f 5957 5958 5959
f 5960 5961 5962
f 5963 5964 5965
f 5963 5965 5966
f 5963 5966 5967
f 5968 5969 5970
f 5971 5972 5973
f 5971 5973 5974
f 5975 5976 5977
f 5978 5979 5980
f 5981 5982 5983
f 5984 5985 5986
f 5984 5986 5987
f 5984 5987 5988
f 5989 5990 5991
f 5989 5991 5992
f 5989 5992 5993
f 5989 5993 5994
f 5995 5996 5997
f 5998 5999 6000
f 6001 6002 6003
f 6004 6005 6006
f 6004 6006 6007
f 6008 6009 6010
f 6008 6010 6011
f 6012 6013 6014
f 6015 6016 6017
f 6018 6019 6020
f 6018 6020 6021
f 6022 6023 6024
f 6022 6024 6025
f 6022 6025 6026
f 6022 6026 6027
f 6028 6029 6030
f 6028 6030 6031
f 6032 6033 6034
f 6035 6036 6037
f 6038 6039 6040
f 6038 6040 6041
f 6038 6041 6042
f 6043 6044 6045
f 6043 6045 6046
f 6047 6048 6049
f 6047 6049 6050
f 6051 6052 6053
f 6054 6055 6056
f 6057 6058 6059
f 6057 6059 6060
f 6057 6060 6061
f 6062 6063 6064
f 6062 6064 6065
f 6066 6067 6068
f 6069 6070 6071
f 6072 6073 6074
f 6075 6076 6077
f 6075 6077 6078
f 6075 6078 6079
f 6080 6081 6082
f 6083 6084 6085
f 6083 6085 6086
f 6087 6088 6089
f 6090 6091 6092
f 6093 6094 6095
f 6096 6097 6098
f 6099 6100 6101
f 6099 6101 6102
f 6103 6104 6105
f 6106 6107 6108
f 6109 6110 6111
f 6112 6113 6114
f 6115 6116 6117
f 6118 6119 6120
f 6121 6122 6123
f 6121 6123 6124
f 6125 6126 6127
f 6125 6127 6128
f 6125 6128 6129
f 6130 6131 6132
f 6133 6134 6135
f 6133 6135 6136
f 6137 6138 6139
f 6140 6141 6142
f 6143 6144 6145
f 6143 6145 6146
f 6143 6146 6147
f 6148 6149 6150
f 6151 6152 6153
f 6154 6155 6156
f 6154 6156 6157
f 6158 6159 6160
f 6158 6160 6161
f 6162 6163 6164
f 6165 6166 6167
f 6165 6167 6168
f 6165 6168 6169
f 6170 6171 6172
f 6170 6172 6173
f 6174 6175 6176
f 6177 6178 6179
f 6180 6181 6182
f 6183 6184 6185
f 6183 6185 6186
f 6187 6188 6189
f 6190 6191 6192
f 6193 6194 6195
f 6193 6195 6196
f 6193 6196 6197
f 6198 6199 6200
f 6201 6202 6203
f 6204 6205 6206
f 6207 6208 6209
f 6207 6209 6210
f 6211 6212 6213
f 6214 6215 6216
f 6217 6218 6219
f 6220 6221 6222
f 6223 6224 6225
f 6223 6225 6226
f 6223 6226 6227
f 6223 6227 6228
f 6229 6230 6231
f 6229 6231 6232
f 6233 6234 6235
f 6233 6235 6236
f 6237 6238 6239
f 6237 6239 6240
f 6241 6242 6243
f 6241 6243 6244
f 6245 6246 6247
f 6248 6249 6250
f 6251 6252 6253
f 6251 6253 6254
f 6255 6256 6257
f 6255 6257 6258
f 6259 6260 6261
f 6262 6263 6264
f 6262 6264 6265
f 6266 6267 6268
f 6269 6270 6271
f 6269 6271 6272
f 6269 6272 6273
f 6274 6275 6276
f 6277 6278 6279
f 6277 6279 6280
f 6277 6280 6281
f 6282 6283 6284
f 6282 6284 6285
f 6282 6285 6286
f 6287 6288 6289
f 6287 6289 6290
f 6287 6290 6291
f 6292 6293 6294
f 6295 6296 6297
f 6298 6299 6300
f 6298 6300 6301
f 6302 6303 6304
f 6302 6304 6305
f 6306 6307 6308
f 6306 6308 6309
f 6310 6311 6312
f 6313 6314 6315
f 6313 6315 6316
f 6317 6318 6319
f 6320 6321 6322
f 6323 6324 6325
f 6323 6325 6326
f 6327 6328 6329
f 6327 6329 6330
f 6331 6332 6333
f 6334 6335 6336
f 6337 6338 6339
f 6337 6339 6340
f 6341 6342 6343
f 6344 6345 6346
f 6347 6348 6349
f 6347 6349 6350
f 6347 6350 6351
f 6347 6351 6352
f 6353 6354 6355
f 6356 6357 6358
f 6356 6358 6359
f 6360 6361 6362
f 6363 6364 6365
f 6363 6365 6366
f 6367 6368 6369
f 6370 6371 6372
f 6370 6372 6373
f 6370 6373 6374
f 6370 6374 6375
f 6376 6377 6378
f 6379 6380 6381
f 6379 6381 6382
f 6379 6382 6383
f 6384 6385 6386
f 6384 6386 6387
f 6388 6389 6390
f 6391 6392 6393
f 6394 6395 6396
f 6394 6396 6397
f 6398 6399 6400
f 6401 6402 6403
f 6404 6405 6406
f 6404 6406 6407
f 6408 6409 6410
f 6408 6410 6411
f 6408 6411 6412
f 6408 6412 6413
f 6414 6415 6416
f 6417 6418 6419
f 6420 6421 6422
f 6423 6424 6425
f 6426 6427 6428
f 6429 6430 6431
f 6432 6433 6434
f 6435 6436 6437
f 6438 6439 6440
f 6438 6440 6441
f 6442 6443 6444
f 6445 6446 6447
f 6445 6447 6448
f 6445 6448 6449
f 6450 6451 6452
f 6450 6452 6453
f 6454 6455 6456
f 6457 6458 6459
f 6460 6461 6462
f 6463 6464 6465
f 6466 6467 6468
f 6469 6470 6471
f 6469 6471 6472
f 6473 6474 6475
f 6476 6477 6478
f 6479 6480 6481
f 6482 6483 6484
f 6482 6484 6485
f 6482 6485 6486
f 6487 6488 6489
f 6487 6489 6490
f 6491 6492 6493
f 6494 6495 6496
f 6494 6496 6497
f 6498 6499 6500
f 6501 6502 6503
f 6501 6503 6504
f 6501 6504 6505
f 6506 6507 6508
f 6506 6508 6509
f 6510 6511 6512
f 6513 6514 6515
f 6513 6515 6516
f 6517 6518 6519
f 6520 6521 6522
f 6520 6522 6523
f 6524 6525 6526
f 6527 6528 6529
f 6527 6529 6530
f 6531 6532 6533
f 6534 6535 6536
f 6534 6536 6537
f 6538 6539 6540
f 6538 6540 6541
f 6538 6541 6542
f 6543 6544 6545
f 6543 6545 6546
f 6547 6548 6549
f 6550 6551 6552
f 6553 6554 6555
f 6553 6555 6556
f 6553 6556 6557
f 6553 6557 6558
f 6559 6560 6561
f 6562 6563 6564
f 6562 6564 6565
f 6566 6567 6568
f 6569 6570 6571
f 6569 6571 6572
f 6569 6572 6573
f 6569 6573 6574
f 6575 6576 6577
f 6575 6577 6578
f 6579 6580 6581
f 6579 6581 6582
f 6583 6584 6585
f 6586 6587 6588
f 6586 6588 6589
f 6590 6591 6592
f 6593 6594 6595
f 6596 6597 6598
f 6596 6598 6599
f 6600 6601 6602
f 6600 6602 6603
f 6604 6605 6606
f 6607 6608 6609
f 6607 6609 6610
f 6611 6612 6613
f 6614 6615 6616
f 6617 6618 6619
f 6617 6619 6620
f 6621 6622 6623
f 6621 6623 6624
f 6621 6624 6625
f 6626 6627 6628
f 6629 6630 6631
f 6629 6631 6632
f 6629 6632 6633
f 6629 6633 6634
f 6635 6636 6637
f 6635 6637 6638
f 6635 6638 6639
f 6640 6641 6642
f 6643 6644 6645
f 6646 6647 6648
f 6646 6648 6649
f 6650 6651 6652
f 6653 6654 6655
f 6656 6657 6658
f 6659 6660 6661
f 6659 6661 6662
f 6663 6664 6665
f 6663 6665 6666
f 6667 6668 6669
f 6667 6669 6670
f 6671 6672 6673
f 6674 6675 6676
f 6677 6678 6679
f 6680 6681 6682
f 6680 6682 6683
f 6684 6685 6686
f 6687 6688 6689
f 6690 6691 6692
f 6690 6692 6693
f 6694 6695 6696
f 6694 6696 6697
f 6698 6699 6700
f 6698 6700 6701
f 6702 6703 6704
f 6702 6704 6705
f 6706 6707 6708
f 6709 6710 6711
f 6709 6711 6712
f 6713 6714 6715
f 6716 6717 6718
f 6716 6718 6719
f 6720 6721 6722
f 6723 6724 6725
f 6726 6727 6728
f 6729 6730 6731
f 6729 6731 6732
f 6729 6732 6733
f 6729 6733 6734
f 6735 6736 6737
f 6738 6739 6740
f 6741 6742 6743
f 6744 6745 6746
f 6747 6748 6749
f 6747 6749 6750
f 6751 6752 6753
f 6754 6755 6756
f 6757 6758 6759
f 6760 6761 6762
f 6763 6764 6765
f 6766 6767 6768
f 6769 6770 6771
f 6772 6773 6774
f 6772 6774 6775
f 6776 6777 6778
f 6776 6778 6779
f 6780 6781 6782
f 6780 6782 6783
f 6784 6785 6786
f 6787 6788 6789
f 6787 6789 6790
f 6787 6790 6791
f 6787 6791 6792
f 6793 6794 6795
f 6796 6797 6798
f 6796 6798 6799
f 6800 6801 6802
f 6803 6804 6805
f 6806 6807 6808
f 6809 6810 6811
f 6812 6813 6814
f 6815 6816 6817
f 6818 6819 6820
f 6821 6822 6823
f 6824 6825 6826
f 6827 6828 6829
f 6830 6831 6832
f 6833 6834 6835
f 6833 6835 6836
f 6837 6838 6839
f 6837 6839 6840
f 6841 6842 6843
f 6844 6845 6846
f 6847 6848 6849
f 6850 6851 6852
f 6850 6852 6853
f 6850 6853 6854
f 6850 6854 6855
f 6856 6857 6858
f 6856 6858 6859
f 6860 6861 6862
f 6863 6864 6865
f 6866 6867 6868
f 6869 6870 6871
f 6872 6873 6874
f 6872 6874 6875
f 6876 6877 6878
f 6879 6880 6881
f 6879 6881 6882
f 6883 6884 6885
f 6883 6885 6886
f 6883 6886 6887
f 6883 6887 6888
f 6889 6890 6891
f 6889 6891 6892
f 6893 6894 6895
f 6893 6895 6896
f 6897 6898 6899
f 6900 6901 6902
f 6900 6902 6903
f 6904 6905 6906
f 6907 6908 6909
f 6910 6911 6912
f 6913 6914 6915
f 6913 6915 6916
f 6913 6916 6917
f 6918 6919 6920
f 6918 6920 6921
f 6922 6923 6924
f 6925 6926 6927
f 6925 6927 6928
f 6929 6930 6931
f 6929 6931 6932
f 6933 6934 6935
f 6936 6937 6938
f 6939 6940 6941
f 6942 6943 6944
f 6942 6944 6945
f 6946 6947 6948
f 6946 6948 6949
f 6950 6951 6952
f 6950 6952 6953
f 6950 6953 6954
f 6955 6956 6957
f 6958 6959 6960
f 6961 6962 6963
f 6961 6963 6964
f 6965 6966 6967
f 6965 6967 6968
f 6969 6970 6971
f 6972 6973 6974
f 6975 6976 6977
f 6978 6979 6980
f 6978 6980 6981
f 6982 6983 6984
f 6982 6984 6985
f 6986 6987 6988
f 6989 6990 6991
f 6989 6991 6992
f 6989 6992 6993
f 6994 6995 6996
f 6994 6996 6997
f 6998 6999 7000
f 7001 7002 7003
f 7001 7003 7004
f 7005 7006 7007
f 7005 7007 7008
f 7009 7010 7011
f 7009 7011 7012
f 7013 7014 7015
f 7016 7017 7018
f 7016 7018 7019
f 7020 7021 7022
f 7020 7022 7023
f 7020 7023 7024
f 7025 7026 7027
f 7025 7027 7028
f 7025 7028 7029
f 7030 7031 7032
f 7033 7034 7035
f 7033 7035 7036
f 7037 7038 7039
f 7037 7039 7040
f 7037 7040 7041
f 7042 7043 7044
f 7045 7046 7047
f 7048 7049 7050
f 7048 7050 7051
f 7052 7053 7054
f 7055 7056 7057
f 7055 7057 7058
f 7059 7060 7061
f 7062 7063 7064
f 7065 7066 7067
f 7065 7067 7068
f 7069 7070 7071
f 7072 7073 7074
f 7072 7074 7075
f 7072 7075 7076
f 7072 7076 7077
f 7078 7079 7080
f 7078 7080 7081
f 7082 7083 7084
f 7085 7086 7087
f 7088 7089 7090
f 7088 7090 7091
f 7088 7091 7092
f 7088 7092 7093
f 7094 7095 7096
f 7094 7096 7097
f 7098 7099 7100
f 7101 7102 7103
f 7104 7105 7106
f 7104 7106 7107
f 7108 7109 7110
f 7111 7112 7113
f 7111 7113 7114
f 7111 7114 7115
f 7111 7115 7116
f 7117 7118 7119
f 7120 7121 7122
f 7123 7124 7125
f 7123 7125 7126
f 7127 7128 7129
f 7127 7129 7130
f 7131 7132 7133
f 7134 7135 7136
f 7137 7138 7139
f 7140 7141 7142
f 7140 7142 7143
f 7140 7143 7144
f 7140 7144 7145
f 7146 7147 7148
f 7146 7148 7149
f 7150 7151 7152
f 7153 7154 7155
f 7156 7157 7158
f 7159 7160 7161
f 7162 7163 7164
f 7165 7166 7167
f 7168 7169 7170
f 7171 7172 7173
f 7174 7175 7176
f 7174 7176 7177
f 7178 7179 7180
f 7178 7180 7181
f 7182 7183 7184
f 7185 7186 7187
f 7188 7189 7190
f 7188 7190 7191
f 7188 7191 7192
f 7188 7192 7193
f 7194 7195 7196
f 7194 7196 7197
f 7198 7199 7200
f 7201 7202 7203
f 7204 7205 7206
f 7204 7206 7207
f 7208 7209 7210
f 7208 7210 7211
f 7212 7213 7214
f 7215 7216 7217
f 7215 7217 7218
f 7215 7218 7219
f 7215 7219 7220
f 7221 7222 7223
f 7221 7223 7224
f 7225 7226 7227
f 7225 7227 7228
f 7229 7230 7231
f 7229 7231 7232
f 7229 7232 7233
f 7234 7235 7236
f 7237 7238 7239
f 7237 7239 7240
f 7237 7240 7241
f 7242 7243 7244
f 7242 7244 7245
f 7246 7247 7248
f 7246 7248 7249
f 7246 7249 7250
f 7251 7252 7253
f 7251 7253 7254
f 7255 7256 7257
f 7258 7259 7260
f 7261 7262 7263
f 7264 7265 7266
f 7264 7266 7267
f 7268 7269 7270
f 7271 7272 7273
f 7271 7273 7274
f 7275 7276 7277
f 7278 7279 7280
f 7278 7280 7281
f 7278 7281 7282
f 7283 7284 7285
f 7286 7287 7288
f 7286 7288 7289
f 7286 7289 7290
f 7286 7290 7291
f 7292 7293 7294
f 7295 7296 7297
f 7295 7297 7298
f 7299 7300 7301
f 7299 7301 7302
f 7299 7302 7303
f 7304 7305 7306
f 7307 7308 7309
f 7310 7311 7312
f 7313 7314 7315
f 7313 7315 7316
f 7313 7316 7317
f 7313 7317 7318
f 7319 7320 7321
f 7322 7323 7324
f 7325 7326 7327
f 7325 7327 7328
f 7329 7330 7331
f 7329 7331 7332
f 7333 7334 7335
f 7333 7335 7336
f 7337 7338 7339
f 7340 7341 7342
f 7343 7344 7345
f 7346 7347 7348
f 7349 7350 7351
f 7352 7353 7354
f 7355 7356 7357
f 7355 7357 7358
f 7359 7360 7361
f 7359 7361 7362
f 7363 7364 7365
f 7366 7367 7368
f 7366 7368 7369
f 7366 7369 7370
f 7366 7370 7371
f 7372 7373 7374
f 7372 7374 7375
f 7376 7377 7378
f 7376 7378 7379
f 7380 7381 7382
f 7383 7384 7385
f 7383 7385 7386
f 7387 7388 7389
f 7390 7391 7392
f 7393 7394 7395
f 7396 7397 7398
f 7396 7398 7399
f 7396 7399 7400
f 7401 7402 7403
f 7404 7405 7406
f 7404 7406 7407
f 7408 7409 7410
f 7411 7412 7413
f 7411 7413 7414
f 7411 7414 7415
f 7411 7415 7416
f 7417 7418 7419
f 7417 7419 7420
f 7417 7420 7421
f 7422 7423 7424
f 7425 7426 7427
f 7425 7427 7428
f 7429 7430 7431
f 7429 7431 7432
f 7433 7434 7435
f 7436 7437 7438
f 7436 7438 7439
f 7440 7441 7442
f 7443 7444 7445
f 7446 7447 7448
f 7449 7450 7451
f 7452 7453 7454
f 7455 7456 7457
f 7455 7457 7458
f 7455 7458 7459
f 7455 7459 7460
f 7461 7462 7463
f 7461 7463 7464
f 7465 7466 7467
f 7465 7467 7468
f 7465 7468 7469
f 7465 7469 7470
f 7471 7472 7473
f 7474 7475 7476
f 7474 7476 7477
f 7478 7479 7480
f 7478 7480 7481
f 7482 7483 7484
f 7482 7484 7485
f 7486 7487 7488
f 7489 7490 7491
f 7492 7493 7494
f 7492 7494 7495
f 7496 7497 7498
f 7499 7500 7501
f 7499 7501 7502
f 7499 7502 7503
f 7504 7505 7506
f 7504 7506 7507
f 7508 7509 7510
f 7508 7510 7511
f 7512 7513 7514
f 7512 7514 7515
f 7516 7517 7518
f 7519 7520 7521
f 7522 7523 7524
f 7525 7526 7527
f 7525 7527 7528
f 7529 7530 7531
f 7529 7531 7532
f 7529 7532 7533
f 7534 7535 7536
f 7537 7538 7539
f 7537 7539 7540
f 7541 7542 7543
f 7544 7545 7546
f 7544 7546 7547
f 7548 7549 7550
f 7551 7552 7553
f 7554 7555 7556
f 7554 7556 7557
f 7554 7557 7558
f 7559 7560 7561
f 7559 7561 7562
f 7563 7564 7565
f 7566 7567 7568
f 7569 7570 7571
f 7572 7573 7574
f 7572 7574 7575
f 7572 7575 7576
f 7577 7578 7579
f 7580 7581 7582
f 7583 7584 7585
f 7583 7585 7586
f 7587 7588 7589
f 7590 7591 7592
f 7593 7594 7595
f 7596 7597 7598
f 7596 7598 7599
f 7596 7599 7600
f 7601 7602 7603
f 7604 7605 7606
f 7604 7606 7607
f 7604 7607 7608
f 7609 7610 7611
f 7609 7611 7612
f 7609 7612 7613
f 7609 7613 7614
f 7615 7616 7617
f 7618 7619 7620
f 7618 7620 7621
f 7618 7621 7622
f 7623 7624 7625
f 7623 7625 7626
f 7627 7628 7629
f 7630 7631 7632
f 7633 7634 7635
f 7636 7637 7638
f 7639 7640 7641
f 7642 7643 7644
f 7642 7644 7645
f 7642 7645 7646
f 7647 7648 7649
f 7650 7651 7652
f 7653 7654 7655
f 7653 7655 7656
f 7657 7658 7659
f 7657 7659 7660
f 7657 7660 7661
f 7657 7661 7662
f 7663 7664 7665
f 7666 7667 7668
f 7669 7670 7671
f 7669 7671 7672
f 7673 7674 7675
f 7676 7677 7678
f 7679 7680 7681
f 7682 7683 7684
f 7682 7684 7685
f 7686 7687 7688
f 7689 7690 7691
f 7692 7693 7694
f 7695 7696 7697
f 7698 7699 7700
f 7698 7700 7701
f 7702 7703 7704
f 7705 7706 7707
f 7708 7709 7710
f 7711 7712 7713
f 7714 7715 7716
f 7714 7716 7717
f 7718 7719 7720
f 7721 7722 7723
f 7724 7725 7726
f 7727 7728 7729
f 7730 7731 7732
f 7733 7734 7735
f 7736 7737 7738
f 7736 7738 7739
f 7740 7741 7742
f 7743 7744 7745
f 7746 7747 7748
f 7749 7750 7751
f 7749 7751 7752
f 7753 7754 7755
f 7756 7757 7758
f 7759 7760 7761
f 7762 7763 7764
f 7762 7764 7765
f 7766 7767 7768
f 7769 7770 7771
f 7772 7773 7774
f 7772 7774 7775
f 7772 7775 7776
f 7772 7776 7777
f 7778 7779 7780
f 7781 7782 7783
f 7784 7785 7786
f 7784 7786 7787
f 7788 7789 7790
f 7791 7792 7793
f 7791 7793 7794
f 7795 7796 7797
f 7798 7799 7800
f 7801 7802 7803
f 7804 7805 7806
f 7807 7808 7809
f 7810 7811 7812
f 7810 7812 7813
f 7814 7815 7816
f 7814 7816 7817
f 7818 7819 7820
f 7821 7822 7823
f 7821 7823 7824
f 7825 7826 7827
f 7828 7829 7830
f 7831 7832 7833
f 7834 7835 7836
f 7837 7838 7839
f 7840 7841 7842
f 7840 7842 7843
f 7844 7845 7846
f 7847 7848 7849
f 7850 7851 7852
f 7853 7854 7855
f 7853 7855 7856
f 7853 7856 7857
f 7853 7857 7858
f 7859 7860 7861
f 7862 7863 7864
f 7862 7864 7865
f 7862 7865 7866
f 7862 7866 7867
f 7868 7869 7870
f 7868 7870 7871
f 7868 7871 7872
f 7873 7874 7875
f 7873 7875 7876
f 7877 7878 7879
f 7880 7881 7882
f 7883 7884 7885
f 7883 7885 7886
f 7883 7886 7887
f 7888 7889 7890
f 7888 7890 7891
f 7888 7891 7892
f 7893 7894 7895
f 7896 7897 7898
f 7896 7898 7899
f 7896 7899 7900
f 7901 7902 7903
f 7901 7903 7904
f 7901 7904 7905
f 7906 7907 7908
f 7906 7908 7909
f 7910 7911 7912
f 7913 7914 7915
f 7916 7917 7918
f 7919 7920 7921
f 7922 7923 7924
f 7925 7926 7927
f 7925 7927 7928
f 7929 7930 7931
f 7932 7933 7934
f 7932 7934 7935
f 7936 7937 7938
f 7939 7940 7941
f 7942 7943 7944
f 7942 7944 7945
f 7942 7945 7946
f 7947 7948 7949
f 7950 7951 7952
f 7950 7952 7953
f 7954 7955 7956
f 7954 7956 7957
f 7958 7959 7960
f 7958 7960 7961
f 7958 7961 7962
f 7963 7964 7965
f 7966 7967 7968
f 7966 7968 7969
f 7970 7971 7972
f 7970 7972 7973
f 7974 7975 7976
f 7977 7978 7979
f 7980 7981 7982
f 7980 7982 7983
f 7984 7985 7986
f 7984 7986 7987
f 7984 7987 7988
f 7989 7990 7991
f 7989 7991 7992
f 7993 7994 7995
f 7996 7997 7998
f 7999 8000 8001
f 7999 8001 8002
f 8003 8004 8005
f 8003 8005 8006
f 8003 8006 8007
f 8003 8007 8008
f 8009 8010 8011
f 8012 8013 8014
f 8015 8016 8017
f 8018 8019 8020
f 8021 8022 8023
f 8021 8023 8024
f 8021 8024 8025
f 8026 8027 8028
f 8029 8030 8031
f 8029 8031 8032
f 8033 8034 8035
f 8036 8037 8038
f 8039 8040 8041
f 8039 8041 8042
f 8043 8044 8045
f 8046 8047 8048
f 8049 8050 8051
f 8052 8053 8054
f 8055 8056 8057
f 8058 8059 8060
f 8058 8060 8061
f 8062 8063 8064
f 8062 8064 8065
f 8066 8067 8068
f 8069 8070 8071
f 8069 8071 8072
f 8069 8072 8073
f 8074 8075 8076
f 8077 8078 8079
f 8080 8081 8082
f 8083 8084 8085
f 8086 8087 8088
f 8086 8088 8089
f 8090 8091 8092
f 8093 8094 8095
f 8093 8095 8096
f 8097 8098 8099
f 8100 8101 8102
f 8100 8102 8103
f 8100 8103 8104
f 8105 8106 8107
f 8108 8109 8110
f 8111 8112 8113
f 8114 8115 8116
f 8117 8118 8119
f 8120 8121 8122
f 8120 8122 8123
f 8124 8125 8126
f 8127 8128 8129
f 8130 8131 8132
f 8133 8134 8135
f 8136 8137 8138
f 8139 8140 8141
f 8142 8143 8144
f 8142 8144 8145
f 8146 8147 8148
f 8149 8150 8151
f 8152 8153 8154
f 8155 8156 8157
f 8155 8157 8158
f 8155 8158 8159
f 8160 8161 8162
f 8160 8162 8163
f 8160 8163 8164
f 8160 8164 8165
f 8166 8167 8168
f 8169 8170 8171
f 8172 8173 8174
f 8175 8176 8177
f 8178 8179 8180
f 8181 8182 8183
f 8181 8183 8184
f 8185 8186 8187
f 8185 8187 8188
f 8189 8190 8191
f 8189 8191 8192
f 8193 8194 8195
f 8193 8195 8196
f 8197 8198 8199
f 8200 8201 8202
f 8203 8204 8205
f 8203 8205 8206
f 8203 8206 8207
f 8208 8209 8210
f 8208 8210 8211
f 8212 8213 8214
f 8212 8214 8215
f 8216 8217 8218
f 8219 8220 8221
f 8222 8223 8224
f 8222 8224 8225
f 8226 8227 8228
f 8229 8230 8231
f 8232 8233 8234
f 8232 8234 8235
f 8236 8237 8238
f 8236 8238 8239
f 8240 8241 8242
f 8243 8244 8245
f 8243 8245 8246
f 8247 8248 8249
f 8247 8249 8250
f 8251 8252 8253
f 8251 8253 8254
f 8255 8256 8257
f 8258 8259 8260
f 8258 8260 8261
f 8262 8263 8264
f 8262 8264 8265
f 8262 8265 8266
f 8267 8268 8269
f 8270 8271 8272
f 8270 8272 8273
f 8270 8273 8274
f 8270 8274 8275
f 8276 8277 8278
f 8279 8280 8281
f 8282 8283 8284
f 8285 8286 8287
f 8285 8287 8288
f 8285 8288 8289
f 8290 8291 8292
f 8293 8294 8295
f 8293 8295 8296
f 8297 8298 8299
f 8300 8301 8302
f 8300 8302 8303
f 8304 8305 8306
f 8307 8308 8309
f 8310 8311 8312
f 8310 8312 8313
f 8310 8313 8314
f 8315 8316 8317
f 8315 8317 8318
f 8319 8320 8321
f 8319 8321 8322
f 8323 8324 8325
f 8326 8327 8328
f 8329 8330 8331
f 8329 8331 8332
f 8329 8332 8333
f 8334 8335 8336
f 8334 8336 8337
f 8338 8339 8340
f 8338 8340 8341
f 8338 8341 8342
f 8343 8344 8345
f 8346 8347 8348
f 8349 8350 8351
f 8352 8353 8354
f 8355 8356 8357
f 8358 8359 8360
f 8361 8362 8363
f 8364 8365 8366
f 8364 8366 8367
f 8364 8367 8368
f 8369 8370 8371
f 8369 8371 8372
f 8373 8374 8375
f 8373 8375 8376
f 8377 8378 8379
f 8380 8381 8382
f 8383 8384 8385
f 8386 8387 8388
f 8386 8388 8389
f 8390 8391 8392
f 8393 8394 8395
f 8396 8397 8398
f 8399 8400 8401
f 8399 8401 8402
f 8399 8402 8403
f 8404 8405 8406
f 8404 8406 8407
f 8404 8407 8408
f 8409 8410 8411
f 8412 8413 8414
f 8412 8414 8415
f 8416 8417 8418
f 8419 8420 8421
f 8422 8423 8424
f 8425 8426 8427
f 8428 8429 8430
f 8428 8430 8431
f 8432 8433 8434
f 8435 8436 8437
f 8435 8437 8438
f 8439 8440 8441
f 8442 8443 8444
f 8442 8444 8445
f 8446 8447 8448
f 8446 8448 8449
f 8450 8451 8452
f 8453 8454 8455
f 8456 8457 8458
f 8459 8460 8461
f 8462 8463 8464
f 8465 8466 8467
f 8468 8469 8470
f 8471 8472 8473
f 8474 8475 8476
f 8477 8478 8479
f 8477 8479 8480
f 8477 8480 8481
f 8477 8481 8482
f 8483 8484 8485
f 8483 8485 8486
f 8487 8488 8489
f 8487 8489 8490
f 8487 8490 8491
f 8492 8493 8494
f 8492 8494 8495
f 8496 8497 8498
f 8499 8500 8501
f 8502 8503 8504
f 8502 8504 8505
f 8506 8507 8508
f 8509 8510 8511
f 8512 8513 8514
f 8515 8516 8517
f 8515 8517 8518
f 8519 8520 8521
f 8522 8523 8524
f 8522 8524 8525
f 8522 8525 8526
f 8522 8526 8527
f 8528 8529 8530
f 8531 8532 8533
f 8534 8535 8536
f 8537 8538 8539
f 8537 8539 8540
f 8541 8542 8543
f 8544 8545 8546
f 8547 8548 8549
f 8547 8549 8550
f 8547 8550 8551
f 8547 8551 8552
f 8553 8554 8555
f 8556 8557 8558
f 8559 8560 8561
f 8559 8561 8562
f 8559 8562 8563
f 8564 8565 8566
f 8564 8566 8567
f 8568 8569 8570
f 8571 8572 8573
f 8574 8575 8576
f 8574 8576 8577
f 8578 8579 8580
f 8581 8582 8583
f 8584 8585 8586
f 8587 8588 8589
f 8587 8589 8590
f 8591 8592 8593
f 8594 8595 8596
f 8597 8598 8599
f 8600 8601 8602
f 8603 8604 8605
f 8606 8607 8608
f 8606 8608 8609
f 8610 8611 8612
f 8613 8614 8615
f 8613 8615 8616
f 8617 8618 8619
f 8620 8621 8622
f 8620 8622 8623
f 8620 8623 8624
f 8625 8626 8627
f 8625 8627 8628
f 8629 8630 8631
f 8629 8631 8632
f 8629 8632 8633
f 8634 8635 8636
f 8637 8638 8639
f 8637 8639 8640
f 8641 8642 8643
f 8644 8645 8646
f 8644 8646 8647
f 8644 8647 8648
f 8644 8648 8649
f 8650 8651 8652
f 8653 8654 8655
f 8653 8655 8656
f 8657 8658 8659
f 8660 8661 8662
f 8663 8664 8665
f 8663 8665 8666
f 8667 8668 8669
f 8667 8669 8670
f 8671 8672 8673
f 8671 8673 8674
f 8675 8676 8677
f 8678 8679 8680
f 8678 8680 8681
f 8682 8683 8684
f 8685 8686 8687
f 8685 8687 8688
f 8685 8688 8689
f 8690 8691 8692
f 8693 8694 8695
f 8696 8697 8698
f 8699 8700 8701
f 8699 8701 8702
f 8703 8704 8705
f 8703 8705 8706
f 8707 8708 8709
f 8707 8709 8710
f 8711 8712 8713
f 8711 8713 8714
f 8711 8714 8715
f 8711 8715 8716
f 8717 8718 8719
f 8720 8721 8722
f 8723 8724 8725
f 8723 8725 8726
f 8727 8728 8729
f 8730 8731 8732
f 8730 8732 8733
f 8734 8735 8736
f 8737 8738 8739
f 8737 8739 8740
f 8741 8742 8743
f 8741 8743 8744
f 8741 8744 8745
f 8741 8745 8746
f 8747 8748 8749
f 8750 8751 8752
f 8753 8754 8755
f 8756 8757 8758
f 8756 8758 8759
f 8756 8759 8760
f 8761 8762 8763
f 8761 8763 8764
f 8765 8766 8767
f 8768 8769 8770
f 8771 8772 8773
f 8774 8775 8776
f 8774 8776 8777
f 8774 8777 8778
f 8774 8778 8779
f 8780 8781 8782
f 8783 8784 8785
f 8783 8785 8786
f 8787 8788 8789
f 8787 8789 8790
f 8787 8790 8791
f 8787 8791 8792
f 8793 8794 8795
f 8796 8797 8798
f 8799 8800 8801
f 8802 8803 8804
f 8802 8804 8805
f 8806 8807 8808
f 8809 8810 8811
f 8809 8811 8812
f 8813 8814 8815
f 8816 8817 8818
f 8816 8818 8819
f 8820 8821 8822
f 8823 8824 8825
f 8823 8825 8826
f 8823 8826 8827
f 8828 8829 8830
f 8831 8832 8833
f 8834 8835 8836
f 8834 8836 8837
f 8838 8839 8840
f 8838 8840 8841
f 8838 8841 8842
f 8843 8844 8845
f 8843 8845 8846
f 8847 8848 8849
f 8850 8851 8852
f 8850 8852 8853
f 8854 8855 8856
f 8857 8858 8859
f 8860 8861 8862
f 8860 8862 8863
f 8864 8865 8866
f 8864 8866 8867
f 8864 8867 8868
f 8869 8870 8871
f 8872 8873 8874
f 8872 8874 8875
f 8876 8877 8878
f 8879 8880 8881
f 8882 8883 8884
f 8885 8886 8887
f 8888 8889 8890
f 8888 8890 8891
f 8888 8891 8892
f 8893 8894 8895
f 8893 8895 8896
f 8893 8896 8897
f 8893 8897 8898
f 8899 8900 8901
f 8902 8903 8904
f 8905 8906 8907
f 8908 8909 8910
f 8911 8912 8913
f 8911 8913 8914
f 8911 8914 8915
f 8911 8915 8916
f 8917 8918 8919
f 8917 8919 8920
f 8921 8922 8923
f 8921 8923 8924
f 8921 8924 8925
f 8921 8925 8926
f 8927 8928 8929
f 8930 8931 8932
f 8933 8934 8935
f 8936 8937 8938
f 8936 8938 8939
f 8940 8941 8942
f 8943 8944 8945
f 8946 8947 8948
f 8946 8948 8949
f 8950 8951 8952
f 8950 8952 8953
f 8954 8955 8956
f 8957 8958 8959
f 8957 8959 8960
f 8957 8960 8961
f 8957 8961 8962
f 8963 8964 8965
f 8963 8965 8966
f 8967 8968 8969
f 8967 8969 8970
f 8971 8972 8973
f 8974 8975 8976
f 8977 8978 8979
f 8980 8981 8982
f 8980 8982 8983
f 8980 8983 8984
f 8980 8984 8985
f 8986 8987 8988
f 8989 8990 8991
f 8989 8991 8992
f 8993 8994 8995
f 8993 8995 8996
f 8997 8998 8999
f 8997 8999 9000
f 9001 9002 9003
f 9004 9005 9006
f 9007 9008 9009
f 9010 9011 9012
f 9013 9014 9015
f 9016 9017 9018
f 9019 9020 9021
f 9022 9023 9024
f 9022 9024 9025
f 9026 9027 9028
f 9026 9028 9029
f 9026 9029 9030
f 9031 9032 9033
f 9034 9035 9036
f 9034 9036 9037
f 9038 9039 9040
f 9041 9042 9043
f 9044 9045 9046
f 9044 9046 9047
f 9044 9047 9048
f 9049 9050 9051
f 9049 9051 9052
f 9049 9052 9053
f 9049 9053 9054
f 9055 9056 9057
f 9058 9059 9060
f 9061 9062 9063
f 9064 9065 9066
f 9067 9068 9069
f 9070 9071 9072
f 9070 9072 9073
f 9074 9075 9076
f 9074 9076 9077
f 9074 9077 9078
f 9079 9080 9081
f 9082 9083 9084
f 9085 9086 9087
f 9088 9089 9090
f 9088 9090 9091
f 9092 9093 9094
f 9095 9096 9097
f 9095 9097 9098
f 9099 9100 9101
f 9102 9103 9104
f 9102 9104 9105
f 9106 9107 9108
f 9106 9108 9109
f 9110 9111 9112
f 9113 9114 9115
f 9113 9115 9116
f 9113 9116 9117
f 9113 9117 9118
f 9119 9120 9121
f 9122 9123 9124
f 9125 9126 9127
f 9128 9129 9130
f 9131 9132 9133
f 9134 9135 9136
f 9137 9138 9139
f 9137 9139 9140
f 9137 9140 9141
f 9142 9143 9144
f 9142 9144 9145
f 9146 9147 9148
f 9149 9150 9151
f 9149 9151 9152
f 9153 9154 9155
f 9156 9157 9158
f 9156 9158 9159
f 9160 9161 9162
f 9163 9164 9165
f 9166 9167 9168
f 9166 9168 9169
f 9170 9171 9172
f 9170 9172 9173
f 9174 9175 9176
f 9177 9178 9179
f 9180 9181 9182
f 9183 9184 9185
f 9183 9185 9186
f 9183 9186 9187
f 9188 9189 9190
f 9191 9192 9193
f 9191 9193 9194
f 9191 9194 9195
f 9191 9195 9196
f 9197 9198 9199
f 9200 9201 9202
f 9200 9202 9203
f 9204 9205 9206
f 9204 9206 9207
f 9204 9207 9208
f 9209 9210 9211
f 9212 9213 9214
f 9215 9216 9217
f 9215 9217 9218
f 9219 9220 9221
f 9222 9223 9224
f 9222 9224 9225
f 9226 9227 9228
f 9226 9228 9229
f 9230 9231 9232
f 9230 9232 9233
f 9234 9235 9236
f 9234 9236 9237
f 9234 9237 9238
f 9234 9238 9239
f 9240 9241 9242
f 9243 9244 9245
f 9246 9247 9248
f 9249 9250 9251
f 9252 9253 9254
f 9255 9256 9257
f 9258 9259 9260
f 9258 9260 9261
f 9258 9261 9262
f 9258 9262 9263
f 9264 9265 9266
f 9264 9266 9267
f 9268 9269 9270
f 9268 9270 9271
f 9268 9271 9272
f 9268 9272 9273
f 9274 9275 9276
f 9274 9276 9277
f 9278 9279 9280
f 9281 9282 9283
f 9281 9283 9284
f 9281 9284 9285
f 9281 9285 9286
f 9287 9288 9289
f 9287 9289 9290
f 9291 9292 9293
f 9291 9293 9294
f 9295 9296 9297
f 9298 9299 9300
f 9301 9302 9303
f 9301 9303 9304
f 9301 9304 9305
f 9306 9307 9308
f 9309 9310 9311
f 9312 9313 9314
f 9315 9316 9317
f 9315 9317 9318
f 9319 9320 9321
f 9322 9323 9324
f 9325 9326 9327
f 9325 9327 9328
f 9329 9330 9331
f 9332 9333 9334
f 9332 9334 9335
f 9336 9337 9338
f 9339 9340 9341
f 9342 9343 9344
f 9345 9346 9347
f 9345 9347 9348
f 9345 9348 9349
f 9345 9349 9350
f 9351 9352 9353
f 9354 9355 9356
f 9354 9356 9357
f 9358 9359 9360
f 9358 9360 9361
f 9358 9361 9362
f 9358 9362 9363
f 9364 9365 9366
f 9367 9368 9369
f 9367 9369 9370
f 9367 9370 9371
f 9367 9371 9372
f 9373 9374 9375
f 9376 9377 9378
f 9379 9380 9381
f 9382 9383 9384
f 9385 9386 9387
f 9388 9389 9390
f 9388 9390 9391
f 9392 9393 9394
f 9395 9396 9397
f 9398 9399 9400
f 9401 9402 9403
f 9404 9405 9406
f 9407 9408 9409
f 9410 9411 9412
f 9413 9414 9415
f 9413 9415 9416
f 9413 9416 9417
f 9418 9419 9420
f 9421 9422 9423
f 9424 9425 9426
f 9424 9426 9427
f 9428 9429 9430
f 9431 9432 9433
f 9431 9433 9434
f 9435 9436 9437
f 9438 9439 9440
f 9438 9440 9441
f 9438 9441 9442
f 9438 9442 9443
f 9444 9445 9446
f 9444 9446 9447
f 9444 9447 9448
f 9449 9450 9451
f 9449 9451 9452
f 9449 9452 9453
f 9454 9455 9456
f 9457 9458 9459
f 9457 9459 9460
f 9461 9462 9463
f 9464 9465 9466
f 9467 9468 9469
f 9470 9471 9472
f 9473 9474 9475
f 9473 9475 9476
f 9477 9478 9479
f 9477 9479 9480
f 9477 9480 9481
f 9482 9483 9484
f 9485 9486 9487
f 9488 9489 9490
f 9488 9490 9491
f 9488 9491 9492
f 9493 9494 9495
f 9496 9497 9498
f 9499 9500 9501
f 9502 9503 9504
f 9505 9506 9507
f 9505 9507 9508
f 9505 9508 9509
f 9505 9509 9510
f 9511 9512 9513
f 9514 9515 9516
f 9517 9518 9519
f 9520 9521 9522
f 9523 9524 9525
f 9526 9527 9528
f 9529 9530 9531
f 9532 9533 9534
f 9535 9536 9537
f 9538 9539 9540
f 9541 9542 9543
f 9544 9545 9546
f 9547 9548 9549
f 9550 9551 9552
f 9553 9554 9555
f 9556 9557 9558
f 9559 9560 9561
f 9562 9563 9564
f 9565 9566 9567
f 9565 9567 9568
f 9565 9568 9569
f 9565 9569 9570
f 9571 9572 9573
f 9571 9573 9574
f 9571 9574 9575
f 9571 9575 9576
f 9577 9578 9579
f 9577 9579 9580
f 9577 9580 9581
f 9582 9583 9584
f 9582 9584 9585
f 9582 9585 9586
f 9587 9588 9589
f 9590 9591 9592
f 9593 9594 9595
f 9596 9597 9598
f 9599 9600 9601
f 9599 9601 9602
f 9599 9602 9603
f 9599 9603 9604
f 9605 9606 9607
f 9608 9609 9610
f 9608 9610 9611
f 9612 9613 9614
f 9612 9614 9615
f 9612 9615 9616
f 9612 9616 9617
f 9618 9619 9620
f 9621 9622 9623
f 9621 9623 9624
f 9625 9626 9627
f 9628 9629 9630
f 9628 9630 9631
f 9632 9633 9634
f 9635 9636 9637
f 9638 9639 9640
f 9638 9640 9641
f 9642 9643 9644
f 9645 9646 9647
f 9645 9647 9648
f 9649 9650 9651
f 9649 9651 9652
f 9653 9654 9655
f 9656 9657 9658
f 9659 9660 9661
f 9659 9661 9662
f 9659 9662 9663
f 9664 9665 9666
f 9667 9668 9669
f 9670 9671 9672
f 9673 9674 9675
f 9676 9677 9678
f 9676 9678 9679
f 9680 9681 9682
f 9680 9682 9683
f 9680 9683 9684
f 9680 9684 9685
f 9686 9687 9688
f 9689 9690 9691
f 9692 9693 9694
f 9692 9694 9695
f 9696 9697 9698
f 9699 9700 9701
f 9702 9703 9704
f 9705 9706 9707
f 9705 9707 9708
f 9705 9708 9709
f 9710 9711 9712
f 9710 9712 9713
f 9714 9715 9716
f 9714 9716 9717
f 9718 9719 9720
f 9721 9722 9723
f 9721 9723 9724
f 9721 9724 9725
f 9726 9727 9728
f 9729 9730 9731
f 9732 9733 9734
f 9732 9734 9735
f 9736 9737 9738
f 9739 9740 9741
f 9742 9743 9744
f 9742 9744 9745
f 9742 9745 9746
f 9747 9748 9749
f 9750 9751 9752
f 9753 9754 9755
f 9756 9757 9758
f 9756 9758 9759
f 9756 9759 9760
f 9756 9760 9761
f 9762 9763 9764
f 9765 9766 9767
f 9768 9769 9770
f 9771 9772 9773
f 9771 9773 9774
f 9771 9774 9775
f 9776 9777 9778
f 9776 9778 9779
f 9776 9779 9780
f 9781 9782 9783
f 9781 9783 9784
f 9785 9786 9787
f 9785 9787 9788
f 9789 9790 9791
f 9792 9793 9794
f 9795 9796 9797
f 9798 9799 9800
f 9801 9802 9803
f 9801 9803 9804
f 9805 9806 9807
f 9805 9807 9808
f 9809 9810 9811
f 9812 9813 9814
f 9815 9816 9817
f 9818 9819 9820
f 9818 9820 9821
f 9822 9823 9824
f 9825 9826 9827
f 9825 9827 9828
f 9825 9828 9829
f 9830 9831 9832
f 9833 9834 9835
f 9836 9837 9838
f 9839 9840 9841
f 9842 9843 9844
f 9845 9846 9847
f 9848 9849 9850
f 9851 9852 9853
f 9854 9855 9856
f 9854 9856 9857
f 9858 9859 9860
f 9858 9860 9861
f 9862 9863 9864
f 9862 9864 9865
f 9866 9867 9868
f 9866 9868 9869
f 9870 9871 9872
f 9870 9872 9873
f 9874 9875 9876
f 9877 9878 9879
f 9880 9881 9882
f 9880 9882 9883
f 9880 9883 9884
f 9880 9884 9885
f 9886 9887 9888
f 9886 9888 9889
f 9886 9889 9890
f 9886 9890 9891
f 9892 9893 9894
f 9892 9894 9895
f 9892 9895 9896
f 9892 9896 9897
f 9898 9899 9900
f 9901 9902 9903
f 9901 9903 9904
f 9905 9906 9907
f 9908 9909 9910
f 9911 9912 9913
f 9911 9913 9914
f 9911 9914 9915
f 9916 9917 9918
f 9919 9920 9921
f 9919 9921 9922
f 9923 9924 9925
f 9926 9927 9928
f 9929 9930 9931
f 9929 9931 9932
f 9933 9934 9935
f 9933 9935 9936
f 9937 9938 9939
f 9940 9941 9942
f 9940 9942 9943
f 9940 9943 9944
f 9940 9944 9945
f 9946 9947 9948
f 9949 9950 9951
f 9952 9953 9954
f 9955 9956 9957
f 9955 9957 9958
f 9955 9958 9959
f 9955 9959 9960
f 9961 9962 9963
f 9964 9965 9966
f 9967 9968 9969
f 9970 9971 9972
f 9970 9972 9973
f 9974 9975 9976
f 9974 9976 9977
f 9978 9979 9980
f 9981 9982 9983
f 9984 9985 9986
f 9984 9986 9987
f 9988 9989 9990
f 9988 9990 9991
f 9988 9991 9992
f 9993 9994 9995
f 9996 9997 9998
f 9999 10000 10001
f 9999 10001 10002
f 10003 10004 10005
f 10006 10007 10008
f 10006 10008 10009
f 10010 10011 10012
f 10010 10012 10013
f 10010 10013 10014
f 10015 10016 10017
f 10018 10019 10020
f 10021 10022 10023
f 10024 10025 10026
f 10027 10028 10029
f 10027 10029 10030
f 10027 10030 10031
f 10032 10033 10034
f 10035 10036 10037
f 10035 10037 10038
f 10039 10040 10041
f 10042 10043 10044
f 10045 10046 10047
f 10048 10049 10050
f 10051 10052 10053
f 10054 10055 10056
f 10054 10056 10057
f 10058 10059 10060
f 10058 10060 10061
f 10058 10061 10062
f 10063 10064 10065
f 10063 10065 10066
f 10063 10066 10067
f 10068 10069 10070
f 10071 10072 10073
f 10071 10073 10074
f 10075 10076 10077
f 10078 10079 10080
f 10081 10082 10083
f 10084 10085 10086
f 10087 10088 10089
f 10090 10091 10092
f 10093 10094 10095
f 10096 10097 10098
f 10099 10100 10101
f 10102 10103 10104
f 10105 10106 10107
f 10108 10109 10110
f 10111 10112 10113
f 10114 10115 10116
f 10117 10118 10119
f 10120 10121 10122
f 10123 10124 10125
f 10126 10127 10128
f 10129 10130 10131
f 10129 10131 10132
f 10129 10132 10133
f 10134 10135 10136
f 10134 10136 10137
f 10134 10137 10138
f 10139 10140 10141
f 10139 10141 10142
f 10139 10142 10143
f 10144 10145 10146
f 10147 10148 10149
f 10147 10149 10150
f 10151 10152 10153
f 10154 10155 10156
f 10157 10158 10159
f 10160 10161 10162
f 10160 10162 10163
f 10164 10165 10166
f 10167 10168 10169
f 10170 10171 10172
f 10173 10174 10175
f 10176 10177 10178
f 10176 10178 10179
f 10180 10181 10182
f 10180 10182 10183
f 10184 10185 10186
f 10184 10186 10187
f 10188 10189 10190
f 10191 10192 10193
f 10194 10195 10196
f 10197 10198 10199
f 10197 10199 10200
f 10197 10200 10201
f 10202 10203 10204
f 10205 10206 10207
f 10208 10209 10210
f 10211 10212 10213
f 10214 10215 10216
f 10217 10218 10219
f 10217 10219 10220
f 10217 10220 10221
f 10222 10223 10224
f 10222 10224 10225
f 10226 10227 10228
f 10226 10228 10229
f 10230 10231 10232
f 10230 10232 10233
f 10230 10233 10234
f 10230 10234 10235
f 10236 10237 10238
f 10239 10240 10241
f 10242 10243 10244
f 10245 10246 10247
f 10248 10249 10250
f 10248 10250 10251
f 10252 10253 10254
f 10255 10256 10257
f 10258 10259 10260
f 10258 10260 10261
f 10262 10263 10264
f 10265 10266 10267
f 10268 10269 10270
f 10271 10272 10273
f 10274 10275 10276
f 10274 10276 10277
f 10274 10277 10278
f 10279 10280 10281
f 10282 10283 10284
f 10282 10284 10285
f 10282 10285 10286
f 10287 10288 10289
f 10290 10291 10292
f 10293 10294 10295
f 10296 10297 10298
f 10299 10300 10301
f 10302 10303 10304
f 10305 10306 10307
f 10305 10307 10308
f 10305 10308 10309
f 10310 10311 10312
f 10310 10312 10313
f 10314 10315 10316
f 10317 10318 10319
f 10320 10321 10322
f 10320 10322 10323
f 10320 10323 10324
f 10325 10326 10327
f 10328 10329 10330
f 10328 10330 10331
f 10332 10333 10334
f 10335 10336 10337
f 10335 10337 10338
f 10335 10338 10339
f 10340 10341 10342
f 10340 10342 10343
f 10344 10345 10346
f 10344 10346 10347
f 10344 10347 10348
f 10349 10350 10351
f 10352 10353 10354
f 10355 10356 10357
f 10355 10357 10358
f 10359 10360 10361
f 10362 10363 10364
f 10362 10364 10365
f 10366 10367 10368
f 10366 10368 10369
f 10370 10371 10372
f 10370 10372 10373
f 10370 10373 10374
f 10375 10376 10377
f 10375 10377 10378
f 10375 10378 10379
f 10380 10381 10382
f 10383 10384 10385
f 10386 10387 10388
f 10389 10390 10391
f 10392 10393 10394
f 10392 10394 10395
f 10396 10397 10398
f 10399 10400 10401
f 10402 10403 10404
f 10402 10404 10405
f 10406 10407 10408
f 10406 10408 10409
f 10406 10409 10410
f 10411 10412 10413
f 10414 10415 10416
f 10417 10418 10419
f 10420 10421 10422
f 10420 10422 10423
f 10424 10425 10426
f 10424 10426 10427
f 10428 10429 10430
f 10428 10430 10431
f 10432 10433 10434
f 10435 10436 10437
f 10435 10437 10438
f 10435 10438 10439
f 10440 10441 10442
f 10443 10444 10445
f 10446 10447 10448
f 10446 10448 10449
f 10450 10451 10452
f 10453 10454 10455
f 10456 10457 10458
f 10456 10458 10459
f 10460 10461 10462
f 10463 10464 10465
f 10466 10467 10468
f 10466 10468 10469
f 10470 10471 10472
f 10470 10472 10473
f 10474 10475 10476
f 10477 10478 10479
f 10480 10481 10482
f 10483 10484 10485
f 10483 10485 10486
f 10487 10488 10489
f 10490 10491 10492
f 10490 10492 10493
f 10490 10493 10494
f 10490 10494 10495
f 10496 10497 10498
f 10496 10498 10499
f 10500 10501 10502
f 10500 10502 10503
f 10500 10503 10504
f 10505 10506 10507
f 10508 10509 10510
f 10508 10510 10511
f 10512 10513 10514
f 10515 10516 10517
f 10518 10519 10520
f 10518 10520 10521
f 10518 10521 10522
f 10523 10524 10525
f 10526 10527 10528
f 10529 10530 10531
f 10529 10531 10532
f 10533 10534 10535
f 10533 10535 10536
f 10537 10538 10539
f 10540 10541 10542
f 10540 10542 10543
f 10544 10545 10546
f 10544 10546 10547
f 10544 10547 10548
f 10544 10548 10549
f 10550 10551 10552
f 10550 10552 10553
f 10550 10553 10554
f 10550 10554 10555
f 10556 10557 10558
f 10559 10560 10561
f 10562 10563 10564
f 10565 10566 10567
f 10568 10569 10570
f 10571 10572 10573
f 10571 10573 10574
f 10575 10576 10577
f 10578 10579 10580
f 10578 10580 10581
f 10582 10583 10584
f 10585 10586 10587
f 10585 10587 10588
f 10585 10588 10589
f 10585 10589 10590
f 10591 10592 10593
f 10591 10593 10594
f 10591 10594 10595
f 10591 10595 10596
f 10597 10598 10599
f 10600 10601 10602
f 10600 10602 10603
f 10604 10605 10606
f 10604 10606 10607
f 10608 10609 10610
f 10611 10612 10613
f 10611 10613 10614
f 10615 10616 10617
f 10618 10619 10620
f 10621 10622 10623
f 10624 10625 10626
f 10624 10626 10627
f 10628 10629 10630
f 10628 10630 10631
f 10632 10633 10634
f 10635 10636 10637
f 10638 10639 10640
f 10638 10640 10641
f 10642 10643 10644
f 10642 10644 10645
f 10646 10647 10648
f 10646 10648 10649
f 10650 10651 10652
f 10653 10654 10655
f 10656 10657 10658
f 10656 10658 10659
f 10660 10661 10662
f 10660 10662 10663
f 10664 10665 10666
f 10667 10668 10669
f 10670 10671 10672
f 10673 10674 10675
f 10676 10677 10678
f 10676 10678 10679
f 10680 10681 10682
f 10680 10682 10683
f 10680 10683 10684
f 10685 10686 10687
f 10688 10689 10690
f 10688 10690 10691
f 10692 10693 10694
f 10695 10696 10697
f 10698 10699 10700
f 10701 10702 10703
f 10701 10703 10704
f 10705 10706 10707
f 10705 10707 10708
f 10705 10708 10709
f 10710 10711 10712
f 10713 10714 10715
f 10713 10715 10716
f 10713 10716 10717
f 10718 10719 10720
f 10721 10722 10723
f 10724 10725 10726
f 10727 10728 10729
f 10730 10731 10732
f 10733 10734 10735
f 10736 10737 10738
f 10739 10740 10741
f 10742 10743 10744
f 10745 10746 10747
f 10745 10747 10748
f 10745 10748 10749
f 10750 10751 10752
f 10753 10754 10755
f 10753 10755 10756
f 10753 10756 10757
f 10758 10759 10760
f 10761 10762 10763
f 10761 10763 10764
f 10765 10766 10767
f 10765 10767 10768
f 10765 10768 10769
f 10770 10771 10772
f 10773 10774 10775
f 10773 10775 10776
f 10773 10776 10777
f 10778 10779 10780
f 10778 10780 10781
f 10778 10781 10782
f 10783 10784 10785
f 10783 10785 10786
f 10783 10786 10787
f 10783 10787 10788
f 10789 10790 10791
f 10792 10793 10794
f 10795 10796 10797
f 10795 10797 10798
f 10795 10798 10799
f 10800 10801 10802
f 10800 10802 10803
f 10800 10803 10804
f 10800 10804 10805
f 10806 10807 10808
f 10809 10810 10811
f 10812 10813 10814
f 10812 10814 10815
f 10816 10817 10818
f 10816 10818 10819
f 10820 10821 10822
f 10823 10824 10825
f 10826 10827 10828
f 10826 10828 10829
f 10826 10829 10830
f 10831 10832 10833
f 10831 10833 10834
f 10835 10836 10837
f 10838 10839 10840
f 10838 10840 10841
f 10842 10843 10844
f 10845 10846 10847
f 10845 10847 10848
f 10849 10850 10851
f 10852 10853 10854
f 10855 10856 10857
f 10858 10859 10860
f 10861 10862 10863
f 10864 10865 10866
f 10864 10866 10867
f 10868 10869 10870
f 10871 10872 10873
f 10874 10875 10876
f 10877 10878 10879
f 10877 10879 10880
f 10881 10882 10883
f 10884 10885 10886
f 10884 10886 10887
f 10888 10889 10890
f 10891 10892 10893
f 10894 10895 10896
f 10894 10896 10897
f 10894 10897 10898
f 10899 10900 10901
f 10902 10903 10904
f 10905 10906 10907
f 10908 10909 10910
f 10911 10912 10913
f 10911 10913 10914
f 10915 10916 10917
f 10918 10919 10920
f 10918 10920 10921
f 10922 10923 10924
f 10922 10924 10925
f 10922 10925 10926
f 10922 10926 10927
f 10928 10929 10930
f 10928 10930 10931
f 10932 10933 10934
f 10935 10936 10937
f 10935 10937 10938
f 10939 10940 10941
f 10942 10943 10944
f 10945 10946 10947
f 10948 10949 10950
f 10951 10952 10953
f 10954 10955 10956
f 10957 10958 10959
f 10957 10959 10960
f 10961 10962 10963
f 10961 10963 10964
f 10961 10964 10965
f 10961 10965 10966
f 10967 10968 10969
f 10970 10971 10972
f 10973 10974 10975
f 10976 10977 10978
f 10979 10980 10981
f 10982 10983 10984
f 10982 10984 10985
f 10986 10987 10988
f 10989 10990 10991
f 10992 10993 10994
f 10992 10994 10995
f 10996 10997 10998
f 10999 11000 11001
f 11002 11003 11004
f 11002 11004 11005
f 11006 11007 11008
f 11006 11008 11009
f 11010 11011 11012
f 11013 11014 11015
f 11016 11017 11018
f 11016 11018 11019
f 11020 11021 11022
f 11023 11024 11025
f 11026 11027 11028
f 11026 11028 11029
f 11030 11031 11032
f 11033 11034 11035
f 11036 11037 11038
f 11036 11038 11039
f 11040 11041 11042
f 11043 11044 11045
f 11046 11047 11048
f 11049 11050 11051
f 11052 11053 11054
f 11052 11054 11055
f 11056 11057 11058
f 11059 11060 11061
f 11062 11063 11064
f 11062 11064 11065
f 11066 11067 11068
f 11069 11070 11071
f 11069 11071 11072
f 11073 11074 11075
f 11073 11075 11076
f 11073 11076 11077
f 11078 11079 11080
f 11081 11082 11083
f 11084 11085 11086
f 11084 11086 11087
f 11084 11087 11088
f 11089 11090 11091
f 11089 11091 11092
f 11093 11094 11095
f 11096 11097 11098
f 11099 11100 11101
f 11102 11103 11104
f 11102 11104 11105
f 11102 11105 11106
f 11107 11108 11109
f 11110 11111 11112
f 11110 11112 11113
f 11114 11115 11116
f 11117 11118 11119
f 11120 11121 11122
f 11123 11124 11125
f 11126 11127 11128
f 11129 11130 11131
f 11132 11133 11134
f 11132 11134 11135
f 11136 11137 11138
f 11139 11140 11141
f 11142 11143 11144
f 11145 11146 11147
f 11145 11147 11148
f 11149 11150 11151
f 11152 11153 11154
f 11155 11156 11157
f 11158 11159 11160
f 11158 11160 11161
f 11158 11161 11162
f 11158 11162 11163
f 11164 11165 11166
f 11167 11168 11169
f 11170 11171 11172
f 11173 11174 11175
f 11176 11177 11178
f 11176 11178 11179
f 11180 11181 11182
f 11183 11184 11185
f 11186 11187 11188
f 11189 11190 11191
f 11192 11193 11194
f 11192 11194 11195
f 11196 11197 11198
f 11199 11200 11201
f 11202 11203 11204
f 11205 11206 11207
f 11208 11209 11210
f 11211 11212 11213
f 11211 11213 11214
f 11215 11216 11217
f 11218 11219 11220
f 11218 11220 11221
f 11222 11223 11224
f 11222 11224 11225
f 11226 11227 11228
f 11229 11230 11231
f 11232 11233 11234
f 11232 11234 11235
f 11236 11237 11238
f 11236 11238 11239
f 11240 11241 11242
f 11243 11244 11245
f 11243 11245 11246
f 11243 11246 11247
f 11248 11249 11250
f 11248 11250 11251
f 11252 11253 11254
f 11255 11256 11257
f 11258 11259 11260
f 11261 11262 11263
f 11261 11263 11264
f 11265 11266 11267
f 11268 11269 11270
f 11271 11272 11273
f 11271 11273 11274
f 11275 11276 11277
f 11278 11279 11280
f 11281 11282 11283
f 11284 11285 11286
f 11284 11286 11287
f 11288 11289 11290
f 11291 11292 11293
f 11294 11295 11296
f 11294 11296 11297
f 11298 11299 11300
f 11301 11302 11303
f 11304 11305 11306
f 11307 11308 11309
f 11310 11311 11312
f 11310 11312 11313
f 11314 11315 11316
f 11317 11318 11319
f 11320 11321 11322
f 11320 11322 11323
f 11324 11325 11326
f 11327 11328 11329
f 11330 11331 11332
f 11333 11334 11335
f 11333 11335 11336
f 11337 11338 11339
f 11340 11341 11342
f 11343 11344 11345
f 11343 11345 11346
f 11347 11348 11349
f 11350 11351 11352
f 11350 11352 11353
f 11354 11355 11356
f 11357 11358 11359
f 11360 11361 11362
f 11363 11364 11365
f 11366 11367 11368
f 11369 11370 11371
f 11369 11371 11372
f 11373 11374 11375
f 11373 11375 11376
f 11373 11376 11377
f 11378 11379 11380
f 11378 11380 11381
f 11382 11383 11384
f 11385 11386 11387
f 11388 11389 11390
f 11391 11392 11393
f 11394 11395 11396
f 11397 11398 11399
f 11400 11401 11402
f 11403 11404 11405
f 11406 11407 11408
f 11409 11410 11411
f 11409 11411 11412
f 11409 11412 11413
f 11409 11413 11414
f 11415 11416 11417
f 11415 11417 11418
f 11415 11418 11419
f 11420 11421 11422
f 11420 11422 11423
f 11420 11423 11424
f 11425 11426 11427
f 11425 11427 11428
f 11425 11428 11429
f 11430 11431 11432
f 11430 11432 11433
f 11434 11435 11436
f 11437 11438 11439
f 11440 11441 11442
f 11443 11444 11445
f 11446 11447 11448
f 11449 11450 11451
f 11452 11453 11454
f 11455 11456 11457
f 11455 11457 11458
f 11455 11458 11459
f 11455 11459 11460
f 11461 11462 11463
f 11464 11465 11466
f 11467 11468 11469
f 11470 11471 11472
f 11473 11474 11475
f 11476 11477 11478
f 11476 11478 11479
f 11480 11481 11482
f 11483 11484 11485
f 11486 11487 11488
f 11489 11490 11491
f 11489 11491 11492
f 11493 11494 11495
f 11496 11497 11498
f 11496 11498 11499
f 11500 11501 11502
f 11503 11504 11505
f 11506 11507 11508
f 11509 11510 11511
f 11509 11511 11512
f 11509 11512 11513
f 11514 11515 11516
f 11517 11518 11519
f 11517 11519 11520
f 11517 11520 11521
f 11517 11521 11522
f 11523 11524 11525
f 11526 11527 11528
f 11526 11528 11529
f 11530 11531 11532
f 11530 11532 11533
f 11534 11535 11536
f 11537 11538 11539
f 11540 11541 11542
f 11543 11544 11545
f 11546 11547 11548
f 11549 11550 11551
f 11552 11553 11554
f 11552 11554 11555
f 11556 11557 11558
f 11556 11558 11559
f 11560 11561 11562
f 11560 11562 11563
f 11564 11565 11566
f 11567 11568 11569
f 11570 11571 11572
f 11570 11572 11573
f 11570 11573 11574
f 11575 11576 11577
f 11578 11579 11580
f 11581 11582 11583
f 11584 11585 11586
f 11587 11588 11589
f 11590 11591 11592
f 11593 11594 11595
f 11596 11597 11598
f 11599 11600 11601
f 11602 11603 11604
f 11605 11606 11607
f 11608 11609 11610
f 11608 11610 11611
f 11612 11613 11614
f 11615 11616 11617
f 11618 11619 11620
f 11618 11620 11621
f 11622 11623 11624
f 11625 11626 11627
f 11628 11629 11630
f 11631 11632 11633
f 11634 11635 11636
f 11637 11638 11639
f 11637 11639 11640
f 11637 11640 11641
f 11642 11643 11644
f 11645 11646 11647
f 11645 11647 11648
f 11645 11648 11649
f 11645 11649 11650
f 11651 11652 11653
f 11654 11655 11656
f 11654 11656 11657
f 11654 11657 11658
f 11654 11658 11659
f 11660 11661 11662
f 11660 11662 11663
f 11660 11663 11664
f 11660 11664 11665
f 11666 11667 11668
f 11666 11668 11669
f 11670 11671 11672
f 11670 11672 11673
f 11674 11675 11676
f 11677 11678 11679
f 11680 11681 11682
f 11683 11684 11685
f 11686 11687 11688
f 11689 11690 11691
f 11692 11693 11694
f 11695 11696 11697
f 11698 11699 11700
f 11698 11700 11701
f 11698 11701 11702
f 11698 11702 11703
f 11704 11705 11706
f 11707 11708 11709
f 11707 11709 11710
f 11707 11710 11711
f 11707 11711 11712
f 11713 11714 11715
f 11716 11717 11718
f 11716 11718 11719
f 11720 11721 11722
f 11723 11724 11725
f 11723 11725 11726
f 11727 11728 11729
f 11730 11731 11732
f 11733 11734 11735
f 11736 11737 11738
f 11736 11738 11739
f 11736 11739 11740
f 11736 11740 11741
f 11742 11743 11744
f 11745 11746 11747
f 11748 11749 11750
f 11748 11750 11751
f 11752 11753 11754
f 11755 11756 11757
f 11758 11759 11760
f 11761 11762 11763
f 11764 11765 11766
f 11764 11766 11767
f 11768 11769 11770
f 11768 11770 11771
f 11768 11771 11772
f 11773 11774 11775
f 11776 11777 11778
f 11779 11780 11781
f 11779 11781 11782
f 11783 11784 11785
f 11786 11787 11788
f 11789 11790 11791
f 11792 11793 11794
f 11792 11794 11795
f 11796 11797 11798
f 11799 11800 11801
f 11802 11803 11804
f 11802 11804 11805
f 11806 11807 11808
f 11809 11810 11811
f 11809 11811 11812
f 11809 11812 11813
f 11814 11815 11816
f 11814 11816 11817
f 11818 11819 11820
f 11821 11822 11823
f 11824 11825 11826
f 11824 11826 11827
f 11824 11827 11828
f 11824 11828 11829
f 11830 11831 11832
f 11833 11834 11835
f 11836 11837 11838
f 11839 11840 11841
f 11839 11841 11842
f 11843 11844 11845
f 11846 11847 11848
f 11846 11848 11849
f 11850 11851 11852
f 11853 11854 11855
f 11856 11857 11858
f 11859 11860 11861
f 11862 11863 11864
f 11862 11864 11865
f 11866 11867 11868
f 11866 11868 11869
f 11870 11871 11872
f 11873 11874 11875
f 11873 11875 11876
f 11877 11878 11879
f 11877 11879 11880
f 11877 11880 11881
f 11882 11883 11884
f 11885 11886 11887
f 11888 11889 11890
f 11888 11890 11891
f 11892 11893 11894
f 11895 11896 11897
f 11895 11897 11898
f 11899 11900 11901
f 11902 11903 11904
f 11905 11906 11907
f 11905 11907 11908
f 11909 11910 11911
f 11912 11913 11914
f 11915 11916 11917
f 11918 11919 11920
f 11921 11922 11923
f 11921 11923 11924
f 11925 11926 11927
f 11928 11929 11930
f 11931 11932 11933
f 11934 11935 11936
f 11937 11938 11939
f 11940 11941 11942
f 11943 11944 11945
f 11946 11947 11948
f 11949 11950 11951
f 11949 11951 11952
f 11949 11952 11953
f 11954 11955 11956
f 11957 11958 11959
f 11957 11959 11960
f 11957 11960 11961
f 11957 11961 11962
f 11963 11964 11965
f 11963 11965 11966
f 11967 11968 11969
f 11970 11971 11972
f 11973 11974 11975
f 11976 11977 11978
f 11976 11978 11979
f 11976 11979 11980
f 11981 11982 11983
f 11984 11985 11986
f 11984 11986 11987
f 11988 11989 11990
f 11991 11992 11993
f 11994 11995 11996
f 11997 11998 11999
f 12000 12001 12002
f 12003 12004 12005
f 12006 12007 12008
f 12009 12010 12011
f 12009 12011 12012
f 12009 12012 12013
f 12014 12015 12016
f 12014 12016 12017
f 12014 12017 12018
f 12014 12018 12019
f 12020 12021 12022
f 12020 12022 12023
f 12024 12025 12026
f 12027 12028 12029
f 12027 12029 12030
f 12027 12030 12031
f 12032 12033 12034
f 12032 12034 12035
f 12036 12037 12038
f 12039 12040 12041
f 12039 12041 12042
f 12043 12044 12045
f 12046 12047 12048
f 12049 12050 12051
f 12049 12051 12052
f 12053 12054 12055
f 12056 12057 12058
f 12056 12058 12059
f 12060 12061 12062
f 12063 12064 12065
f 12063 12065 12066
f 12063 12066 12067
f 12068 12069 12070
f 12071 12072 12073
f 12071 12073 12074
f 12071 12074 12075
f 12076 12077 12078
f 12076 12078 12079
f 12076 12079 12080
f 12076 12080 12081
f 12082 12083 12084
f 12085 12086 12087
f 12088 12089 12090
f 12088 12090 12091
f 12092 12093 12094
f 12095 12096 12097
f 12098 12099 12100
f 12101 12102 12103
f 12104 12105 12106
f 12104 12106 12107
f 12108 12109 12110
f 12108 12110 12111
f 12108 12111 12112
f 12108 12112 12113
f 12114 12115 12116
f 12114 12116 12117
f 12118 12119 12120
f 12121 12122 12123
f 12124 12125 12126
f 12124 12126 12127
f 12128 12129 12130
f 12128 12130 12131
f 12128 12131 12132
f 12128 12132 12133
f 12134 12135 12136
f 12137 12138 12139
f 12140 12141 12142
f 12140 12142 12143
f 12144 12145 12146
f 12147 12148 12149
f 12147 12149 12150
f 12147 12150 12151
f 12147 12151 12152
f 12153 12154 12155
f 12156 12157 12158
f 12159 12160 12161
f 12159 12161 12162
f 12159 12162 12163
f 12159 12163 12164
f 12165 12166 12167
f 12168 12169 12170
f 12171 12172 12173
f 12174 12175 12176
f 12174 12176 12177
f 12174 12177 12178
f 12179 12180 12181
f 12182 12183 12184
f 12182 12184 12185
f 12182 12185 12186
f 12182 12186 12187
f 12188 12189 12190
f 12188 12190 12191
f 12192 12193 12194
f 12192 12194 12195
f 12196 12197 12198
f 12199 12200 12201
f 12202 12203 12204
f 12205 12206 12207
f 12208 12209 12210
f 12211 12212 12213
f 12211 12213 12214
f 12215 12216 12217
f 12215 12217 12218
f 12219 12220 12221
f 12222 12223 12224
f 12222 12224 12225
f 12226 12227 12228
f 12226 12228 12229
f 12230 12231 12232
f 12233 12234 12235
f 12236 12237 12238
f 12236 12238 12239
f 12236 12239 12240
f 12241 12242 12243
f 12241 12243 12244
f 12241 12244 12245
f 12246 12247 12248
f 12249 12250 12251
f 12252 12253 12254
f 12255 12256 12257
f 12255 12257 12258
f 12255 12258 12259
f 12255 12259 12260
f 12261 12262 12263
f 12264 12265 12266
f 12264 12266 12267
f 12268 12269 12270
f 12268 12270 12271
f 12272 12273 12274
f 12275 12276 12277
f 12278 12279 12280
f 12281 12282 12283
f 12284 12285 12286
f 12287 12288 12289
f 12290 12291 12292
f 12290 12292 12293
f 12294 12295 12296
f 12297 12298 12299
f 12300 12301 12302
f 12303 12304 12305
f 12303 12305 12306
f 12307 12308 12309
f 12310 12311 12312
f 12313 12314 12315
f 12316 12317 12318
f 12316 12318 12319
f 12320 12321 12322
f 12323 12324 12325
f 12323 12325 12326
f 12323 12326 12327
f 12328 12329 12330
f 12331 12332 12333
f 12334 12335 12336
f 12337 12338 12339
f 12337 12339 12340
f 12341 12342 12343
f 12344 12345 12346
f 12347 12348 12349
f 12350 12351 12352
f 12350 12352 12353
f 12354 12355 12356
f 12357 12358 12359
f 12357 12359 12360
f 12361 12362 12363
f 12364 12365 12366
f 12367 12368 12369
f 12370 12371 12372
f 12370 12372 12373
f 12374 12375 12376
f 12377 12378 12379
f 12377 12379 12380
f 12381 12382 12383
f 12384 12385 12386
f 12384 12386 12387
f 12388 12389 12390
f 12391 12392 12393
f 12391 12393 12394
f 12395 12396 12397
f 12398 12399 12400
f 12401 12402 12403
f 12404 12405 12406
f 12407 12408 12409
f 12410 12411 12412
f 12410 12412 12413
f 12414 12415 12416
f 12417 12418 12419
f 12417 12419 12420
f 12421 12422 12423
f 12424 12425 12426
f 12427 12428 12429
f 12430 12431 12432
f 12433 12434 12435
f 12436 12437 12438
f 12436 12438 12439
f 12436 12439 12440
f 12441 12442 12443
f 12441 12443 12444
f 12445 12446 12447
f 12448 12449 12450
f 12451 12452 12453
f 12451 12453 12454
f 12451 12454 12455
f 12456 12457 12458
f 12459 12460 12461
f 12462 12463 12464
f 12465 12466 12467
f 12468 12469 12470
f 12471 12472 12473
f 12471 12473 12474
f 12471 12474 12475
f 12476 12477 12478
f 12479 12480 12481
f 12482 12483 12484
f 12485 12486 12487
f 12488 12489 12490
f 12491 12492 12493
f 12494 12495 12496
f 12494 12496 12497
f 12498 12499 12500
f 12501 12502 12503
f 12504 12505 12506
f 12504 12506 12507
f 12508 12509 12510
f 12508 12510 12511
f 12512 12513 12514
f 12515 12516 12517
f 12515 12517 12518
f 12519 12520 12521
f 12519 12521 12522
f 12519 12522 12523
f 12524 12525 12526
f 12527 12528 12529
f 12527 12529 12530
f 12531 12532 12533
f 12534 12535 12536
f 12537 12538 12539
f 12540 12541 12542
f 12543 12544 12545
f 12543 12545 12546
f 12547 12548 12549
f 12550 12551 12552
f 12553 12554 12555
f 12553 12555 12556
f 12553 12556 12557
f 12558 12559 12560
f 12561 12562 12563
f 12564 12565 12566
f 12567 12568 12569
f 12570 12571 12572
f 12570 12572 12573
f 12570 12573 12574
f 12575 12576 12577
f 12578 12579 12580
f 12578 12580 12581
f 12582 12583 12584
f 12585 12586 12587
f 12588 12589 12590
f 12591 12592 12593
f 12594 12595 12596
f 12597 12598 12599
f 12600 12601 12602
f 12603 12604 12605
f 12603 12605 12606
f 12603 12606 12607
f 12608 12609 12610
f 12611 12612 12613
f 12614 12615 12616
f 12617 12618 12619
f 12620 12621 12622
f 12623 12624 12625
f 12626 12627 12628
f 12626 12628 12629
f 12630 12631 12632
f 12633 12634 12635
f 12636 12637 12638
f 12639 12640 12641
f 12639 12641 12642
f 12643 12644 12645
f 12643 12645 12646
f 12643 12646 12647
f 12643 12647 12648
f 12649 12650 12651
f 12652 12653 12654
f 12655 12656 12657
f 12658 12659 12660
f 12658 12660 12661
f 12662 12663 12664
f 12665 12666 12667
f 12668 12669 12670
f 12668 12670 12671
f 12672 12673 12674
f 12675 12676 12677
f 12675 12677 12678
f 12679 12680 12681
f 12682 12683 12684
f 12685 12686 12687
f 12685 12687 12688
f 12689 12690 12691
f 12692 12693 12694
f 12695 12696 12697
f 12695 12697 12698
f 12695 12698 12699
f 12700 12701 12702
f 12703 12704 12705
f 12706 12707 12708
f 12706 12708 12709
f 12706 12709 12710
f 12711 12712 12713
f 12714 12715 12716
f 12717 12718 12719
f 12720 12721 12722
f 12720 12722 12723
f 12724 12725 12726
f 12727 12728 12729
f 12730 12731 12732
f 12730 12732 12733
f 12734 12735 12736
f 12737 12738 12739
f 12740 12741 12742
f 12743 12744 12745
f 12746 12747 12748
f 12746 12748 12749
f 12750 12751 12752
f 12753 12754 12755
f 12756 12757 12758
f 12756 12758 12759
f 12760 12761 12762
f 12763 12764 12765
f 12766 12767 12768
f 12766 12768 12769
f 12770 12771 12772
f 12773 12774 12775
f 12776 12777 12778
f 12776 12778 12779
f 12780 12781 12782
f 12783 12784 12785
f 12786 12787 12788
f 12786 12788 12789
f 12790 12791 12792
f 12793 12794 12795
f 12796 12797 12798
f 12799 12800 12801
f 12802 12803 12804
f 12802 12804 12805
f 12802 12805 12806
f 12807 12808 12809
f 12810 12811 12812
f 12813 12814 12815
f 12816 12817 12818
f 12819 12820 12821
f 12819 12821 12822
f 12823 12824 12825
f 12826 12827 12828
f 12826 12828 12829
f 12826 12829 12830
f 12831 12832 12833
f 12834 12835 12836
f 12837 12838 12839
f 12840 12841 12842
f 12843 12844 12845
f 12846 12847 12848
f 12846 12848 12849
f 12850 12851 12852
f 12853 12854 12855
f 12856 12857 12858
f 12859 12860 12861
f 12862 12863 12864
f 12865 12866 12867
f 12868 12869 12870
f 12868 12870 12871
f 12872 12873 12874
f 12875 12876 12877
f 12878 12879 12880
f 12881 12882 12883
f 12881 12883 12884
f 12885 12886 12887
f 12885 12887 12888
f 12885 12888 12889
f 12885 12889 12890
f 12891 12892 12893
f 12894 12895 12896
f 12897 12898 12899
f 12900 12901 12902
f 12903 12904 12905
f 12906 12907 12908
f 12909 12910 12911
f 12909 12911 12912
f 12913 12914 12915
f 12913 12915 12916
f 12913 12916 12917
f 12918 12919 12920
f 12918 12920 12921
f 12918 12921 12922
f 12923 12924 12925
f 12926 12927 12928
f 12929 12930 12931
f 12932 12933 12934
f 12932 12934 12935
f 12936 12937 12938
f 12939 12940 12941
f 12939 12941 12942
f 12939 12942 12943
f 12939 12943 12944
f 12945 12946 12947
f 12948 12949 12950
f 12951 12952 12953
f 12951 12953 12954
f 12955 12956 12957
f 12955 12957 12958
f 12959 12960 12961
f 12962 12963 12964
f 12965 12966 12967
f 12968 12969 12970
f 12968 12970 12971
f 12972 12973 12974
f 12975 12976 12977
f 12975 12977 12978
f 12975 12978 12979
f 12980 12981 12982
f 12983 12984 12985
f 12983 12985 12986
f 12987 12988 12989
f 12990 12991 12992
f 12990 12992 12993
f 12994 12995 12996
f 12994 12996 12997
f 12994 12997 12998
f 12999 13000 13001
f 13002 13003 13004
f 13005 13006 13007
f 13008 13009 13010
f 13011 13012 13013
f 13014 13015 13016
f 13014 13016 13017
f 13014 13017 13018
f 13019 13020 13021
f 13022 13023 13024
f 13022 13024 13025
