v -180.1667 2.057585 -170.6667
v -170.6667 2.057585 -170.6667
v -170.6667 2.057585 -186.1667
v -180.1667 2.057585 -186.1667
v -170.6667 2.057585 -170.6667
v -128 2.057585 -170.6667
v -128 2.057585 -186.1667
v -170.6667 2.057585 -186.1667
v -128 2.057585 -170.6667
v -85.33333 2.057585 -170.6667
v -85.33333 2.057585 -186.1667
v -128 2.057585 -186.1667
v -42.66667 2.057585 -170.6667
v -51 2.057585 -171.1667
v -53.83334 2.057585 -171.1667
v -85.33334 2.057585 -186.1667
v -79.83334 2.057585 -183.8333
v -78.16667 2.057585 -183.8333
v -85.33334 2.057585 -170.6667
v -81.33334 2.057585 -177
v -81.33334 2.057585 -179.8333
v -85.33334 2.057585 -186.1667
v -79.16667 2.057585 -170.6667
v -79.33334 2.057585 -171.1667
v -80 2.057585 -171.5
v -85.33334 2.057585 -170.6667
v -80.66667 2.057585 -181.5
v -80.16667 2.057585 -181.8333
v -80.33334 2.057585 -183.3333
v -81 2.057585 -173.8333
v -81 2.057585 -176
v -81.33334 2.057585 -177
v -85.33334 2.057585 -170.6667
v -70.66667 2.057585 -170.6667
v -42.66667 2.057585 -170.6667
v -53.83334 2.057585 -171.1667
v -70.5 2.057585 -171.1667
v -42.66667 2.057585 -170.6667
v -42.66667 2.057585 -170.8333
v -43.5 2.057585 -171.1667
v -51 2.057585 -171.1667
v -53.83334 2.057585 -171.1667
v -54.5 2.057585 -171.6667
v -63.83334 2.057585 -171.6667
v -70.5 2.057585 -171.1667
v -85.33334 2.057585 -170.6667
v -80 2.057585 -171.5
v -81 2.057585 -173.8333
v -77 2.057585 -183.5
v -76.33334 2.057585 -182.5
v -74.66667 2.057585 -182.5
v -77 2.057585 -183.5
v -74.66667 2.057585 -182.5
v -73.66667 2.057585 -182.5
v -80.33334 2.057585 -183.3333
v -79.83334 2.057585 -183.8333
v -85.33334 2.057585 -186.1667
v -81.33334 2.057585 -179.8333
v -80.66667 2.057585 -181.5
v -80.33334 2.057585 -183.3333
v -85.33334 2.057585 -186.1667
v -74.66667 2.057585 -182.5
v -76.33334 2.057585 -182.5
v -76.33334 2.057585 -181.1667
v -73.66667 2.057585 -182.5
v -72.66667 2.057585 -181.6667
v -69.83334 2.057585 -181.6667
v -73.66667 2.057585 -182.5
v -69.83334 2.057585 -181.6667
v -69 2.057585 -181.6667
v -85.33334 2.057585 -186.1667
v -78.16667 2.057585 -183.8333
v -77 2.057585 -183.5
v -71.66667 2.057585 -181.1667
v -70.83334 2.057585 -181.1667
v -70.66667 2.057585 -181.5
v -72.66667 2.057585 -181.6667
v -72.5 2.057585 -181.3333
v -69.83334 2.057585 -181.6667
v -72.66667 2.057585 -181.6667
v -70.66667 2.057585 -181.5
v -69 2.057585 -181.6667
v -67.66667 2.057585 -181.3333
v -65.5 2.057585 -181.3333
v -69 2.057585 -181.6667
v -65.5 2.057585 -181.3333
v -64.66667 2.057585 -181.3333
v -63.83334 2.057585 -171.6667
v -66.83334 2.057585 -171.6667
v -70.5 2.057585 -171.1667
v -66.83334 2.057585 -171.6667
v -70.5 2.057585 -171.6667
v -70.5 2.057585 -171.1667
v -43.5 2.057585 -171.1667
v -44.16667 2.057585 -171.8333
v -48.83334 2.057585 -171.8333
v -51 2.057585 -171.1667
v -67.66667 2.057585 -181.3333
v -67.33334 2.057585 -180.8333
v -66.5 2.057585 -180.8333
v -65.5 2.057585 -181.3333
v -64.66667 2.057585 -181.3333
v -63.83334 2.057585 -180.6667
v -62.66667 2.057585 -180.6667
v -57 2.057585 -180.6667
v -55.33334 2.057585 -180.8333
v -54.83334 2.057585 -181.3333
v -64.66667 2.057585 -181.3333
v -61.66667 2.057585 -180.6667
v -64.66667 2.057585 -181.3333
v -62.66667 2.057585 -180.6667
v -61.66667 2.057585 -180.6667
v -53.5 2.057585 -181.3333
v -53.16667 2.057585 -180.8333
v -52.83334 2.057585 -180.8333
v -54.83334 2.057585 -181.3333
v -53.5 2.057585 -181.3333
v -42.66667 2.057585 -186.1667
v -53.5 2.057585 -181.3333
v -52.83334 2.057585 -180.8333
v -51.66667 2.057585 -180.8333
v -51.66667 2.057585 -180.8333
v -50.83334 2.057585 -180.1667
v -50 2.057585 -180.1667
v -46.83334 2.057585 -180.1667
v -44.5 2.057585 -180.5
v -44.33334 2.057585 -180.8333
v -51.66667 2.057585 -180.8333
v -48.5 2.057585 -180.1667
v -51.66667 2.057585 -180.8333
v -50 2.057585 -180.1667
v -48.5 2.057585 -180.1667
v -62.66667 2.057585 -180.6667
v -63.83334 2.057585 -180.6667
v -63.5 2.057585 -180.1667
v -60.5 2.057585 -180
v -60.5 2.057585 -179.1667
v -59 2.057585 -180.1667
v -61.66667 2.057585 -180.6667
v -60.5 2.057585 -180
v -59 2.057585 -180.1667
v -57 2.057585 -180.6667
v -50 2.057585 -180.1667
v -50.83334 2.057585 -180.1667
v -50.66667 2.057585 -179.6667
v -46.83334 2.057585 -180.1667
v -48.5 2.057585 -180.1667
v -48.16667 2.057585 -179.8333
v -70.66667 2.057585 -172.6667
v -69.5 2.057585 -172.6667
v -70.16667 2.057585 -173.3333
v -70.66667 2.057585 -172.6667
v -70.16667 2.057585 -173.3333
v -70.16667 2.057585 -173.8333
v -71 2.057585 -174.5
v -69.5 2.057585 -172.6667
v -70.66667 2.057585 -172.6667
v -70.5 2.057585 -171.6667
v -66.83334 2.057585 -171.6667
v -68 2.057585 -172.6667
v -68.66667 2.057585 -172.6667
v -70.5 2.057585 -171.6667
v -70.5 2.057585 -171.6667
v -68.66667 2.057585 -172.6667
v -69.5 2.057585 -172.6667
v -59.33334 2.057585 -172.1667
v -55 2.057585 -172.1667
v -57.66667 2.057585 -172.6667
v -63.33334 2.057585 -172.1667
v -62.66667 2.057585 -172.1667
v -63.16667 2.057585 -172.5
v -45.83334 2.057585 -172
v -46.16667 2.057585 -172.5
v -46.83334 2.057585 -172.5
v -48.16667 2.057585 -172
v -62.66667 2.057585 -172.1667
v -63.33334 2.057585 -172.1667
v -63.83334 2.057585 -171.6667
v -61.83334 2.057585 -172.1667
v -62.66667 2.057585 -172.1667
v -63.83334 2.057585 -171.6667
v -61.16667 2.057585 -172.1667
v -61.83334 2.057585 -172.1667
v -63.83334 2.057585 -171.6667
v -59.33334 2.057585 -172.1667
v -61.16667 2.057585 -172.1667
v -63.83334 2.057585 -171.6667
v -54.5 2.057585 -171.6667
v -55 2.057585 -172.1667
v -59.33334 2.057585 -172.1667
v -63.83334 2.057585 -171.6667
v -44.16667 2.057585 -171.8333
v -44.33334 2.057585 -172.1667
v -45.83334 2.057585 -172
v -45.83334 2.057585 -172
v -48.16667 2.057585 -172
v -48.83334 2.057585 -171.8333
v -44.16667 2.057585 -171.8333
v -50 2.057585 -171.8333
v -50.33334 2.057585 -171.8333
v -51 2.057585 -171.1667
v -48.83334 2.057585 -171.8333
v -50 2.057585 -171.8333
v -51 2.057585 -171.1667
v -77 2.057585 -183.5
v -73.66667 2.057585 -182.5
v -69 2.057585 -181.6667
v -77 2.057585 -183.5
v -69 2.057585 -181.6667
v -64.66667 2.057585 -181.3333
v -54.83334 2.057585 -181.3333
v -42.66667 2.057585 -186.1667
v -85.33334 2.057585 -186.1667
v -44.33334 2.057585 -180.8333
v -42.66667 2.057585 -181
v -42.66667 2.057585 -186.1667
v -53.5 2.057585 -181.3333
v -51.66667 2.057585 -180.8333
v -20.16667 2.057585 -170.6667
v -20.33333 2.057585 -171
v -25.33333 2.057585 -171
v -27 2.057585 -170.6667
v -42.66667 2.057585 -186.1667
v -24.83333 2.057585 -182.5
v -23.83333 2.057585 -182.5
v -42.66667 2.057585 -186.1667
v -42.66667 2.057585 -181
v -42.33334 2.057585 -180.6667
v -31 2.057585 -180.6667
v -24.83333 2.057585 -182.5
v -25.33333 2.057585 -171
v -26 2.057585 -171
v -27 2.057585 -170.6667
v -29.83333 2.057585 -180.6667
v -26.83333 2.057585 -180.6667
v -24.83333 2.057585 -182.5
v -31 2.057585 -180.6667
v -29.83333 2.057585 -180.6667
v -24.83333 2.057585 -182.5
v -23.83333 2.057585 -182.5
v -22.83333 2.057585 -181.6667
v -20 2.057585 -181.6667
v -23.83333 2.057585 -182.5
v -20 2.057585 -181.6667
v -19 2.057585 -181.6667
v -26 2.057585 -171
v -26.66667 2.057585 -171
v -27 2.057585 -170.6667
v -22.83333 2.057585 -181.6667
v -22.66667 2.057585 -181.3333
v -21.83333 2.057585 -181.1667
v -20.83333 2.057585 -181.1667
v -20 2.057585 -181.6667
v -19 2.057585 -181.6667
v -17.83333 2.057585 -181.3333
v -15.5 2.057585 -181.3333
v -17 2.057585 -170.6667
v 0 2.057585 -170.6667
v -4 2.057585 -171.1667
v -16.66667 2.057585 -171.1667
v -19 2.057585 -181.6667
v -15.5 2.057585 -181.3333
v -14.83333 2.057585 -181.3333
v 0 2.057585 -170.6667
v -1.166668 2.057585 -171.1667
v -4 2.057585 -171.1667
v 0 2.057585 -186.1667
v -3.666668 2.057585 -181.3333
v -1.833332 2.057585 -180.8333
v -15.5 2.057585 -181.3333
v -17.83333 2.057585 -181.3333
v -17.33333 2.057585 -180.8333
v -6.666668 2.057585 -180.8333
v -5.5 2.057585 -180.8333
v -5 2.057585 -181.3333
v -14.83333 2.057585 -181.3333
v -13.5 2.057585 -180
v -12.16667 2.057585 -180
v -14.83333 2.057585 -181.3333
v -12.16667 2.057585 -180
v -11.5 2.057585 -180
v -9.5 2.057585 -180
v -6.666668 2.057585 -180.8333
v -5 2.057585 -181.3333
v -14.83333 2.057585 -181.3333
v -11.5 2.057585 -180
v -3.666668 2.057585 -181.3333
v -3.333332 2.057585 -180.8333
v -2.833332 2.057585 -180.8333
v -23.83333 2.057585 -182.5
v -19 2.057585 -181.6667
v -14.83333 2.057585 -181.3333
v -5 2.057585 -181.3333
v 0 2.057585 -186.1667
v -42.66667 2.057585 -186.1667
v -2.833332 2.057585 -180.8333
v -1.833332 2.057585 -180.8333
v -3.666668 2.057585 -181.3333
v -5 2.057585 -181.3333
v -3.666668 2.057585 -181.3333
v 0 2.057585 -186.1667
v -42.33334 2.057585 -180.6667
v -42.33334 2.057585 -180.3333
v -40.66667 2.057585 -180.5
v -40.66667 2.057585 -180.5
v -31.33333 2.057585 -180.5
v -31 2.057585 -180.6667
v -42.33334 2.057585 -180.6667
v -29.83333 2.057585 -180.6667
v -29.5 2.057585 -180.1667
v -28.83333 2.057585 -180.1667
v -28 2.057585 -180.1667
v -27 2.057585 -180.1667
v -26.83333 2.057585 -180.6667
v -28 2.057585 -180.1667
v -26.83333 2.057585 -180.6667
v -29.83333 2.057585 -180.6667
v -28.83333 2.057585 -180.1667
v -40.66667 2.057585 -180.5
v -40 2.057585 -179.8333
v -39.33334 2.057585 -179.8333
v -33.66667 2.057585 -179.8333
v -31.5 2.057585 -180.1667
v -31.33333 2.057585 -180.5
v -40.66667 2.057585 -180.5
v -37.5 2.057585 -179.8333
v -40.66667 2.057585 -180.5
v -39.33334 2.057585 -179.8333
v -37.5 2.057585 -179.8333
v -27 2.057585 -179.3333
v -27 2.057585 -179
v -26.66667 2.057585 -179
v -27 2.057585 -179.3333
v -26.66667 2.057585 -179
v -26.5 2.057585 -179.3333
v -27 2.057585 -179.6667
v -27 2.057585 -180.1667
v -28 2.057585 -180.1667
v -27 2.057585 -179.6667
v -28 2.057585 -180.1667
v -27 2.057585 -179.3333
v -27 2.057585 -179.6667
v -12.16667 2.057585 -180
v -13.5 2.057585 -180
v -13.5 2.057585 -179.3333
v -11.5 2.057585 -180
v -11 2.057585 -179.1667
v -10.33333 2.057585 -179.1667
v -9.5 2.057585 -180
v -39.33334 2.057585 -179.8333
v -40 2.057585 -179.8333
v -39.83334 2.057585 -179.5
v -35.16667 2.057585 -179.5
v -34.16667 2.057585 -179.5
v -33.66667 2.057585 -179.8333
v -36.83334 2.057585 -179.3333
v -36.66667 2.057585 -178.5
v -35.16667 2.057585 -179.5
v -37.5 2.057585 -179.8333
v -36.83334 2.057585 -179.3333
v -35.16667 2.057585 -179.5
v -33.66667 2.057585 -179.8333
v -6.833332 2.057585 -172.3333
v -7.166668 2.057585 -172.8333
v -7.666668 2.057585 -172.8333
v -9.5 2.057585 -172.1667
v -9.5 2.057585 -172.1667
v -5.166668 2.057585 -172.1667
v -6.833332 2.057585 -172.3333
v -15.83333 2.640918 -172.1667
v -12.66667 2.057585 -172.1667
v -13.16667 2.057585 -172.5
v -15.66667 2.807585 -172.5
v -25 2.057585 -171.1667
v -22.33333 2.057585 -171.1667
v -23.83333 2.057585 -172.3333
v -15.83333 2.640918 -172.1667
v -16.66667 2.057585 -172
v -16.66667 2.057585 -171.1667
v -12.66667 2.057585 -172.1667
v -16.66667 2.057585 -171.1667
v -4 2.057585 -171.1667
v -9.5 2.057585 -172.1667
v -11.33333 2.057585 -172.1667
v -12 2.057585 -172.1667
v -12.66667 2.057585 -172.1667
v -16.66667 2.057585 -171.1667
v -11.33333 2.057585 -172.1667
v -12 2.057585 -172.1667
v -16.66667 2.057585 -171.1667
v -4 2.057585 -171.1667
v -5.166668 2.057585 -172.1667
v -9.5 2.057585 -172.1667
v -35 2.057585 -171.5
v -32.83334 2.057585 -171.5
v -33.66667 2.057585 -172
v -1.833332 2.057585 -180.8333
v -0.8333321 2.057585 -179.8333
v 0 2.057585 -180.1667
v 0 2.057585 -186.1667
v -39 2.057585 -171.5
v -39.5 2.057585 -171.5
v -40.16667 2.057585 -170.8333
v -30.5 2.057585 -170.6667
v -31.33333 2.057585 -171.5
v -32.16667 2.057585 -171.5
v -38 2.057585 -171.5
v -39 2.057585 -171.5
v -40.16667 2.057585 -170.8333
v -30.5 2.057585 -170.6667
v -32.16667 2.057585 -171.5
v -32.83334 2.057585 -171.5
v -40.16667 2.057585 -170.8333
v -42.66667 2.057585 -170.8333
v -42.66667 2.057585 -170.6667
v -30.5 2.057585 -170.6667
v -37.66667 2.057585 -171.5
v -38 2.057585 -171.5
v -40.16667 2.057585 -170.8333
v -30.5 2.057585 -170.6667
v -32.83334 2.057585 -171.5
v -35 2.057585 -171.5
v -35 2.057585 -171.5
v -37.66667 2.057585 -171.5
v -40.16667 2.057585 -170.8333
v -30.5 2.057585 -170.6667
v -21.33333 2.057585 -171.1667
v -20.5 2.057585 -171.1667
v -20.83333 2.057585 -171.5
v -26.66667 2.057585 -171
v -26 2.057585 -171
v -26.66667 2.057585 -171.3333
v -20.33333 2.057585 -171
v -20.5 2.057585 -171.1667
v -21.33333 2.057585 -171.1667
v -20.33333 2.057585 -171
v -21.33333 2.057585 -171.1667
v -22.33333 2.057585 -171.1667
v -25.33333 2.057585 -171
v -20.33333 2.057585 -171
v -22.33333 2.057585 -171.1667
v -25 2.057585 -171.1667
v 0 2.057585 -171.8333
v -0.5 2.057585 -172
v -1.166668 2.057585 -171.1667
v 0 2.057585 -170.6667
v 15.33333 2.057585 -170.6667
v 9.666667 2.057585 -170.8333
v 7 2.057585 -170.8333
v 0 2.057585 -170.6667
v 0 2.057585 -186.1667
v 5.666667 2.057585 -181
v 7.166667 2.057585 -181
v 0 2.057585 -180.1667
v 4 2.057585 -180.5
v 5.666667 2.057585 -181
v 0 2.057585 -186.1667
v 42.66667 2.057585 -186.1667
v 42 2.057585 -178.8333
v 42.66667 2.057585 -178.3333
v 15.33333 2.057585 -170.6667
v 15.33333 2.057585 -170.8333
v 9.666667 2.057585 -170.8333
v 7.166667 2.057585 -181
v 7.5 2.057585 -180.6667
v 19 2.057585 -180.6667
v 7.166667 2.057585 -181
v 19 2.057585 -180.6667
v 20 2.057585 -180.6667
v 0 2.057585 -180.1667
v 2.5 2.057585 -179.8333
v 4 2.057585 -180.5
v 7.5 2.057585 -180.6667
v 7.5 2.057585 -180.5
v 7.833333 2.057585 -180.5
v 7.5 2.057585 -180.6667
v 7.833333 2.057585 -180.5
v 9.166667 2.057585 -180.5
v 9.166667 2.057585 -180.5
v 18.5 2.057585 -180.5
v 19 2.057585 -180.6667
v 7.5 2.057585 -180.6667
v 20 2.057585 -180.6667
v 20.33333 2.057585 -180.1667
v 21 2.057585 -180.1667
v 20 2.057585 -180.6667
v 21 2.057585 -180.1667
v 21.83333 2.057585 -180.1667
v 4 2.057585 -180.5
v 5.333333 2.057585 -180.5
v 5.666667 2.057585 -181
v 9.166667 2.057585 -180.5
v 9.833334 2.057585 -179.8333
v 10.66667 2.057585 -179.8333
v 16.16667 2.057585 -179.8333
v 18.33333 2.057585 -180.1667
v 18.5 2.057585 -180.5
v 9.166667 2.057585 -180.5
v 12.33333 2.057585 -179.8333
v 9.166667 2.057585 -180.5
v 10.66667 2.057585 -179.8333
v 12.33333 2.057585 -179.8333
v 21 2.057585 -180.1667
v 20.33333 2.057585 -180.1667
v 20.33333 2.057585 -179.8333
v 21.83333 2.057585 -180.1667
v 22.16667 2.057585 -180
v 30.66667 2.057585 -180
v 21.83333 2.057585 -180.1667
v 30.66667 2.057585 -180
v 31.33333 2.057585 -180
v 0 2.057585 -186.1667
v 7.166667 2.057585 -181
v 20 2.057585 -180.6667
v 29.5 2.057585 -179.5
v 30 2.057585 -179.5
v 30.66667 2.057585 -180
v 22.16667 2.057585 -180
v 22.66667 2.057585 -179.5
v 23.66667 2.057585 -179.5
v 28.16667 2.057585 -179.5
v 29.5 2.057585 -179.5
v 30.66667 2.057585 -180
v 22.16667 2.057585 -180
v 23.66667 2.057585 -179.5
v 24.83333 2.057585 -179.5
v 24.83333 2.057585 -179.5
v 28.16667 2.057585 -179.5
v 30.66667 2.057585 -180
v 22.16667 2.057585 -180
v 35.16667 2.057585 -170.6667
v 35.5 2.057585 -170.6667
v 35.16667 2.057585 -171
v 26.33333 2.057585 -170.6667
v 26.16667 2.057585 -171
v 24.5 2.057585 -171
v 23.83333 2.057585 -170.6667
v 24.5 2.057585 -171
v 23.83333 2.057585 -171
v 23.83333 2.057585 -170.6667
v 10.66667 2.057585 -179.8333
v 9.833334 2.057585 -179.8333
v 10 2.057585 -179.5
v 14.66667 2.057585 -179.5
v 15.66667 2.057585 -179.5
v 16.16667 2.057585 -179.8333
v 13 2.057585 -179.3333
v 13.16667 2.057585 -178.5
v 14.66667 2.057585 -179.5
v 12.33333 2.057585 -179.8333
v 13 2.057585 -179.3333
v 14.66667 2.057585 -179.5
v 16.16667 2.057585 -179.8333
v 23.66667 2.057585 -179.5
v 22.66667 2.057585 -179.5
v 23 2.057585 -179
v 28.16667 2.057585 -179.5
v 24.83333 2.057585 -179.5
v 25.83333 2.057585 -178.6667
v 27.16667 2.057585 -178.6667
v 30 2.057585 -179.5
v 29.5 2.057585 -179.5
v 29.66667 2.057585 -179.1667
v 34.66667 2.057585 -178.1667
v 35.83334 2.057585 -178.1667
v 36.33334 2.057585 -179
v 33.66667 2.057585 -179.5
v 37.66667 2.057585 -179.5
v 33.66667 2.057585 -179.5
v 36.33334 2.057585 -179
v 20 2.057585 -180.6667
v 21.83333 2.057585 -180.1667
v 31.33333 2.057585 -180
v 42.66667 2.057585 -186.1667
v 0 2.057585 -186.1667
v 38.83334 2.057585 -179.5
v 39.5 2.057585 -178.8333
v 40.5 2.057585 -178.8333
v 31.33333 2.057585 -180
v 37.66667 2.057585 -179.5
v 38.83334 2.057585 -179.5
v 40.5 2.057585 -178.8333
v 39.5 2.057585 -178.8333
v 39.83334 2.057585 -178.3333
v 42.66667 2.057585 -186.1667
v 31.33333 2.057585 -180
v 38.83334 2.057585 -179.5
v 4 2.057585 -172
v 3.666667 2.057585 -172.5
v 2.333333 2.057585 -172
v 42.66667 2.057585 -186.1667
v 38.83334 2.057585 -179.5
v 42 2.057585 -178.8333
v 7 2.057585 -170.8333
v 5.666667 2.057585 -172
v 4 2.057585 -172
v 24.5 2.057585 -171
v 26.16667 2.057585 -171
v 25.66667 2.057585 -172
v 10.33333 2.057585 -171.5
v 10.83333 2.057585 -171.5
v 10.33333 2.057585 -171.8333
v 14.83333 2.057585 -171.5
v 15.66667 2.057585 -171.5
v 16 2.057585 -171.8333
v 15.33333 2.057585 -170.8333
v 15.66667 2.057585 -171.5
v 14.83333 2.057585 -171.5
v 10.83333 2.057585 -171.5
v 10.33333 2.057585 -171.5
v 9.666667 2.057585 -170.8333
v 11.83333 2.057585 -171.5
v 10.83333 2.057585 -171.5
v 9.666667 2.057585 -170.8333
v 12.16667 2.057585 -171.5
v 11.83333 2.057585 -171.5
v 9.666667 2.057585 -170.8333
v 15.33333 2.057585 -170.8333
v 14.83333 2.057585 -171.5
v 12.16667 2.057585 -171.5
v 9.666667 2.057585 -170.8333
v 29 2.057585 -170.6667
v 29.66667 2.057585 -170.6667
v 29 2.057585 -171.5
v 42 2.057585 -170.6667
v 42.66667 2.057585 -170.6667
v 42.66667 2.057585 -171.3333
v 23.66667 2.057585 -171
v 23.83333 2.057585 -171
v 23.5 2.057585 -171.1667
v 23.83333 2.057585 -171
v 23.66667 2.057585 -171
v 23.83333 2.057585 -170.6667
v 31.33333 2.057585 -180
v 33.66667 2.057585 -179.5
v 37.66667 2.057585 -179.5
v 38.83334 2.057585 -179.5
v 40.5 2.057585 -178.8333
v 42 2.057585 -178.8333
v 2.333333 2.057585 -172
v 0 2.057585 -171.8333
v 0 2.057585 -170.6667
v 7 2.057585 -170.8333
v 4 2.057585 -172
v 45.66667 2.057585 -170.6667
v 46.16667 2.057585 -170.6667
v 45.83334 2.057585 -171
v 42.66667 2.057585 -186.1667
v 47.33334 2.057585 -179.3333
v 48.66667 2.057585 -179.3333
v 48.66667 2.057585 -179.3333
v 68.66667 2.057585 -179.3333
v 68.66667 2.057585 -186.1667
v 42.66667 2.057585 -186.1667
v 46.16667 2.057585 -179
v 47 2.057585 -179
v 47.33334 2.057585 -179.3333
v 45.33334 2.057585 -179
v 46.16667 2.057585 -179
v 47.33334 2.057585 -179.3333
v 42.66667 2.057585 -170.6667
v 44.16667 2.057585 -170.6667
v 43.16667 2.057585 -171.3333
v 42.66667 2.057585 -171.3333
v 50.33334 2.057585 -179
v 51.16667 2.057585 -178.1667
v 51.66667 2.057585 -178.1667
v 50.33334 2.057585 -179
v 51.66667 2.057585 -178.1667
v 52.33334 2.057585 -178.1667
v 52.33334 2.057585 -178.1667
v 68.66667 2.057585 -178.1667
v 68.66667 2.057585 -179.3333
v 50.33334 2.057585 -179
v 68.66667 2.057585 -179.3333
v 48.66667 2.057585 -179.3333
v 50.33334 2.057585 -179
v 43.16667 2.057585 -171.3333
v 43.16667 2.057585 -171.6667
v 42.66667 2.057585 -171.3333
v 47 2.057585 -179
v 46.16667 2.057585 -179
v 46.33334 2.057585 -178.6667
v 46.83334 2.057585 -178.6667
v 51.66667 2.057585 -178.1667
v 51.16667 2.057585 -178.1667
v 51.33334 2.057585 -177.8333
v 52.33334 2.057585 -178.1667
v 53 2.057585 -177.5
v 54.33334 2.057585 -177.5
v 52.33334 2.057585 -178.1667
v 54.33334 2.057585 -177.5
v 56.5 2.057585 -177.5
v 56.5 2.057585 -177.5
v 68.66667 2.057585 -177.5
v 68.66667 2.057585 -178.1667
v 52.33334 2.057585 -178.1667
v 53 2.057585 -177.5
v 53.16667 2.057585 -177.1667
v 54 2.057585 -177.1667
v 54.33334 2.057585 -177.5
v 58.5 2.057585 -175.5
v 58.5 2.057585 -174.1667
v 59.33334 2.057585 -172
v 68.66667 2.057585 -170.6667
v 68.66667 2.057585 -177.5
v 59.33334 2.057585 -172
v 59.33334 2.057585 -170.6667
v 68.66667 2.057585 -170.6667
v 68.66667 2.057585 -177.5
v 56.5 2.057585 -177.5
v 57.33334 2.057585 -177.1667
v 68.66667 2.057585 -177.5
v 57.33334 2.057585 -177.1667
v 58.5 2.057585 -175.5
v 54.83334 2.057585 -175.5
v 54.83334 2.057585 -174
v 55.16667 2.057585 -174.3333
v 55.83334 2.057585 -176.3333
v 54.33334 2.057585 -176
v 54.83334 2.057585 -175.5
v 56.5 2.057585 -176.1667
v 55.83334 2.057585 -176.3333
v 54.83334 2.057585 -175.5
v 55.16667 2.057585 -174.3333
v 57.33334 2.057585 -174.3333
v 57.33334 2.057585 -175
v 42.66667 2.057585 -178.3333
v 42.83334 2.057585 -178
v 44 2.057585 -178
v 45.33334 2.057585 -179
v 42.66667 2.057585 -186.1667
v 45.33334 2.057585 -179
v 47.33334 2.057585 -179.3333
v 42.66667 2.057585 -186.1667
v -180.1667 2.057585 -128
v -170.6667 2.057585 -128
v -170.6667 2.057585 -170.6667
v -180.1667 2.057585 -170.6667
v -148.3333 2.057585 -148
v -146.5 2.057585 -149.8333
v -128 2.057585 -170.6667
v -170.6667 2.057585 -170.6667
v -170.6667 2.057585 -128
v -140.8333 2.057585 -153.3333
v -140 2.057585 -153.3333
v -128 2.057585 -170.6667
v -138.5 3.724252 -128
v -138.3333 3.724252 -128
v -138.5 3.724252 -128.3333
v -145.3333 2.057585 -128
v -145.1667 2.057585 -128.3333
v -146.1667 2.057585 -129.1667
v -170.6667 2.057585 -128
v -135.3333 3.724252 -128.8333
v -136.5 3.724252 -128
v -128 4.557585 -128
v -128 4.557585 -128.1667
v -146.6667 2.057585 -132.1667
v -146.3333 2.057585 -134.5
v -147.5 2.057585 -134.6667
v -151.3333 2.057585 -143.3333
v -149.8333 2.057585 -144.8333
v -149.8333 2.057585 -145.5
v -144.8333 2.057585 -150.6667
v -144 2.057585 -150.6667
v -142.8333 2.057585 -152.5
v -146.1667 2.057585 -129.1667
v -146.1667 2.057585 -130.8333
v -146.6667 2.057585 -132.1667
v -147.5 2.057585 -134.6667
v -148.3333 2.057585 -137.1667
v -149.5 2.057585 -137.5
v -135.3333 3.724252 -129.8333
v -135.3333 3.724252 -128.8333
v -128 4.557585 -128.1667
v -142.1667 5.140918 -137.3333
v -139.8333 5.057585 -135.5
v -137.8333 5.057585 -135.5
v -131.3333 5.140918 -140.3333
v -143.1667 5.057585 -140.3333
v -146.1667 2.057585 -129.1667
v -146.6667 2.057585 -132.1667
v -147.5 2.057585 -134.6667
v -149.5 2.057585 -137.5
v -151.3333 2.057585 -139.1667
v -170.6667 2.057585 -128
v -131 2.057585 -152.1667
v -129.8333 2.057585 -151.1667
v -129 2.057585 -151.5
v -137.8333 5.057585 -135.5
v -137.1667 5.140918 -134.1667
v -136.6667 4.890918 -133.8333
v -130.3333 4.724252 -140.3333
v -131.3333 5.140918 -140.3333
v -140 2.057585 -153.3333
v -135.3333 2.057585 -152.5
v -131 2.057585 -152.1667
v -128 2.057585 -170.6667
v -151.3333 2.057585 -143.3333
v -149.8333 2.057585 -145.5
v -148.3333 2.057585 -148
v -170.6667 2.057585 -128
v -170.6667 2.057585 -128
v -151.3333 2.057585 -139.1667
v -151.8333 2.057585 -140.1667
v -140 2.057585 -153.3333
v -139 2.057585 -152.5
v -136 2.057585 -152.5
v -140 2.057585 -153.3333
v -136 2.057585 -152.5
v -135.3333 2.057585 -152.5
v -170.6667 2.057585 -128
v -151.8333 2.057585 -141.8333
v -151.3333 2.057585 -143.3333
v -138.1667 2.057585 -152
v -137.1667 2.057585 -152
v -137 2.057585 -152.3333
v -139 2.057585 -152.5
v -136 2.057585 -152.5
v -139 2.057585 -152.5
v -137 2.057585 -152.3333
v -142.8333 2.057585 -152.5
v -141.5 2.057585 -153.1667
v -128 2.057585 -170.6667
v -170.6667 2.057585 -128
v -151.8333 2.057585 -140.1667
v -151.8333 2.057585 -141.8333
v -134 2.057585 -152.1667
v -131.6667 2.057585 -152.1667
v -135.3333 2.057585 -152.5
v -131.6667 2.057585 -152.1667
v -134 2.057585 -152.1667
v -133.6667 2.057585 -151.6667
v -129.8333 2.057585 -151.1667
v -129.8333 2.057585 -150.8333
v -129 2.057585 -151.5
v -135.3333 2.057585 -152.5
v -131.6667 2.057585 -152.1667
v -131 2.057585 -152.1667
v -141.5 2.057585 -153.1667
v -140.8333 2.057585 -153.3333
v -128 2.057585 -170.6667
v -144.8333 2.057585 -145.3333
v -143.8333 2.057585 -144
v -142.5 2.057585 -145.5
v -142.5 2.057585 -145.5
v -142.5 2.057585 -147
v -143.3333 2.057585 -147.8333
v -143.3333 2.057585 -147.8333
v -144 2.057585 -149.5
v -145.8333 2.057585 -148.6667
v -144.8333 2.057585 -145.3333
v -142.5 2.057585 -145.5
v -143.3333 2.057585 -147.8333
v -145.8333 2.057585 -148.6667
v -146.6667 2.057585 -147.8333
v -147.8333 2.057585 -145.6667
v -136.6667 5.057585 -144.8333
v -137.8333 5.057585 -146.3333
v -138.5 5.057585 -146.3333
v -140.5 5.057585 -145.6667
v -142.1667 5.140918 -144
v -134.8333 5.057585 -144
v -136.6667 5.057585 -144.8333
v -140.5 5.057585 -145.6667
v -142.6667 2.057585 -143
v -142.6667 2.057585 -142.5
v -142.3333 2.057585 -142.5
v -140.8333 2.057585 -144.8333
v -139.6667 2.057585 -144.8333
v -140.3333 2.057585 -145.1667
v -141.1667 2.057585 -145
v -142.3333 2.057585 -142.5
v -141.1667 2.057585 -141.1667
v -141.1667 2.057585 -144.5
v -142.6667 2.057585 -143
v -141.1667 2.057585 -144.5
v -140.8333 2.057585 -144.8333
v -141.1667 2.057585 -145
v -142.3333 2.057585 -142.5
v -141.6667 2.057585 -141.3333
v -141.1667 2.057585 -141.1667
v -141.1667 2.057585 -144.5
v -141.1667 2.057585 -145
v -142.6667 2.057585 -143
v -144.8333 2.057585 -142.6667
v -144.8333 2.057585 -143.1667
v -145.6667 2.057585 -144.1667
v -148.1667 2.057585 -144.1667
v -147 2.057585 -142.6667
v -134 5.057585 -144
v -133.3333 5.140918 -144
v -133.6667 5.057585 -144.3333
v -142.1667 5.140918 -144
v -142.6667 5.057585 -143.5
v -142.6667 5.057585 -142.6667
v -132.6667 5.057585 -143.1667
v -133.3333 5.140918 -144
v -134 5.057585 -144
v -132.6667 5.057585 -143.1667
v -134 5.057585 -144
v -134.8333 5.057585 -144
v -142.6667 5.057585 -142.6667
v -143.1667 5.057585 -141.8333
v -143.1667 5.057585 -140.3333
v -132.3333 5.057585 -141.1667
v -132.6667 5.057585 -143.1667
v -134.8333 5.057585 -144
v -142.1667 5.140918 -144
v -142.6667 5.057585 -142.6667
v -143.1667 5.057585 -140.3333
v -143.1667 5.057585 -140.3333
v -131.3333 5.140918 -140.3333
v -132.3333 5.057585 -141.1667
v -146.6667 2.057585 -140.8333
v -146 2.057585 -140.8333
v -146.8333 2.057585 -141.5
v -146.6667 2.057585 -140.8333
v -146.8333 2.057585 -141.5
v -147.5 2.057585 -141.5
v -147.8333 2.057585 -139.8333
v -148.3333 2.057585 -138.5
v -148 2.057585 -138.5
v -147.8333 2.057585 -139.8333
v -150.3333 2.057585 -140
v -149.3333 2.057585 -143.5
v -150.1667 2.057585 -142.8333
v -150.6667 2.057585 -141.3333
v -150.3333 2.057585 -140
v -147.8333 2.057585 -139.8333
v -147.5 2.057585 -141.5
v -130.8333 3.724252 -143.3333
v -131.5 3.724252 -143.3333
v -131.3333 3.724252 -143
v -130.8333 3.724252 -143.3333
v -131.3333 3.724252 -143
v -129.1667 3.724252 -143
v -129.6667 3.724252 -143.5
v -131.3333 3.724252 -143
v -131 3.724252 -141.6667
v -130.6667 3.724252 -141.6667
v -131 2.057585 -152.1667
v -129 2.057585 -151.5
v -128 2.057585 -151.5
v -128 2.057585 -170.6667
v -129.1667 3.724252 -143
v -131.3333 3.724252 -143
v -130.6667 3.724252 -141.6667
v -129.6667 3.724252 -141.6667
v -142.8333 2.057585 -152.5
v -142 2.057585 -152.5
v -141.5 2.057585 -153.1667
v -146.5 2.057585 -149.8333
v -144.8333 2.057585 -150.6667
v -142.8333 2.057585 -152.5
v -128 2.057585 -170.6667
v -129.1667 3.724252 -143
v -129.6667 3.724252 -141.6667
v -129.3333 4.390918 -140.8333
v -128 3.724252 -143.1667
v -129.1667 3.724252 -143
v -129.3333 4.390918 -140.8333
v -128 4.557585 -128.1667
v -136.6667 4.890918 -133.8333
v -136.1667 3.807585 -131.1667
v -135.3333 3.724252 -129.8333
v -128 4.557585 -128.1667
v -129.3333 4.390918 -140.8333
v -130.3333 4.724252 -140.3333
v -122.8333 4.140918 -128
v -122.8333 4.140918 -128.3333
v -124 4.224252 -128.5
v -124.1667 4.140918 -128
v -128 2.057585 -170.6667
v -121.1667 2.057585 -152.1667
v -119.8333 2.057585 -152.1667
v -128 2.057585 -151.5
v -126.8333 2.057585 -150.8333
v -125.3333 2.057585 -151
v -121.6667 2.057585 -151.6667
v -121.1667 2.057585 -152.1667
v -128 2.057585 -170.6667
v -126.8333 2.057585 -150.8333
v -126.6667 2.057585 -150
v -125.3333 2.057585 -151
v -127 4.557585 -130.8333
v -126.5 4.557585 -131.3333
v -128 3.724252 -143
v -119.8333 2.057585 -152.1667
v -119.5 2.057585 -151.8333
v -110.5 2.057585 -151.8333
v -119.8333 2.057585 -152.1667
v -110.5 2.057585 -151.8333
v -109 2.057585 -151.8333
v -126.5 4.557585 -131.3333
v -125.6667 4.557585 -131.3333
v -123.8333 4.474252 -132.5
v -120.5 3.724252 -142.8333
v -127.5 3.724252 -143
v -128 3.724252 -143
v -119.5 2.057585 -151.8333
v -119.5 2.057585 -151.6667
v -119 2.057585 -151.6667
v -119.5 2.057585 -151.8333
v -119 2.057585 -151.6667
v -118 2.057585 -151.6667
v -118 2.057585 -151.6667
v -110.6667 2.057585 -151.6667
v -110.5 2.057585 -151.8333
v -119.5 2.057585 -151.8333
v -128 4.557585 -128.1667
v -127 4.557585 -130
v -127 4.557585 -130.8333
v -128 3.724252 -143
v -125.6667 4.557585 -131.3333
v -124.1667 4.557585 -132
v -123.8333 4.474252 -132.5
v -108.6667 2.057585 -151.5
v -97.16666 2.057585 -151.5
v -109 2.057585 -151.8333
v -118 2.057585 -151.6667
v -117.1667 2.057585 -151
v -116.3333 2.057585 -151
v -113.1667 2.057585 -151
v -110.8333 2.057585 -151.3333
v -110.6667 2.057585 -151.6667
v -118 2.057585 -151.6667
v -114.8333 2.057585 -151
v -118 2.057585 -151.6667
v -116.3333 2.057585 -151
v -114.8333 2.057585 -151
v -108.6667 2.057585 -151.5
v -108.6667 2.057585 -151.3333
v -108.3333 2.057585 -151.3333
v -108.6667 2.057585 -151.5
v -108.3333 2.057585 -151.3333
v -107 2.057585 -151.3333
v -107 2.057585 -151.3333
v -97.66666 2.057585 -151.3333
v -97.16666 2.057585 -151.5
v -108.6667 2.057585 -151.5
v -96.33333 2.057585 -151.5
v -95.83333 2.057585 -151
v -95.16666 2.057585 -151
v -96.33333 2.057585 -151.5
v -95.16666 2.057585 -151
v -94.33333 2.057585 -151
v -109 2.057585 -151.8333
v -97.16666 2.057585 -151.5
v -96.33333 2.057585 -151.5
v -107 2.057585 -151.3333
v -106.3333 2.057585 -150.6667
v -105.5 2.057585 -150.6667
v -100 2.057585 -150.6667
v -97.83333 2.057585 -151
v -97.66666 2.057585 -151.3333
v -107 2.057585 -151.3333
v -104 2.057585 -150.6667
v -107 2.057585 -151.3333
v -105.5 2.057585 -150.6667
v -104 2.057585 -150.6667
v -116.3333 2.057585 -151
v -117.1667 2.057585 -151
v -117 2.057585 -150.5
v -113.1667 2.057585 -151
v -114.8333 2.057585 -151
v -114.5 2.057585 -150.6667
v -95.16666 2.057585 -151
v -95.83333 2.057585 -151
v -95.83333 2.057585 -150.6667
v -119.8333 2.057585 -152.1667
v -109 2.057585 -151.8333
v -96.33333 2.057585 -151.5
v -85.33333 2.057585 -170.6667
v -128 2.057585 -170.6667
v -120.5 3.724252 -142.8333
v -126.1667 3.724252 -143
v -127.5 3.724252 -143
v -94.33333 2.057585 -151
v -93.5 2.057585 -150.3333
v -92.33333 2.057585 -150.3333
v -113.6667 3.724252 -141.8333
v -116.5 3.724252 -142.6667
v -120.5 3.724252 -142.8333
v -123.8333 4.474252 -132.5
v -122.6667 4.307585 -132.5
v -94.33333 2.057585 -151
v -92.33333 2.057585 -150.3333
v -91.33333 2.057585 -150.3333
v -105.5 2.057585 -150.6667
v -106.3333 2.057585 -150.6667
v -106.1667 2.057585 -150.3333
v -101.5 2.057585 -150.3333
v -100.5 2.057585 -150.3333
v -100 2.057585 -150.6667
v -103.1667 2.057585 -150
v -103.1667 2.057585 -149.1667
v -101.5 2.057585 -150.3333
v -104 2.057585 -150.6667
v -103.1667 2.057585 -150
v -101.5 2.057585 -150.3333
v -100 2.057585 -150.6667
v -92.33333 2.057585 -150.3333
v -93.5 2.057585 -150.3333
v -93.16666 2.057585 -149.8333
v -91.33333 2.057585 -150.3333
v -90.33333 2.057585 -149.5
v -89.33333 2.057585 -149.3333
v -88 2.057585 -150.3333
v -86.16666 2.057585 -150.3333
v -86.83333 2.057585 -150.3333
v -86.5 2.057585 -150
v -120.8333 3.724252 -143
v -122.3333 3.724252 -143.8333
v -124 3.724252 -143.8333
v -126.1667 3.724252 -143
v -112.5 3.724252 -143.5
v -112.1667 3.724252 -143.5
v -112.5 3.724252 -143.8333
v -114 3.724252 -143.8333
v -114.1667 3.724252 -143.5
v -113.6667 3.724252 -143.5
v -113.6667 3.724252 -143.5
v -112.5 3.724252 -143.5
v -112.5 3.724252 -143.8333
v -114 3.724252 -143.8333
v -87.16666 3.724252 -143.1667
v -88.16666 3.724252 -143.6667
v -88.83333 3.724252 -143.1667
v -86 3.724252 -141.8333
v -86.16666 3.724252 -143.1667
v -87.16666 3.724252 -143.1667
v -86 3.724252 -141.8333
v -87.16666 3.724252 -143.1667
v -88.83333 3.724252 -143.1667
v -91.66666 3.724252 -141.8333
v -91.66666 3.724252 -141.8333
v -88.83333 3.724252 -143.1667
v -90.16666 3.724252 -143.1667
v -114 3.724252 -142.6667
v -113.6667 3.724252 -143.5
v -114.1667 3.724252 -143.5
v -115 3.724252 -142.6667
v -112.1667 3.724252 -143.5
v -112.5 3.724252 -143.5
v -112.1667 3.724252 -143.1667
v -111.3333 3.724252 -143.5
v -112.1667 3.724252 -143.5
v -112.1667 3.724252 -143.1667
v -111.3333 3.724252 -143.5
v -112.1667 3.724252 -143.1667
v -112.1667 3.724252 -142.3333
v -110 3.724252 -142.6667
v -105.6667 3.724252 -142.3333
v -105.8333 3.724252 -142.6667
v -110 3.724252 -142.6667
v -112.1667 3.724252 -142.3333
v -116.6667 3.724252 -142.8333
v -117.1667 3.724252 -143.3333
v -117.3333 3.724252 -143
v -119.5 3.724252 -142.8333
v -116.6667 3.724252 -142.8333
v -117.3333 3.724252 -143
v -128 3.724252 -143
v -127.5 3.724252 -143
v -128 3.724252 -143.1667
v -99.5 3.724252 -142.3333
v -99.5 3.724252 -143.1667
v -100 3.724252 -143.1667
v -102.3333 3.724252 -142.3333
v -96.33333 2.057585 -151.5
v -94.33333 2.057585 -151
v -91.33333 2.057585 -150.3333
v -88 2.057585 -150.3333
v -85.33333 2.057585 -150.6667
v -85.33333 2.057585 -170.6667
v -88 2.057585 -150.3333
v -86.83333 2.057585 -150.3333
v -85.33333 2.057585 -150.6667
v -86.83333 2.057585 -150.3333
v -86.16666 2.057585 -150.3333
v -85.33333 2.057585 -150.6667
v -116.5 3.724252 -142.6667
v -116.6667 3.724252 -142.8333
v -119.5 3.724252 -142.8333
v -116.5 3.724252 -142.6667
v -119.5 3.724252 -142.8333
v -120.5 3.724252 -142.8333
v -85.83333 3.724252 -141.6667
v -86 3.724252 -141.8333
v -91.66666 3.724252 -141.8333
v -113.6667 3.724252 -141.8333
v -114 3.724252 -142.6667
v -115 3.724252 -142.6667
v -113.6667 3.724252 -141.8333
v -115 3.724252 -142.6667
v -116.5 3.724252 -142.6667
v -120.5 3.724252 -142.8333
v -120.8333 3.724252 -143
v -126.1667 3.724252 -143
v -97.5 3.724252 -142.1667
v -97 3.724252 -142.1667
v -97.5 3.724252 -142.5
v -99.33333 3.724252 -141.8333
v -99.5 3.724252 -142.3333
v -102.3333 3.724252 -142.3333
v -99.33333 3.724252 -141.8333
v -102.3333 3.724252 -142.3333
v -104 3.724252 -142.3333
v -99.33333 3.724252 -141.8333
v -104 3.724252 -142.3333
v -104.3333 3.724252 -142.3333
v -99.33333 3.724252 -141.8333
v -104.3333 3.724252 -142.3333
v -105.6667 3.724252 -142.3333
v -112.5 3.724252 -141.8333
v -99.33333 3.724252 -141.8333
v -105.6667 3.724252 -142.3333
v -112.1667 3.724252 -142.3333
v -97 3.724252 -142.1667
v -97.5 3.724252 -142.1667
v -97.66666 3.724252 -141.8333
v -92.5 3.724252 -141.8333
v -93 3.724252 -142.1667
v -93.33333 3.724252 -142.1667
v -92.5 3.724252 -141.8333
v -93.33333 3.724252 -142.1667
v -94.16666 3.724252 -142.1667
v -92.5 3.724252 -141.8333
v -94.16666 3.724252 -142.1667
v -95 3.724252 -142.1667
v -97.66666 3.724252 -141.8333
v -92.5 3.724252 -141.8333
v -95 3.724252 -142.1667
v -97 3.724252 -142.1667
v -99.16666 3.724252 -141.6667
v -99.33333 3.724252 -141.8333
v -112.5 3.724252 -141.8333
v -92.5 3.724252 -141.8333
v -97.66666 3.724252 -141.8333
v -97.83333 3.724252 -141.6667
v -97.83333 3.724252 -141.6667
v -85.83333 3.724252 -141.6667
v -91.66666 3.724252 -141.8333
v -92.5 3.724252 -141.8333
v -122.6667 4.307585 -132.5
v -122.3333 4.557585 -132
v -120.8333 4.557585 -131.3333
v -120 4.557585 -131.3333
v -113.6667 3.724252 -141.8333
v -119.3333 4.474252 -130.6667
v -119.5 4.557585 -129.8333
v -118.5 4.557585 -128
v -112.5 3.724252 -141.8333
v -113.6667 3.724252 -141.8333
v -119.3333 4.474252 -130.6667
v -118.5 4.557585 -128
v -85.33333 3.724252 -128
v -99.16666 3.724252 -141.6667
v -85.33333 3.724252 -141.5
v -97.83333 3.724252 -141.6667
v -99.16666 3.724252 -141.6667
v -85.33333 3.724252 -128
v -85.33333 3.724252 -141.5
v -85.83333 3.724252 -141.6667
v -97.83333 3.724252 -141.6667
v -113.6667 3.724252 -141.8333
v -120 4.557585 -131.3333
v -119.3333 4.474252 -130.6667
v -79.83334 2.057585 -170
v -78.83334 2.057585 -170.1667
v -79.16667 2.057585 -170.6667
v -85.33334 2.057585 -170.6667
v -80.83334 2.057585 -161.1667
v -80.83334 2.057585 -162.1667
v -81.33334 2.057585 -162.5
v -80.83334 2.057585 -153.1667
v -79.83334 2.057585 -154
v -80.33334 2.057585 -154.8333
v -81.33334 2.057585 -164
v -80.83334 2.057585 -164.3333
v -81 2.057585 -165.8333
v -81 2.057585 -165.8333
v -80 2.057585 -166.8333
v -80.5 2.057585 -167.8333
v -80.33334 2.057585 -156.1667
v -79 2.057585 -157.3333
v -80 2.057585 -158.5
v -82.33334 2.057585 -150
v -79.83334 2.057585 -150
v -80.83334 2.057585 -152
v -82.83334 2.057585 -150.5
v -80.5 2.057585 -168.8333
v -79.83334 2.057585 -170
v -85.33334 2.057585 -170.6667
v -80 2.057585 -158.5
v -80 2.057585 -159.3333
v -80.83334 2.057585 -161.1667
v -80.83334 2.057585 -153.1667
v -80.33334 2.057585 -154.8333
v -80.33334 2.057585 -156.1667
v -81 2.057585 -165.8333
v -80.5 2.057585 -167.8333
v -80.5 2.057585 -168.8333
v -82.83334 2.057585 -150.5
v -80.83334 2.057585 -152
v -80.83334 2.057585 -153.1667
v -85.33334 2.057585 -150.6667
v -80 2.057585 -158.5
v -80.83334 2.057585 -161.1667
v -81.33334 2.057585 -162.5
v -81.33334 2.057585 -164
v -81 2.057585 -165.8333
v -80.5 2.057585 -168.8333
v -85.33334 2.057585 -170.6667
v -81.33334 2.057585 -162.5
v -81.33334 2.057585 -164
v -85.33334 2.057585 -170.6667
v -80.83334 2.057585 -153.1667
v -80.33334 2.057585 -156.1667
v -80 2.057585 -158.5
v -81.33334 2.057585 -162.5
v -85.33334 2.057585 -170.6667
v -85.33334 2.057585 -150.6667
v -70.66667 2.057585 -170.6667
v -71 2.057585 -167.8333
v -59.83334 2.057585 -167.8333
v -70.66667 2.057585 -170.6667
v -59.83334 2.057585 -167.8333
v -59 2.057585 -167.8333
v -66 2.557585 -134.5
v -66.66667 2.557585 -134.1667
v -67.83334 2.057585 -132.5
v -61.5 2.057585 -167.6667
v -60 2.057585 -167.6667
v -59.83334 2.057585 -167.8333
v -62.83334 2.057585 -167.6667
v -61.5 2.057585 -167.6667
v -59.83334 2.057585 -167.8333
v -62.83334 2.057585 -167.6667
v -59.83334 2.057585 -167.8333
v -71 2.057585 -167.8333
v -71 2.057585 -167.6667
v -59 2.057585 -167.8333
v -56.5 2.057585 -166.6667
v -55.66667 2.057585 -166.6667
v -59 2.057585 -167.8333
v -55.66667 2.057585 -166.6667
v -54 2.057585 -166.6667
v -59 2.057585 -167.8333
v -54 2.057585 -166.6667
v -53.33334 2.057585 -166.6667
v -72.83334 2.057585 -128.1667
v -73.33334 2.307585 -128.1667
v -74.5 2.057585 -128
v -64.66667 2.057585 -167
v -63.83334 2.057585 -167
v -62.83334 2.057585 -167.6667
v -66.16667 2.057585 -167
v -64.66667 2.057585 -167
v -62.83334 2.057585 -167.6667
v -66.16667 2.057585 -167
v -62.83334 2.057585 -167.6667
v -71 2.057585 -167.6667
v -71.16667 2.057585 -167
v -60 2.057585 -167.6667
v -61.5 2.057585 -167.6667
v -60.83334 2.057585 -166.8333
v -72.33334 2.057585 -161
v -72.66667 2.057585 -160.8333
v -72.16667 2.057585 -159.5
v -68 2.057585 -159.8333
v -68.16667 2.057585 -161.1667
v -68.16667 2.057585 -162
v -67.66667 2.057585 -162.5
v -67.83334 2.057585 -164.3333
v -71.33334 2.057585 -164
v -71.33334 2.057585 -164
v -72.33334 2.057585 -162.8333
v -72.33334 2.057585 -161
v -68.16667 2.057585 -161.1667
v -68.16667 2.057585 -162
v -67.5 2.057585 -165.8333
v -66.16667 2.057585 -167
v -71.16667 2.057585 -167
v -72.16667 2.057585 -159.5
v -67.66667 2.057585 -159.5
v -68 2.057585 -159.8333
v -67.5 2.057585 -165.8333
v -71.16667 2.057585 -167
v -71.33334 2.057585 -164
v -67.83334 2.057585 -164.3333
v -63.83334 2.057585 -167
v -64.66667 2.057585 -167
v -64.16667 2.057585 -166.6667
v -54 2.057585 -166.6667
v -55.66667 2.057585 -166.6667
v -55 2.057585 -165.8333
v -51.66667 2.057585 -155.3333
v -52 2.057585 -154.8333
v -51.33334 2.057585 -153.8333
v -49.5 2.057585 -153.8333
v -48.16667 2.057585 -157.5
v -43.33334 2.057585 -155.5
v -42.83334 2.057585 -155.8333
v -43 2.057585 -157.1667
v -44.16667 2.057585 -153.8333
v -43.33334 2.057585 -155
v -43.33334 2.057585 -155.5
v -43.33334 2.057585 -150.8333
v -43.16667 2.057585 -152.1667
v -44 2.057585 -152.6667
v -47.5 2.057585 -160.8333
v -49.16667 2.057585 -159.8333
v -48.16667 2.057585 -159
v -49.16667 2.057585 -151
v -49.66667 2.057585 -150.6667
v -49.5 2.057585 -149
v -44 2.057585 -152.6667
v -73.33334 2.307585 -128.1667
v -74.33334 2.057585 -128.1667
v -74.5 2.057585 -128
v -50.16667 2.057585 -164.8333
v -49.5 2.057585 -163.1667
v -48.16667 2.057585 -163
v -47.5 2.057585 -160.8333
v -48.16667 2.057585 -159
v -48.16667 2.057585 -157.5
v -43 2.057585 -157.1667
v -42.66667 2.057585 -157.5
v -44.16667 2.057585 -153.8333
v -43.33334 2.057585 -155.5
v -43 2.057585 -157.1667
v -48.16667 2.057585 -157.5
v -74.33334 2.057585 -128.1667
v -73.33334 2.307585 -128.1667
v -74.16667 2.640918 -128.3333
v -48.16667 2.057585 -157.5
v -49.5 2.057585 -153.8333
v -49.16667 2.057585 -153.5
v -76.66667 3.890918 -131.5
v -76.66667 3.890918 -131.6667
v -77.16667 3.890918 -131.6667
v -53.33334 2.057585 -166.6667
v -51.16667 2.057585 -165.8333
v -42.66667 2.057585 -170.6667
v -48.16667 2.057585 -157.5
v -49.16667 2.057585 -153.5
v -49 2.057585 -152.1667
v -48.16667 2.057585 -163
v -47.5 2.057585 -162.3333
v -42.66667 2.057585 -170.6667
v -44.16667 2.057585 -153.8333
v -48.16667 2.057585 -157.5
v -49 2.057585 -152.1667
v -49.16667 2.057585 -151
v -44 2.057585 -152.6667
v -42.66667 2.057585 -170.6667
v -70.66667 2.057585 -170.6667
v -59 2.057585 -167.8333
v -53.33334 2.057585 -166.6667
v -76 3.890918 -136.5
v -77.16667 3.724252 -140.1667
v -77.33334 3.724252 -140.3333
v -82.66667 3.724252 -140.3333
v -65 2.057585 -165.5
v -65.33334 2.057585 -165.8333
v -66 2.057585 -165.6667
v -66.5 2.057585 -164.5
v -66.16667 2.057585 -162.6667
v -68.33334 2.057585 -153.1667
v -67.66667 2.057585 -153.3333
v -67.66667 2.057585 -153.6667
v -68.66667 2.057585 -154.3333
v -65.66667 2.057585 -158.1667
v -65.16667 2.057585 -158.1667
v -65 2.057585 -158.6667
v -65.83334 2.057585 -159.6667
v -68.66667 2.057585 -155.8333
v -67.83334 2.057585 -156.6667
v -67.66667 2.057585 -159.5
v -72.16667 2.057585 -159.5
v -72.16667 2.057585 -154.6667
v -71.16667 2.057585 -154
v -69.16667 2.057585 -152.3333
v -68.66667 2.057585 -154.3333
v -68.66667 2.057585 -155.8333
v -71.16667 2.057585 -154
v -71.16667 2.057585 -151.1667
v -69.16667 2.057585 -152.3333
v -68.33334 2.057585 -153.1667
v -68.66667 2.057585 -154.3333
v -66.16667 2.057585 -157.5
v -65.66667 2.057585 -158.1667
v -65.83334 2.057585 -159.6667
v -67.66667 2.057585 -159.5
v -67.83334 2.057585 -156.6667
v -69.16667 2.057585 -151.1667
v -69.16667 2.057585 -152.3333
v -71.16667 2.057585 -151.1667
v -66.16667 2.057585 -148.5
v -67 2.057585 -150.1667
v -68.33334 2.057585 -150.3333
v -72.16667 2.057585 -148.1667
v -72.83334 2.057585 -147.6667
v -72.83334 2.057585 -147.6667
v -65.16667 2.057585 -147.6667
v -66.16667 2.057585 -148.5
v -71.16667 2.057585 -151.1667
v -72.16667 2.057585 -150
v -72.16667 2.057585 -148.1667
v -68.33334 2.057585 -150.3333
v -69.16667 2.057585 -151.1667
v -52.33334 2.057585 -148.1667
v -52.16667 2.057585 -147.6667
v -51.33334 2.057585 -147.8333
v -50.83334 2.057585 -149
v -51.5 2.057585 -149.5
v -50.83334 2.057585 -150.6667
v -51.16667 2.057585 -150.8333
v -51.5 2.057585 -149.5
v -50.83334 2.057585 -149
v -79.83334 2.057585 -148.5
v -77.33334 2.057585 -148.6667
v -78.66667 2.057585 -150
v -79 2.057585 -150
v -79.83334 2.057585 -150
v -82.33334 2.057585 -150
v -81.66667 2.057585 -149
v -80.16667 2.057585 -149
v -79.83334 2.057585 -148.5
v -79 2.057585 -150
v -79.83334 2.057585 -150
v -80.16667 2.057585 -149
v -73.66667 2.057585 -147.6667
v -74.5 2.057585 -148.5
v -74.5 2.057585 -147.8333
v -74 2.057585 -147.6667
v -62.33334 2.057585 -147
v -60.66667 2.057585 -147
v -61.5 2.057585 -148
v -73.66667 2.057585 -147.6667
v -74 2.057585 -147.6667
v -72.33334 2.057585 -147.5
v -72.83334 2.057585 -147.6667
v -73.66667 2.057585 -147.6667
v -72.33334 2.057585 -147.5
v -72 2.057585 -147
v -63.33334 2.057585 -147
v -65.16667 2.057585 -147.6667
v -72.33334 2.057585 -147.5
v -65.16667 2.057585 -147.6667
v -72.83334 2.057585 -147.6667
v -72.33334 2.057585 -147.5
v -58.33334 2.057585 -146
v -60.66667 2.057585 -147
v -62.33334 2.057585 -147
v -58.33334 2.057585 -146
v -62.33334 2.057585 -147
v -63.33334 2.057585 -147
v -72 2.057585 -146
v -58.33334 2.057585 -146
v -63.33334 2.057585 -147
v -72 2.057585 -147
v -57.66667 2.057585 -146
v -56 2.057585 -146
v -56.83334 2.057585 -146.8333
v -53.83334 2.057585 -146.5
v -52.66667 2.057585 -146.5
v -53.5 2.057585 -146.8333
v -75.16667 2.057585 -146.1667
v -75.16667 2.057585 -146.5
v -75.83334 2.057585 -146.5
v -77.5 2.057585 -146.1667
v -77.16667 2.057585 -144.8333
v -75.66667 2.057585 -145.3333
v -52.66667 2.057585 -146.5
v -53.83334 2.057585 -146.5
v -54.66667 2.057585 -146
v -51.16667 2.057585 -146.5
v -52.66667 2.057585 -146.5
v -54.66667 2.057585 -146
v -47.5 2.057585 -162.3333
v -47.5 2.057585 -160.8333
v -42.66667 2.057585 -157.5
v -42.66667 2.057585 -170.6667
v -72.83334 2.057585 -142.1667
v -72.5 2.557585 -141.5
v -71.33334 2.057585 -141.5
v -72.16667 2.057585 -144.5
v -73 2.057585 -143.5
v -73 2.057585 -143.5
v -74.83334 2.057585 -143.3333
v -74.66667 2.057585 -142.1667
v -72.83334 2.057585 -142.1667
v -51.16667 2.057585 -165.8333
v -50.16667 2.057585 -164.8333
v -48.16667 2.057585 -163
v -42.66667 2.057585 -170.6667
v -56 2.057585 -146
v -57.66667 2.057585 -146
v -67.83334 2.057585 -137.5
v -57.66667 2.057585 -146
v -58.33334 2.057585 -146
v -67.83334 2.057585 -137.5
v -71.33334 2.057585 -141
v -71.66667 2.057585 -137.5
v -69.16667 2.057585 -137.5
v -71.33334 2.057585 -141
v -69.16667 2.057585 -137.5
v -68.66667 2.057585 -137.5
v -72 2.057585 -146
v -72.16667 2.057585 -144.5
v -71.33334 2.057585 -141.5
v -67.83334 2.057585 -137.5
v -58.33334 2.057585 -146
v -71.33334 2.057585 -141
v -68.66667 2.057585 -137.5
v -68.33334 2.057585 -137.5
v -71.33334 2.057585 -141
v -68.33334 2.057585 -137.5
v -67.83334 2.057585 -137.5
v -71.33334 2.057585 -141.5
v -43.33334 2.057585 -150.8333
v -44 2.057585 -152.6667
v -49.5 2.057585 -149
v -49.83334 2.057585 -147.8333
v -79.33334 3.724252 -141
v -80 3.724252 -141.8333
v -80.5 3.724252 -141.8333
v -81.83334 3.724252 -141
v -56 2.057585 -146
v -66 2.640918 -135.5
v -66 2.557585 -134.5
v -54.66667 2.057585 -146
v -71.33334 2.057585 -141
v -71.33334 2.057585 -141.5
v -72.5 2.557585 -141.5
v -72.83334 2.724252 -141
v -77.66667 3.724252 -141
v -77.66667 3.724252 -141.3333
v -78 3.724252 -141.3333
v -78.33334 3.724252 -141
v -75.5 3.890918 -141
v -75.5 3.807585 -141.1667
v -75.66667 3.807585 -141.3333
v -75.66667 3.890918 -140.6667
v -75.5 3.890918 -141
v -75 3.724252 -141
v -75.5 3.807585 -141.1667
v -77.33334 3.724252 -140.3333
v -77.66667 3.724252 -141
v -78.33334 3.724252 -141
v -77.33334 3.724252 -140.3333
v -78.33334 3.724252 -141
v -79.33334 3.724252 -141
v -82.66667 3.724252 -140.3333
v -77.33334 3.724252 -140.3333
v -79.33334 3.724252 -141
v -81.83334 3.724252 -141
v -75.5 3.890918 -139.1667
v -75.83334 3.890918 -138.8333
v -75.5 3.890918 -138.6667
v -75.66667 3.890918 -140.6667
v -75.66667 3.890918 -140.5
v -75.5 3.890918 -140.1667
v -75 3.724252 -141
v -75.5 3.890918 -141
v -75 3.724252 -141
v -75.5 3.890918 -139.1667
v -75.5 3.890918 -138.6667
v -72.83334 2.724252 -141
v -76.66667 3.890918 -131.6667
v -76.66667 3.890918 -131.5
v -76 3.724252 -131
v -76.16667 3.890918 -133.3333
v -76 3.890918 -134.3333
v -76.16667 3.890918 -133.3333
v -76 3.724252 -131
v -76 3.890918 -134.3333
v -76.33334 3.890918 -134.1667
v -76.16667 3.890918 -133.3333
v -74.16667 2.640918 -128.3333
v -73.33334 2.307585 -128.1667
v -72.83334 2.057585 -128.1667
v -72.16667 2.057585 -132.5
v -74.5 2.807585 -129.1667
v -75 3.724252 -141
v -75.5 3.890918 -140.1667
v -75.5 3.890918 -139.1667
v -71.66667 2.057585 -137.5
v -71.33334 2.057585 -141
v -72.83334 2.724252 -141
v -75.5 3.890918 -138.6667
v -75.66667 3.890918 -136.6667
v -76 3.724252 -131
v -74.5 2.807585 -129.1667
v -72.16667 2.057585 -132.5
v -71.66667 2.057585 -137.5
v -75.66667 3.890918 -136.6667
v -76 3.890918 -134.3333
v -75.66667 3.890918 -136.6667
v -76 3.890918 -136.5
v -76 3.890918 -134.3333
v -76 3.724252 -131
v -76.33334 3.724252 -129.3333
v -74.5 2.807585 -129.1667
v -76 3.890918 -140.1667
v -75.5 3.890918 -140.1667
v -75.66667 3.890918 -140.5
v -79.83334 3.724252 -130
v -78.5 3.724252 -131.6667
v -76 3.890918 -136.5
v -82.66667 3.724252 -140.3333
v -83.83334 3.724252 -140.3333
v -78.5 3.724252 -131.6667
v -76.33334 3.890918 -134.1667
v -76 3.890918 -136.5
v -67.83334 2.057585 -137.5
v -67.5 2.557585 -136.6667
v -66 2.640918 -135.5
v -56 2.057585 -146
v -75.5 3.890918 -139.1667
v -75.5 3.890918 -140.1667
v -76 3.890918 -140.1667
v -75.83334 3.890918 -138.8333
v -77.16667 3.890918 -131.6667
v -76.16667 3.890918 -133.3333
v -76.33334 3.890918 -134.1667
v -78.5 3.724252 -131.6667
v -75.83334 3.890918 -138.8333
v -76 3.890918 -140.1667
v -77.16667 3.724252 -140.1667
v -76 3.890918 -136.5
v -75.66667 3.890918 -136.6667
v -77.16667 3.890918 -131.6667
v -76.66667 3.890918 -131.6667
v -76.16667 3.890918 -133.3333
v -75.66667 3.890918 -136.6667
v -75.5 3.890918 -138.6667
v -75.83334 3.890918 -138.8333
v -67.83334 2.057585 -132.5
v -68.33334 2.640918 -132.5
v -72.83334 2.057585 -128.1667
v -76.33334 3.890918 -134.1667
v -76 3.890918 -134.3333
v -76 3.890918 -136.5
v -70.16667 2.557585 -136
v -69.16667 2.057585 -137.5
v -71.66667 2.057585 -137.5
v -71 2.057585 -135.6667
v -71 2.057585 -134.3333
v -71 2.057585 -135.6667
v -71.66667 2.057585 -137.5
v -72.16667 2.057585 -132.5
v -72.16667 2.057585 -132.5
v -69.16667 2.057585 -132.5
v -70.16667 2.557585 -134
v -71 2.057585 -134.3333
v -68.33334 2.640918 -132.5
v -68.66667 2.640918 -132.5
v -72.83334 2.057585 -128.1667
v -79.83334 3.724252 -130
v -79 3.724252 -130.3333
v -78.5 3.724252 -131.6667
v -83.83334 3.724252 -140.3333
v -84.5 3.724252 -141.1667
v -85.33334 3.724252 -141.5
v -85.33334 3.724252 -128
v -80.5 3.724252 -128
v -79.83334 3.724252 -130
v -69.16667 2.057585 -132.5
v -72.16667 2.057585 -132.5
v -72.83334 2.057585 -128.1667
v -68.66667 2.640918 -132.5
v -69.16667 2.057585 -132.5
v -72.83334 2.057585 -128.1667
v -42.66667 2.057585 -150.3333
v -43.33334 2.057585 -150.8333
v -49.83334 2.057585 -147.8333
v -51.16667 2.057585 -146.5
v -42.66667 2.057585 -128
v -72.83334 2.057585 -128.1667
v -74.5 2.057585 -128
v -42.66667 2.057585 -128
v -54.66667 2.057585 -146
v -66 2.557585 -134.5
v -67.83334 2.057585 -132.5
v -42.66667 2.057585 -128
v -51.16667 2.057585 -146.5
v -67.83334 2.057585 -132.5
v -72.83334 2.057585 -128.1667
v -42.66667 2.057585 -128
v -3.666668 2.057585 -129.3333
v -18.33333 2.057585 -129.3333
v -17.66667 2.057585 -129
v -27.16667 2.057585 -170.5
v -20 2.057585 -170.5
v -20.16667 2.057585 -170.6667
v -27 2.057585 -170.6667
v 0 2.057585 -170.6667
v -9.833332 2.057585 -165.1667
v -9 2.057585 -164.3333
v -19.5 2.057585 -170.1667
v -20 2.057585 -170.5
v -27.16667 2.057585 -170.5
v -19.5 2.057585 -170.1667
v -27.16667 2.057585 -170.5
v -30.16667 2.057585 -170.5
v -17 2.057585 -128
v -3.666668 2.057585 -128
v -3.666668 2.057585 -129.3333
v -17.66667 2.057585 -129
v -37.33334 2.057585 -128
v -23.16667 2.057585 -128
v -22.83333 2.057585 -128.3333
v -22.83333 2.057585 -128.3333
v -20 2.057585 -128.6667
v -19.5 2.057585 -129.3333
v -38 2.057585 -129.3333
v -37.33334 2.057585 -128
v -12.16667 2.057585 -165.3333
v -11 2.057585 -165.3333
v -18.66667 2.057585 -170.1667
v -19.5 2.057585 -170.1667
v -30.16667 2.057585 -170.5
v -30.5 2.057585 -170.6667
v -42.66667 2.057585 -170.6667
v -13.83333 2.057585 -140.5
v -27 2.057585 -148.3333
v -32.33334 2.057585 -148.5
v -38 2.057585 -129.3333
v -19.5 2.057585 -129.3333
v -33.16667 2.057585 -163.3333
v -13 2.057585 -163.3333
v -13.16667 2.057585 -164.6667
v -6 2.057585 -150.8333
v -6.333332 2.057585 -150.8333
v -5.833332 2.057585 -150.1667
v -5.166668 2.057585 -151.8333
v -6 2.057585 -150.8333
v -5.833332 2.057585 -150.1667
v -5.166668 2.057585 -157
v -5.166668 2.057585 -155.6667
v -4.666668 2.057585 -155.1667
v -4.666668 2.057585 -153.6667
v -5.333332 2.057585 -153.3333
v -5.166668 2.057585 -151.8333
v -9 2.057585 -162.6667
v -8.333332 2.057585 -161.5
v -7.333332 2.057585 -161.1667
v -9 2.057585 -164.3333
v -5.833332 2.057585 -148.8333
v -6.333332 2.057585 -147.8333
v -3.5 2.057585 -147.8333
v -5.166668 2.057585 -151.8333
v -5.833332 2.057585 -150.1667
v -5.833332 2.057585 -148.8333
v -33.16667 2.057585 -163.3333
v -13.16667 2.057585 -164.6667
v -12.16667 2.057585 -165.3333
v -19.5 2.057585 -170.1667
v -30.16667 2.057585 -170.5
v -34 2.057585 -163.3333
v -3.5 2.057585 -147.8333
v -2.5 2.057585 -146.8333
v 0 2.057585 -146.6667
v -4.666668 2.057585 -155.1667
v -4.666668 2.057585 -153.6667
v -5.166668 2.057585 -151.8333
v -5.833332 2.057585 -148.8333
v -3.5 2.057585 -147.8333
v -4.666668 2.057585 -153.6667
v -19.5 2.057585 -129.3333
v -5.5 2.057585 -138.1667
v -8.333332 2.057585 -138.6667
v 0 2.057585 -138.6667
v -0.5 2.057585 -138.3333
v 0 2.057585 -131
v -19.5 2.057585 -129.3333
v -18.33333 2.057585 -129.3333
v -3.5 2.057585 -137.8333
v -2.333332 2.057585 -130.6667
v -2 2.057585 -137.8333
v -3.5 2.057585 -137.8333
v -18.33333 2.057585 -129.3333
v -3.666668 2.057585 -129.3333
v -37.83334 2.057585 -158.6667
v -37 2.057585 -158.6667
v -37 2.307585 -159.3333
v -38.83334 2.057585 -158.1667
v -38.16667 2.057585 -158.1667
v -37.83334 2.057585 -158.6667
v -38.83334 2.057585 -158.1667
v -37.83334 2.057585 -158.6667
v -37 2.307585 -159.3333
v -40.66667 2.057585 -158.1667
v 0 2.057585 -170.6667
v -6.166668 2.057585 -160
v -5.166668 2.057585 -157
v 0 2.057585 -146.6667
v -5.166668 2.057585 -157
v -4.666668 2.057585 -155.1667
v 0 2.057585 -146.6667
v -41.66667 2.057585 -158.1667
v -40.66667 2.057585 -158.1667
v -37 2.307585 -159.3333
v -32 2.307585 -160.1667
v -32.5 2.390918 -159.8333
v -32.16667 2.057585 -159.6667
v -31.83333 2.057585 -159.6667
v -13 2.057585 -163.3333
v -33.16667 2.057585 -163.3333
v -32 2.057585 -162.1667
v -13.66667 2.057585 -161.6667
v -32 2.307585 -160.1667
v -31.83333 2.057585 -159.6667
v -31 2.057585 -159.6667
v -32 2.057585 -161.5
v -32.33334 2.057585 -161.3333
v -32 2.057585 -162.1667
v -32 2.057585 -161.5
v -31 2.057585 -159.6667
v -13.66667 2.057585 -159.6667
v -13.66667 2.057585 -161.6667
v -30.5 2.057585 -158.8333
v -30.5 2.224252 -158
v -30 2.057585 -157.6667
v -30 2.057585 -157.6667
v -29.66667 2.057585 -156
v -29.16667 2.057585 -156
v -30 2.057585 -157.6667
v -29.16667 2.057585 -156
v -28.5 2.057585 -156
v -30.5 2.057585 -158.8333
v -13.66667 2.057585 -156.8333
v -13.16667 2.057585 -157.6667
v -13.66667 2.057585 -159.6667
v -31 2.057585 -159.6667
v -30.5 2.057585 -158.8333
v -28.5 2.057585 -156
v -28.5 2.057585 -156
v -13.66667 2.057585 -156
v -13.66667 2.057585 -156.8333
v -34.5 2.057585 -162.8333
v -34 2.057585 -163.3333
v -30.16667 2.057585 -170.5
v -38.83334 2.057585 -158.1667
v -40.66667 2.057585 -158.1667
v -40 2.057585 -157.5
v -29.16667 2.057585 -156
v -29.66667 2.057585 -156
v -29.83333 2.057585 -155.6667
v -28.5 2.057585 -156
v -28 2.057585 -155.5
v -25.16667 2.057585 -155.5
v -28.5 2.057585 -156
v -25.16667 2.057585 -155.5
v -24.5 2.057585 -155.5
v -24.5 2.057585 -155.5
v -13.5 2.057585 -155.5
v -13.66667 2.057585 -156
v -28.5 2.057585 -156
v -27.83333 2.307585 -154.3333
v -28.66667 2.057585 -153.6667
v -27.33333 2.724252 -153.8333
v -27.83333 2.307585 -154.3333
v -27.33333 2.724252 -153.8333
v -27 2.057585 -154.8333
v -28 2.057585 -155.5
v -25.16667 2.057585 -155.5
v -28 2.057585 -155.5
v -27 2.057585 -154.8333
v -25.83333 2.057585 -155
v -23.5 2.057585 -155.3333
v -23.16667 2.057585 -154.8333
v -22.33333 2.057585 -154.8333
v -21.66667 2.224252 -152.8333
v -22 2.224252 -152.6667
v -22 2.057585 -151.1667
v -14.83333 2.057585 -151.1667
v -14.83333 2.057585 -154
v -22.66667 2.057585 -150.5
v -24.83333 2.057585 -150.5
v -24.83333 2.057585 -149.5
v -14.16667 2.057585 -148.3333
v -14 2.057585 -150.6667
v -14.83333 2.057585 -151.1667
v -22.66667 2.057585 -150.5
v -24.83333 2.057585 -149.5
v -25.83333 2.057585 -148.3333
v -21.66667 2.057585 -154.1667
v -21.66667 2.224252 -152.8333
v -14.83333 2.057585 -154
v -22.33333 2.057585 -154.8333
v -21.66667 2.057585 -154.1667
v -14.83333 2.057585 -154
v -14.83333 2.057585 -154
v -13.5 2.057585 -155.5
v -24.5 2.057585 -155.5
v -23.5 2.057585 -155.3333
v -22 2.057585 -151.1667
v -22.66667 2.057585 -150.5
v -14.83333 2.057585 -151.1667
v -23.5 2.057585 -155.3333
v -22.33333 2.057585 -154.8333
v -14.83333 2.057585 -154
v -35.33334 2.057585 -150.6667
v -35.33334 2.057585 -151.1667
v -36 2.057585 -151.6667
v -36.83334 2.057585 -150.6667
v -36.83334 2.057585 -150.6667
v -37.5 2.057585 -150.8333
v -38 2.057585 -150
v -35.33334 2.057585 -150.6667
v -36.83334 2.057585 -150.6667
v -38 2.057585 -150
v -34 2.057585 -149.6667
v -39.5 2.057585 -149.6667
v -34 2.057585 -149.6667
v -38 2.057585 -150
v -42.66667 2.057585 -157.5
v -41.66667 2.057585 -158.1667
v -42.66667 2.057585 -170.6667
v -28 2.057585 -149.1667
v -28 2.057585 -149.6667
v -29.5 2.057585 -150
v -29.66667 2.057585 -149.1667
v -27.33333 2.057585 -148.5
v -28 2.057585 -149.1667
v -29.66667 2.057585 -149.1667
v -30.5 2.057585 -148.5
v -37 2.307585 -159.3333
v -34.33334 2.390918 -161.6667
v -34.5 2.057585 -162.8333
v -41.66667 2.057585 -158.1667
v -37 2.307585 -159.3333
v -34.5 2.057585 -162.8333
v -30.16667 2.057585 -170.5
v -42.66667 2.057585 -170.6667
v -17 2.057585 -170.6667
v -18.66667 2.057585 -170.1667
v -11 2.057585 -165.3333
v -9.833332 2.057585 -165.1667
v 0 2.057585 -170.6667
v -27 2.057585 -148.3333
v -27.33333 2.057585 -148.5
v -30.5 2.057585 -148.5
v -27 2.057585 -148.3333
v -30.5 2.057585 -148.5
v -32.33334 2.057585 -148.5
v -9 2.057585 -164.3333
v -7.333332 2.057585 -161.1667
v -6.166668 2.057585 -160
v 0 2.057585 -170.6667
v -32.33334 2.057585 -148.5
v -33.16667 2.057585 -149.5
v -34 2.057585 -149.6667
v -39.5 2.057585 -149.6667
v -14.16667 2.057585 -144.6667
v -13.5 2.057585 -145.3333
v -14.16667 2.057585 -148.3333
v -14.5 2.057585 -142.8333
v -14.16667 2.057585 -144.6667
v -14.16667 2.057585 -148.3333
v -25.83333 2.057585 -148.3333
v -0.5 2.057585 -138.3333
v -1.666668 2.057585 -138.3333
v -2 2.057585 -137.8333
v -2.333332 2.057585 -130.6667
v -0.6666679 2.057585 -130.6667
v 0 2.057585 -131
v -14.33333 2.057585 -141.1667
v -14.5 2.057585 -142.8333
v -25.83333 2.057585 -148.3333
v -13.83333 2.057585 -140.5
v -14.33333 2.057585 -141.1667
v -25.83333 2.057585 -148.3333
v -27 2.057585 -148.3333
v -9.5 2.057585 -139.8333
v -9.5 2.057585 -140.1667
v -10 2.057585 -140.3333
v -10.5 2.057585 -139.8333
v -9.5 2.057585 -139.3333
v -9.5 2.057585 -139.8333
v -10.5 2.057585 -139.8333
v -9.5 2.057585 -139.3333
v -10.5 2.057585 -139.8333
v -11.66667 2.057585 -139.8333
v -11.66667 2.057585 -139.8333
v -12.16667 2.057585 -140.5
v -13.83333 2.057585 -140.5
v -7.333332 2.057585 -138.6667
v -6.166668 2.057585 -138.6667
v -6.666668 2.057585 -139.3333
v -5.5 2.057585 -138.1667
v -6.166668 2.057585 -138.6667
v -7.333332 2.057585 -138.6667
v -5.5 2.057585 -138.1667
v -7.333332 2.057585 -138.6667
v -8.333332 2.057585 -138.6667
v -8.333332 2.057585 -138.6667
v -9.5 2.057585 -139.3333
v -11.66667 2.057585 -139.8333
v -3.5 2.057585 -137.8333
v -4.333332 2.057585 -138.1667
v -5.5 2.057585 -138.1667
v -3.5 2.057585 -137.8333
v -3.833332 2.057585 -138.1667
v -4.333332 2.057585 -138.1667
v -19.5 2.057585 -129.3333
v -3.5 2.057585 -137.8333
v -5.5 2.057585 -138.1667
v -8.333332 2.057585 -138.6667
v -11.66667 2.057585 -139.8333
v -13.83333 2.057585 -140.5
v -19.5 2.057585 -129.3333
v -32.33334 2.057585 -148.5
v -39.5 2.057585 -149.6667
v -40.16667 2.057585 -149.6667
v -40.16667 2.057585 -129.3333
v -38 2.057585 -129.3333
v -40.16667 2.057585 -149.6667
v -41.33334 2.057585 -150.5
v -42.66667 2.057585 -150.3333
v -42.66667 2.057585 -128
v -41.83334 2.057585 -129.1667
v -41.83334 2.057585 -129.1667
v -40.16667 2.057585 -129.3333
v -40.16667 2.057585 -149.6667
v 16.33333 2.057585 -164.5
v 16.33333 2.057585 -166
v 15.16667 2.057585 -166
v 2.166667 2.057585 -131.1667
v 1.5 2.057585 -131.1667
v 1.666667 2.057585 -130.8333
v 14.5 2.057585 -168.6667
v 15.5 2.057585 -169.6667
v 15.33333 2.057585 -170.6667
v 0 2.057585 -170.6667
v 16.33333 2.057585 -164.5
v 15.16667 2.057585 -166
v 14.66667 2.057585 -166.5
v 18.16667 2.057585 -158.1667
v 18.33333 2.057585 -161.3333
v 18 2.057585 -161.5
v 18 2.057585 -161.5
v 17.66667 2.057585 -163
v 16.33333 2.057585 -164.5
v 0.5 2.057585 -131.1667
v 1.5 2.057585 -131.1667
v 2.666667 2.057585 -131.8333
v 18 2.057585 -128
v 17.83333 2.057585 -129.3333
v 17.5 2.057585 -131.8333
v 5 2.057585 -131.1667
v 6.166667 2.057585 -128
v 14.66667 2.057585 -166.5
v 14.5 2.057585 -168.6667
v 0 2.057585 -170.6667
v 23.66667 2.057585 -169.3333
v 27.33333 2.057585 -169.3333
v 26.33333 2.057585 -170.6667
v 23.83333 2.057585 -170.6667
v 29 2.057585 -170.1667
v 30.33333 2.057585 -170.1667
v 29.66667 2.057585 -170.6667
v 29 2.057585 -170.6667
v 35.16667 2.057585 -169.8333
v 36.66667 2.057585 -169.8333
v 35.5 2.057585 -170.6667
v 35.16667 2.057585 -170.6667
v 31.83333 2.057585 -156
v 32.16667 2.057585 -154.1667
v 35.83334 2.057585 -151.8333
v 32.16667 2.057585 -154.1667
v 31.66667 2.057585 -153.6667
v 35.83334 2.057585 -151.8333
v 40.5 2.057585 -170.5
v 40.16667 2.057585 -170.5
v 39.5 2.057585 -169.8333
v 9.166667 2.057585 -148
v 32.33334 2.057585 -148
v 26 2.057585 -151.1667
v 31.33333 2.057585 -169.3333
v 31.33333 2.057585 -170.3333
v 30.33333 2.057585 -170.1667
v 30.33333 2.057585 -170.1667
v 29 2.057585 -170.1667
v 28.5 2.057585 -169.3333
v 31.33333 2.057585 -169.3333
v 36.66667 2.057585 -169.8333
v 35.16667 2.057585 -169.8333
v 35.16667 2.057585 -166.6667
v 31.66667 2.057585 -153.6667
v 30.66667 2.057585 -153.6667
v 30 2.057585 -152.8333
v 35.83334 2.057585 -151.8333
v 39.5 2.057585 -169.8333
v 36.66667 2.057585 -169.8333
v 35.16667 2.057585 -166.6667
v 31.33333 2.057585 -169
v 31.33333 2.057585 -169.3333
v 28.5 2.057585 -169.3333
v 31.33333 2.057585 -169
v 28.5 2.057585 -169.3333
v 27.33333 2.057585 -169.3333
v 23.16667 2.057585 -169
v 31.33333 2.057585 -169
v 27.33333 2.057585 -169.3333
v 23.66667 2.057585 -169.3333
v 22.5 2.057585 -169
v 22.16667 2.057585 -169
v 22.16667 2.057585 -167.8333
v 23.16667 2.057585 -169
v 22.5 2.057585 -169
v 22.16667 2.057585 -167.8333
v 22.83333 2.057585 -167.1667
v 23 2.057585 -166.3333
v 31.5 2.057585 -166.5
v 31.16667 2.057585 -166.8333
v 23.16667 2.057585 -169
v 22.83333 2.057585 -167.1667
v 23 2.057585 -166.3333
v 31.16667 2.057585 -166.8333
v 31.33333 2.057585 -169
v 23 2.057585 -166.3333
v 34.33334 2.057585 -166.3333
v 31.5 2.057585 -166.5
v 23.33333 2.057585 -162.6667
v 22.66667 2.057585 -162.3333
v 22.83333 2.057585 -161.3333
v 24 2.057585 -161.3333
v 41.66667 2.057585 -170.5
v 40.5 2.057585 -170.5
v 39.5 2.057585 -169.8333
v 39.5 2.057585 -169.8333
v 35.16667 2.057585 -166.6667
v 34.83334 2.057585 -166.3333
v 24.83333 2.057585 -160.5
v 25 2.057585 -158.8333
v 25.5 2.057585 -158.5
v 27.16667 2.057585 -158.3333
v 23 2.057585 -166.3333
v 22.83333 2.057585 -164.8333
v 23.33333 2.057585 -163.8333
v 23.33333 2.057585 -163.8333
v 23.33333 2.057585 -162.6667
v 24 2.057585 -161.3333
v 24.83333 2.057585 -160.5
v 42.66667 2.057585 -170.6667
v 41.66667 2.057585 -170.5
v 39.5 2.057585 -169.8333
v 34.83334 2.057585 -166.3333
v 34.33334 2.057585 -166.3333
v 30.83333 2.057585 -156.8333
v 31.83333 2.057585 -156
v 27.16667 2.057585 -158.3333
v 27.66667 2.057585 -157.6667
v 30.83333 2.057585 -156.8333
v 23 2.057585 -166.3333
v 23.33333 2.057585 -163.8333
v 24.83333 2.057585 -160.5
v 27.16667 2.057585 -158.3333
v 30.83333 2.057585 -156.8333
v 34.33334 2.057585 -166.3333
v 24 2.057585 -155.1667
v 23.66667 2.057585 -155.1667
v 23.66667 2.057585 -154.8333
v 25 2.057585 -153.8333
v 22.5 2.057585 -153.8333
v 25 2.057585 -153.8333
v 23.66667 2.057585 -154.8333
v 24.83333 2.057585 -152.3333
v 25 2.057585 -153.8333
v 22.5 2.057585 -153.8333
v 24.83333 2.057585 -152.3333
v 22.5 2.057585 -153.8333
v 21.5 2.057585 -153.8333
v 17.5 2.057585 -131.8333
v 3.666667 2.057585 -131.8333
v 5 2.057585 -131.1667
v 28.33333 2.057585 -152.8333
v 28.66667 2.057585 -152.8333
v 28.33333 2.057585 -153.1667
v 28.66667 2.057585 -152.8333
v 28.33333 2.057585 -152.8333
v 28 2.057585 -151.8333
v 30 2.057585 -152.8333
v 28.66667 2.057585 -152.8333
v 28 2.057585 -151.8333
v 35.33334 2.057585 -151.8333
v 42.66667 2.057585 -170.6667
v 42 2.057585 -170.6667
v 41.66667 2.057585 -170.5
v 30 2.057585 -152.8333
v 35.33334 2.057585 -151.8333
v 35.83334 2.057585 -151.8333
v 34.5 2.057585 -151.1667
v 35.33334 2.057585 -151.8333
v 28 2.057585 -151.8333
v 26.83333 2.057585 -151.1667
v 37.16667 2.057585 -147.8333
v 38.83334 2.057585 -146.3333
v 39.66667 2.057585 -146.3333
v 37.16667 2.057585 -147.8333
v 39.66667 2.057585 -146.3333
v 40.66667 2.057585 -146.3333
v 42.66667 2.057585 -170.6667
v 39.5 2.057585 -169.8333
v 34.83334 2.057585 -166.3333
v 18 2.057585 -161.5
v 16.33333 2.057585 -164.5
v 14.66667 2.057585 -166.5
v 32.66667 2.057585 -148.5
v 33.66667 2.057585 -148.5
v 33 2.057585 -149.3333
v 32.33334 2.057585 -148
v 32.66667 2.057585 -148.5
v 33 2.057585 -149.3333
v 33 2.057585 -150.1667
v 26.83333 2.057585 -151.1667
v 26 2.057585 -151.1667
v 17.83333 2.057585 -129.3333
v 18.16667 2.057585 -129.5
v 18.16667 2.057585 -130
v 17.5 2.057585 -131.8333
v 33 2.057585 -150.1667
v 34.5 2.057585 -151.1667
v 26.83333 2.057585 -151.1667
v 8.166667 2.057585 -138.1667
v 7.666667 2.057585 -138.1667
v 3.666667 2.057585 -131.8333
v 17.66667 2.057585 -137.1667
v 18.83333 2.057585 -137.8333
v 1.5 2.057585 -131.1667
v 2.166667 2.057585 -131.1667
v 2.666667 2.057585 -131.8333
v 5.5 2.057585 -147.1667
v 5.833333 2.057585 -147.1667
v 6.833333 2.057585 -148
v 35.83334 2.057585 -151.8333
v 41.66667 2.057585 -145.8333
v 42.33334 2.057585 -145.1667
v 42.66667 2.057585 -170.6667
v 34.83334 2.057585 -166.3333
v 31.83333 2.057585 -156
v 4.333333 2.057585 -147.1667
v 5.5 2.057585 -147.1667
v 6.833333 2.057585 -148
v 3.833333 2.057585 -147.1667
v 4.333333 2.057585 -147.1667
v 6.833333 2.057585 -148
v 36.66667 2.057585 -150.8333
v 40.66667 2.057585 -146.3333
v 41.66667 2.057585 -145.8333
v 35.83334 2.057585 -151.8333
v 9.166667 2.057585 -148
v 10.5 2.057585 -147
v 11 2.057585 -147
v 9.166667 2.057585 -148
v 11 2.057585 -147
v 12.16667 2.057585 -147
v 12.16667 2.057585 -147
v 32.83334 2.057585 -147
v 32.33334 2.057585 -148
v 9.166667 2.057585 -148
v 2.166667 2.057585 -147.1667
v 3.833333 2.057585 -147.1667
v 6.833333 2.057585 -148
v 10.66667 2.057585 -140.5
v 10.33333 2.057585 -140.5
v 10.33333 2.057585 -140.1667
v 35.5 2.057585 -140.1667
v 32.66667 2.057585 -146.1667
v 33.33334 2.057585 -146.8333
v 32.83334 2.057585 -147
v 12.16667 2.057585 -147
v 12.83333 2.057585 -146.1667
v 12.83333 2.057585 -145.3333
v 12.16667 2.057585 -144.6667
v 13 2.057585 -144
v 12.83333 2.057585 -146.1667
v 12.83333 2.057585 -145.3333
v 13 2.057585 -144
v 32.83334 2.057585 -143.8333
v 32.66667 2.057585 -146.1667
v 33.83334 2.057585 -141.5
v 33.66667 2.057585 -143.1667
v 32.83334 2.057585 -143.8333
v 13 2.057585 -144
v 13 2.057585 -143
v 35.5 2.057585 -140.1667
v 33.83334 2.057585 -141.5
v 13 2.057585 -143
v 10.66667 2.057585 -140.5
v 39.66667 2.057585 -146.3333
v 38.83334 2.057585 -146.3333
v 39.16667 2.057585 -146
v 26 2.057585 -151.1667
v 24.83333 2.057585 -152.3333
v 21.5 2.057585 -153.8333
v 9.166667 2.057585 -148
v 19.83333 2.057585 -154.8333
v 19.5 2.057585 -156.5
v 18.16667 2.057585 -158.1667
v 6.833333 2.057585 -148
v 9.166667 2.057585 -148
v 21.5 2.057585 -153.8333
v 21.16667 2.057585 -154.3333
v 19.83333 2.057585 -154.8333
v 9.166667 2.057585 -148
v 37.5 2.057585 -140.1667
v 37.16667 2.057585 -140.8333
v 36.83334 2.057585 -140.8333
v 36.16667 2.057585 -140.1667
v 3.333333 2.057585 -139.5
v 3.166667 2.057585 -140.1667
v 2.333333 2.057585 -139.3333
v 4.333333 2.057585 -138.8333
v 3.333333 2.057585 -139.5
v 2.333333 2.057585 -139.3333
v 0.6666667 2.057585 -138.8333
v 42 2.057585 -138.1667
v 41.83334 2.057585 -138.8333
v 40.66667 2.057585 -139.1667
v 40.66667 2.057585 -139.1667
v 40.16667 2.057585 -139.6667
v 38.83334 2.057585 -139.6667
v 38.83334 2.057585 -139.6667
v 37.5 2.057585 -140.1667
v 36.16667 2.057585 -140.1667
v 38.83334 2.057585 -139.6667
v 36.16667 2.057585 -140.1667
v 35.5 2.057585 -140.1667
v 42 2.057585 -138.1667
v 40.66667 2.057585 -139.1667
v 38.83334 2.057585 -139.6667
v 35.5 2.057585 -140.1667
v 9.833334 2.057585 -138.8333
v 8.166667 2.057585 -138.1667
v 35.5 2.057585 -140.1667
v 10.5 2.057585 -139.5
v 9.833334 2.057585 -138.8333
v 35.5 2.057585 -140.1667
v 10.33333 2.057585 -140.1667
v 10.5 2.057585 -139.5
v 5.666667 2.057585 -138.8333
v 6.666667 2.057585 -138.8333
v 6.166667 2.057585 -139.3333
v 2.166667 2.057585 -147.1667
v 6.833333 2.057585 -148
v 18.16667 2.057585 -158.1667
v 7.666667 2.057585 -138.1667
v 6.666667 2.057585 -138.8333
v 5.666667 2.057585 -138.8333
v 7.666667 2.057585 -138.1667
v 5.666667 2.057585 -138.8333
v 4.333333 2.057585 -138.8333
v 18.16667 2.057585 -158.1667
v 18 2.057585 -161.5
v 14.66667 2.057585 -166.5
v 0 2.057585 -170.6667
v 0 2.057585 -146.6667
v 2.166667 2.057585 -147.1667
v 36.66667 2.057585 -150.8333
v 37.16667 2.057585 -147.8333
v 40.66667 2.057585 -146.3333
v 20.83333 2.057585 -137.8333
v 42.33334 2.057585 -137.8333
v 42 2.057585 -138.1667
v 8.166667 2.057585 -138.1667
v 8.166667 2.057585 -138.1667
v 18.83333 2.057585 -137.8333
v 20.83333 2.057585 -137.8333
v 17.33333 2.057585 -134
v 18 2.057585 -135.5
v 17.66667 2.057585 -136
v 17.33333 2.057585 -134
v 17.66667 2.057585 -136
v 17.66667 2.057585 -137.1667
v 3.666667 2.057585 -131.8333
v 42.33334 2.057585 -145.1667
v 42.33334 2.057585 -144.6667
v 42.66667 2.057585 -144.6667
v 42.66667 2.057585 -170.6667
v 4.333333 2.057585 -138.8333
v 2.666667 2.057585 -131.8333
v 3.666667 2.057585 -131.8333
v 7.666667 2.057585 -138.1667
v 3.666667 2.057585 -131.8333
v 17.5 2.057585 -131.8333
v 17.33333 2.057585 -134
v 22.5 2.057585 -134.5
v 22.83333 2.057585 -134.1667
v 23.66667 2.057585 -134.1667
v 21.83333 2.057585 -137
v 21.83333 2.057585 -135.5
v 26.33333 2.057585 -129.8333
v 26.33333 2.057585 -128.8333
v 27 2.057585 -128
v 42.66667 2.057585 -128
v 21.83333 2.057585 -137
v 23.66667 2.057585 -134.1667
v 25.33333 2.057585 -132.5
v 42.33334 2.057585 -137.8333
v 25.33333 2.057585 -132.5
v 25.5 2.057585 -131.3333
v 26.33333 2.057585 -129.8333
v 42.66667 2.057585 -128
v 42.66667 2.057585 -137.6667
v 42.33334 2.057585 -137.8333
v 42.33334 2.057585 -137.8333
v 20.83333 2.057585 -137.8333
v 21.83333 2.057585 -137
v 20.16667 2.057585 -132.1667
v 21.5 2.057585 -133.1667
v 20.5 2.057585 -133.8333
v 19 2.057585 -134.6667
v 20.16667 2.057585 -132.1667
v 20.5 2.057585 -133.8333
v 20.5 2.057585 -134.3333
v 4.333333 2.057585 -138.8333
v 0.6666667 2.057585 -138.8333
v 0 2.057585 -138.6667
v 0.5 2.057585 -131.1667
v 2.666667 2.057585 -131.8333
v 0 2.057585 -131
v 0.5 2.057585 -131.1667
v 0 2.057585 -138.6667
v 51.16667 2.057585 -161.6667
v 52 2.057585 -161.6667
v 52.16667 2.057585 -162.1667
v 51.83334 2.057585 -162.8333
v 47.16667 2.057585 -168.8333
v 46.83334 2.057585 -169.1667
v 44.16667 2.057585 -170.6667
v 42.66667 2.057585 -170.6667
v 46.83334 2.057585 -170
v 46.16667 2.057585 -170.6667
v 45.66667 2.057585 -170.6667
v 51.16667 2.057585 -161.6667
v 51.83334 2.057585 -162.8333
v 51 2.057585 -163.3333
v 50.83334 2.057585 -161.3333
v 49.66667 2.057585 -159.8333
v 50.5 2.057585 -159.8333
v 50.83334 2.057585 -161.3333
v 46.83334 2.057585 -169.1667
v 46.83334 2.057585 -170
v 45.66667 2.057585 -170.6667
v 44.16667 2.057585 -170.6667
v 61.5 2.057585 -134
v 60.33334 2.057585 -128.6667
v 60.33334 2.057585 -128
v 68.66667 2.057585 -128
v 68.66667 2.057585 -134
v 50 2.057585 -165.6667
v 50.16667 2.057585 -167.5
v 49.16667 2.057585 -167.5
v 48 2.057585 -157.5
v 48.83334 2.057585 -158.3333
v 49.16667 2.057585 -159.3333
v 49.16667 2.057585 -167.5
v 48.33334 2.057585 -168.8333
v 47.16667 2.057585 -168.8333
v 50 2.057585 -165.6667
v 49.16667 2.057585 -159.3333
v 49.66667 2.057585 -159.8333
v 50.83334 2.057585 -161.3333
v 51 2.057585 -163.3333
v 50 2.057585 -165.6667
v 61.5 2.057585 -134
v 61 2.057585 -134
v 60.16667 2.057585 -133
v 60.16667 2.057585 -132.3333
v 58.83334 2.057585 -141.6667
v 58.83334 2.057585 -141.1667
v 59.5 2.057585 -140.5
v 59.83334 2.057585 -142.8333
v 59.5 2.057585 -168
v 59.16667 2.057585 -167.3333
v 60.16667 2.057585 -166.6667
v 58.83334 2.057585 -153
v 58.33334 2.057585 -152.3333
v 59 2.057585 -150.8333
v 59.5 2.057585 -140.5
v 59.33334 2.057585 -139
v 60.33334 2.057585 -138.3333
v 59.83334 2.057585 -142.8333
v 68.66667 2.057585 -170.6667
v 60.16667 2.057585 -166.6667
v 60.5 2.057585 -162.5
v 59.66667 2.057585 -155.6667
v 58.66667 2.057585 -154.6667
v 58.83334 2.057585 -153
v 60.33334 2.057585 -138.3333
v 60.33334 2.057585 -135.3333
v 61 2.057585 -135.3333
v 60.33334 2.057585 -138.3333
v 61 2.057585 -135.3333
v 61.5 2.057585 -135.3333
v 59.33334 2.057585 -170.6667
v 59.5 2.057585 -168
v 60.16667 2.057585 -166.6667
v 68.66667 2.057585 -170.6667
v 59.83334 2.057585 -145.8333
v 60.33334 2.057585 -138.3333
v 68.66667 2.057585 -135.3333
v 68.66667 2.057585 -170.6667
v 60.5 2.057585 -162.5
v 59.66667 2.057585 -155.6667
v 59.66667 2.057585 -155.6667
v 58.83334 2.057585 -153
v 59 2.057585 -150.8333
v 59 2.057585 -150.8333
v 59 2.057585 -146.3333
v 59.83334 2.057585 -145.8333
v 59.66667 2.057585 -155.6667
v 60.5 2.057585 -162.5
v 59.66667 2.057585 -158.1667
v 59.66667 2.057585 -155.6667
v 59.83334 2.057585 -145.8333
v 59.83334 2.057585 -142.8333
v 60.33334 2.057585 -138.3333
v 60.33334 2.057585 -138.3333
v 61.5 2.057585 -135.3333
v 68.66667 2.057585 -135.3333
v 50 2.057585 -156.6667
v 50 2.057585 -157.1667
v 49.66667 2.057585 -157.1667
v 49.16667 2.057585 -156.6667
v 49.66667 2.057585 -155.6667
v 50.33334 2.057585 -156.1667
v 50 2.057585 -156.6667
v 49.16667 2.057585 -156.6667
v 60.16667 2.057585 -132.3333
v 59.66667 2.057585 -132
v 59.5 2.057585 -131.1667
v 50 2.057585 -143.5
v 50.33334 2.057585 -143.5
v 50.16667 2.057585 -144.6667
v 50.16667 2.057585 -153
v 50.16667 2.057585 -154
v 49.66667 2.057585 -154.3333
v 51.33334 2.057585 -148.8333
v 52.16667 2.057585 -149
v 51 2.057585 -150.3333
v 49.66667 2.057585 -155.6667
v 49.16667 2.057585 -156.6667
v 48.33334 2.057585 -156.6667
v 49.66667 2.057585 -154.3333
v 50.16667 2.057585 -144.6667
v 51.33334 2.057585 -145.8333
v 50.83334 2.057585 -146.3333
v 48.66667 2.057585 -143.5
v 50 2.057585 -143.5
v 50.16667 2.057585 -144.6667
v 50.66667 2.057585 -147.6667
v 51.33334 2.057585 -148.8333
v 51 2.057585 -150.3333
v 42.66667 2.057585 -144.6667
v 44.33334 2.057585 -143.5
v 48.66667 2.057585 -143.5
v 51 2.057585 -150.3333
v 51 2.057585 -151.1667
v 50.16667 2.057585 -153
v 50.66667 2.057585 -147.6667
v 50.16667 2.057585 -144.6667
v 50.83334 2.057585 -146.3333
v 50.66667 2.057585 -147.6667
v 48.66667 2.057585 -143.5
v 50.16667 2.057585 -153
v 49.66667 2.057585 -154.3333
v 48.33334 2.057585 -156.6667
v 47.5 2.057585 -143.3333
v 48 2.057585 -143.3333
v 48.66667 2.057585 -143.5
v 46.66667 2.057585 -143.3333
v 47.5 2.057585 -143.3333
v 48.66667 2.057585 -143.5
v 46.66667 2.057585 -143.3333
v 48.66667 2.057585 -143.5
v 44.33334 2.057585 -143.5
v 44.33334 2.057585 -143.3333
v 50.33334 2.057585 -143.5
v 50 2.057585 -143.5
v 50.5 2.057585 -142.8333
v 44.16667 2.057585 -142.5
v 44.5 2.057585 -142.1667
v 45.16667 2.057585 -142.1667
v 46 2.057585 -143.1667
v 44.33334 2.057585 -143.3333
v 46.66667 2.057585 -143.3333
v 44.33334 2.057585 -143.3333
v 46 2.057585 -143.1667
v 49.33334 2.057585 -135.8333
v 47.83334 2.057585 -135.3333
v 51 2.057585 -135.3333
v 49.83334 2.057585 -136.3333
v 49.33334 2.057585 -135.8333
v 51 2.057585 -135.3333
v 50.33334 2.057585 -138.3333
v 49.83334 2.057585 -138.3333
v 49.83334 2.057585 -136.3333
v 51 2.057585 -135.3333
v 50.66667 2.057585 -147.6667
v 50.16667 2.057585 -153
v 48.33334 2.057585 -156.6667
v 50 2.057585 -165.6667
v 47.16667 2.057585 -168.8333
v 42.66667 2.057585 -170.6667
v 42.66667 2.057585 -144.6667
v 48 2.057585 -157.5
v 51.83334 2.057585 -131.8333
v 52.66667 2.057585 -132
v 51.66667 2.057585 -133.3333
v 50.83334 2.057585 -128
v 51.83334 2.057585 -128.8333
v 51.33334 2.057585 -129.5
v 51.66667 2.057585 -133.3333
v 51.5 2.057585 -134.6667
v 51 2.057585 -135.3333
v 47.83334 2.057585 -135.3333
v 51.33334 2.057585 -131.1667
v 51.83334 2.057585 -131.8333
v 51.33334 2.057585 -131.1667
v 47.83334 2.057585 -135.3333
v 47 2.057585 -135.3333
v 42.66667 2.057585 -144.6667
v 48.66667 2.057585 -143.5
v 50.66667 2.057585 -147.6667
v 48.33334 2.057585 -156.6667
v 48 2.057585 -157.5
v 60.66667 2.057585 -135
v 61 2.057585 -135.3333
v 60.33334 2.057585 -135.3333
v 61 2.057585 -134
v 60.66667 2.057585 -135
v 60.33334 2.057585 -135.3333
v 59.33334 2.057585 -134.3333
v 59.5 2.057585 -134
v 68.66667 2.057585 -135.3333
v 61.5 2.057585 -135.3333
v 61.83334 2.057585 -135
v 68.66667 2.057585 -134
v 68.66667 2.057585 -135.3333
v 61.83334 2.057585 -135
v 61.5 2.057585 -134
v 59.5 2.057585 -134
v 59.5 2.057585 -133.3333
v 60.16667 2.057585 -133
v 61 2.057585 -134
v 59.5 2.057585 -131.1667
v 59.5 2.057585 -129.3333
v 60.33334 2.057585 -128.6667
v 61.5 2.057585 -134
v 60.16667 2.057585 -132.3333
v 48 2.057585 -157.5
v 49.16667 2.057585 -159.3333
v 50 2.057585 -165.6667
v 43.5 2.057585 -136.6667
v 43.16667 2.057585 -137.5
v 42.66667 2.057585 -137.6667
v 42.66667 2.057585 -128
v 50.83334 2.057585 -128
v 51.33334 2.057585 -129.5
v 51.33334 2.057585 -131.1667
v 47 2.057585 -135.3333
v 46 2.057585 -136.1667
v 43.5 2.057585 -136.6667
v 42.66667 2.057585 -128
v 50.83334 2.057585 -128
v 51.33334 2.057585 -131.1667
v -180.1667 2.057585 -85.33333
v -170.6667 2.057585 -85.33333
v -170.6667 2.057585 -128
v -180.1667 2.057585 -128
v -143.8333 2.057585 -85.33333
v -143.8333 2.057585 -86
v -144.5 2.057585 -86.66666
v -170.6667 2.057585 -85.33333
v -145 2.057585 -91.16666
v -144.6667 2.057585 -91.83333
v -145.6667 2.057585 -92.5
v -144.5 2.057585 -87.83333
v -143.5 2.057585 -88.66666
v -143.5 2.057585 -89
v -144.8333 2.057585 -90.16666
v -146 2.057585 -119.1667
v -145.3333 2.057585 -124.6667
v -145.3333 2.057585 -128
v -170.6667 2.057585 -128
v -145.3333 2.057585 -113.8333
v -145.1667 2.057585 -115.6667
v -146 2.057585 -116.1667
v -144.8333 2.057585 -90.16666
v -145 2.057585 -91.16666
v -145.6667 2.057585 -92.5
v -170.6667 2.057585 -85.33333
v -144.5 2.057585 -86.66666
v -144.5 2.057585 -87.83333
v -144.6667 2.057585 -98.33333
v -144.3333 2.057585 -98.5
v -145 2.057585 -101
v -145 2.057585 -122
v -144.6667 2.057585 -122.1667
v -145.3333 2.057585 -124.6667
v -146 2.057585 -119.1667
v -145 2.057585 -120.1667
v -145 2.057585 -122
v -145.3333 2.057585 -124.6667
v -145.6667 2.057585 -95.33333
v -144.6667 2.057585 -96.5
v -144.6667 2.057585 -98.33333
v -145 2.057585 -101
v -145.8333 2.057585 -105.5
v -145.8333 2.057585 -108.3333
v -144.6667 2.057585 -109.5
v -144.6667 2.057585 -111.5
v -145.3333 2.057585 -113.8333
v -146 2.057585 -116.1667
v -146 2.057585 -119.1667
v -170.6667 2.057585 -128
v -145 2.057585 -101
v -144.8333 2.057585 -104.6667
v -145.8333 2.057585 -105.5
v -145.6667 2.057585 -92.5
v -145.8333 2.057585 -105.5
v -146 2.057585 -116.1667
v -170.6667 2.057585 -128
v -170.6667 2.057585 -85.33333
v -145.8333 2.057585 -105.5
v -145.8333 2.057585 -108.3333
v -146 2.057585 -116.1667
v -145.6667 2.057585 -92.5
v -145.6667 2.057585 -95.33333
v -145.8333 2.057585 -105.5
v -145.8333 2.057585 -108.3333
v -145.3333 2.057585 -113.8333
v -146 2.057585 -116.1667
v -138.5 3.724252 -128
v -139.3333 3.724252 -127.5
v -139.1667 3.724252 -127.1667
v -137.6667 3.724252 -127.1667
v -138.3333 3.724252 -128
v -128 4.557585 -127.1667
v -128 4.557585 -128
v -136.5 3.724252 -128
v -137 3.724252 -127.1667
v -137.3333 3.724252 -112.5
v -138 3.724252 -112
v -138 3.724252 -111.5
v -135.8333 3.724252 -109
v -137.3333 3.724252 -123.8333
v -137.8333 3.724252 -123.5
v -138 3.724252 -122.6667
v -136 3.724252 -120.5
v -139.1667 3.724252 -127.1667
v -139.1667 3.724252 -126.5
v -138.3333 3.724252 -126
v -137.6667 3.724252 -127.1667
v -137 3.724252 -93
v -138 3.724252 -90.33333
v -137.6667 3.724252 -90
v -136.3333 3.724252 -94.16666
v -136 3.724252 -119.3333
v -136.6667 3.724252 -118.8333
v -136.6667 3.724252 -118
v -137 3.724252 -127.1667
v -137.6667 3.724252 -127.1667
v -138.3333 3.724252 -126
v -137.3333 3.724252 -124.6667
v -137 3.724252 -100.1667
v -137.8333 3.724252 -99.16666
v -135.6667 3.724252 -96.83333
v -138.3333 3.724252 -115.1667
v -138.6667 3.724252 -115
v -137.3333 3.724252 -113.5
v -137.6667 3.724252 -89
v -137.1667 3.724252 -87.33333
v -136.5 3.724252 -86.66666
v -137.6667 3.724252 -90
v -137.1667 3.724252 -117.5
v -137.6667 3.724252 -117.5
v -138.3333 3.724252 -115.1667
v -136.6667 3.724252 -118
v -137.1667 3.724252 -117.5
v -138.3333 3.724252 -115.1667
v -137.3333 3.724252 -113.5
v -137 3.724252 -127.1667
v -137.3333 3.724252 -124.6667
v -137.3333 3.724252 -123.8333
v -136 3.724252 -120.5
v -128 4.557585 -127.1667
v -137.3333 3.724252 -113.5
v -137.3333 3.724252 -112.5
v -135.8333 3.724252 -109
v -136 3.724252 -119.3333
v -136.6667 3.724252 -118
v -137.5 3.724252 -103.3333
v -137.8333 3.724252 -103
v -137 3.724252 -101
v -138.1667 3.724252 -106.3333
v -137.8333 3.724252 -106.3333
v -138.1667 3.724252 -106.6667
v -138.8333 3.724252 -103
v -138.8333 3.724252 -102.6667
v -138.5 3.724252 -102.6667
v -137.8333 3.724252 -103
v -137.6667 3.724252 -90
v -136.5 3.724252 -86.66666
v -136 3.724252 -85.33333
v -128 3.724252 -85.33333
v -135.6667 3.724252 -95.66666
v -136.3333 3.724252 -94.16666
v -138.8333 3.724252 -90.83333
v -138.8333 3.724252 -90.33333
v -138 3.724252 -90.33333
v -137 3.724252 -93
v -137.8333 3.724252 -106.3333
v -138.1667 3.724252 -106.3333
v -138 3.724252 -105
v -136.3333 3.724252 -94.16666
v -136.8333 3.724252 -93.83333
v -137 3.724252 -93
v -137.6667 3.724252 -89
v -138.6667 3.724252 -88.66666
v -138.6667 3.724252 -87.83333
v -137.1667 3.724252 -87.33333
v -135.6667 3.724252 -95.66666
v -136.3333 3.724252 -95.16666
v -136.3333 3.724252 -94.16666
v -137 3.724252 -106.3333
v -137.8333 3.724252 -106.3333
v -138 3.724252 -105
v -137.5 3.724252 -104.6667
v -137.8333 3.724252 -103
v -138.5 3.724252 -102.6667
v -137 3.724252 -101
v -137 3.724252 -101
v -137 3.724252 -100.1667
v -135.6667 3.724252 -96.83333
v -135.8333 3.724252 -108.3333
v -136.6667 3.724252 -107.5
v -136.6667 3.724252 -106.6667
v -136.6667 3.724252 -106.6667
v -137 3.724252 -106.3333
v -137.5 3.724252 -104.6667
v -136.6667 3.724252 -106.6667
v -137.5 3.724252 -104.6667
v -137.5 3.724252 -103.3333
v -137 3.724252 -101
v -135.6667 3.724252 -96.83333
v -135.8333 3.724252 -108.3333
v -135.6667 3.724252 -96.83333
v -135.6667 3.724252 -95.66666
v -128 3.724252 -85.33333
v -135.8333 3.724252 -109
v -135.8333 3.724252 -108.3333
v -135.6667 3.724252 -96.83333
v -128 3.724252 -85.33333
v -128 4.557585 -127.1667
v -128 4.557585 -127.1667
v -136 3.724252 -120.5
v -136 3.724252 -119.3333
v -135.8333 3.724252 -109
v -122.3333 4.224252 -127
v -122.3333 4.140918 -127.6667
v -122.8333 4.140918 -128
v -124.1667 4.140918 -128
v -123.8333 4.474252 -127
v -112 3.890918 -85.83333
v -111.6667 3.890918 -85.83333
v -111.5 3.890918 -86.33333
v -112.1667 3.890918 -86.33333
v -85.33333 3.724252 -128
v -118.5 4.557585 -128
v -118.5 4.557585 -127.1667
v -104.6667 2.057585 -85.33333
v -104.5 2.057585 -85.33333
v -102.5 2.057585 -86.66666
v -118.5 4.557585 -127.1667
v -119.5 4.557585 -125.3333
v -119.5 4.557585 -124.5
v -85.33333 3.724252 -128
v -111.6667 3.890918 -85.83333
v -112 3.890918 -85.83333
v -112 3.724252 -85.33333
v -124.1667 4.557585 -123.3333
v -125.5 4.557585 -123.6667
v -125.8333 4.557585 -123.6667
v -111.5 3.890918 -86.33333
v -110.6667 3.890918 -86.33333
v -110.5 3.890918 -86.83333
v -112.3333 3.724252 -86.83333
v -110.6667 3.890918 -86.33333
v -111.6667 3.890918 -85.83333
v -112 3.724252 -85.33333
v -120.6667 4.557585 -123.6667
v -121 4.557585 -123.6667
v -122.3333 4.557585 -123.3333
v -120.1667 4.307585 -123.6667
v -120.6667 4.557585 -123.6667
v -122.3333 4.557585 -123.3333
v -110.1667 3.890918 -86.66666
v -110.6667 3.890918 -86.33333
v -112 3.724252 -85.33333
v -104.6667 2.057585 -85.33333
v -102.5 2.057585 -86.66666
v -85.66666 3.890918 -109.8333
v -85.66666 3.890918 -109.5
v -85.33333 3.890918 -109.6667
v -85.33333 3.890918 -110
v -112.3333 3.724252 -86.83333
v -112.1667 3.890918 -86.33333
v -111.5 3.890918 -86.33333
v -86 3.890918 -109.8333
v -85.66666 3.890918 -109.8333
v -85.33333 3.890918 -110
v -110.1667 3.890918 -86.66666
v -110.5 3.890918 -86.83333
v -110.6667 3.890918 -86.33333
v -110.6667 3.890918 -86.33333
v -111.5 3.890918 -86.33333
v -111.6667 3.890918 -85.83333
v -85.33333 3.224252 -107.8333
v -85.33333 3.307585 -108
v -86.16666 3.724252 -108.3333
v -86.16666 3.724252 -108.3333
v -85.66666 3.890918 -109.5
v -86 3.890918 -109.5
v -110.5 3.890918 -86.83333
v -109.6667 3.890918 -87.16666
v -112.6667 3.724252 -87.16666
v -112.3333 3.724252 -86.83333
v -86.16666 3.724252 -108.3333
v -89.33333 3.724252 -105.6667
v -88.5 3.890918 -105
v -90.16666 3.724252 -105.6667
v -89.33333 3.724252 -105.6667
v -86.16666 3.724252 -108.3333
v -85.66666 3.890918 -109.5
v -85.66666 3.890918 -109.8333
v -86 3.890918 -109.8333
v -86 3.890918 -109.5
v -85.66666 3.890918 -109.5
v -86.16666 3.724252 -108.3333
v -85.33333 3.307585 -108
v -85.33333 3.890918 -109.6667
v -91.5 3.724252 -105.1667
v -90.66666 3.724252 -105
v -90.16666 3.724252 -105.6667
v -86 3.890918 -109.8333
v -85.33333 3.890918 -110
v -85.33333 3.724252 -128
v -100.3333 2.057585 -87.83333
v -85.5 2.057585 -85.33333
v -85.33333 2.057585 -85.5
v -88 2.057585 -101.5
v -97.5 2.057585 -94.66666
v -91.5 3.724252 -105.1667
v -86 3.890918 -109.8333
v -85.33333 3.724252 -128
v -119.5 4.557585 -124.5
v -120.1667 4.307585 -123.6667
v -91.5 3.724252 -105.1667
v -90.16666 3.724252 -105.6667
v -86 3.890918 -109.8333
v -107.6667 3.890918 -88
v -107.1667 3.890918 -88.33333
v -107.3333 3.890918 -88.66666
v -109.5 3.890918 -87.5
v -108.6667 3.890918 -87.5
v -105.5 3.807585 -89.83333
v -104.5 3.890918 -90
v -104.5 3.890918 -90.33333
v -105.1667 3.724252 -91.16666
v -99.5 3.724252 -97
v -99.16666 3.724252 -97
v -95.5 3.724252 -100.8333
v -105.1667 3.724252 -91.83333
v -104.1667 3.724252 -92.5
v -104.3333 3.724252 -93.16666
v -106.6667 3.890918 -88.66666
v -105.5 3.890918 -89.33333
v -105.5 3.807585 -89.83333
v -104.3333 3.724252 -93.16666
v -102.5 3.724252 -94.66666
v -95.5 3.724252 -100.8333
v -105.5 3.807585 -89.83333
v -105.1667 3.724252 -91.16666
v -105.1667 3.724252 -91.83333
v -107.3333 3.890918 -88.66666
v -106.6667 3.890918 -88.66666
v -86.16666 3.724252 -108.3333
v -86 3.890918 -109.5
v -86 3.890918 -109.8333
v -90.16666 3.724252 -105.6667
v -95.5 3.724252 -100.8333
v -95 3.724252 -101
v -91.5 3.724252 -105.1667
v -112.6667 3.724252 -87.16666
v -109.6667 3.890918 -87.16666
v -109.5 3.890918 -87.5
v -102.5 3.724252 -94.66666
v -101.6667 3.724252 -94.83333
v -99.5 3.724252 -97
v -102.5 3.724252 -94.66666
v -99.5 3.724252 -97
v -95.5 3.724252 -100.8333
v -113.3333 3.724252 -87.16666
v -112.6667 3.724252 -87.16666
v -109.5 3.890918 -87.5
v -114.3333 3.724252 -87.16666
v -113.3333 3.724252 -87.16666
v -109.5 3.890918 -87.5
v -107.3333 3.890918 -88.66666
v -105.1667 3.724252 -91.83333
v -104.3333 3.724252 -93.16666
v -115 3.724252 -87.16666
v -114.3333 3.724252 -87.16666
v -109.5 3.890918 -87.5
v -90.83333 2.057585 -101.5
v -88.5 2.057585 -101.5
v -90.16666 2.057585 -102.5
v -100.6667 2.057585 -89.66666
v -100.8333 2.390918 -88.83333
v -100.3333 2.057585 -87.83333
v -101 2.057585 -91.83333
v -101.8333 2.057585 -91.5
v -100.6667 2.057585 -89.66666
v -101 2.057585 -91.83333
v -100.6667 2.057585 -89.66666
v -100.3333 2.057585 -87.83333
v -97.5 2.057585 -94.66666
v -100.3333 2.057585 -87.83333
v -102.5 2.057585 -86.66666
v -104.5 2.057585 -85.33333
v -85.5 2.057585 -85.33333
v -85.33333 3.224252 -107.8333
v -87.66666 2.807585 -102.3333
v -88 2.057585 -101.5
v -85.33333 2.057585 -85.5
v -88.5 2.057585 -101.5
v -90.83333 2.057585 -101.5
v -97.5 2.057585 -94.66666
v -88 2.057585 -101.5
v -88.5 2.057585 -101.5
v -97.5 2.057585 -94.66666
v -103.6667 3.724252 -90.33333
v -104.5 3.890918 -90.33333
v -104.5 3.890918 -90
v -104.5 3.890918 -90
v -105.5 3.807585 -89.83333
v -105.5 3.890918 -89.33333
v -103.6667 3.724252 -90.33333
v -104.5 3.890918 -90
v -105.5 3.890918 -89.33333
v -101.5 2.557585 -88.66666
v -102.8333 3.724252 -90.83333
v -103.6667 3.724252 -90.33333
v -106.6667 3.890918 -88.66666
v -101.5 2.557585 -88.66666
v -103.6667 3.724252 -90.33333
v -105.5 3.890918 -89.33333
v -106.6667 3.890918 -88.66666
v -107.3333 3.890918 -88.66666
v -107.1667 3.890918 -88.33333
v -108.6667 3.890918 -87.5
v -109.5 3.890918 -87.5
v -109.6667 3.890918 -87.16666
v -100.3333 2.057585 -87.83333
v -100.8333 2.390918 -88.83333
v -101.5 2.557585 -88.66666
v -108.6667 3.890918 -87.5
v -109.6667 3.890918 -87.16666
v -110.1667 3.890918 -86.66666
v -102.5 2.057585 -86.66666
v -100.3333 2.057585 -87.83333
v -101.5 2.557585 -88.66666
v -106.6667 3.890918 -88.66666
v -107.1667 3.890918 -88.33333
v -107.6667 3.890918 -88
v -108.6667 3.890918 -87.5
v -110.1667 3.890918 -86.66666
v -102.5 2.057585 -86.66666
v -107.1667 3.890918 -88.33333
v -107.6667 3.890918 -88
v -102.5 2.057585 -86.66666
v -88.5 3.890918 -105
v -89.16666 3.474252 -103.1667
v -87.66666 2.807585 -102.3333
v -85.33333 3.224252 -107.8333
v -86.16666 3.724252 -108.3333
v -113.3333 3.724252 -87.16666
v -114.3333 3.724252 -87.16666
v -114.1667 3.724252 -86.83333
v -110.5 3.890918 -86.83333
v -110.1667 3.890918 -86.66666
v -109.6667 3.890918 -87.16666
v -124.1667 4.557585 -123.3333
v -125.8333 4.557585 -123.6667
v -126.3333 4.307585 -123.6667
v -123.8333 4.307585 -122.6667
v -104.3333 3.724252 -93.16666
v -123.3333 4.307585 -122.6667
v -123.8333 4.307585 -122.6667
v -120.1667 4.307585 -123.6667
v -122.3333 4.557585 -123.3333
v -123.3333 4.307585 -122.6667
v -104.3333 3.724252 -93.16666
v -95.5 3.724252 -100.8333
v -91.5 3.724252 -105.1667
v -127 4.557585 -124.5
v -127 4.557585 -125.3333
v -128 4.557585 -127.1667
v -128 3.724252 -85.33333
v -128 3.724252 -85.33333
v -119.3333 3.724252 -85.33333
v -115 3.724252 -87.16666
v -104.3333 3.724252 -93.16666
v -123.8333 4.307585 -122.6667
v -126.3333 4.307585 -123.6667
v -128 3.724252 -85.33333
v -126.3333 4.307585 -123.6667
v -127 4.557585 -124.5
v -84.83334 3.807585 -111.6667
v -84.16667 3.890918 -111.5
v -84.16667 3.890918 -112.3333
v -85.16667 3.724252 -113.1667
v -85 3.724252 -114
v -84.33334 3.724252 -114.6667
v -84.66667 3.724252 -115.1667
v -85.33334 3.890918 -110
v -84.66667 3.890918 -110.6667
v -85.16667 3.807585 -111.3333
v -82.66667 3.724252 -120.1667
v -81.33334 3.724252 -124.1667
v -81.33334 3.724252 -125.3333
v -85.33334 3.724252 -128
v -84.66667 3.724252 -116.1667
v -85.16667 3.807585 -111.3333
v -84.83334 3.807585 -111.6667
v -85.16667 3.724252 -113.1667
v -85 3.724252 -114
v -84.66667 3.724252 -115.1667
v -84.66667 3.724252 -116.1667
v -85.16667 3.724252 -113.1667
v -85 3.724252 -114
v -84.66667 3.724252 -116.1667
v -85.33334 3.724252 -128
v -85.33334 3.890918 -110
v -85.16667 3.807585 -111.3333
v -85.16667 3.724252 -113.1667
v -85.33334 3.724252 -128
v -81.33334 3.724252 -125.3333
v -80.5 3.724252 -128
v -85.33334 3.724252 -128
v -80.33334 2.057585 -113.1667
v -80.33334 2.390918 -112.6667
v -79.83334 2.224252 -112.3333
v -80.33334 2.057585 -113.1667
v -79.83334 2.224252 -112.3333
v -79.5 2.057585 -111.8333
v -79.5 2.057585 -119.8333
v -77.33334 2.057585 -106.5
v -75.83334 2.057585 -104.5
v -75.16667 2.057585 -104.1667
v -79.5 2.057585 -111.8333
v -83 2.057585 -106.5
v -78.83334 2.057585 -106.5
v -79.5 2.057585 -111.8333
v -78.83334 2.057585 -106.5
v -77.33334 2.057585 -106.5
v -79.5 2.057585 -119.8333
v -82.16667 2.057585 -114.5
v -81 2.057585 -113.8333
v -79.5 2.057585 -119.8333
v -81 2.057585 -113.8333
v -80.33334 2.057585 -113.1667
v -44.5 2.057585 -117.3333
v -43.33334 2.057585 -120.6667
v -42.66667 2.057585 -123.8333
v -42.66667 2.057585 -128
v -50.5 2.057585 -107.8333
v -47.83334 2.057585 -110.6667
v -46.33334 2.057585 -113.1667
v -44.5 2.057585 -117.3333
v -50.5 2.057585 -107.8333
v -44.5 2.057585 -117.3333
v -42.66667 2.057585 -128
v -74.5 2.057585 -128
v -75.16667 2.057585 -104.1667
v -75.16667 2.057585 -103.6667
v -76.33334 2.057585 -128
v -76.83334 2.057585 -128
v -79.5 2.057585 -119.8333
v -79.5 2.057585 -111.8333
v -77.33334 2.057585 -106.5
v -75.16667 2.057585 -104.1667
v -74.5 2.057585 -128
v -76.33334 2.057585 -128
v -79.5 2.057585 -119.8333
v -75.16667 2.057585 -103.6667
v -48.16667 2.057585 -103.6667
v -50.66667 2.057585 -106.5
v -75.16667 2.057585 -103.6667
v -50.66667 2.057585 -106.5
v -50.5 2.057585 -107.8333
v -83.5 3.724252 -112.3333
v -81.16667 2.807585 -112.3333
v -82.83334 3.724252 -113.5
v -80.66667 2.557585 -112.3333
v -79.83334 2.224252 -112.3333
v -80.33334 2.390918 -112.6667
v -84.16667 3.890918 -111.5
v -84.83334 3.807585 -111.6667
v -85.16667 3.807585 -111.3333
v -84.66667 3.890918 -110.6667
v -81.16667 2.807585 -112.3333
v -83.5 3.724252 -112.3333
v -84.66667 3.890918 -110.6667
v -85.33334 3.307585 -108
v -83 2.057585 -106.5
v -79.5 2.057585 -111.8333
v -83.5 3.724252 -112.3333
v -84.16667 3.890918 -112.3333
v -84.16667 3.890918 -111.5
v -84.66667 3.890918 -110.6667
v -85.33334 3.890918 -110
v -85.33334 3.890918 -109.6667
v -79.5 2.057585 -111.8333
v -79.83334 2.224252 -112.3333
v -80.66667 2.557585 -112.3333
v -79.5 2.057585 -111.8333
v -80.66667 2.557585 -112.3333
v -81.16667 2.807585 -112.3333
v -83.5 3.724252 -112.3333
v -84.16667 3.890918 -111.5
v -84.66667 3.890918 -110.6667
v -84.66667 3.890918 -110.6667
v -85.33334 3.890918 -109.6667
v -85.33334 3.307585 -108
v -85.33334 3.307585 -108
v -85.33334 3.224252 -107.8333
v -83 2.057585 -106.5
v -45.83334 2.057585 -86
v -57 2.057585 -86.33333
v -57.83334 2.057585 -86.33333
v -45.83334 2.057585 -86
v -46.16667 2.057585 -86.33333
v -57 2.057585 -86.33333
v -44 2.057585 -85.33333
v -44.5 2.057585 -85.83333
v -45.83334 2.057585 -86
v -57.83334 2.057585 -86.33333
v -78.66667 2.057585 -86.33333
v -79.5 2.057585 -85.33333
v -78.66667 2.057585 -86.33333
v -57.83334 2.057585 -86.33333
v -61.83334 2.057585 -86.5
v -78.66667 2.057585 -86.5
v -65.83334 2.057585 -97.83333
v -63.83334 2.057585 -98
v -77.33334 2.057585 -100.6667
v -81 2.057585 -104.3333
v -80.33334 2.057585 -104.6667
v -78.83334 2.057585 -106.5
v -83 2.057585 -106.5
v -77.5 2.057585 -95.33333
v -66.16667 2.057585 -96.83333
v -65.83334 2.057585 -97.83333
v -77.33334 2.057585 -100.6667
v -78.83334 2.057585 -100.6667
v -78.5 2.057585 -95.33333
v -57.83334 2.057585 -86.33333
v -58 2.057585 -86.5
v -61.16667 2.057585 -86.5
v -57.83334 2.057585 -86.33333
v -61.16667 2.057585 -86.5
v -61.83334 2.057585 -86.5
v -48.16667 2.057585 -103.6667
v -75.16667 2.057585 -103.6667
v -75.16667 2.057585 -102.8333
v -58.83334 2.057585 -86.83333
v -60.5 2.057585 -86.83333
v -61.16667 2.057585 -86.5
v -58 2.057585 -86.5
v -46.66667 2.057585 -103.8333
v -47.5 2.057585 -103.6667
v -56.66667 2.057585 -96
v -45.16667 2.057585 -90.66666
v -61.16667 2.057585 -98
v -60 2.057585 -98
v -77.33334 2.057585 -100.6667
v -77.33334 2.057585 -100.6667
v -63.83334 2.057585 -98
v -62.83334 2.057585 -98
v -77.33334 2.057585 -100.6667
v -62.83334 2.057585 -98
v -61.16667 2.057585 -98
v -58 2.057585 -86.5
v -58.16667 2.057585 -87
v -58.83334 2.057585 -86.83333
v -65.16667 2.057585 -97.83333
v -64 2.057585 -97.83333
v -63.83334 2.057585 -98
v -65.83334 2.057585 -97.83333
v -65.16667 2.057585 -97.83333
v -63.83334 2.057585 -98
v -75.16667 2.057585 -102.8333
v -77 2.057585 -101.3333
v -77.33334 2.057585 -100.6667
v -61.16667 2.057585 -98
v -62.83334 2.057585 -98
v -62.33334 2.057585 -97.5
v -60 2.057585 -98
v -59.33334 2.057585 -97.16666
v -58.83334 2.057585 -97.16666
v -60 2.057585 -98
v -58.83334 2.057585 -97.16666
v -57.66667 2.057585 -97.16666
v -78.66667 2.057585 -86.5
v -61.83334 2.057585 -86.5
v -64.33334 2.057585 -87.16666
v -78.16667 2.057585 -87.16666
v -65.33334 2.057585 -95.33333
v -65 2.057585 -95.66666
v -65.16667 2.057585 -96.5
v -66.16667 2.057585 -96.83333
v -77.5 2.057585 -95.33333
v -75.16667 2.057585 -102.8333
v -77.33334 2.057585 -100.6667
v -60 2.057585 -98
v -48.16667 2.057585 -103.6667
v -81 2.057585 -102.8333
v -81 2.057585 -104.3333
v -83 2.057585 -106.5
v -64 2.057585 -97.83333
v -65.16667 2.057585 -97.83333
v -64.83334 2.057585 -97.33333
v -58.83334 2.057585 -97.16666
v -59.33334 2.057585 -97.16666
v -59.33334 2.057585 -96.66666
v -56.33334 2.057585 -94.16666
v -56.5 2.057585 -92.5
v -56.16667 2.057585 -92.33333
v -45.16667 2.057585 -90.66666
v -56.66667 2.057585 -96
v -56.83334 2.057585 -95
v -56.33334 2.057585 -94.16666
v -45.16667 2.057585 -90.66666
v -78.83334 2.057585 -100.6667
v -80.33334 2.057585 -102.5
v -81 2.057585 -102.8333
v -78.5 2.057585 -95.33333
v -56.16667 2.057585 -92.33333
v -56.16667 2.057585 -91.33333
v -45.16667 2.057585 -90.66666
v -56.16667 2.057585 -91.33333
v -56.5 2.057585 -90.66666
v -45.16667 2.057585 -90.66666
v -81.33334 2.057585 -90.66666
v -80.66667 2.057585 -91.16666
v -80.66667 2.057585 -92.33333
v -82.83334 2.057585 -88.16666
v -81.33334 2.057585 -90.66666
v -80.66667 2.057585 -92.33333
v -42.66667 2.057585 -111.1667
v -43 2.057585 -110
v -42.66667 2.057585 -90.83333
v -48.16667 2.057585 -103.6667
v -57.66667 2.057585 -97.16666
v -56.66667 2.057585 -96
v -47.5 2.057585 -103.6667
v -48.16667 2.057585 -103.6667
v -60 2.057585 -98
v -57.66667 2.057585 -97.16666
v -66 2.057585 -91.5
v -65.5 2.057585 -92.16666
v -66.33334 2.057585 -92.83333
v -65.33334 2.057585 -88.16666
v -65.16667 2.057585 -89.16666
v -66 2.057585 -90.16666
v -74.33334 2.057585 -92.5
v -75.33334 2.057585 -90.66666
v -66 2.057585 -90.16666
v -66 2.057585 -91.5
v -66.33334 2.057585 -92.83333
v -74.33334 2.057585 -92.5
v -75.33334 2.057585 -90.66666
v -76.5 2.057585 -89.83333
v -78.16667 2.057585 -87.16666
v -64.33334 2.057585 -87.16666
v -65.33334 2.057585 -88.16666
v -65.33334 2.057585 -95.33333
v -77.5 2.057585 -95.33333
v -74.83334 2.057585 -94.5
v -66.33334 2.057585 -93.5
v -66.33334 2.057585 -93.5
v -74.5 2.057585 -94.16666
v -74.33334 2.057585 -92.5
v -66.33334 2.057585 -92.83333
v -66.33334 2.057585 -93.5
v -74.83334 2.057585 -94.5
v -74.5 2.057585 -94.16666
v -56.83334 2.057585 -89.5
v -57.16667 2.057585 -89.33333
v -56.83334 2.057585 -89
v -56.83334 2.057585 -89
v -57.16667 2.057585 -87.66666
v -56.66667 2.057585 -87.33333
v -56.5 2.057585 -90.66666
v -56.83334 2.057585 -89.5
v -56.83334 2.057585 -89
v -56.66667 2.057585 -87.33333
v -46.66667 2.057585 -88.33333
v -46.66667 2.057585 -89.16666
v -46.16667 2.057585 -86.33333
v -46.16667 2.057585 -87.66666
v -46.66667 2.057585 -88.33333
v -56.66667 2.057585 -87.33333
v -57 2.057585 -86.33333
v -46.66667 2.057585 -89.16666
v -45.16667 2.057585 -90.66666
v -56.5 2.057585 -90.66666
v -63.33334 2.057585 -87.16666
v -62.33334 2.057585 -87.16666
v -62.83334 2.057585 -87.66666
v -60.5 2.057585 -86.83333
v -58.83334 2.057585 -86.83333
v -60 2.057585 -87.5
v -61.83334 2.057585 -86.5
v -62.33334 2.057585 -87.16666
v -63.33334 2.057585 -87.16666
v -61.83334 2.057585 -86.5
v -63.33334 2.057585 -87.16666
v -64.33334 2.057585 -87.16666
v -45.16667 2.057585 -90.66666
v -43.5 2.057585 -90.5
v -42.66667 2.057585 -90.83333
v -44.83334 2.057585 -106.1667
v -46.66667 2.057585 -103.8333
v -43 2.057585 -110
v -44.83334 2.057585 -107.3333
v -44.83334 2.057585 -106.1667
v -42.66667 2.057585 -90.83333
v -82.83334 2.057585 -88.16666
v -80.66667 2.057585 -92.33333
v -80.16667 2.057585 -93.33333
v -85.33334 2.057585 -85.5
v -81 2.057585 -102.8333
v -83 2.057585 -106.5
v -85.33334 3.224252 -107.8333
v -85.33334 2.057585 -85.5
v -80.16667 2.057585 -93.33333
v -79.5 2.057585 -94.5
v -79.5 2.057585 -94.5
v -78.5 2.057585 -95.33333
v -81 2.057585 -102.8333
v -25 2.057585 -124.8333
v -24.33333 2.057585 -124.8333
v -24.5 2.057585 -126
v -24 2.057585 -126.5
v -23.33333 2.057585 -126.5
v -23.16667 2.057585 -128
v -24.5 2.057585 -126
v -24 2.057585 -126.5
v -23.16667 2.057585 -128
v -27.33333 2.057585 -124.8333
v -25 2.057585 -124.8333
v -24.5 2.057585 -126
v -27.66667 2.057585 -124.8333
v -27.33333 2.057585 -124.8333
v -24.5 2.057585 -126
v -29 2.057585 -124.8333
v -27.66667 2.057585 -124.8333
v -24.5 2.057585 -126
v -23.16667 2.057585 -128
v -37.33334 2.057585 -128
v -37.5 2.057585 -125.1667
v -37.5 2.057585 -125.1667
v -37.83334 2.057585 -124.8333
v -29 2.057585 -124.8333
v -17 2.057585 -128
v -16.83333 2.057585 -127.1667
v -14.83333 2.057585 -127.1667
v -17 2.057585 -128
v -14.83333 2.057585 -127.1667
v -14 2.057585 -127.1667
v -14 2.057585 -127.1667
v -3.166668 2.057585 -127.1667
v -3.666668 2.057585 -128
v -17 2.057585 -128
v -14.83333 2.057585 -127.1667
v -16.83333 2.057585 -127.1667
v -15.66667 2.057585 -126.3333
v -13.33333 2.057585 -125.3333
v -14.33333 2.057585 -124.5
v -13.5 2.057585 -123.6667
v -13.5 2.057585 -122.6667
v -14.33333 2.057585 -122
v -14.33333 2.057585 -120.8333
v -3.166668 2.057585 -126.3333
v -41.66667 2.057585 -85.33333
v -39.83334 2.057585 -85.33333
v -41.16667 2.057585 -85.83333
v -13.33333 2.057585 -125.3333
v -13.5 2.057585 -123.6667
v -13.5 2.057585 -122.6667
v -3.166668 2.057585 -126.3333
v -40.5 2.057585 -86.5
v -41.16667 2.057585 -86.5
v -41.16667 2.057585 -85.83333
v -39.83334 2.057585 -85.33333
v -3.166668 2.057585 -126.3333
v -13.33333 2.057585 -126.5
v -13.33333 2.057585 -125.3333
v -11.5 2.057585 -85.33333
v -6 2.057585 -86.83333
v -9.833332 2.057585 -91.33333
v -23.33333 2.057585 -91.33333
v -3.166668 2.057585 -127.1667
v -14 2.057585 -127.1667
v -13.33333 2.057585 -126.5
v -3.166668 2.057585 -126.3333
v -29 2.057585 -121
v -29 2.057585 -121.8333
v -30 2.057585 -122.5
v -37.83334 2.057585 -124.8333
v -38.16667 2.057585 -124.6667
v -39 2.057585 -120.1667
v -39 2.057585 -120.1667
v -28.16667 2.057585 -120.1667
v -29 2.057585 -121
v -30 2.057585 -123.6667
v -29 2.057585 -124.8333
v -37.83334 2.057585 -124.8333
v -30 2.057585 -122.5
v -30 2.057585 -123.6667
v -37.83334 2.057585 -124.8333
v -24.33333 2.057585 -124.8333
v -25 2.057585 -124.8333
v -24.16667 2.057585 -124.6667
v -21.66667 2.057585 -121.1667
v -22.33333 2.057585 -121.5
v -22.16667 2.057585 -120.1667
v -21.5 2.057585 -120.5
v -22.5 2.057585 -119.8333
v -20.66667 2.057585 -119.8333
v -21.5 2.057585 -120.5
v -22.16667 2.057585 -120.1667
v -25.5 2.057585 -120.1667
v -25.83333 2.057585 -121
v -26.16667 2.057585 -121
v -27 2.057585 -120.1667
v -18.5 2.057585 -120
v -18.83333 2.057585 -120.5
v -19.5 2.057585 -120.5
v -20 2.057585 -120
v -17 2.057585 -120
v -16 2.057585 -120
v -16.83333 2.057585 -120.3333
v -24.66667 2.057585 -119.6667
v -25.5 2.057585 -120.1667
v -27 2.057585 -120.1667
v -24.66667 2.057585 -119.6667
v -27 2.057585 -120.1667
v -28.16667 2.057585 -120.1667
v -39 2.057585 -119.6667
v -24.66667 2.057585 -119.6667
v -28.16667 2.057585 -120.1667
v -39 2.057585 -120.1667
v -18.5 2.057585 -120
v -20 2.057585 -120
v -20.16667 2.057585 -119.8333
v -17 2.057585 -120
v -18.5 2.057585 -120
v -20.16667 2.057585 -119.8333
v -16 2.057585 -120
v -17 2.057585 -120
v -20.16667 2.057585 -119.8333
v -15.33333 2.057585 -120
v -16 2.057585 -120
v -20.16667 2.057585 -119.8333
v -6 2.057585 -86.83333
v -8.5 2.057585 -91.33333
v -9.833332 2.057585 -91.33333
v -20.66667 2.057585 -119.8333
v -22.5 2.057585 -119.8333
v -23.83333 2.057585 -119.6667
v -20.16667 2.057585 -119.8333
v -20.66667 2.057585 -119.8333
v -23.83333 2.057585 -119.6667
v -24 2.057585 -91.33333
v -39 2.057585 -91.33333
v -37.83334 2.057585 -90.66666
v -41.33334 2.057585 -113.3333
v -42.66667 2.057585 -111.1667
v -35.5 2.057585 -107.1667
v -32.83334 2.057585 -108.1667
v -40 2.057585 -116.8333
v -17 2.057585 -116.8333
v -24.66667 2.057585 -119.6667
v -39 2.057585 -119.6667
v -14.16667 2.057585 -116.8333
v -13.33333 2.057585 -116.8333
v -23.83333 2.057585 -119.6667
v -16.33333 2.057585 -116.8333
v -14.16667 2.057585 -116.8333
v -23.83333 2.057585 -119.6667
v -17 2.057585 -116.8333
v -16.33333 2.057585 -116.8333
v -23.83333 2.057585 -119.6667
v -24.66667 2.057585 -119.6667
v -18.5 2.057585 -116.6667
v -17.33333 2.057585 -116.6667
v -17 2.057585 -116.8333
v -19.16667 2.057585 -116.6667
v -18.5 2.057585 -116.6667
v -17 2.057585 -116.8333
v -19.16667 2.057585 -116.6667
v -17 2.057585 -116.8333
v -40 2.057585 -116.8333
v -40 2.057585 -116.6667
v -14.16667 2.057585 -116.8333
v -16.33333 2.057585 -116.8333
v -15.66667 2.057585 -116.3333
v -13.33333 2.057585 -116.8333
v -12.66667 2.057585 -116
v -12 2.057585 -116
v -13.33333 2.057585 -116.8333
v -12 2.057585 -116
v -11 2.057585 -116
v -20.16667 2.057585 -119.8333
v -23.83333 2.057585 -119.6667
v -13.33333 2.057585 -116.8333
v -15.33333 2.057585 -120
v -18.5 2.057585 -114.8333
v -18.5 2.057585 -115.3333
v -19.5 2.057585 -115.6667
v -25.33333 2.057585 -108.3333
v -23.66667 2.057585 -108.3333
v -19.5 2.057585 -112.5
v -19.33333 2.057585 -110.1667
v -18.66667 2.057585 -110.8333
v -19.5 2.057585 -111.5
v -23.66667 2.057585 -108.3333
v -19.5 2.057585 -112.5
v -18.16667 2.057585 -114.6667
v -18.5 2.057585 -114.8333
v -23.66667 2.057585 -108.3333
v -19.5 2.057585 -111.5
v -19.5 2.057585 -112.5
v -23.66667 2.057585 -108.3333
v -19 2.057585 -108.3333
v -19.33333 2.057585 -110.1667
v -9.666668 2.057585 -113.1667
v -1 2.057585 -108.8333
v 0 2.057585 -108.8333
v 0 2.057585 -125.3333
v -0.6666679 2.057585 -125.3333
v -10 2.057585 -114.8333
v -9.666668 2.057585 -113.1667
v -2.333332 2.057585 -107.8333
v -1 2.057585 -108.8333
v -17.33333 2.057585 -116.6667
v -18.5 2.057585 -116.6667
v -18.16667 2.057585 -116
v -12 2.057585 -116
v -12.66667 2.057585 -116
v -12.5 2.057585 -115.6667
v -14.33333 2.057585 -120.8333
v -15.33333 2.057585 -120
v -13.33333 2.057585 -116.8333
v -9.666668 2.057585 -113.1667
v -9.833332 2.057585 -111.3333
v -9.333332 2.057585 -111
v -2.333332 2.057585 -107.8333
v -9.333332 2.057585 -110.3333
v -10.5 2.057585 -108.1667
v -10.16667 2.057585 -107.8333
v -9.333332 2.057585 -110.3333
v -10.16667 2.057585 -107.8333
v -10.16667 2.057585 -106.8333
v -3.166668 2.057585 -105.6667
v -2.333332 2.057585 -107.8333
v -10.16667 2.057585 -106.8333
v -11.5 2.057585 -105.6667
v -3.166668 2.057585 -105.6667
v -37.83334 2.057585 -90.66666
v -37 2.057585 -88.33333
v -35.5 2.057585 -85.33333
v -11.5 2.057585 -85.33333
v -23.33333 2.057585 -91.33333
v -24 2.057585 -91.33333
v -9.333332 2.057585 -111
v -9.333332 2.057585 -110.3333
v -2.333332 2.057585 -107.8333
v -37 2.057585 -88.33333
v -36.83334 2.057585 -86.66666
v -35.5 2.057585 -85.33333
v -32.16667 2.057585 -108.1667
v -25.5 2.057585 -108.1667
v -25.33333 2.057585 -108.3333
v -32.83334 2.057585 -108.1667
v -32.16667 2.057585 -108.1667
v -25.33333 2.057585 -108.3333
v -2.666668 2.057585 -125.8333
v -3.166668 2.057585 -126.3333
v -14.33333 2.057585 -120.8333
v -18.66667 2.057585 -107
v -18.5 2.057585 -108
v -19 2.057585 -108.3333
v -21.83333 2.057585 -107
v -21 2.057585 -106
v -23.66667 2.057585 -108.3333
v -23.16667 2.057585 -107.5
v -21.83333 2.057585 -107
v -19 2.057585 -108.3333
v -21 2.057585 -106
v -17.66667 2.057585 -106
v -18.66667 2.057585 -107
v -33.33334 2.057585 -100
v -33.33334 2.057585 -100.5
v -33.83334 2.057585 -100.8333
v -33.83334 2.057585 -100.8333
v -34.83334 2.057585 -103
v -35.66667 2.057585 -103.3333
v -25.66667 2.057585 -92.16666
v -26.33333 2.057585 -93.33333
v -28.33333 2.057585 -94.5
v -39 2.057585 -91.33333
v -14.33333 2.057585 -120.8333
v -13.33333 2.057585 -116.8333
v -11 2.057585 -116
v -0.6666679 2.057585 -125.3333
v -1.333332 2.057585 -125.8333
v -2.666668 2.057585 -125.8333
v -14.33333 2.057585 -120.8333
v -11 2.057585 -116
v -10 2.057585 -114.8333
v -10 2.057585 -114.8333
v -10.16667 2.057585 -113.8333
v -9.666668 2.057585 -113.1667
v -37.83334 2.057585 -90.66666
v -37.5 2.057585 -89
v -37 2.057585 -88.33333
v -42.66667 2.057585 -111.1667
v -35.66667 2.057585 -103.3333
v -36.33334 2.057585 -105.1667
v -28.33333 2.057585 -94.5
v -31 2.057585 -97
v -39 2.057585 -91.33333
v -39 2.057585 -91.33333
v -24 2.057585 -91.33333
v -25.66667 2.057585 -92.16666
v -33.33334 2.057585 -100
v -40.16667 2.057585 -91.33333
v -39 2.057585 -91.33333
v -31 2.057585 -97
v -26.16667 2.057585 -98.66666
v -25.33333 2.057585 -98.66666
v -25.66667 2.057585 -99.33333
v -26.66667 2.057585 -99.66666
v -29.66667 2.057585 -102.5
v -29.33333 2.057585 -102.6667
v -29.33333 2.057585 -104.3333
v -31 2.057585 -105
v -28.16667 2.057585 -100.5
v -26.16667 2.057585 -98.66666
v -26.66667 2.057585 -99.66666
v -28 2.057585 -100.8333
v -29.33333 2.057585 -104.3333
v -28.66667 2.057585 -104.6667
v -28 2.057585 -106.1667
v -31 2.057585 -105
v -27 2.057585 -107.1667
v -25.83333 2.057585 -107.5
v -25.5 2.057585 -108.1667
v -32.16667 2.057585 -108.1667
v -31.33333 2.057585 -107.1667
v -29.66667 2.057585 -102.5
v -28.16667 2.057585 -100.5
v -28 2.057585 -100.8333
v -28.66667 2.057585 -102.3333
v -29.33333 2.057585 -102.6667
v -31.33333 2.057585 -107.1667
v -31 2.057585 -105
v -28 2.057585 -106.1667
v -27 2.057585 -107.1667
v -16.5 2.057585 -106
v -15.66667 2.057585 -106
v -16.16667 2.057585 -106.5
v -13.66667 2.057585 -105.6667
v -12.33333 2.057585 -105.6667
v -13.33333 2.057585 -106.1667
v -15.16667 2.057585 -105.3333
v -15.66667 2.057585 -106
v -16.5 2.057585 -106
v -15.16667 2.057585 -105.3333
v -16.5 2.057585 -106
v -17.66667 2.057585 -106
v -20.66667 2.057585 -105.3333
v -15.16667 2.057585 -105.3333
v -17.66667 2.057585 -106
v -21 2.057585 -106
v -12.33333 2.057585 -105.6667
v -13.66667 2.057585 -105.6667
v -14.33333 2.057585 -105.3333
v -11.5 2.057585 -105.6667
v -12.33333 2.057585 -105.6667
v -14.33333 2.057585 -105.3333
v -3.166668 2.057585 -105.3333
v -3.166668 2.057585 -105.6667
v -11.5 2.057585 -105.6667
v -14.33333 2.057585 -105.3333
v -4.833332 2.057585 -104.1667
v -3.333332 2.057585 -104.1667
v -3.166668 2.057585 -105.3333
v -5.333332 2.057585 -104.1667
v -4.833332 2.057585 -104.1667
v -3.166668 2.057585 -105.3333
v -6 2.057585 -104.1667
v -5.333332 2.057585 -104.1667
v -3.166668 2.057585 -105.3333
v -15.16667 2.057585 -105.3333
v -20.66667 2.057585 -105.3333
v -19.66667 2.057585 -104.1667
v -14.33333 2.057585 -105.3333
v -15.16667 2.057585 -105.3333
v -19.66667 2.057585 -104.1667
v -6 2.057585 -104.1667
v -3.166668 2.057585 -105.3333
v -14.33333 2.057585 -105.3333
v -19.66667 2.057585 -104.1667
v -7.333332 2.057585 -102.5
v -6.333332 2.057585 -102.5
v -6.5 2.057585 -103.6667
v -10.16667 2.057585 -100.6667
v -7.666668 2.057585 -100.6667
v -8 2.057585 -101
v -8 2.057585 -102
v -7.333332 2.057585 -102.5
v -6.5 2.057585 -103.6667
v -11.16667 2.057585 -100.6667
v -10.16667 2.057585 -100.6667
v -19.66667 2.057585 -102.6667
v -20.5 2.057585 -102.1667
v -21.16667 2.057585 -100.6667
v -11.16667 2.057585 -100.6667
v -10.16667 2.057585 -100.6667
v -8 2.057585 -101
v -8 2.057585 -102
v -11.16667 2.057585 -100.6667
v -6.5 2.057585 -103.6667
v -6 2.057585 -104.1667
v -19.66667 2.057585 -104.1667
v -19.66667 2.057585 -102.6667
v -4.833332 2.057585 -104.1667
v -5.333332 2.057585 -104.1667
v -5.166668 2.057585 -103.8333
v -32.83334 2.057585 -101.8333
v -31.83333 2.057585 -101.8333
v -31.33333 2.057585 -102.3333
v -31.66667 2.057585 -103.8333
v -33.5 2.057585 -103
v 0 2.474252 -101
v 0 2.390918 -101.5
v -0.3333321 2.474252 -101.3333
v -31.83333 2.057585 -100.3333
v -30.83333 2.057585 -98.83333
v -29.33333 2.057585 -99.83333
v -30.16667 2.057585 -101.3333
v -12.33333 2.057585 -100.5
v -11.5 2.057585 -100.5
v -11.16667 2.057585 -100.6667
v -13.16667 2.057585 -100.5
v -12.33333 2.057585 -100.5
v -11.16667 2.057585 -100.6667
v -13.16667 2.057585 -100.5
v -11.16667 2.057585 -100.6667
v -21.16667 2.057585 -100.6667
v -21.33333 2.057585 -100.5
v -7.833332 2.057585 -100.1667
v -7.333332 2.057585 -100.1667
v -7.666668 2.057585 -100.6667
v -7.666668 2.057585 -100.6667
v -10.16667 2.057585 -100.6667
v -9.5 2.057585 -100
v -7.833332 2.057585 -100.1667
v -22 2.057585 -99.83333
v -23.16667 2.057585 -99.5
v -23.66667 2.057585 -98.66666
v -14.16667 2.057585 -98.66666
v -14 2.057585 -99.83333
v -13.16667 2.057585 -100.5
v -21.33333 2.057585 -100.5
v -14.16667 2.057585 -98.66666
v -14 2.057585 -99.83333
v -21.33333 2.057585 -100.5
v -22 2.057585 -99.83333
v -11.5 2.057585 -100.5
v -12.33333 2.057585 -100.5
v -11.83333 2.057585 -100.1667
v -7.333332 2.057585 -100.1667
v -7.833332 2.057585 -100.1667
v -7.5 2.057585 -99.66666
v -28.66667 2.057585 -96.5
v -28.33333 2.057585 -96.5
v -27.5 2.057585 -97.66666
v -28.16667 2.057585 -99
v -29.83333 2.057585 -97.83333
v -15 2.057585 -95
v -13.83333 2.057585 -95.83333
v -14.83333 2.057585 -96.83333
v -25.33333 2.057585 -98.66666
v -26.16667 2.057585 -98.66666
v -24 2.057585 -96.83333
v -23.66667 2.057585 -98.66666
v -25.33333 2.057585 -98.66666
v -24 2.057585 -96.83333
v -23 2.057585 -96.83333
v -20.83333 2.057585 -94.33333
v -15 2.057585 -94.33333
v -15 2.057585 -95
v -15 2.057585 -95
v -14.83333 2.057585 -96.83333
v -14.83333 2.057585 -97.83333
v -21.16667 2.057585 -95.66666
v -20.83333 2.057585 -94.33333
v -23.66667 2.057585 -98.66666
v -23 2.057585 -96.83333
v -21.16667 2.057585 -95.66666
v -14.83333 2.057585 -97.83333
v -14.16667 2.057585 -98.66666
v -21.5 2.057585 -93.16666
v -14 2.057585 -93.16666
v -15 2.057585 -94.33333
v -20.83333 2.057585 -94.33333
v -27.5 2.057585 -95.83333
v -27.5 2.057585 -95.5
v -26.66667 2.057585 -95.16666
v -25.33333 2.057585 -95.33333
v -25.33333 2.057585 -96.5
v -26 2.057585 -97
v -26.66667 2.057585 -95.16666
v -26.16667 2.057585 -94.5
v -25.33333 2.057585 -95.33333
v -33.33334 2.057585 -100
v -33.83334 2.057585 -100.8333
v -35.66667 2.057585 -103.3333
v -42.66667 2.057585 -111.1667
v -42.66667 2.057585 -90.83333
v -40.16667 2.057585 -91.33333
v -3.833332 2.057585 -95.16666
v -2.666668 2.057585 -95.16666
v -3.333332 2.057585 -96
v -3.833332 2.057585 -96
v -4.166668 2.057585 -94.33333
v -4.833332 2.057585 -94.33333
v -4.833332 2.057585 -93
v -2.666668 2.057585 -95.16666
v -3.833332 2.057585 -95.16666
v -4.166668 2.057585 -94.33333
v -1.333332 2.057585 -95.16666
v -2.666668 2.057585 -95.16666
v -4.166668 2.057585 -94.33333
v -4.833332 2.057585 -93
v -42.66667 2.057585 -111.1667
v -36.33334 2.057585 -105.1667
v -36 2.057585 -106.6667
v -42.66667 2.057585 -90.83333
v -41.16667 2.057585 -90.83333
v -40.16667 2.057585 -91.33333
v -11.16667 2.057585 -93.16666
v -11.16667 2.057585 -93.5
v -11.83333 2.057585 -93.5
v -13.33333 2.057585 -93.16666
v -13.33333 2.057585 -93.16666
v -11.83333 2.057585 -93.5
v -12.66667 2.057585 -94.16666
v -11 2.057585 -92
v -11.16667 2.057585 -93.16666
v -13.33333 2.057585 -93.16666
v -11 2.057585 -92
v -13.33333 2.057585 -93.16666
v -14 2.057585 -93.16666
v -22.66667 2.057585 -91.5
v -23.33333 2.057585 -91.33333
v -9.833332 2.057585 -91.33333
v -14 2.057585 -93.16666
v -21.5 2.057585 -93.16666
v -22.66667 2.057585 -91.5
v -41.16667 2.057585 -90.83333
v -40.66667 2.057585 -90.5
v -40.16667 2.057585 -91.33333
v -42.66667 2.057585 -111.1667
v -36 2.057585 -106.6667
v -35.5 2.057585 -107.1667
v -25.33333 2.057585 -108.3333
v -19.5 2.057585 -115.6667
v -19.16667 2.057585 -116.6667
v -40 2.057585 -116.6667
v -41.33334 2.057585 -113.3333
v -32.83334 2.057585 -108.1667
v 0 2.057585 -96.16666
v -0.5 2.057585 -96.16666
v -1.333332 2.057585 -95.16666
v 0 2.057585 -87.66666
v -5.333332 2.057585 -92.5
v -8.166668 2.057585 -92.16666
v -8.5 2.057585 -91.33333
v -6 2.057585 -86.83333
v -1.333332 2.057585 -95.16666
v -4.833332 2.057585 -93
v -5.333332 2.057585 -92.5
v -6 2.057585 -86.83333
v 0 2.057585 -87.66666
v 19 2.057585 -117.6667
v 19 2.057585 -118.3333
v 18.5 2.057585 -118.8333
v 6.333333 2.057585 -119
v 5 2.057585 -117.6667
v 7.5 2.057585 -124.1667
v 7.166667 2.057585 -123.8333
v 7.333333 2.057585 -122.8333
v 18 2.057585 -120.3333
v 18 2.057585 -123
v 17.16667 2.057585 -123.5
v 6.166667 2.057585 -128
v 6.666667 2.057585 -126.3333
v 7.5 2.057585 -125.6667
v 17 2.057585 -126.5
v 18 2.057585 -128
v 17 2.057585 -124.3333
v 17 2.057585 -126.5
v 7.5 2.057585 -125.6667
v 7.5 2.057585 -124.1667
v 7.333333 2.057585 -122.8333
v 6.833333 2.057585 -122
v 6.333333 2.057585 -119
v 18.5 2.057585 -118.8333
v 18 2.057585 -120.3333
v 17.16667 2.057585 -123.5
v 17 2.057585 -124.3333
v 7.5 2.057585 -124.1667
v 26.66667 2.057585 -124.8333
v 25.66667 2.057585 -123.8333
v 26.33333 2.057585 -123
v 27 2.057585 -126.8333
v 26.5 2.057585 -126.5
v 26.66667 2.057585 -124.8333
v 28.83333 2.057585 -121.1667
v 26.33333 2.057585 -123
v 26 2.057585 -121.1667
v 27.5 2.057585 -121.1667
v 26.33333 2.057585 -123
v 27.5 2.057585 -121.1667
v 28.83333 2.057585 -121.1667
v 26.66667 2.057585 -124.8333
v 35 2.057585 -121.1667
v 36.33334 2.057585 -121.1667
v 42.66667 2.057585 -128
v 21.5 2.057585 -88.16666
v 4.166667 2.057585 -88.16666
v 5 2.057585 -87.33333
v 20.83333 2.057585 -87.5
v 27 2.057585 -128
v 27 2.057585 -126.8333
v 28.83333 2.057585 -121.1667
v 35 2.057585 -121.1667
v 42.66667 2.057585 -128
v 3.333333 2.057585 -124.3333
v 4 2.057585 -125.1667
v 2.5 2.057585 -125.3333
v 1.166667 2.057585 -125.3333
v 2.5 2.057585 -125.3333
v 2 2.057585 -126
v 1.166667 2.057585 -125.3333
v 2.666667 2.057585 -120.3333
v 3.5 2.057585 -120.3333
v 3.333333 2.057585 -124.3333
v 40.16667 2.057585 -117.6667
v 39.83334 2.057585 -117.1667
v 42.66667 2.057585 -108.5
v 20 2.057585 -85.83333
v 20.66667 2.057585 -86.33333
v 20.83333 2.057585 -87.5
v 5 2.057585 -87.33333
v 27.5 2.057585 -121.1667
v 26 2.057585 -121.1667
v 26 2.057585 -120.8333
v 28.83333 2.057585 -121.1667
v 29.83333 2.057585 -120.5
v 30.83333 2.057585 -120.5
v 28.83333 2.057585 -121.1667
v 30.83333 2.057585 -120.5
v 31.5 2.057585 -120.5
v 31.5 2.057585 -120.5
v 32.66667 2.057585 -120.5
v 35 2.057585 -121.1667
v 28.83333 2.057585 -121.1667
v 36.33334 2.057585 -121.1667
v 37.33334 2.057585 -121
v 38.33334 2.057585 -121
v 5 2.057585 -87.33333
v 4.833333 2.057585 -85.33333
v 20 2.057585 -85.33333
v 20 2.057585 -85.83333
v 38.33334 2.057585 -121
v 39.5 2.057585 -121
v 36.33334 2.057585 -121.1667
v 38.33334 2.057585 -121
v 37.33334 2.057585 -121
v 37.66667 2.057585 -120.6667
v 37.83334 2.057585 -116.6667
v 37.16667 2.057585 -116.1667
v 36.66667 2.057585 -115.6667
v 36.33334 2.057585 -114.3333
v 39 2.057585 -116.6667
v 32.5 2.057585 -112
v 31.33333 2.057585 -111.8333
v 30.66667 2.057585 -111.1667
v 42.66667 2.057585 -128
v 39.5 2.057585 -121
v 40.16667 2.057585 -120
v 42.66667 2.057585 -128
v 40.16667 2.057585 -120
v 40.16667 2.057585 -117.6667
v 42.66667 2.057585 -108.5
v 35 2.057585 -113
v 34.16667 2.057585 -113
v 32.5 2.057585 -112
v 2.333333 2.057585 -120
v 2.666667 2.057585 -120.3333
v 3.333333 2.057585 -124.3333
v 35 2.057585 -113
v 32.5 2.057585 -112
v 30.66667 2.057585 -111.1667
v 38.16667 2.057585 -104.6667
v 40.33334 2.057585 -107.1667
v 42.66667 2.057585 -128
v 36.33334 2.057585 -121.1667
v 39.5 2.057585 -121
v 30.83333 2.057585 -120.5
v 29.83333 2.057585 -120.5
v 30 2.057585 -120.1667
v 32.66667 2.057585 -120.5
v 31.5 2.057585 -120.5
v 31.83333 2.057585 -120.1667
v 37 2.057585 -119
v 36.83334 2.057585 -119.6667
v 36.16667 2.057585 -119
v 34.66667 2.057585 -118.3333
v 35.16667 2.057585 -117.3333
v 35.83334 2.057585 -117
v 37 2.057585 -119
v 36.16667 2.057585 -119
v 3.666667 2.057585 -118.1667
v 3.666667 2.057585 -119.1667
v 2.666667 2.057585 -119
v 5 2.057585 -117.6667
v 4.166667 2.057585 -117.6667
v 0.6666667 2.057585 -108.3333
v 2.333333 2.057585 -106.1667
v 21.16667 2.057585 -112.5
v 20.5 2.057585 -113.3333
v 20.5 2.057585 -113.3333
v 20.66667 2.057585 -114.8333
v 19.33333 2.057585 -116.1667
v 5 2.057585 -117.6667
v 39.83334 2.057585 -117.1667
v 39 2.057585 -116.6667
v 36.33334 2.057585 -114.3333
v 35 2.057585 -113
v 40.33334 2.057585 -107.1667
v 42.66667 2.057585 -108.5
v 3.333333 2.057585 -124.3333
v 1.166667 2.057585 -125.3333
v 0 2.057585 -125.3333
v 2.333333 2.057585 -120
v 19.33333 2.057585 -116.1667
v 19 2.057585 -117.6667
v 5 2.057585 -117.6667
v 23.5 2.057585 -112.5
v 23.5 2.057585 -113
v 23 2.057585 -113
v 22.5 2.057585 -112.5
v 24.16667 2.057585 -111.6667
v 23.5 2.057585 -112.5
v 22.5 2.057585 -112.5
v 24.16667 2.057585 -111.6667
v 22.5 2.057585 -112.5
v 21.16667 2.057585 -112.5
v 28.16667 2.057585 -90
v 27.33333 2.057585 -89.16666
v 27 2.057585 -87.33333
v 26.66667 2.057585 -85.33333
v 25.83333 2.057585 -111.6667
v 27.16667 2.057585 -111.6667
v 26.5 2.057585 -112.3333
v 27.83333 2.057585 -111.3333
v 27.16667 2.057585 -111.6667
v 25.83333 2.057585 -111.6667
v 27.83333 2.057585 -111.3333
v 25.83333 2.057585 -111.6667
v 24.16667 2.057585 -111.6667
v 0.5 2.057585 -88.16666
v 0.8333334 2.057585 -96.33333
v 0 2.057585 -96.16666
v 0 2.057585 -87.66666
v 29.5 2.057585 -111.3333
v 29.33333 2.057585 -111.6667
v 28.83333 2.057585 -111.6667
v 28.5 2.057585 -111.3333
v 29.66667 2.057585 -111.1667
v 29.5 2.057585 -111.3333
v 28.5 2.057585 -111.3333
v 29.66667 2.057585 -111.1667
v 28.5 2.057585 -111.3333
v 27.83333 2.057585 -111.3333
v 28.16667 2.057585 -93.83333
v 27.66667 2.057585 -92.33333
v 28.33333 2.057585 -91.83333
v 29 2.057585 -95.16666
v 0.5 2.057585 -102.3333
v 0 2.390918 -101.5
v 0 2.474252 -101
v 0.6666667 2.057585 -108.3333
v 0.6666667 2.057585 -107
v 1.333333 2.057585 -107
v 37.5 2.057585 -103
v 37.83334 2.057585 -103.1667
v 38.16667 2.057585 -104.6667
v 29.5 2.057585 -99.66666
v 30 2.057585 -99.66666
v 1.666667 2.057585 -104
v 0.5 2.057585 -103.8333
v 0.5 2.057585 -102.3333
v 37.5 2.057585 -99.66666
v 37.83334 2.057585 -101.6667
v 37.5 2.057585 -102
v 30 2.057585 -99.66666
v 0.5 2.057585 -102.3333
v 0 2.474252 -101
v 0.3333333 2.057585 -99.66666
v 29.5 2.057585 -99.66666
v 2.333333 2.057585 -104.6667
v 1.666667 2.057585 -104
v 28.16667 2.057585 -93.83333
v 27.66667 2.057585 -93.33333
v 27.66667 2.057585 -92.33333
v 26.5 2.057585 -86.83333
v 25.83333 2.057585 -85.66666
v 26.66667 2.057585 -85.33333
v 27 2.057585 -87.33333
v 30 2.057585 -99.66666
v 37.5 2.057585 -102
v 37.5 2.057585 -103
v 41.83334 2.057585 -97
v 39.16667 2.057585 -97
v 31.5 2.057585 -96.33333
v 38.16667 2.057585 -104.6667
v 30.66667 2.057585 -111.1667
v 29.66667 2.057585 -111.1667
v 2.333333 2.057585 -106.1667
v 2.333333 2.057585 -104.6667
v 29.5 2.057585 -99.66666
v 39.16667 2.057585 -97
v 32.16667 2.057585 -97
v 31.5 2.057585 -96.33333
v 39.33334 2.057585 -104
v 39.83334 2.057585 -103.6667
v 40.83334 2.057585 -103.6667
v 40.33334 2.057585 -105.5
v 42.66667 2.057585 -106.6667
v 41.5 2.057585 -106.3333
v 40.33334 2.057585 -105.5
v 40.83334 2.057585 -103.6667
v 42.66667 2.057585 -102.5
v 38.66667 2.057585 -99.33333
v 40 2.057585 -99.33333
v 38.83334 2.057585 -100.1667
v 0.3333333 2.057585 -99.66666
v 0.3333333 2.057585 -99.16666
v 1.333333 2.057585 -98.83333
v 25.16667 2.057585 -98.83333
v 29.5 2.057585 -99.66666
v 26.16667 2.057585 -98.83333
v 28.5 2.057585 -98.83333
v 29.5 2.057585 -99.66666
v 25.16667 2.057585 -98.83333
v 26.16667 2.057585 -98.83333
v 29.5 2.057585 -99.66666
v 37.5 2.057585 -99.66666
v 30 2.057585 -99.66666
v 32.16667 2.057585 -97.83333
v 37.5 2.057585 -98.16666
v 32.16667 2.057585 -97
v 38.5 2.057585 -97.16666
v 37.5 2.057585 -98.16666
v 32.16667 2.057585 -97.83333
v 32.16667 2.057585 -97
v 39.16667 2.057585 -97
v 38.5 2.057585 -97.16666
v 41.33334 2.057585 -98.33333
v 41.66667 2.057585 -99.33333
v 41.33334 2.057585 -99.33333
v 40 2.057585 -99.33333
v 38.66667 2.057585 -99.33333
v 38.66667 2.057585 -99
v 39.83334 2.057585 -98.16666
v 40 2.057585 -99.33333
v 39.83334 2.057585 -98.16666
v 41.33334 2.057585 -98.33333
v 41.33334 2.057585 -99.33333
v 24.16667 2.057585 -98.33333
v 24.83333 2.057585 -98.33333
v 25.16667 2.057585 -98.83333
v 1.333333 2.057585 -98.83333
v 21.5 2.057585 -92.33333
v 22.16667 2.057585 -92.83333
v 22.16667 2.057585 -93.33333
v 21.16667 2.057585 -93.83333
v 1.333333 2.057585 -98.83333
v 1.666667 2.057585 -98.5
v 21.33333 2.057585 -95.66666
v 22.16667 2.057585 -96.66666
v 22.16667 2.057585 -96.66666
v 23.5 2.057585 -97
v 23.5 2.057585 -97.66666
v 22.16667 2.057585 -96.66666
v 23.5 2.057585 -97.66666
v 24.16667 2.057585 -98.33333
v 1.333333 2.057585 -98.83333
v 21.83333 2.057585 -90
v 21.5 2.057585 -92.33333
v 21.16667 2.057585 -93.83333
v 4.166667 2.057585 -88.16666
v 21.5 2.057585 -88.16666
v 1.666667 2.057585 -98.5
v 1.666667 2.057585 -97.33333
v 4.166667 2.057585 -88.16666
v 21.16667 2.057585 -93.83333
v 21.33333 2.057585 -95.66666
v 2.333333 2.057585 -106.1667
v 27.83333 2.057585 -111.3333
v 24.16667 2.057585 -111.6667
v 0.8333334 2.057585 -96.33333
v 0.5 2.057585 -88.16666
v 4.166667 2.057585 -88.16666
v 1.666667 2.057585 -97.33333
v 28.5 2.057585 -98.83333
v 26.16667 2.057585 -98.83333
v 27.16667 2.057585 -98
v 28.33333 2.057585 -98.33333
v 24.16667 2.057585 -111.6667
v 21.16667 2.057585 -112.5
v 2.333333 2.057585 -106.1667
v 28.16667 2.057585 -93.83333
v 27.33333 2.057585 -93.66666
v 27.66667 2.057585 -93.33333
v 26.5 2.057585 -86.83333
v 25.83333 2.057585 -86.83333
v 25.5 2.057585 -86.33333
v 25.83333 2.057585 -85.66666
v 29 2.057585 -95.16666
v 28.33333 2.057585 -91.83333
v 28.16667 2.057585 -90
v 31.5 2.057585 -96.33333
v 4.166667 2.057585 -117.6667
v 3.666667 2.057585 -118.1667
v 2.666667 2.057585 -119
v 0 2.057585 -108.8333
v 0.6666667 2.057585 -108.3333
v 0.6666667 2.057585 -108.3333
v 1.333333 2.057585 -107
v 2.333333 2.057585 -106.1667
v 2.666667 2.057585 -119
v 2.333333 2.057585 -120
v 0 2.057585 -125.3333
v 0 2.057585 -108.8333
v 2.333333 2.057585 -106.1667
v 29.66667 2.057585 -111.1667
v 27.83333 2.057585 -111.3333
v 42.66667 2.057585 -85.33333
v 42.66667 2.057585 -97.5
v 41.83334 2.057585 -97
v 31.5 2.057585 -96.33333
v 28.16667 2.057585 -90
v 26.66667 2.057585 -85.33333
v 42.66667 2.057585 -85.33333
v 41.83334 2.057585 -97
v 49 2.057585 -110.3333
v 49.83334 2.057585 -110.3333
v 50.16667 2.057585 -111.1667
v 50.83334 2.057585 -123.6667
v 50.83334 2.057585 -124.6667
v 50.33334 2.057585 -125.1667
v 50.16667 2.057585 -115.1667
v 50.83334 2.057585 -115.5
v 50.5 2.057585 -116.8333
v 51.16667 2.057585 -120
v 51.66667 2.057585 -120.6667
v 51.66667 2.057585 -121.6667
v 50.83334 2.057585 -123.6667
v 50.33334 2.057585 -126.3333
v 50.83334 2.057585 -126.6667
v 50.83334 2.057585 -128
v 42.66667 2.057585 -128
v 50.83334 2.057585 -111.6667
v 50.66667 2.057585 -113.3333
v 50.16667 2.057585 -113.6667
v 48 2.057585 -110.3333
v 49 2.057585 -110.3333
v 50.16667 2.057585 -111.1667
v 50.5 2.057585 -116.8333
v 51.66667 2.057585 -118
v 51.16667 2.057585 -118.8333
v 48 2.057585 -110.3333
v 50.16667 2.057585 -113.6667
v 50.16667 2.057585 -115.1667
v 50.33334 2.057585 -125.1667
v 50.33334 2.057585 -126.3333
v 42.66667 2.057585 -128
v 50.5 2.057585 -116.8333
v 51.16667 2.057585 -118.8333
v 51.16667 2.057585 -120
v 48 2.057585 -110.3333
v 50.16667 2.057585 -115.1667
v 50.5 2.057585 -116.8333
v 47.66667 2.057585 -100
v 42.83334 2.057585 -100
v 43 2.057585 -98
v 51.16667 2.057585 -120
v 50.83334 2.057585 -123.6667
v 50.33334 2.057585 -125.1667
v 59.16667 2.057585 -112
v 58.83334 2.057585 -111.8333
v 59.33334 2.057585 -110.1667
v 58.66667 2.057585 -91
v 58.33334 2.057585 -90.83333
v 59 2.057585 -88.66666
v 60 2.057585 -105
v 60 2.057585 -103.3333
v 60.5 2.057585 -102.1667
v 59.66667 2.057585 -120.5
v 59.5 2.057585 -118.3333
v 60.33334 2.057585 -117.6667
v 68.66667 2.057585 -128
v 60.33334 2.057585 -125.6667
v 59.66667 2.057585 -93.83333
v 58.66667 2.057585 -92.83333
v 58.66667 2.057585 -91
v 59 2.057585 -88.66666
v 60 2.057585 -97
v 59.66667 2.057585 -96.5
v 59.66667 2.057585 -93.83333
v 59 2.057585 -88.66666
v 58.83334 2.057585 -86.16666
v 59.16667 2.057585 -85.33333
v 59.66667 2.057585 -93.83333
v 60.33334 2.057585 -115.1667
v 59.16667 2.057585 -113.6667
v 59.16667 2.057585 -112
v 59.33334 2.057585 -110.1667
v 60 2.057585 -105
v 60.5 2.057585 -102.1667
v 60.33334 2.057585 -125.6667
v 59.16667 2.057585 -124.5
v 59.16667 2.057585 -122.1667
v 59.66667 2.057585 -120.5
v 60 2.057585 -97
v 59.66667 2.057585 -93.83333
v 59.16667 2.057585 -85.33333
v 68.66667 2.057585 -128
v 60.33334 2.057585 -117.6667
v 60.33334 2.057585 -115.1667
v 60.5 2.057585 -102.1667
v 68.66667 2.057585 -85.33333
v 59.33334 2.057585 -110.1667
v 59.16667 2.057585 -105.5
v 60 2.057585 -105
v 68.66667 2.057585 -128
v 60.33334 2.057585 -128
v 60.33334 2.057585 -125.6667
v 60 2.057585 -97
v 59.16667 2.057585 -85.33333
v 68.66667 2.057585 -85.33333
v 60.5 2.057585 -102.1667
v 49.66667 2.057585 -92.5
v 49.66667 2.057585 -94
v 47.66667 2.057585 -100
v 47.66667 2.057585 -100
v 43 2.057585 -98
v 42.66667 2.057585 -97.5
v 42.66667 2.057585 -85.33333
v 50.66667 2.057585 -85.33333
v 49.66667 2.057585 -92.5
v 49.83334 2.057585 -110.3333
v 49 2.057585 -110.3333
v 49.66667 2.057585 -109.8333
v 47.83334 2.057585 -103.6667
v 49.16667 2.057585 -103.6667
v 48.5 2.057585 -104.6667
v 47.16667 2.057585 -109
v 46 2.057585 -108.3333
v 46.33334 2.057585 -107.5
v 47.83334 2.057585 -103.6667
v 48.5 2.057585 -104.6667
v 48.5 2.057585 -105.3333
v 47.5 2.057585 -106.3333
v 49.66667 2.057585 -108.3333
v 49.16667 2.057585 -108.8333
v 47.16667 2.057585 -109
v 46.33334 2.057585 -107.5
v 47.5 2.057585 -106.3333
v 49.83334 2.057585 -106
v 47.5 2.057585 -106.3333
v 48.5 2.057585 -105.3333
v 49.16667 2.057585 -106
v 47.5 2.057585 -106.3333
v 49.16667 2.057585 -106
v 49.83334 2.057585 -106
v 44.83334 2.057585 -104.3333
v 45.83334 2.057585 -103.5
v 46.33334 2.057585 -103.8333
v 46.33334 2.057585 -105.8333
v 45.16667 2.057585 -107.1667
v 44.83334 2.057585 -106.8333
v 42.66667 2.057585 -102.5
v 43.16667 2.057585 -101.6667
v 44.83334 2.057585 -102.6667
v 43.5 2.057585 -103.8333
v 42.66667 2.057585 -106.6667
v 42.66667 2.057585 -102.5
v 43.5 2.057585 -103.8333
v 43.66667 2.057585 -107
v 43.83334 2.057585 -100.5
v 42.83334 2.057585 -100.3333
v 42.83334 2.057585 -100
v 47.66667 2.057585 -100
v 46.66667 2.057585 -100.1667
v 46.66667 2.057585 -100.1667
v 45.83334 2.057585 -101.5
v 45.5 2.057585 -101.5
v 43.83334 2.057585 -100.5
v 51.33334 2.057585 -100
v 52.16667 2.057585 -100.1667
v 51.83334 2.057585 -101
v 48.66667 2.057585 -100
v 50.16667 2.057585 -91
v 50.16667 2.057585 -92.16666
v 49.66667 2.057585 -92.5
v 49.66667 2.057585 -94
v 50.16667 2.057585 -94.33333
v 50 2.057585 -95.83333
v 47.66667 2.057585 -100
v 50 2.057585 -95.83333
v 51 2.057585 -96.83333
v 50.5 2.057585 -97.66666
v 50.83334 2.057585 -86.5
v 52 2.057585 -87.33333
v 51 2.057585 -88.5
v 50.5 2.057585 -98.83333
v 51.33334 2.057585 -100
v 48.66667 2.057585 -100
v 51 2.057585 -88.5
v 51 2.057585 -89.33333
v 50.16667 2.057585 -91
v 50.66667 2.057585 -85.33333
v 50.83334 2.057585 -86.5
v 50.5 2.057585 -97.66666
v 50.5 2.057585 -98.83333
v 48.66667 2.057585 -100
v 47.66667 2.057585 -100
v 50 2.057585 -95.83333
v 50.66667 2.057585 -85.33333
v 50.16667 2.057585 -91
v 49.66667 2.057585 -92.5
v 42.66667 2.057585 -108.5
v 44.66667 2.057585 -108.8333
v 46.66667 2.057585 -110.1667
v 46.66667 2.057585 -110.1667
v 48 2.057585 -110.3333
v 50.5 2.057585 -116.8333
v 50.5 2.057585 -116.8333
v 51.16667 2.057585 -120
v 50.33334 2.057585 -125.1667
v 42.66667 2.057585 -128
v 42.66667 2.057585 -108.5
v 46.66667 2.057585 -110.1667
v -173.1667 2.057585 -83.33334
v -172.8333 2.057585 -83.33334
v -172.1667 2.057585 -84
v -172.1667 2.057585 -84
v -170.6667 2.057585 -84
v -170.6667 2.057585 -85.33334
v -174.5 2.057585 -83.33334
v -173.1667 2.057585 -83.33334
v -172.1667 2.057585 -84
v -174.5 2.057585 -83.33334
v -172.1667 2.057585 -84
v -170.6667 2.057585 -85.33334
v -180.1667 2.057585 -85.33334
v -180.1667 2.057585 -83.33334
v -176.8333 2.057585 -83
v -174.8333 2.057585 -83
v -174.5 2.057585 -83.33334
v -180.1667 2.057585 -83.33334
v -180.1667 2.057585 -83
v -177.5 2.057585 -83
v -177.5 2.057585 -83
v -176.8333 2.057585 -83
v -174.5 2.057585 -83.33334
v -180.1667 2.057585 -83.33334
v -178.1667 2.057585 -66.5
v -177.1667 2.057585 -66.66667
v -177.1667 2.057585 -67.16667
v -178.3333 2.057585 -68.33334
v -178 2.057585 -53.66667
v -177.1667 2.057585 -53.83334
v -178.1667 2.057585 -55
v -178.8333 2.057585 -45.5
v -178.8333 2.057585 -46.33334
v -179.3333 2.057585 -46.83334
v -180.1667 2.057585 -42.66667
v -179 2.057585 -49.83334
v -178 2.057585 -50.66667
v -178.5 2.057585 -51.33334
v -179.1667 2.057585 -62.66667
v -178.1667 2.057585 -63.5
v -178.6667 2.057585 -64.16667
v -179.1667 2.057585 -81.66667
v -177.5 2.057585 -83
v -180.1667 2.057585 -83
v -179.3333 2.057585 -48.16667
v -179 2.057585 -48.33334
v -179 2.057585 -49.83334
v -180.1667 2.057585 -42.66667
v -179.6667 2.057585 -59.5
v -179.6667 2.057585 -60.5
v -178.5 2.057585 -53
v -178 2.057585 -53.66667
v -178.1667 2.057585 -55
v -179 2.057585 -57.5
v -179 2.057585 -57.5
v -179 2.057585 -58.66667
v -179.6667 2.057585 -59.5
v -179.6667 2.057585 -60.5
v -179 2.057585 -61
v -179.1667 2.057585 -62.66667
v -180.1667 2.057585 -42.66667
v -178 2.057585 -42.66667
v -178 2.057585 -43.66667
v -178.8333 2.057585 -45.5
v -178.6667 2.057585 -65.83334
v -178.1667 2.057585 -66.5
v -178.3333 2.057585 -68.33334
v -179.6667 2.057585 -60.5
v -179.6667 2.057585 -75.16667
v -180.1667 2.057585 -83
v -180.1667 2.057585 -42.66667
v -179 2.057585 -49.83334
v -178.5 2.057585 -51.33334
v -178.5 2.057585 -53
v -179.1667 2.057585 -62.66667
v -178.6667 2.057585 -64.16667
v -178.6667 2.057585 -65.83334
v -180.1667 2.057585 -42.66667
v -179.3333 2.057585 -46.83334
v -179.3333 2.057585 -48.16667
v -179.6667 2.057585 -59.5
v -179.5 2.057585 -76.83334
v -179.1667 2.057585 -81.66667
v -180.1667 2.057585 -83
v -179.6667 2.057585 -75.16667
v -178.6667 2.057585 -65.83334
v -178.3333 2.057585 -68.33334
v -179.1667 2.057585 -70.33334
v -179.6667 2.057585 -60.5
v -179.1667 2.057585 -62.66667
v -179.5 2.057585 -76.83334
v -178.5 2.057585 -78.33334
v -179.1667 2.057585 -81.66667
v -179.1667 2.057585 -70.33334
v -179.1667 2.057585 -72.5
v -179.6667 2.057585 -75.16667
v -179.6667 2.057585 -60.5
v -179.3333 2.057585 -48.16667
v -179 2.057585 -49.83334
v -178.5 2.057585 -53
v -179 2.057585 -57.5
v -179.6667 2.057585 -59.5
v -176.8333 2.057585 -83
v -176.3333 2.057585 -82.16667
v -175.5 2.057585 -82.16667
v -174.8333 2.057585 -83
v -170.6667 2.057585 -85.33334
v -170.6667 2.057585 -84
v -169.3333 2.057585 -84
v -170.6667 2.057585 -85.33334
v -169.3333 2.057585 -84
v -168.8333 2.057585 -83.66667
v -159.3333 2.057585 -83.66667
v -156.5 2.057585 -83.66667
v -143.8333 2.057585 -85.33334
v -170.6667 2.057585 -85.33334
v -159.3333 2.057585 -83.66667
v -156.5 2.057585 -83.66667
v -143.5 2.057585 -83.66667
v -143.8333 2.057585 -85.33334
v -128.5 3.890918 -80.83334
v -128.3333 3.890918 -80.83334
v -128 3.724252 -81
v -136 3.724252 -81.5
v -135.8333 3.724252 -81.16667
v -134.8333 3.724252 -81.16667
v -136 3.724252 -85.33334
v -129.8333 3.724252 -80.83334
v -128.5 3.890918 -80.83334
v -128 3.724252 -81
v -136 3.724252 -85.33334
v -134.8333 3.724252 -81.16667
v -134.5 3.724252 -80.83334
v -129.8333 3.724252 -80.83334
v -128 3.724252 -81
v -128 3.724252 -85.33334
v -160.3333 2.057585 -83
v -160 2.057585 -83
v -159.3333 2.057585 -83.66667
v -168.8333 2.057585 -83.66667
v -168.1667 2.057585 -83
v -167.1667 2.057585 -83
v -161.5 2.057585 -83
v -160.3333 2.057585 -83
v -159.3333 2.057585 -83.66667
v -168.8333 2.057585 -83.66667
v -167.1667 2.057585 -83
v -166.6667 2.057585 -83
v -161.8333 2.057585 -83
v -161.5 2.057585 -83
v -159.3333 2.057585 -83.66667
v -168.8333 2.057585 -83.66667
v -166.6667 2.057585 -83
v -164.5 2.057585 -83
v -164.5 2.057585 -83
v -161.8333 2.057585 -83
v -159.3333 2.057585 -83.66667
v -168.8333 2.057585 -83.66667
v -146.3333 2.057585 -83.5
v -143.5 2.057585 -83.5
v -143.5 2.057585 -83.66667
v -148.3333 2.057585 -83.5
v -146.3333 2.057585 -83.5
v -143.5 2.057585 -83.66667
v -148.3333 2.057585 -83.5
v -143.5 2.057585 -83.66667
v -156.5 2.057585 -83.66667
v -156.1667 2.057585 -83.5
v -149.6667 2.057585 -82.83334
v -149 2.057585 -82.83334
v -148.3333 2.057585 -83.5
v -150.5 2.057585 -82.83334
v -149.6667 2.057585 -82.83334
v -148.3333 2.057585 -83.5
v -150.5 2.057585 -82.83334
v -148.3333 2.057585 -83.5
v -156.1667 2.057585 -83.5
v -155.5 2.057585 -82.83334
v -144.3333 2.057585 -82.16667
v -143.3333 2.057585 -82.33334
v -143.5 2.057585 -83.5
v -145.5 2.057585 -83.33334
v -143.5 2.057585 -83.5
v -146.3333 2.057585 -83.5
v -145.5 2.057585 -83.33334
v -164.5 2.057585 -83
v -166.6667 2.057585 -83
v -166.1667 2.057585 -82.5
v -155.5 2.057585 -82.83334
v -155.3333 2.057585 -82.5
v -153.5 2.057585 -82.5
v -150.5 2.057585 -82.83334
v -150.5 2.057585 -82.83334
v -153.5 2.057585 -82.5
v -153.3333 2.057585 -82.16667
v -128.3333 3.890918 -80.83334
v -128 3.890918 -80.83334
v -128 3.724252 -81
v -131.8333 3.724252 -80.66667
v -131.1667 3.724252 -80.5
v -129.8333 3.724252 -80.83334
v -131.8333 3.724252 -80.66667
v -129.8333 3.724252 -80.83334
v -134.5 3.724252 -80.83334
v -134.5 3.724252 -80.66667
v -129.1667 3.890918 -80.5
v -128.5 3.890918 -80.83334
v -129.8333 3.724252 -80.83334
v -131.1667 3.724252 -80.5
v -131.5 3.890918 -80.33334
v -132.8333 3.890918 -80.16667
v -132 3.807585 -79.83334
v -131.5 3.890918 -80.33334
v -131.8333 3.724252 -80.66667
v -134.5 3.724252 -80.33334
v -134.5 3.724252 -80.16667
v -132.8333 3.890918 -80.16667
v -131.8333 3.724252 -80.66667
v -131.1667 3.724252 -80.5
v -131.8333 3.724252 -80.66667
v -131.5 3.890918 -80.33334
v -128 3.890918 -80.33334
v -128 3.890918 -80.83334
v -128.3333 3.890918 -80.83334
v -128 3.890918 -80.33334
v -128.3333 3.890918 -80.83334
v -128.5 3.890918 -80.83334
v -129.1667 3.890918 -80.5
v -134 3.890918 -80
v -134.5 3.890918 -79.83334
v -134.8333 3.890918 -79.33334
v -133.1667 3.890918 -79.83334
v -132 3.807585 -79.83334
v -132.8333 3.890918 -80.16667
v -133.1667 3.890918 -79.83334
v -129.1667 3.890918 -80.5
v -131.5 3.890918 -80.33334
v -132 3.807585 -79.83334
v -128 3.890918 -80.33334
v -134.8333 3.890918 -79.33334
v -128 3.890918 -80.33334
v -132 3.807585 -79.83334
v -132 3.807585 -79.83334
v -133.1667 3.890918 -79.83334
v -134.8333 3.890918 -79.33334
v -134.5 3.724252 -80.33334
v -131.8333 3.724252 -80.66667
v -134.5 3.724252 -80.66667
v -136.1667 2.807585 -77.33334
v -136.6667 2.557585 -77
v -136.6667 2.307585 -76.16667
v -136.1667 2.057585 -75.83334
v -134.8333 3.890918 -79.33334
v -136.1667 2.807585 -77.33334
v -136.1667 2.057585 -75.83334
v -128.8333 2.057585 -76.5
v -128 2.057585 -76.83334
v -128 3.890918 -80.33334
v -134.8333 3.890918 -79.33334
v -136 3.474252 -79
v -136.1667 2.807585 -77.33334
v -134.5 3.724252 -80.16667
v -134.5 3.724252 -80
v -134 3.890918 -80
v -134 3.890918 -80
v -133.1667 3.890918 -79.83334
v -132.8333 3.890918 -80.16667
v -134.5 3.724252 -80.16667
v -134.5 3.890918 -79.83334
v -134 3.890918 -80
v -134.5 3.724252 -80
v -128 2.057585 -76.66667
v -128 2.057585 -76.83334
v -128.8333 2.057585 -76.5
v -144.8333 2.057585 -54.33334
v -145.5 2.057585 -51.33334
v -146 2.057585 -43.5
v -136.1667 2.057585 -75.83334
v -136 2.057585 -73.5
v -130.6667 2.057585 -73.5
v -128.8333 2.057585 -76.5
v -130.6667 2.057585 -73.5
v -129.1667 2.057585 -73.5
v -128.8333 2.057585 -76.5
v -164.1667 2.057585 -75
v -165.1667 2.057585 -75
v -165.6667 2.057585 -74.66667
v -162 2.057585 -74.66667
v -162 2.057585 -74.66667
v -163 2.057585 -76
v -164.1667 2.057585 -75
v -160.1667 2.057585 -74.66667
v -159.5 2.057585 -74.66667
v -159.8333 2.057585 -75.16667
v -149.6667 2.057585 -74.33334
v -148.5 2.057585 -74.33334
v -149 2.057585 -74.83334
v -158.6667 2.057585 -74
v -159.5 2.057585 -74.66667
v -160.1667 2.057585 -74.66667
v -165.6667 2.057585 -74.66667
v -167.8333 2.057585 -74.33334
v -168 2.057585 -74
v -158.6667 2.057585 -74
v -162 2.057585 -74.66667
v -158.6667 2.057585 -74
v -160.1667 2.057585 -74.66667
v -162 2.057585 -74.66667
v -152.8333 2.057585 -74.33334
v -150.8333 2.057585 -74.33334
v -151.3333 2.057585 -74.66667
v -152.3333 2.057585 -74.66667
v -147.6667 2.057585 -73.66667
v -148.5 2.057585 -74.33334
v -149.6667 2.057585 -74.33334
v -152.8333 2.057585 -74.33334
v -155 2.057585 -74
v -155.1667 2.057585 -73.66667
v -147.6667 2.057585 -73.66667
v -150.8333 2.057585 -74.33334
v -147.6667 2.057585 -73.66667
v -149.6667 2.057585 -74.33334
v -150.8333 2.057585 -74.33334
v -170 2.057585 -73.83334
v -169.6667 2.057585 -73.83334
v -170 2.057585 -74.16667
v -147 2.057585 -73.66667
v -145.6667 2.057585 -73.66667
v -145.8333 2.057585 -74.16667
v -157 2.057585 -73.83334
v -157.1667 2.057585 -74
v -157.5 2.057585 -74
v -157 2.057585 -73.83334
v -157.5 2.057585 -74
v -158.6667 2.057585 -74
v -168.3333 2.057585 -73.83334
v -157 2.057585 -73.83334
v -158.6667 2.057585 -74
v -168 2.057585 -74
v -169.6667 2.057585 -73.83334
v -170 2.057585 -73.83334
v -169.8333 2.057585 -73.5
v -168.3333 2.057585 -73.83334
v -169.6667 2.057585 -73.83334
v -169.8333 2.057585 -73.5
v -156.6667 2.057585 -73.5
v -157 2.057585 -73.83334
v -168.3333 2.057585 -73.83334
v -169.8333 2.057585 -73.5
v -145.5 2.057585 -73.5
v -145.6667 2.057585 -73.66667
v -147 2.057585 -73.66667
v -145.5 2.057585 -73.5
v -147 2.057585 -73.66667
v -147.6667 2.057585 -73.66667
v -155.3333 2.057585 -73.5
v -145.5 2.057585 -73.5
v -147.6667 2.057585 -73.66667
v -155.1667 2.057585 -73.66667
v -169.8333 2.057585 -73.5
v -170 2.057585 -72.16667
v -169.3333 2.057585 -71.83334
v -144.6667 2.057585 -71.83334
v -156.6667 2.057585 -73.5
v -144.6667 2.057585 -71.83334
v -145.5 2.057585 -73.5
v -155.3333 2.057585 -73.5
v -144.6667 2.057585 -71.83334
v -155.3333 2.057585 -73.5
v -156.6667 2.057585 -73.5
v -132.1667 2.057585 -69.33334
v -132.1667 2.057585 -69.66667
v -132.8333 2.057585 -70
v -137.1667 2.057585 -69.83334
v -137.8333 2.057585 -69.33334
v -136.3333 2.057585 -72.33334
v -137.1667 2.057585 -71.66667
v -137.1667 2.057585 -69.83334
v -132.8333 2.057585 -70
v -132.8333 2.057585 -71.33334
v -132.8333 2.057585 -71.33334
v -132.1667 2.057585 -71.66667
v -130.6667 2.057585 -73.5
v -136 2.057585 -73.5
v -136.3333 2.057585 -72.33334
v -148.1667 2.057585 -48
v -149 2.057585 -47.33334
v -147.6667 2.140918 -43.83334
v -141 2.057585 -69.16667
v -143.6667 2.057585 -71.83334
v -144 2.057585 -71.83334
v -141 2.057585 -69.16667
v -144 2.057585 -71.83334
v -144.6667 2.057585 -71.83334
v -168.8333 2.057585 -69.16667
v -141 2.057585 -69.16667
v -144.6667 2.057585 -71.83334
v -169.3333 2.057585 -71.83334
v -140 2.057585 -69.33334
v -138.6667 2.057585 -69.33334
v -139.5 2.057585 -70.16667
v -138.6667 2.057585 -69.33334
v -140 2.057585 -69.33334
v -140.3333 2.057585 -69.16667
v -137.8333 2.057585 -69.33334
v -138.6667 2.057585 -69.33334
v -140.3333 2.057585 -69.16667
v -132 2.057585 -69.16667
v -132.1667 2.057585 -69.33334
v -137.8333 2.057585 -69.33334
v -140.3333 2.057585 -69.16667
v -168.8333 2.057585 -69.16667
v -168.8333 2.057585 -68.16667
v -161.5 2.057585 -68.16667
v -168.8333 2.057585 -69.16667
v -161.5 2.057585 -68.16667
v -160.1667 2.057585 -68.16667
v -131 2.057585 -68.16667
v -132 2.057585 -69.16667
v -140.3333 2.057585 -69.16667
v -131 2.057585 -68.16667
v -140.3333 2.057585 -69.16667
v -141 2.057585 -69.16667
v -160.1667 2.057585 -68.16667
v -131 2.057585 -68.16667
v -141 2.057585 -69.16667
v -168.8333 2.057585 -69.16667
v -129.1667 2.057585 -73.5
v -128.8333 2.057585 -72.83334
v -128 2.057585 -72.33334
v -128 2.057585 -76.66667
v -128.8333 2.057585 -76.5
v -165 2.057585 -59.5
v -164.1667 2.057585 -60
v -164.1667 2.057585 -60.33334
v -165.1667 2.057585 -61
v -162.3333 2.057585 -67.16667
v -161.5 2.057585 -68.16667
v -168.8333 2.057585 -68.16667
v -165.6667 2.057585 -54.5
v -164.8333 2.057585 -55.5
v -165.6667 2.057585 -56.16667
v -170.1667 2.057585 -54.66667
v -163.5 2.057585 -65.33334
v -162.3333 2.057585 -65.83334
v -162.3333 2.057585 -67.16667
v -164.8333 2.057585 -51.33334
v -164.5 2.057585 -52.16667
v -165.6667 2.057585 -53.66667
v -170.6667 2.057585 -57.5
v -170.6667 2.057585 -57
v -170.1667 2.057585 -54.66667
v -169.1667 2.057585 -64
v -169.5 2.057585 -63.33334
v -169.5 2.057585 -60.66667
v -165.1667 2.057585 -61
v -164.6667 2.057585 -64.16667
v -169.5 2.057585 -60.66667
v -170.6667 2.057585 -59.33334
v -170.6667 2.057585 -57.5
v -170.1667 2.057585 -54.66667
v -165.6667 2.057585 -56.16667
v -165.6667 2.057585 -57.5
v -165.6667 2.057585 -57.5
v -165 2.057585 -59.5
v -165.1667 2.057585 -61
v -169.5 2.057585 -60.66667
v -164.6667 2.057585 -64.16667
v -163.5 2.057585 -65.33334
v -162.3333 2.057585 -67.16667
v -168.8333 2.057585 -68.16667
v -169.1667 2.057585 -64
v -170.1667 2.057585 -54.66667
v -170.3333 2.057585 -51.33334
v -169.5 2.057585 -50.66667
v -165.6667 2.057585 -53.66667
v -165.6667 2.057585 -54.5
v -164.6667 2.057585 -49.66667
v -164.8333 2.057585 -51.33334
v -165.6667 2.057585 -53.66667
v -169.5 2.057585 -50.66667
v -169.3333 2.057585 -48.5
v -169.3333 2.057585 -48.5
v -162.6667 2.057585 -48.5
v -163.8333 2.057585 -48.83334
v -169.3333 2.057585 -48.5
v -163.8333 2.057585 -48.83334
v -164.6667 2.057585 -49.66667
v -160.1667 2.057585 -68.16667
v -160 2.057585 -68
v -158.1667 2.057585 -68
v -160.1667 2.057585 -68.16667
v -158.1667 2.057585 -68
v -156.6667 2.057585 -68
v -160.1667 2.057585 -68.16667
v -156.6667 2.057585 -68
v -151.5 2.057585 -68
v -160.1667 2.057585 -68.16667
v -151.5 2.057585 -68
v -150.5 2.057585 -68
v -150.5 2.057585 -68
v -131 2.057585 -68
v -131 2.057585 -68.16667
v -160.1667 2.057585 -68.16667
v -158.1667 2.057585 -68
v -160 2.057585 -68
v -159.1667 2.057585 -66.66667
v -154 2.057585 -64.66667
v -153.5 2.057585 -64.66667
v -152.8333 2.057585 -65.33334
v -153 2.057585 -67.33334
v -156.6667 2.057585 -68
v -151.5 2.057585 -68
v -156.6667 2.057585 -68
v -153 2.057585 -67.33334
v -150.5 2.057585 -68
v -150.1667 2.057585 -67.83334
v -149.1667 2.057585 -67.83334
v -150.5 2.057585 -68
v -149.1667 2.057585 -67.83334
v -147.8333 2.057585 -67.83334
v -147.8333 2.057585 -67.83334
v -130.8333 2.057585 -67.83334
v -131 2.057585 -68
v -150.5 2.057585 -68
v -149.1667 2.057585 -67.83334
v -150.1667 2.057585 -67.83334
v -150 2.057585 -67.5
v -146.8333 2.057585 -67.66667
v -130.6667 2.057585 -67.66667
v -130.8333 2.057585 -67.83334
v -147.8333 2.057585 -67.83334
v -145 2.057585 -56
v -145.8333 2.057585 -55.33334
v -144.8333 2.057585 -54.33334
v -144.5 2.057585 -61.83334
v -145.1667 2.057585 -61
v -144.1667 2.057585 -60.16667
v -147.1667 2.057585 -49.83334
v -148 2.057585 -49.66667
v -148.1667 2.057585 -48
v -145 2.057585 -57
v -145 2.057585 -56
v -144.8333 2.057585 -54.33334
v -144.5 2.057585 -63
v -144.5 2.057585 -61.83334
v -144.1667 2.057585 -60.16667
v -130.6667 2.057585 -67.66667
v -145.5 2.057585 -66.33334
v -145.6667 2.057585 -64.33334
v -144.5 2.057585 -63
v -130.6667 2.057585 -67.66667
v -149.5 2.057585 -43.16667
v -148.8333 2.057585 -43.83334
v -170.1667 2.057585 -43.83334
v -170 2.057585 -42.66667
v -147.6667 2.140918 -43.83334
v -147.3333 2.224252 -43.33334
v -146 2.057585 -43.5
v -130.6667 2.057585 -67.66667
v -146.8333 2.057585 -67.66667
v -146.1667 2.057585 -67.33334
v -130.6667 2.057585 -67.66667
v -146.1667 2.057585 -67.33334
v -145.5 2.057585 -66.33334
v -170 2.057585 -42.66667
v -149.5 2.057585 -42.66667
v -149.5 2.057585 -43.16667
v -149 2.057585 -47.33334
v -150.1667 2.057585 -47.33334
v -148.8333 2.057585 -43.83334
v -147.6667 2.140918 -43.83334
v -130.6667 2.057585 -67.66667
v -144.1667 2.057585 -60.16667
v -144.1667 2.057585 -59.16667
v -129.1667 2.057585 -67.66667
v -146.6667 2.057585 -65.33334
v -146.8333 2.057585 -66.16667
v -147.3333 2.057585 -66.5
v -149.8333 2.057585 -66.33334
v -149.8333 2.057585 -66
v -156 2.057585 -51.16667
v -156.6667 2.057585 -51.33334
v -157.5 2.057585 -50.5
v -157.3333 2.057585 -48.66667
v -154 2.057585 -48.16667
v -158.8333 2.057585 -48.16667
v -154 2.057585 -48.16667
v -157.3333 2.057585 -48.66667
v -163.5 2.057585 -51.16667
v -163.5 2.057585 -50.16667
v -162.8333 2.057585 -49.83334
v -161.8333 2.057585 -49.66667
v -160.5 2.057585 -50
v -150.5 2.057585 -47.66667
v -151.3333 2.057585 -48.83334
v -152 2.057585 -47.83334
v -152.6667 2.057585 -47.66667
v -150.5 2.057585 -47.66667
v -152 2.057585 -47.83334
v -159.8333 2.057585 -48.16667
v -160.3333 2.057585 -48.5
v -160.8333 2.057585 -48.5
v -159.8333 2.057585 -48.16667
v -160.8333 2.057585 -48.5
v -162.6667 2.057585 -48.5
v -169.3333 2.057585 -48.16667
v -159.8333 2.057585 -48.16667
v -162.6667 2.057585 -48.5
v -169.3333 2.057585 -48.5
v -153.5 2.057585 -47.66667
v -154 2.057585 -48.16667
v -158.8333 2.057585 -48.16667
v -153.5 2.057585 -47.66667
v -158.8333 2.057585 -48.16667
v -159.8333 2.057585 -48.16667
v -169.5 2.057585 -47.66667
v -153.5 2.057585 -47.66667
v -159.8333 2.057585 -48.16667
v -169.3333 2.057585 -48.16667
v -150.1667 2.057585 -47.33334
v -150.5 2.057585 -47.66667
v -152.6667 2.057585 -47.66667
v -150.1667 2.057585 -47.33334
v -152.6667 2.057585 -47.66667
v -153.5 2.057585 -47.66667
v -169.6667 2.057585 -47.33334
v -150.1667 2.057585 -47.33334
v -153.5 2.057585 -47.66667
v -169.5 2.057585 -47.66667
v -170.5 2.057585 -46.5
v -170.5 2.057585 -44.33334
v -170.1667 2.057585 -43.83334
v -148.8333 2.057585 -43.83334
v -150.1667 2.057585 -47.33334
v -169.6667 2.057585 -47.33334
v -145.5 2.057585 -51.33334
v -147.1667 2.057585 -49.83334
v -148.1667 2.057585 -48
v -147.6667 2.140918 -43.83334
v -146 2.057585 -43.5
v -144.1667 2.057585 -59.16667
v -145 2.057585 -57
v -144.8333 2.057585 -54.33334
v -144.8333 2.057585 -54.33334
v -146 2.057585 -43.5
v -145.1667 2.057585 -42.66667
v -128 2.057585 -42.66667
v -129.1667 2.057585 -67.66667
v -144.1667 2.057585 -59.16667
v -128 2.057585 -69
v -129.1667 2.057585 -67.66667
v -128 2.057585 -42.66667
v -126.6667 3.890918 -81.16667
v -127.3333 3.890918 -81
v -126.6667 3.890918 -80.5
v -126.3333 3.890918 -80.66667
v -126.1667 3.890918 -81.16667
v -124.5 3.724252 -83.66667
v -121 3.724252 -84.5
v -119.3333 3.724252 -85.33334
v -128 3.724252 -85.33334
v -128 3.724252 -81
v -126.6667 3.890918 -81.16667
v -126 3.724252 -82.33334
v -126.1667 3.890918 -81.16667
v -126 3.890918 -81.16667
v -126 3.724252 -82.33334
v -126 3.724252 -82.33334
v -125 3.724252 -82.66667
v -125 3.724252 -83.16667
v -126.6667 3.890918 -81.16667
v -126.1667 3.890918 -81.16667
v -126 3.724252 -82.33334
v -126 3.724252 -82.33334
v -125 3.724252 -83.16667
v -124.5 3.724252 -83.66667
v -128 3.724252 -85.33334
v -128 3.724252 -81
v -112.3333 2.557585 -82.16667
v -111.8333 2.057585 -81.16667
v -111.6667 2.057585 -81.16667
v -110.6667 2.057585 -81.66667
v -108.1667 2.057585 -83.16667
v -112 2.807585 -83
v -112 3.724252 -85.33334
v -112.5 3.724252 -84.66667
v -112 2.807585 -83
v -108.1667 2.057585 -83.16667
v -105.8333 2.057585 -84.5
v -104.6667 2.057585 -85.33334
v -112.5 3.724252 -84.66667
v -113 3.724252 -84.66667
v -112 2.807585 -83
v -104.5 2.057585 -85.33334
v -104.6667 2.057585 -85.33334
v -105.8333 2.057585 -84.5
v -92.16666 2.057585 -84.5
v -86.5 2.057585 -84.5
v -85.5 2.057585 -85.33334
v -92.83333 2.057585 -84.5
v -92.16666 2.057585 -84.5
v -85.5 2.057585 -85.33334
v -92.83333 2.057585 -84.5
v -85.5 2.057585 -85.33334
v -104.5 2.057585 -85.33334
v -105.8333 2.057585 -84.5
v -93.16666 2.057585 -84.16667
v -92.83333 2.057585 -84.5
v -105.8333 2.057585 -84.5
v -92.83333 2.057585 -83.16667
v -93.16666 2.057585 -84.16667
v -105.8333 2.057585 -84.5
v -108.1667 2.057585 -83.16667
v -91.83333 2.057585 -84.16667
v -92.16666 2.057585 -83.16667
v -88 2.057585 -83.16667
v -88 2.057585 -83.16667
v -86.5 2.057585 -84.5
v -92.16666 2.057585 -84.5
v -91.83333 2.057585 -84.16667
v -111.8333 2.057585 -81.16667
v -112.3333 2.557585 -82.16667
v -112.8333 2.057585 -82.16667
v -122 2.057585 -81.16667
v -113.5 2.057585 -82.83334
v -114.3333 2.057585 -84.16667
v -122 2.057585 -81.16667
v -122 2.057585 -81.16667
v -112.8333 2.057585 -82.16667
v -113.5 2.057585 -82.83334
v -89.83333 2.057585 -81.66667
v -89 2.057585 -82
v -88 2.057585 -83.16667
v -92.16666 2.057585 -83.16667
v -102.1667 2.057585 -81.66667
v -89.83333 2.057585 -81.66667
v -92.83333 2.057585 -83.16667
v -108.1667 2.057585 -83.16667
v -89.83333 2.057585 -81.66667
v -92.16666 2.057585 -83.16667
v -92.83333 2.057585 -83.16667
v -108.1667 2.057585 -83.16667
v -110.6667 2.057585 -81.66667
v -103.5 2.057585 -81.66667
v -108.1667 2.057585 -83.16667
v -103.5 2.057585 -81.66667
v -102.1667 2.057585 -81.66667
v -103.8333 2.057585 -81.16667
v -103.5 2.057585 -81.66667
v -110.6667 2.057585 -81.66667
v -111.6667 2.057585 -81.16667
v -92.33333 2.057585 -80.33334
v -91.5 2.057585 -80.33334
v -89.83333 2.057585 -81.66667
v -102.1667 2.057585 -81.66667
v -101.8333 2.057585 -81
v -100 2.057585 -79.5
v -92.33333 2.057585 -80.33334
v -89.83333 2.057585 -81.66667
v -100 2.057585 -78
v -101.8333 2.057585 -76.5
v -102.1667 2.057585 -75.83334
v -94.33333 2.057585 -75.83334
v -94.83333 2.057585 -77.16667
v -100 2.057585 -78
v -94.83333 2.057585 -77.16667
v -94.5 2.057585 -79
v -100 2.057585 -79.5
v -100 2.057585 -79.5
v -94.5 2.057585 -79
v -92.33333 2.057585 -80.33334
v -127.3333 3.890918 -81
v -128 3.724252 -81
v -128 3.890918 -80.83334
v -127.6667 3.890918 -80.5
v -126.6667 3.890918 -80.5
v -127.3333 3.890918 -81
v -126.6667 3.890918 -81.16667
v -128 3.724252 -81
v -124.3333 2.807585 -78.83334
v -124.5 3.474252 -80.5
v -126.6667 3.890918 -80.5
v -128 2.057585 -76.83334
v -128 2.057585 -76.66667
v -124 2.057585 -77.33334
v -124.3333 2.807585 -78.83334
v -126.6667 3.890918 -80.5
v -124 2.057585 -77.33334
v -123.5 2.057585 -77.16667
v -123.5 2.557585 -78.5
v -124.3333 2.807585 -78.83334
v -126.6667 3.890918 -80.5
v -127.6667 3.890918 -80.5
v -128 3.890918 -80.33334
v -128 2.057585 -76.83334
v -126.3333 3.890918 -80.66667
v -125.5 3.724252 -80.66667
v -125.6667 3.890918 -80.83334
v -126.1667 3.890918 -81.16667
v -125.6667 3.890918 -80.83334
v -126 3.890918 -81.16667
v -126.1667 3.890918 -81.16667
v -123.1667 2.057585 -78.83334
v -123.5 2.557585 -78.5
v -123.5 2.057585 -77.16667
v -122 2.057585 -81.16667
v -123.3333 2.057585 -81
v -123.1667 2.057585 -78.83334
v -122 2.057585 -81.16667
v -123.1667 2.057585 -78.83334
v -123.5 2.057585 -77.16667
v -104.8333 2.057585 -77.16667
v -105.8333 2.057585 -78
v -111.8333 2.057585 -81.16667
v -105.8333 2.057585 -79.5
v -103.8333 2.057585 -81.16667
v -111.6667 2.057585 -81.16667
v -105.8333 2.057585 -79.5
v -111.6667 2.057585 -81.16667
v -111.8333 2.057585 -81.16667
v -105.8333 2.057585 -78
v -128 3.890918 -80.33334
v -127.6667 3.890918 -80.5
v -128 3.890918 -80.83334
v -124.5 3.474252 -80.5
v -124.5 3.724252 -80.83334
v -125.5 3.724252 -80.66667
v -125.5 3.724252 -80.66667
v -126.3333 3.890918 -80.66667
v -126.6667 3.890918 -80.5
v -124.5 3.474252 -80.5
v -85.33333 2.057585 -79.33334
v -86 2.057585 -79.16667
v -87 2.057585 -78
v -87 2.057585 -78
v -89.16666 2.057585 -76.66667
v -90 2.057585 -75.33334
v -85.83333 2.057585 -42.66667
v -85.83333 2.057585 -43.16667
v -121 2.057585 -43.16667
v -128 2.057585 -42.66667
v -121 2.057585 -43.16667
v -124.6667 2.057585 -43.16667
v -128 2.057585 -42.66667
v -123.5 2.057585 -77.16667
v -128 2.057585 -76.66667
v -127 2.057585 -71.16667
v -93.16666 2.057585 -71.16667
v -92.83333 2.057585 -74.16667
v -103.6667 2.057585 -75.83334
v -90 2.057585 -75.33334
v -92 2.057585 -74.16667
v -89.5 2.057585 -71.16667
v -94 2.057585 -74.83334
v -94.33333 2.057585 -75.83334
v -102.1667 2.057585 -75.83334
v -92.83333 2.057585 -74.16667
v -94 2.057585 -74.83334
v -102.1667 2.057585 -75.83334
v -103.6667 2.057585 -75.83334
v -85.83333 2.057585 -43.16667
v -85.66666 2.057585 -44.16667
v -115.8333 2.057585 -44.16667
v -121 2.057585 -43.16667
v -103.6667 2.057585 -75.83334
v -104.8333 2.057585 -77.16667
v -123.5 2.057585 -77.16667
v -128 2.057585 -69
v -125 2.057585 -47.83334
v -124 2.057585 -48.33334
v -93.16666 2.057585 -71.16667
v -92.66666 2.057585 -71.16667
v -92.83333 2.057585 -74.16667
v -90.33333 2.057585 -71.16667
v -89.5 2.057585 -71.16667
v -92 2.057585 -74.16667
v -92.66666 2.057585 -71.16667
v -90.33333 2.057585 -71.16667
v -92 2.057585 -74.16667
v -92.83333 2.057585 -74.16667
v -94.66666 2.057585 -71
v -93.33333 2.057585 -71
v -93.16666 2.057585 -71.16667
v -95.33333 2.057585 -71
v -94.66666 2.057585 -71
v -93.16666 2.057585 -71.16667
v -95.33333 2.057585 -71
v -93.16666 2.057585 -71.16667
v -127 2.057585 -71.16667
v -127 2.057585 -71
v -90.33333 2.057585 -71.16667
v -92.66666 2.057585 -71.16667
v -92 2.057585 -70.66667
v -89.5 2.057585 -71.16667
v -88.83333 2.057585 -70.33334
v -88.16666 2.057585 -70.33334
v -128 2.057585 -76.66667
v -128 2.057585 -72.33334
v -127 2.057585 -71.16667
v -123.5 2.057585 -77.16667
v -124 2.057585 -77.33334
v -128 2.057585 -76.66667
v -95.5 2.057585 -64.5
v -94.83333 2.057585 -65.16667
v -95.66666 2.057585 -65.83334
v -94.5 2.057585 -68.66667
v -94.66666 2.057585 -69.66667
v -95.66666 2.057585 -70
v -127 2.057585 -69.83334
v -95.66666 2.057585 -66.83334
v -85.33333 2.057585 -79.33334
v -86.16666 2.057585 -69.16667
v -85.83333 2.057585 -67.5
v -95.5 2.057585 -63.5
v -95.5 2.057585 -64.5
v -95.66666 2.057585 -65.83334
v -127 2.057585 -69.83334
v -86.16666 2.057585 -60.5
v -86.5 2.057585 -59.5
v -85.33333 2.057585 -48
v -95.66666 2.057585 -65.83334
v -95.66666 2.057585 -66.83334
v -127 2.057585 -69.83334
v -95.66666 2.057585 -70
v -95.33333 2.057585 -71
v -127 2.057585 -71
v -127 2.057585 -69.83334
v -93.33333 2.057585 -71
v -94.66666 2.057585 -71
v -94.33333 2.057585 -70.33334
v -88.16666 2.057585 -70.33334
v -88.83333 2.057585 -70.33334
v -88.83333 2.057585 -70
v -86.33333 2.057585 -61.16667
v -86.66666 2.057585 -60.83334
v -86.16666 2.057585 -60.5
v -86.16666 2.057585 -63
v -86.66666 2.057585 -62.5
v -86.33333 2.057585 -62
v -103.1667 2.057585 -54.5
v -94.83333 2.057585 -61.33334
v -95.5 2.057585 -63.5
v -105 2.057585 -53.33334
v -89.5 2.057585 -71.16667
v -88.16666 2.057585 -70.33334
v -87.33333 2.057585 -70.33334
v -85.33333 2.057585 -79.33334
v -85.5 2.057585 -65.33334
v -85.33333 2.057585 -48
v -116.3333 2.057585 -44.16667
v -120.6667 2.057585 -43.66667
v -121 2.057585 -43.16667
v -115.8333 2.057585 -44.16667
v -116.3333 2.057585 -44.16667
v -116.6667 2.057585 -44.16667
v -120.6667 2.057585 -43.66667
v -100.1667 2.057585 -49.83334
v -85.66666 2.057585 -44.16667
v -85.33333 2.057585 -48
v -99.16666 2.057585 -51.16667
v -92.83333 2.057585 -60.16667
v -91.83333 2.057585 -60.16667
v -92.33333 2.057585 -60.83334
v -87.33333 2.057585 -59.66667
v -87.5 2.057585 -60
v -88.66666 2.057585 -60
v -90.5 2.057585 -59.66667
v -90.5 2.057585 -59.66667
v -88.66666 2.057585 -60
v -89.5 2.057585 -60.5
v -91.33333 2.057585 -59.66667
v -91.83333 2.057585 -60.16667
v -92.83333 2.057585 -60.16667
v -91.33333 2.057585 -59.66667
v -92.83333 2.057585 -60.16667
v -93.5 2.057585 -60.16667
v -85.33333 2.057585 -79.33334
v -85.83333 2.057585 -67.5
v -85.5 2.057585 -65.33334
v -87.16666 2.057585 -59.5
v -87.33333 2.057585 -59.66667
v -90.5 2.057585 -59.66667
v -87.16666 2.057585 -59.5
v -90.5 2.057585 -59.66667
v -91.33333 2.057585 -59.66667
v -86.33333 2.057585 -62
v -86.33333 2.057585 -61.16667
v -86.16666 2.057585 -60.5
v -85.33333 2.057585 -79.33334
v -87 2.057585 -78
v -90 2.057585 -75.33334
v -87.33333 2.057585 -70.33334
v -86.16666 2.057585 -69.16667
v -103.1667 2.057585 -54.5
v -91.33333 2.057585 -59.66667
v -93.5 2.057585 -60.16667
v -90 2.057585 -75.33334
v -89.5 2.057585 -71.16667
v -87.33333 2.057585 -70.33334
v -103.1667 2.057585 -54.5
v -101.5 2.057585 -54.5
v -87.16666 2.057585 -59.5
v -107.5 2.057585 -51.66667
v -105.8333 2.057585 -52.16667
v -105 2.057585 -53.33334
v -121.1667 2.057585 -48.33334
v -119.5 2.057585 -48.33334
v -116.8333 2.057585 -48.5
v -109.1667 2.057585 -50.66667
v -107.5 2.057585 -51.66667
v -105 2.057585 -53.33334
v -116.8333 2.057585 -48.5
v -124 2.057585 -48.33334
v -121.1667 2.057585 -48.33334
v -116.8333 2.057585 -48.5
v -103.1667 2.057585 -54.5
v -93.5 2.057585 -60.16667
v -94.83333 2.057585 -61.33334
v -101.8333 2.057585 -48.83334
v -103 2.057585 -48.83334
v -108 2.057585 -46.33334
v -85.66666 2.057585 -44.16667
v -103.1667 2.057585 -54.5
v -87.16666 2.057585 -59.5
v -91.33333 2.057585 -59.66667
v -94.83333 2.057585 -61.33334
v -94.66666 2.057585 -62.33334
v -95.5 2.057585 -63.5
v -85.83333 2.057585 -67.5
v -86 2.057585 -65.66667
v -85.5 2.057585 -65.33334
v -85.66666 2.057585 -44.16667
v -100.1667 2.057585 -49.83334
v -101.8333 2.057585 -48.83334
v -115.8333 2.057585 -44.16667
v -85.66666 2.057585 -44.16667
v -108 2.057585 -46.33334
v -124 2.057585 -48.33334
v -116.8333 2.057585 -48.5
v -105 2.057585 -53.33334
v -95.5 2.057585 -63.5
v -127 2.057585 -69.83334
v -128 2.057585 -69
v -87.16666 2.057585 -59.5
v -99.16666 2.057585 -52
v -99.16666 2.057585 -51.16667
v -85.33333 2.057585 -48
v -86.5 2.057585 -59.5
v -87.16666 2.057585 -59.5
v -101.5 2.057585 -54.5
v -99.16666 2.057585 -52
v -86.16666 2.057585 -69.16667
v -86.33333 2.057585 -68.16667
v -85.83333 2.057585 -67.5
v -86.16666 2.057585 -63
v -86.33333 2.057585 -62
v -86.16666 2.057585 -60.5
v -85.5 2.057585 -65.33334
v -86.16666 2.057585 -63
v -86.16666 2.057585 -60.5
v -85.33333 2.057585 -48
v -128 2.057585 -42.66667
v -124.6667 2.057585 -43.16667
v -125.5 2.057585 -44
v -128 2.057585 -42.66667
v -125.5 2.057585 -44
v -125.5 2.057585 -45.16667
v -128 2.057585 -42.66667
v -125.5 2.057585 -45.16667
v -125 2.057585 -47.83334
v -128 2.057585 -69
v -46.83334 2.057585 -57.5
v -47.66667 2.057585 -57.5
v -48.16667 2.057585 -57
v -49.83334 2.057585 -54
v -50 2.057585 -53
v -58.5 2.057585 -83.16667
v -44 2.057585 -85.33334
v -79.5 2.057585 -85.33334
v -81.33334 2.057585 -83.16667
v -58.5 2.057585 -83.16667
v -57.33334 2.057585 -83.16667
v -44 2.057585 -85.33334
v -63.5 2.057585 -81.16667
v -59.83334 2.057585 -81.16667
v -59.66667 2.057585 -82.16667
v -63.5 2.057585 -81.16667
v -59.66667 2.057585 -82.16667
v -58.5 2.057585 -83.16667
v -65.16667 2.057585 -81.16667
v -65.16667 2.057585 -81.16667
v -58.5 2.057585 -83.16667
v -81.33334 2.057585 -83.16667
v -83.33334 2.057585 -81.16667
v -57.33334 2.057585 -83.16667
v -56.33334 2.057585 -82.16667
v -53.5 2.057585 -82.16667
v -57.33334 2.057585 -83.16667
v -53.5 2.057585 -82.16667
v -52.5 2.057585 -82.16667
v -44.33334 2.057585 -60.16667
v -45.5 2.057585 -59.33334
v -45.5 2.057585 -58.83334
v -56.33334 2.057585 -80.83334
v -54.83334 2.057585 -80
v -54.33334 2.057585 -81.5
v -56.33334 2.057585 -82.16667
v -53.5 2.057585 -82.16667
v -56.33334 2.057585 -82.16667
v -54.33334 2.057585 -81.5
v -44.33334 2.057585 -73.66667
v -44.33334 2.057585 -72.83334
v -44 2.057585 -72.5
v -42.66667 2.057585 -72.66667
v -48.16667 2.057585 -79
v -48.16667 2.057585 -78.16667
v -47.66667 2.057585 -77.66667
v -79.66667 2.057585 -43.16667
v -78.83334 2.057585 -43.83334
v -81.83334 2.057585 -43.83334
v -81 2.057585 -42.66667
v -81 2.057585 -42.66667
v -79.66667 2.057585 -42.66667
v -79.66667 2.057585 -43.16667
v -53.5 2.057585 -49.83334
v -59 2.057585 -48.5
v -60.16667 2.057585 -47.33334
v -47.66667 2.057585 -77.66667
v -47.66667 2.057585 -76.33334
v -44.33334 2.057585 -73.66667
v -67.66667 2.057585 -79.83334
v -67.33334 2.057585 -79.83334
v -66.16667 2.057585 -81
v -83.33334 2.057585 -81.16667
v -83.66667 2.057585 -81.16667
v -84.83334 2.057585 -79.83334
v -68.33334 2.057585 -79.83334
v -66.16667 2.057585 -81
v -68.33334 2.057585 -79.83334
v -67.66667 2.057585 -79.83334
v -66.16667 2.057585 -81
v -66.16667 2.057585 -81
v -65.16667 2.057585 -81.16667
v -83.33334 2.057585 -81.16667
v -60.83334 2.057585 -80.5
v -59.66667 2.057585 -80.5
v -59.83334 2.057585 -81.16667
v -59.83334 2.057585 -81.16667
v -63.5 2.057585 -81.16667
v -61.66667 2.057585 -80
v -60.83334 2.057585 -80.5
v -44 2.057585 -85.33334
v -57.33334 2.057585 -83.16667
v -52.5 2.057585 -82.16667
v -48.16667 2.057585 -79
v -47.66667 2.057585 -77.66667
v -44.33334 2.057585 -73.66667
v -42.66667 2.057585 -72.66667
v -42.66667 2.057585 -85.16667
v -44 2.057585 -85.33334
v -70 2.057585 -78.5
v -68.33334 2.057585 -79.83334
v -84.83334 2.057585 -79.83334
v -70 2.057585 -77.33334
v -70 2.057585 -78.5
v -84.83334 2.057585 -79.83334
v -58.83334 2.057585 -76.16667
v -56.83334 2.057585 -76.16667
v -57.66667 2.057585 -76.66667
v -58.5 2.057585 -76.66667
v -56.33334 2.057585 -76.16667
v -54.5 2.057585 -76.16667
v -55.5 2.057585 -76.5
v -63.16667 2.057585 -75.66667
v -63.16667 2.057585 -76.16667
v -63.66667 2.057585 -76.16667
v -65 2.057585 -76.16667
v -65.66667 2.057585 -76.16667
v -66.66667 2.057585 -75.83334
v -67.33334 2.057585 -75.16667
v -62.66667 2.057585 -75.16667
v -63.16667 2.057585 -75.66667
v -63.16667 2.057585 -75.66667
v -63.66667 2.057585 -76.16667
v -65 2.057585 -76.16667
v -58.83334 2.057585 -76.16667
v -59.16667 2.057585 -76.16667
v -59.83334 2.057585 -75.16667
v -59.83334 2.057585 -75.16667
v -61 2.057585 -75.16667
v -61.33334 2.057585 -74.83334
v -53.5 2.057585 -74.83334
v -53.5 2.057585 -74.83334
v -54.5 2.057585 -76.16667
v -56.33334 2.057585 -76.16667
v -56.83334 2.057585 -76.16667
v -58.83334 2.057585 -76.16667
v -59.83334 2.057585 -75.16667
v -53.5 2.057585 -74.83334
v -56.33334 2.057585 -76.16667
v -56.83334 2.057585 -76.16667
v -59.83334 2.057585 -75.16667
v -62.16667 2.057585 -74.83334
v -62.66667 2.057585 -75.16667
v -67.33334 2.057585 -75.16667
v -62.16667 2.057585 -74.83334
v -67.33334 2.057585 -75.16667
v -68.33334 2.057585 -75.16667
v -51 2.057585 -81.83334
v -50.5 2.057585 -80.83334
v -48.16667 2.057585 -79
v -44 2.057585 -85.33334
v -53.83334 2.057585 -74.5
v -53.5 2.057585 -74.83334
v -61.33334 2.057585 -74.83334
v -53.83334 2.057585 -74.5
v -61.33334 2.057585 -74.83334
v -62.16667 2.057585 -74.83334
v -70.66667 2.057585 -74.5
v -52.5 2.057585 -82.16667
v -52.33334 2.057585 -81.83334
v -51 2.057585 -81.83334
v -44 2.057585 -85.33334
v -72 2.057585 -74.5
v -70.66667 2.057585 -74.5
v -62.16667 2.057585 -74.83334
v -75.5 2.057585 -67.16667
v -75.16667 2.057585 -67.5
v -75.5 2.057585 -67.66667
v -72 2.057585 -74.5
v -68.33334 2.057585 -75.16667
v -69.16667 2.057585 -76.16667
v -75.5 2.057585 -64.33334
v -75.16667 2.057585 -65.66667
v -75.5 2.057585 -66
v -77 2.057585 -64
v -77.66667 2.057585 -59.83334
v -77.16667 2.057585 -60.66667
v -77.83334 2.057585 -61.5
v -72 2.057585 -74.5
v -62.16667 2.057585 -74.83334
v -68.33334 2.057585 -75.16667
v -74.33334 2.057585 -72.83334
v -73.5 2.057585 -73.83334
v -84.83334 2.057585 -79.83334
v -77.5 2.057585 -63.5
v -77 2.057585 -64
v -75.5 2.057585 -66
v -75.5 2.057585 -67.16667
v -75.16667 2.057585 -69.5
v -74.16667 2.057585 -70.66667
v -74.33334 2.057585 -72.83334
v -75.5 2.057585 -68.33334
v -75.16667 2.057585 -69.5
v -74.33334 2.057585 -72.83334
v -77.5 2.057585 -63.5
v -75.5 2.057585 -67.16667
v -75.5 2.057585 -67.66667
v -69.16667 2.057585 -76.16667
v -69.16667 2.057585 -76.66667
v -70 2.057585 -77.33334
v -77.5 2.057585 -63.5
v -75.5 2.057585 -67.66667
v -75.5 2.057585 -68.33334
v -72 2.057585 -74.5
v -69.16667 2.057585 -76.16667
v -70 2.057585 -77.33334
v -84.83334 2.057585 -79.83334
v -73.5 2.057585 -73.83334
v -53 2.057585 -72.33334
v -53.33334 2.724252 -73
v -54 2.724252 -73.33334
v -69.5 2.057585 -72.33334
v -53.83334 2.057585 -74.5
v -70.66667 2.057585 -74.5
v -69.83334 2.057585 -74
v -69.5 2.057585 -72.33334
v -54 2.724252 -73.33334
v -53.83334 2.057585 -74.5
v -69.83334 2.057585 -74
v -52 2.057585 -71.66667
v -52 2.057585 -72.5
v -53 2.057585 -72.33334
v -51.33334 2.057585 -70.83334
v -52 2.057585 -71.66667
v -53 2.057585 -72.33334
v -69.5 2.057585 -72.33334
v -69.66667 2.057585 -70.83334
v -50.66667 2.807585 -70.33334
v -50.66667 2.807585 -71
v -51.33334 2.057585 -70.83334
v -51.66667 2.057585 -70.5
v -69.66667 2.057585 -70.83334
v -69.5 2.057585 -70.5
v -51.66667 2.057585 -70.5
v -51.33334 2.057585 -70.83334
v -52 2.057585 -70.16667
v -51.66667 2.057585 -70.5
v -69.5 2.057585 -70.5
v -69.5 2.057585 -69.66667
v -51.66667 2.057585 -69.16667
v -52 2.057585 -70.16667
v -69.5 2.057585 -69.66667
v -70 2.057585 -69.16667
v -50.83334 2.057585 -69.16667
v -49.66667 2.057585 -69.16667
v -50.5 2.890918 -70.16667
v -71.33334 2.057585 -61.5
v -71 2.057585 -61.16667
v -70.16667 2.057585 -61.16667
v -49.66667 2.057585 -68.66667
v -49.66667 2.057585 -69.16667
v -50.83334 2.057585 -69.16667
v -70 2.057585 -69.16667
v -71.16667 2.057585 -69
v -70.66667 2.057585 -68
v -72.16667 2.057585 -64.5
v -72.16667 2.057585 -63.33334
v -71.83334 2.057585 -63.16667
v -71.33334 2.057585 -65.83334
v -72 2.057585 -65.83334
v -70.66667 2.057585 -67
v -71.33334 2.057585 -65.83334
v -71.83334 2.057585 -63.16667
v -49.5 2.057585 -61.66667
v -48.66667 2.057585 -61.66667
v -48.5 2.057585 -63.33334
v -49.66667 2.057585 -68.66667
v -50.83334 2.057585 -69.16667
v -51.66667 2.057585 -69.16667
v -49 2.057585 -67.83334
v -70 2.057585 -69.16667
v -70.66667 2.057585 -68
v -70.66667 2.057585 -67
v -71.83334 2.057585 -63.16667
v -71.33334 2.057585 -61.5
v -70.16667 2.057585 -61.16667
v -68.5 2.057585 -61.16667
v -50 2.057585 -61.16667
v -49.5 2.057585 -61.66667
v -48.5 2.057585 -63.33334
v -47.16667 2.057585 -65.83334
v -47.66667 2.057585 -67.83334
v -49 2.057585 -67.83334
v -71.83334 2.057585 -63.16667
v -68.5 2.057585 -61.16667
v -68 2.057585 -61.16667
v -48.5 2.057585 -63.33334
v -47.5 2.057585 -64
v -47.16667 2.057585 -65.83334
v -49 2.057585 -67.83334
v -51.66667 2.057585 -69.16667
v -50 2.057585 -61.16667
v -48.5 2.057585 -63.33334
v -51.66667 2.057585 -69.16667
v -70 2.057585 -69.16667
v -71.83334 2.057585 -63.16667
v -68 2.057585 -61.16667
v -70 2.057585 -69.16667
v -70.66667 2.057585 -67
v -71.83334 2.057585 -63.16667
v -44 2.057585 -62.83334
v -44.33334 2.057585 -62.66667
v -44 2.057585 -62.16667
v -84.83334 2.057585 -49.66667
v -77.83334 2.057585 -61.5
v -77.5 2.057585 -63.5
v -43.83334 2.057585 -65.5
v -44.33334 2.057585 -64.66667
v -44 2.057585 -64
v -83 2.057585 -50.5
v -76.66667 2.057585 -57.16667
v -77.66667 2.057585 -58.66667
v -83.83334 2.057585 -50.5
v -42.66667 2.057585 -65.83334
v -43.83334 2.057585 -65.5
v -44 2.057585 -64
v -44 2.057585 -62.83334
v -85.33334 2.057585 -48
v -84.83334 2.057585 -49.66667
v -85.33334 2.057585 -79.33334
v -42.66667 2.057585 -65.83334
v -44 2.057585 -62.83334
v -44 2.057585 -62.16667
v -70.66667 2.057585 -51.16667
v -73.83334 2.057585 -55.5
v -76.66667 2.057585 -57.16667
v -83 2.057585 -50.5
v -77.5 2.057585 -63.5
v -75.5 2.057585 -68.33334
v -74.33334 2.057585 -72.83334
v -84.83334 2.057585 -79.83334
v -85.33334 2.057585 -79.33334
v -84.83334 2.057585 -49.66667
v -68.83334 2.057585 -59.66667
v -68.5 2.057585 -59.66667
v -69 2.057585 -60.16667
v -70.16667 2.057585 -61.16667
v -69 2.057585 -60.66667
v -68.5 2.057585 -61.16667
v -70.16667 2.057585 -61.16667
v -69 2.057585 -60.16667
v -69 2.057585 -60.66667
v -70.16667 2.057585 -61.16667
v -51 2.057585 -60.16667
v -50 2.057585 -60.83334
v -50 2.057585 -61.16667
v -68 2.057585 -61.16667
v -67.5 2.057585 -60.66667
v -67.5 2.057585 -60.66667
v -67.83334 2.057585 -59.66667
v -51 2.057585 -59.66667
v -51 2.057585 -60.16667
v -68.5 2.057585 -59.66667
v -68.83334 2.057585 -59.66667
v -68.16667 2.057585 -58.16667
v -67.83334 2.057585 -59.66667
v -68.5 2.057585 -59.66667
v -68.16667 2.057585 -58.16667
v -67.16667 2.307585 -58
v -56 2.057585 -57.5
v -51 2.057585 -59
v -51 2.057585 -59.66667
v -57 2.140918 -57.5
v -49.66667 2.057585 -57.5
v -50 2.057585 -58.33334
v -51 2.057585 -59
v -56 2.057585 -57.5
v -67.83334 2.057585 -59.66667
v -67.16667 2.307585 -58
v -66.83334 2.390918 -57.5
v -57 2.140918 -57.5
v -51 2.057585 -59.66667
v -65.83334 2.057585 -55.66667
v -64.83334 2.557585 -54.83334
v -64.5 2.557585 -54.83334
v -66.83334 2.390918 -57.5
v -66.66667 2.057585 -55.66667
v -65.83334 2.057585 -55.66667
v -65.83334 2.057585 -55.66667
v -64.5 2.557585 -54.83334
v -63.66667 2.057585 -54.83334
v -60.66667 2.057585 -56.66667
v -60.33334 2.307585 -57
v -66.83334 2.390918 -57.5
v -63.66667 2.057585 -54.83334
v -60.5 2.057585 -54.83334
v -60.66667 2.057585 -56.66667
v -60.33334 2.307585 -57
v -57 2.140918 -57.5
v -66.83334 2.390918 -57.5
v -55.66667 2.057585 -57
v -49.33334 2.057585 -57
v -49.66667 2.057585 -57.5
v -56 2.057585 -57.5
v -74.83334 2.057585 -56.5
v -75 2.057585 -57.16667
v -75.5 2.057585 -57.16667
v -70.66667 2.057585 -51.16667
v -70.66667 2.057585 -52
v -71.16667 2.057585 -52.33334
v -71.16667 2.057585 -52.33334
v -71.33334 2.057585 -53.83334
v -71.66667 2.057585 -53.83334
v -74.83334 2.057585 -56.5
v -75.5 2.057585 -57.16667
v -76.66667 2.057585 -57.16667
v -71.66667 2.057585 -53.83334
v -72.66667 2.057585 -55
v -73.83334 2.057585 -55.5
v -71.16667 2.057585 -52.33334
v -73.83334 2.057585 -55.5
v -74.83334 2.057585 -56.5
v -76.66667 2.057585 -57.16667
v -83 2.057585 -50.5
v -70 2.057585 -50.5
v -70.66667 2.057585 -51.16667
v -70.66667 2.057585 -51.16667
v -71.16667 2.057585 -52.33334
v -73.83334 2.057585 -55.5
v -73.5 2.057585 -73.83334
v -72.83334 2.057585 -73.83334
v -72 2.057585 -74.5
v -60.16667 2.057585 -47.33334
v -61.33334 2.057585 -47.33334
v -77.16667 2.057585 -43.83334
v -55.66667 2.057585 -57
v -55.5 2.057585 -56.33334
v -52.83334 2.057585 -56.33334
v -49.33334 2.057585 -57
v -55.66667 2.057585 -57
v -52.83334 2.057585 -56.33334
v -51.66667 2.057585 -56.33334
v -81.66667 2.057585 -45.16667
v -78.83334 2.057585 -43.83334
v -77.16667 2.057585 -43.83334
v -61.33334 2.057585 -47.33334
v -82.16667 2.057585 -47.33334
v -48.16667 2.057585 -57
v -49.33334 2.057585 -57
v -51.66667 2.057585 -56.33334
v -55.5 2.057585 -55
v -54.83334 2.057585 -55
v -54.5 2.057585 -55.5
v -55.5 2.057585 -56.33334
v -52.83334 2.057585 -56.33334
v -55.5 2.057585 -56.33334
v -54.5 2.057585 -55.5
v -53.83334 2.057585 -55.5
v -50 2.057585 -53
v -50.66667 2.057585 -52.66667
v -50.33334 2.057585 -52.33334
v -45.5 2.057585 -58.83334
v -46.83334 2.057585 -57.5
v -50 2.057585 -53
v -77.66667 2.057585 -58.66667
v -77.66667 2.057585 -59.83334
v -77.83334 2.057585 -61.5
v -84.83334 2.057585 -49.66667
v -83.83334 2.057585 -50.5
v -48.16667 2.057585 -57
v -51.66667 2.057585 -56.33334
v -50.66667 2.057585 -55.66667
v -81.66667 2.057585 -45.16667
v -81.83334 2.057585 -43.83334
v -78.83334 2.057585 -43.83334
v -82.16667 2.057585 -47.33334
v -61.33334 2.057585 -47.33334
v -66.33334 2.057585 -48.16667
v -82.33334 2.057585 -48.16667
v -61.5 2.057585 -54.16667
v -60 2.057585 -54.16667
v -60.5 2.057585 -54.83334
v -61.5 2.057585 -54.16667
v -60.5 2.057585 -54.83334
v -63.66667 2.057585 -54.83334
v -63.33334 2.224252 -54.16667
v -59.16667 2.140918 -54.16667
v -58.83334 2.057585 -54.16667
v -58.66667 2.224252 -54.33334
v -60 2.057585 -54.16667
v -61.5 2.057585 -54.16667
v -61.33334 2.057585 -53.83334
v -59.16667 2.140918 -54.16667
v -60 2.057585 -54.16667
v -61.33334 2.057585 -53.83334
v -58.83334 2.057585 -54.16667
v -59.16667 2.140918 -54.16667
v -61.33334 2.057585 -53.83334
v -57.83334 2.057585 -50.16667
v -59.16667 2.057585 -50.16667
v -59 2.057585 -49.83334
v -55.5 2.057585 -49.83334
v -55.5 2.057585 -49.83334
v -57.5 2.057585 -50.66667
v -57.83334 2.057585 -50.16667
v -51.83334 2.057585 -50.66667
v -52.16667 2.057585 -50.66667
v -53.5 2.057585 -49.83334
v -51.16667 2.057585 -50.66667
v -51.83334 2.057585 -50.66667
v -53.5 2.057585 -49.83334
v -50.66667 2.057585 -55.66667
v -50.5 2.057585 -54.33334
v -49.83334 2.057585 -54
v -48.16667 2.057585 -57
v -61.33334 2.057585 -47.33334
v -65.16667 2.057585 -48.16667
v -66.33334 2.057585 -48.16667
v -61.33334 2.057585 -47.33334
v -62.33334 2.057585 -48.16667
v -65.16667 2.057585 -48.16667
v -67.66667 2.057585 -48.33334
v -68.5 2.057585 -49.66667
v -70 2.057585 -50.5
v -82.5 2.057585 -49.83334
v -82.33334 2.057585 -48.16667
v -70 2.057585 -50.5
v -83 2.057585 -50.5
v -82.5 2.057585 -49.83334
v -82.33334 2.057585 -48.16667
v -66.33334 2.057585 -48.16667
v -67.66667 2.057585 -48.33334
v -62.5 2.057585 -49.66667
v -64.16667 2.057585 -50.33334
v -64.33334 2.057585 -49
v -62.33334 2.057585 -48.16667
v -62.5 2.057585 -49.66667
v -64.33334 2.057585 -49
v -65.16667 2.057585 -48.16667
v -55.5 2.057585 -49.83334
v -59 2.057585 -49.83334
v -59 2.057585 -48.5
v -54.66667 2.057585 -49.83334
v -55.5 2.057585 -49.83334
v -59 2.057585 -48.5
v -54.33334 2.057585 -49.83334
v -54.66667 2.057585 -49.83334
v -59 2.057585 -48.5
v -53.5 2.057585 -49.83334
v -54.33334 2.057585 -49.83334
v -59 2.057585 -48.5
v -50 2.057585 -53
v -50.33334 2.057585 -52.33334
v -50.33334 2.057585 -51.5
v -42.66667 2.057585 -42.66667
v -44.33334 2.057585 -60.16667
v -45.5 2.057585 -58.83334
v -77.16667 2.057585 -43.83334
v -77 2.057585 -43.5
v -75 2.057585 -43.5
v -60.16667 2.057585 -47.33334
v -42.66667 2.057585 -65.83334
v -44 2.057585 -62.16667
v -44 2.057585 -60.83334
v -42.66667 2.057585 -42.66667
v -60.16667 2.057585 -47.33334
v -75 2.057585 -43.5
v -74.66667 2.057585 -42.66667
v -42.66667 2.057585 -42.66667
v -51.16667 2.057585 -50.66667
v -53.5 2.057585 -49.83334
v -60.16667 2.057585 -47.33334
v -42.66667 2.057585 -42.66667
v -50.33334 2.057585 -51.5
v -51.16667 2.057585 -50.66667
v -42.66667 2.057585 -42.66667
v -44 2.057585 -60.83334
v -44.33334 2.057585 -60.16667
v -42.66667 2.057585 -42.66667
v -39.83334 2.057585 -83.83334
v -39.33334 2.057585 -84.33334
v -39.83334 2.057585 -85.33334
v -41.66667 2.057585 -85.33334
v -18.33333 3.890918 -42.66667
v -16.66667 3.890918 -44
v -20.5 2.807585 -44
v -19.5 3.474252 -42.66667
v -18.33333 3.890918 -42.66667
v -18.16667 3.890918 -42.66667
v -16.66667 3.890918 -44
v -35.33334 2.057585 -84.33334
v -35.83334 2.057585 -83.5
v -35.83334 2.057585 -82.5
v -18.66667 2.057585 -82.5
v -18.66667 2.057585 -82.5
v -17.66667 2.057585 -82.33334
v -14.83333 2.057585 -84
v -18.66667 2.057585 -82.5
v -14.83333 2.057585 -84
v -11.5 2.057585 -85.33334
v -35.5 2.057585 -85.33334
v -35.33334 2.057585 -84.33334
v -13.66667 2.057585 -79.33334
v -14.66667 2.057585 -79.16667
v -15.66667 2.057585 -77.83334
v -38.66667 2.057585 -77.5
v -31.66667 2.057585 -71.5
v -31 2.057585 -71.5
v -18.83333 2.057585 -76.66667
v -19.66667 2.057585 -77.5
v -38.66667 2.057585 -77.5
v -39.33334 2.057585 -77.5
v -42.66667 2.057585 -72.66667
v -41.66667 2.057585 -71.5
v -31.66667 2.057585 -71.5
v -34.66667 2.057585 -44
v -36 2.057585 -43
v -36 2.057585 -42.66667
v -21 2.057585 -42.66667
v -27.83333 2.057585 -44
v -20.5 2.057585 -81.33334
v -18.66667 2.057585 -82.5
v -35.83334 2.057585 -82.5
v -21.33333 2.057585 -80.16667
v -20.5 2.057585 -81.33334
v -35.83334 2.057585 -82.5
v -21.33333 2.057585 -79.33334
v -21.33333 2.057585 -80.16667
v -35.83334 2.057585 -82.5
v -37.33334 2.057585 -78.5
v -38.66667 2.057585 -77.5
v -19.66667 2.057585 -77.5
v -21.33333 2.057585 -79.33334
v -37.33334 2.057585 -78.5
v -21 2.057585 -42.66667
v -21.33333 2.057585 -43.16667
v -27.16667 2.057585 -44
v -27.83333 2.057585 -44
v -39.33334 2.057585 -77.5
v -40 2.057585 -78.16667
v -42.66667 2.057585 -72.66667
v -15.16667 3.890918 -44.83334
v -15.16667 3.890918 -44.5
v -14.83333 3.890918 -44.5
v -14.83333 3.890918 -44.83334
v -21.83333 2.057585 -45.16667
v -26.83333 2.057585 -45.16667
v -26.83333 2.057585 -44.33334
v -18.33333 2.057585 -76.66667
v -18.83333 2.057585 -76.66667
v -31 2.057585 -71.5
v -27.16667 2.057585 -44
v -21.33333 2.390918 -44
v -21.83333 2.057585 -45.16667
v -26.83333 2.057585 -44.33334
v -21.33333 2.057585 -43.16667
v -21.16667 2.557585 -43.83334
v -21.33333 2.390918 -44
v -27.16667 2.057585 -44
v -33.66667 2.057585 -71.33334
v -32.16667 2.057585 -71.33334
v -31.66667 2.057585 -71.5
v -34.83334 2.057585 -71.33334
v -33.66667 2.057585 -71.33334
v -31.66667 2.057585 -71.5
v -36.16667 2.057585 -71.33334
v -34.83334 2.057585 -71.33334
v -31.66667 2.057585 -71.5
v -41.66667 2.057585 -71.5
v -41.66667 2.057585 -71.33334
v -36.83334 2.057585 -71.33334
v -36.83334 2.057585 -71.33334
v -36.16667 2.057585 -71.33334
v -31.66667 2.057585 -71.5
v -41.66667 2.057585 -71.5
v -31 2.057585 -71.5
v -30.33333 2.057585 -70.66667
v -29.5 2.057585 -70.66667
v -31 2.057585 -71.5
v -29.5 2.057585 -70.66667
v -28.83333 2.057585 -70.66667
v -39.83334 2.057585 -83.83334
v -41.66667 2.057585 -85.33334
v -42.66667 2.057585 -85.16667
v -42.66667 2.057585 -72.66667
v -40 2.057585 -78.16667
v -39.66667 2.057585 -81.5
v -36.83334 2.057585 -65
v -36.33334 2.057585 -65.5
v -37 2.057585 -65.83334
v -41.5 2.057585 -67.66667
v -41.83334 2.057585 -67.33334
v -41.83334 2.057585 -66.5
v -37.16667 2.057585 -67
v -41.5 2.057585 -70.16667
v -42 2.057585 -69
v -41.66667 2.057585 -68.83334
v -35.83334 2.057585 -69.33334
v -36.16667 2.057585 -69.83334
v -37.16667 2.057585 -70.16667
v -18.33333 2.057585 -76.66667
v -28.83333 2.057585 -70.66667
v -27.66667 2.057585 -69.5
v -36.83334 2.057585 -63.5
v -36.83334 2.057585 -65
v -37 2.057585 -65.83334
v -41.5 2.057585 -70.16667
v -41.66667 2.057585 -68.83334
v -41.5 2.057585 -67.66667
v -37.16667 2.057585 -67
v -35.83334 2.057585 -69.33334
v -37.16667 2.057585 -70.16667
v -37.16667 2.057585 -70.16667
v -37.16667 2.057585 -71
v -41.5 2.057585 -70.16667
v -36.83334 2.057585 -63.5
v -37 2.057585 -65.83334
v -37.16667 2.057585 -67
v -41.83334 2.057585 -66.5
v -42.66667 2.057585 -65.83334
v -37.16667 2.057585 -71
v -36.83334 2.057585 -71.33334
v -41.66667 2.057585 -71.33334
v -41.5 2.057585 -70.16667
v -18.33333 2.057585 -76.66667
v -31 2.057585 -71.5
v -28.83333 2.057585 -70.66667
v -34.83334 2.057585 -71.33334
v -36.16667 2.057585 -71.33334
v -35.66667 2.057585 -70.66667
v -32.16667 2.057585 -71.33334
v -33.66667 2.057585 -71.33334
v -33.16667 2.057585 -70.83334
v -29.5 2.057585 -70.66667
v -30.33333 2.057585 -70.66667
v -30.16667 2.057585 -70.16667
v -27.66667 2.057585 -61.5
v -28 2.057585 -61.33334
v -27.66667 2.057585 -60.16667
v -21.83333 2.057585 -45.16667
v -21.33333 2.057585 -45.5
v -27.16667 2.057585 -45.5
v -26.83333 2.057585 -45.16667
v -21.83333 2.057585 -45.16667
v -21.33333 2.057585 -45.16667
v -21.33333 2.057585 -45.5
v -27 2.057585 -64.83334
v -28 2.057585 -62.83334
v -27.66667 2.057585 -62.16667
v -27 2.057585 -64.83334
v -27.66667 2.057585 -62.16667
v -27.66667 2.057585 -61.5
v -42.66667 2.057585 -42.66667
v -42 2.057585 -42.66667
v -37 2.057585 -48.16667
v -35 2.057585 -60.5
v -36.16667 2.057585 -61.5
v -42.66667 2.057585 -65.83334
v -17 2.057585 -77
v -27 2.057585 -65.66667
v -27 2.057585 -64.83334
v -27.83333 2.057585 -44
v -28.16667 2.057585 -44.33334
v -33.16667 2.057585 -45.5
v -34.66667 2.057585 -44
v -28.16667 2.057585 -44.33334
v -28.16667 2.057585 -45.16667
v -33.16667 2.057585 -45.5
v -34.33334 2.057585 -60.5
v -33.33334 2.057585 -60.5
v -33.83334 2.057585 -61
v -28.83333 2.057585 -60
v -29 2.057585 -60.33334
v -30.16667 2.057585 -60.33334
v -31.83333 2.057585 -60
v -31.83333 2.057585 -60
v -30.16667 2.057585 -60.33334
v -30.83333 2.057585 -60.83334
v -32.83334 2.057585 -60
v -33.33334 2.057585 -60.5
v -34.33334 2.057585 -60.5
v -32.83334 2.057585 -60
v -34.33334 2.057585 -60.5
v -35 2.057585 -60.5
v -27 2.057585 -64.83334
v -27.66667 2.057585 -60.16667
v -28.33333 2.057585 -54.66667
v -28.66667 2.057585 -59.83334
v -28.83333 2.057585 -60
v -31.83333 2.057585 -60
v -28.66667 2.057585 -59.83334
v -31.83333 2.057585 -60
v -32.83334 2.057585 -60
v -27.66667 2.057585 -60.16667
v -28 2.057585 -59.83334
v -28.33333 2.057585 -54.66667
v -27 2.057585 -64.83334
v -27.66667 2.057585 -61.5
v -27.66667 2.057585 -60.16667
v -11.33333 2.057585 -80.66667
v -13.66667 2.057585 -79.33334
v -15.66667 2.057585 -77.83334
v 0 2.057585 -83.16667
v -3.666668 2.057585 -82.83334
v -28.66667 2.057585 -59.83334
v -28.83333 2.057585 -54.66667
v -28.33333 2.057585 -54.66667
v -28 2.057585 -59.83334
v -35.5 2.057585 -49.5
v -35 2.057585 -49.5
v -34.33334 2.057585 -50.5
v -28.83333 2.057585 -54.66667
v -32.83334 2.057585 -60
v -35 2.057585 -60.5
v -34.33334 2.057585 -50.5
v -31.66667 2.057585 -52.16667
v -31.66667 2.057585 -52.83334
v -28.83333 2.057585 -54.66667
v -28.66667 2.057585 -59.83334
v -32.83334 2.057585 -60
v -36.16667 2.057585 -61.5
v -36.16667 2.057585 -62.66667
v -36.83334 2.057585 -63.5
v -42.66667 2.057585 -65.83334
v -27.33333 2.057585 -68
v -27.33333 2.057585 -65.83334
v -27 2.057585 -65.66667
v -17 2.057585 -77
v -18.33333 2.057585 -76.66667
v -28.33333 2.057585 -54.66667
v -28.16667 2.057585 -54.33334
v -27.5 2.057585 -54.5
v -31.16667 2.057585 -53.33334
v -28.83333 2.057585 -54.66667
v -35 2.057585 -60.5
v -27 2.057585 -64.83334
v -28.33333 2.057585 -54.66667
v -27.5 2.057585 -54.5
v -34.33334 2.057585 -50.5
v -31.66667 2.057585 -52.83334
v -31.16667 2.057585 -53.33334
v -35 2.057585 -60.5
v -35.5 2.057585 -49.5
v -37 2.057585 -48.16667
v -36.66667 2.057585 -48.16667
v -35.5 2.057585 -49.5
v -35 2.057585 -60.5
v -19.33333 2.057585 -46.83334
v -18.66667 2.224252 -47
v -18.66667 2.057585 -47.33334
v -18.66667 2.057585 -47.33334
v -18 2.057585 -47.5
v -17.66667 2.057585 -48
v -26.5 2.057585 -52.33334
v -21.33333 2.057585 -45.5
v -20.16667 2.057585 -46
v -19.33333 2.057585 -46.83334
v -21.33333 2.057585 -45.5
v -19.33333 2.057585 -46.83334
v -18.66667 2.057585 -47.33334
v -26.5 2.057585 -52.33334
v -26.16667 2.057585 -51.5
v -29.66667 2.057585 -48.33334
v -33.16667 2.057585 -45.5
v -27.83333 2.057585 -45.5
v -28.5 2.057585 -48.5
v -17.66667 2.057585 -48
v -11 2.057585 -52.33334
v -26.5 2.057585 -52.33334
v -28.5 2.057585 -48.5
v -27.83333 2.057585 -45.5
v -27.16667 2.057585 -45.5
v -26.5 2.057585 -49.83334
v -26.16667 2.057585 -51.5
v -26.16667 2.057585 -50.33334
v -21.33333 2.057585 -45.5
v -26.16667 2.057585 -50.33334
v -26.5 2.057585 -49.83334
v -27.16667 2.057585 -45.5
v -21.33333 2.057585 -45.5
v -13.66667 3.890918 -46
v -13 3.890918 -45.83334
v -13 3.890918 -46.33334
v -18 2.057585 -47.5
v -18.66667 2.057585 -47.33334
v -18.66667 2.224252 -47
v -13.66667 3.890918 -46
v -11.33333 3.890918 -47.33334
v -10.5 3.890918 -47.33334
v -10.5 3.890918 -47.66667
v -10.33333 2.557585 -51.33334
v -10.83333 2.057585 -52.33334
v -11 2.057585 -52.33334
v -10.5 2.974252 -50.5
v -10.5 3.890918 -47.66667
v -9.666668 3.890918 -48.16667
v -9.333332 3.724252 -49
v -10.5 2.974252 -50.5
v -11.33333 3.890918 -47.33334
v -18.66667 2.224252 -47
v -19.33333 2.057585 -46.83334
v -20.16667 2.057585 -46
v -13.66667 3.890918 -46
v -13.66667 3.890918 -46
v -13 3.890918 -46.33334
v -11.33333 3.890918 -47.33334
v -13 3.890918 -46.33334
v -12.16667 3.890918 -46.66667
v -11.33333 3.890918 -47.33334
v -13.66667 3.890918 -46
v -11.33333 3.890918 -47.33334
v -10.5 2.974252 -50.5
v -11 2.057585 -52.33334
v -17.66667 2.057585 -48
v -18 2.057585 -47.5
v -10.83333 2.057585 -52.33334
v -10.33333 2.557585 -51.33334
v -9.666668 2.057585 -51.5
v -4 2.057585 -51.5
v -1.833332 2.057585 -52.33334
v -10.83333 2.057585 -52.33334
v -9.666668 2.057585 -51.5
v -4 2.057585 -51.5
v -9.666668 2.057585 -51.5
v -8.333332 2.057585 -49.5
v -27 2.057585 -64.83334
v -26.5 2.057585 -52.33334
v -11 2.057585 -52.33334
v 0 2.057585 -52.83334
v 0 2.057585 -83.16667
v -15.66667 2.057585 -77.83334
v -9.666668 3.890918 -48.16667
v -10.5 3.890918 -47.66667
v -10.5 3.890918 -47.33334
v -9 3.890918 -47.83334
v -8.333332 3.724252 -46.66667
v -9 3.890918 -47.83334
v -10.5 3.890918 -47.33334
v -12.16667 3.890918 -46.66667
v -10.5 3.890918 -47.33334
v -11.33333 3.890918 -47.33334
v -12.16667 3.890918 -46.66667
v -12.16667 3.890918 -46.66667
v -13 3.890918 -46.33334
v -13 3.890918 -45.83334
v -8.333332 3.724252 -46.66667
v -13.66667 3.890918 -46
v -14.33333 3.890918 -45.5
v -14.33333 3.807585 -44.83334
v -13 3.890918 -45.83334
v -15.16667 3.890918 -44.5
v -15.16667 3.890918 -44.83334
v -16.66667 3.890918 -44
v -14.83333 3.890918 -44.83334
v -14.83333 3.890918 -44.5
v -14.33333 3.807585 -44.83334
v -14.83333 3.890918 -44.5
v -15.16667 3.890918 -44.5
v -16.66667 3.890918 -44
v -18.16667 3.890918 -42.66667
v -14.33333 3.807585 -44.83334
v -15.16667 3.890918 -44.83334
v -14.83333 3.890918 -44.83334
v -15.66667 2.057585 -77.83334
v -17 2.057585 -77
v -27 2.057585 -64.83334
v -7.666668 3.724252 -46.66667
v -8.333332 3.724252 -46.66667
v -13 3.890918 -45.83334
v -14.33333 3.807585 -44.83334
v -14.83333 3.890918 -44.5
v -7.666668 3.724252 -46.66667
v -14.33333 3.807585 -44.83334
v -21.33333 2.390918 -44
v -21.16667 2.557585 -43.83334
v -20.5 2.807585 -44
v -21.33333 2.057585 -45.16667
v -21.83333 2.057585 -45.16667
v -15.16667 3.890918 -45
v -14.33333 3.807585 -44.83334
v -14.33333 3.890918 -45.5
v -16.66667 3.890918 -44
v -15.5 3.890918 -44.5
v -15.16667 3.890918 -45
v -20.16667 2.057585 -46
v -21.33333 2.057585 -45.16667
v -20.5 2.807585 -44
v -15.16667 3.890918 -45
v -14.33333 3.890918 -45.5
v -13.66667 3.890918 -46
v -20.16667 2.057585 -46
v -20.16667 2.057585 -46
v -21.33333 2.057585 -45.5
v -21.33333 2.057585 -45.16667
v -28.16667 2.057585 -45.16667
v -27.83333 2.057585 -45.5
v -33.16667 2.057585 -45.5
v -27.66667 2.057585 -69.5
v -27.83333 2.057585 -68.5
v -27.33333 2.057585 -68
v -18.33333 2.057585 -76.66667
v -10.83333 2.057585 -52.33334
v -1.833332 2.057585 -52.33334
v 0 2.057585 -52.83334
v -11 2.057585 -52.33334
v -10.83333 2.057585 -52.33334
v 0 2.057585 -52.83334
v -27 2.057585 -64.83334
v -27.5 2.057585 -54.5
v -26.5 2.057585 -52.33334
v 0 3.724252 -42.66667
v 0 3.724252 -49.83334
v -3.833332 3.724252 -48.5
v -7.666668 3.724252 -46.66667
v -7.666668 3.724252 -46.66667
v -14.83333 3.890918 -44.5
v -18.16667 3.890918 -42.66667
v 0 3.724252 -42.66667
v 20 2.057585 -82.83334
v 20 2.057585 -85.33334
v 4.833333 2.057585 -85.33334
v 4.5 2.057585 -83.5
v 3.5 2.057585 -82.83334
v 20 2.057585 -82.83334
v 4.5 2.057585 -83.5
v 28 2.057585 -81
v 28 2.057585 -80.33334
v 30 2.057585 -78.5
v 26.66667 2.057585 -85.33334
v 26.5 2.057585 -82.16667
v 27.5 2.057585 -81.66667
v 27.5 2.057585 -81.66667
v 28 2.057585 -81
v 30 2.057585 -78.5
v 26.66667 2.057585 -85.33334
v 40.66667 2.057585 -42.66667
v 42.66667 2.057585 -42.66667
v 42 2.057585 -42.83334
v 42.66667 2.057585 -42.66667
v 42.66667 2.057585 -43.5
v 42 2.057585 -42.83334
v 40.16667 2.057585 -50.33334
v 37.33334 2.057585 -50.33334
v 38.16667 2.057585 -49.33334
v 40 2.057585 -49.5
v 30.66667 2.057585 -77.33334
v 30.66667 2.057585 -76.16667
v 42.66667 2.057585 -69.16667
v 42.66667 2.057585 -85.33334
v 26.66667 2.057585 -85.33334
v 30 2.057585 -78.5
v 30.66667 2.057585 -77.33334
v 42.66667 2.057585 -85.33334
v 30.66667 2.057585 -76.16667
v 30 2.057585 -75.16667
v 27.66667 2.057585 -69.16667
v 42.66667 2.057585 -69.16667
v 19.83333 2.057585 -81.5
v 20 2.057585 -82.83334
v 3.5 2.057585 -82.83334
v 23.5 2.057585 -79.66667
v 23.5 2.057585 -80.16667
v 23.16667 2.057585 -80.16667
v 22.5 2.057585 -79.66667
v 23.83333 2.057585 -78.33334
v 23.5 2.057585 -79.66667
v 22.5 2.057585 -79.66667
v 23 2.057585 -77.5
v 23.83333 2.057585 -78.33334
v 22.5 2.057585 -79.66667
v 21.33333 2.057585 -79.66667
v 23 2.057585 -76
v 23 2.057585 -77.5
v 21.33333 2.057585 -79.66667
v 35 2.057585 -49.5
v 35.5 2.057585 -50
v 23.83333 2.057585 -50.33334
v 25.5 2.057585 -75.16667
v 27.16667 2.057585 -75.16667
v 26.33333 2.057585 -76
v 24.5 2.057585 -48.16667
v 24.5 2.057585 -46.83334
v 24.83333 2.057585 -44.66667
v 25.33333 2.057585 -42.66667
v 33.16667 2.057585 -43.66667
v 33 2.057585 -46.66667
v 33.16667 2.057585 -43.66667
v 33.16667 2.057585 -44.5
v 33 2.057585 -46.66667
v 27.66667 2.057585 -69.16667
v 30 2.057585 -75.16667
v 28.83333 2.057585 -75.16667
v 27.66667 2.057585 -69.16667
v 28.83333 2.057585 -75.16667
v 28.33333 2.057585 -75.16667
v 27.66667 2.057585 -69.16667
v 28.33333 2.057585 -75.16667
v 27.16667 2.057585 -75.16667
v 26.16667 2.057585 -69.16667
v 27.66667 2.057585 -69.16667
v 27.16667 2.057585 -75.16667
v 25.5 2.057585 -75.16667
v 26.16667 2.057585 -69.16667
v 25.5 2.057585 -75.16667
v 24.16667 2.057585 -75.16667
v 25.5 2.057585 -68.83334
v 25.83333 2.057585 -68.83334
v 26.16667 2.057585 -69.16667
v 24.66667 2.057585 -68.83334
v 25.5 2.057585 -68.83334
v 26.16667 2.057585 -69.16667
v 22.33333 2.057585 -68.83334
v 24.66667 2.057585 -68.83334
v 26.16667 2.057585 -69.16667
v 20.5 2.057585 -68.83334
v 22.33333 2.057585 -68.83334
v 26.16667 2.057585 -69.16667
v 26.16667 2.057585 -69.16667
v 24.16667 2.057585 -75.16667
v 23 2.057585 -76
v 31.16667 2.057585 -66.16667
v 30.66667 2.057585 -65.66667
v 31.33333 2.057585 -65.16667
v 29 2.057585 -57.33334
v 27.83333 2.057585 -57.33334
v 27 2.057585 -56.5
v 42.66667 2.057585 -56.5
v 31.16667 2.057585 -67.33334
v 31.16667 2.057585 -66.16667
v 31.33333 2.057585 -65.16667
v 42.33334 2.057585 -68.83334
v 28.5 2.057585 -69
v 29.5 2.057585 -67.83334
v 30.66667 2.057585 -67.83334
v 42.66667 2.057585 -69.16667
v 31.33333 2.057585 -64
v 29.5 2.057585 -62.33334
v 29.83333 2.057585 -61.5
v 31.33333 2.057585 -64
v 29.83333 2.057585 -61.5
v 29.66667 2.057585 -57.83334
v 42.66667 2.057585 -56.5
v 42.66667 2.057585 -57.16667
v 42.33334 2.057585 -68.83334
v 42.66667 2.057585 -57.16667
v 42.66667 2.057585 -67.83334
v 42.33334 2.057585 -68.83334
v 31.16667 2.057585 -67.33334
v 42.33334 2.057585 -68.83334
v 42.66667 2.057585 -69.16667
v 30.66667 2.057585 -67.83334
v 31.33333 2.057585 -65.16667
v 31.33333 2.057585 -64
v 42.33334 2.057585 -68.83334
v 29.66667 2.057585 -57.83334
v 29 2.057585 -57.33334
v 42.66667 2.057585 -56.5
v 42.66667 2.057585 -69.16667
v 27.66667 2.057585 -69.16667
v 28.5 2.057585 -69
v 20.5 2.057585 -68.83334
v 26.16667 2.057585 -69.16667
v 23 2.057585 -76
v 17.16667 2.057585 -67.5
v 18 2.057585 -67.33334
v 18.83333 2.057585 -68.33334
v 23 2.057585 -76
v 21.33333 2.057585 -79.66667
v 19.83333 2.057585 -81.5
v 24.66667 2.057585 -68.83334
v 22.33333 2.057585 -68.83334
v 23.5 2.057585 -68
v 3 2.057585 -56.33334
v 3.5 2.557585 -56.66667
v 3.333333 2.057585 -57.83334
v 14.83333 2.057585 -60.5
v 16.66667 2.057585 -62.33334
v 16.16667 2.057585 -64.5
v 0 2.057585 -52.83334
v 3.333333 2.057585 -53.83334
v 3 2.057585 -56.33334
v 17.16667 2.057585 -67.5
v 18.83333 2.057585 -68.33334
v 23 2.057585 -76
v 14.83333 2.057585 -60.5
v 16.16667 2.057585 -64.5
v 16.16667 2.057585 -66.66667
v 3.333333 2.057585 -57.83334
v 18.83333 2.057585 -68.33334
v 20.16667 2.057585 -68.33334
v 20.5 2.057585 -68.83334
v 23 2.057585 -76
v 3.333333 2.057585 -57.83334
v 15.16667 2.057585 -59.33334
v 14.83333 2.057585 -60.5
v 15.66667 3.890918 -55.5
v 15.83333 3.890918 -55.5
v 16.16667 3.224252 -57
v 15.33333 2.807585 -57.66667
v 15.66667 2.307585 -59
v 15.16667 2.057585 -59.33334
v 3.333333 2.057585 -57.83334
v 3.5 2.557585 -56.66667
v 4.166667 2.807585 -56.33334
v 14.66667 3.890918 -55.5
v 15.33333 2.807585 -57.66667
v 15.16667 2.057585 -59.33334
v 14.66667 3.890918 -55.5
v 15.66667 3.890918 -55.5
v 16.16667 3.224252 -57
v 15.33333 2.807585 -57.66667
v 4.166667 2.807585 -56.33334
v 4.333333 3.140918 -55.5
v 14.66667 3.890918 -55.5
v 21.83333 2.057585 -56.16667
v 23.66667 2.057585 -56.16667
v 22.5 2.057585 -56.83334
v 27 2.057585 -56.5
v 25.83333 2.057585 -56.66667
v 25.5 2.057585 -56.16667
v 42.66667 2.057585 -56.33334
v 42.66667 2.057585 -56.5
v 27 2.057585 -56.5
v 16.16667 2.057585 -66.66667
v 0.8333334 2.057585 -82.83334
v 0 2.057585 -83.16667
v 3.333333 2.057585 -57.83334
v 21.83333 2.057585 -56.16667
v 21 2.057585 -56.16667
v 21.16667 2.057585 -55.16667
v 21.83333 2.057585 -56.16667
v 21.16667 2.057585 -55.16667
v 22 2.057585 -54.83334
v 23.66667 2.057585 -56.16667
v 16.16667 2.057585 -66.66667
v 17.16667 2.057585 -67.5
v 23 2.057585 -76
v 19.83333 2.057585 -81.5
v 3.5 2.057585 -82.83334
v 0.8333334 2.057585 -82.83334
v 23.66667 2.057585 -56.16667
v 22 2.057585 -54.83334
v 23.16667 2.057585 -53.5
v 25.5 2.057585 -56.16667
v 0 2.057585 -52.83334
v 3 2.057585 -56.33334
v 3.333333 2.057585 -57.83334
v 0 2.057585 -83.16667
v 0.8333334 2.057585 -82.83334
v 0.6666667 2.057585 -83.16667
v 0 2.057585 -83.16667
v 13 3.890918 -55.33334
v 14.66667 3.890918 -55.5
v 4.333333 3.140918 -55.5
v 4.333333 3.140918 -55.33334
v 13 3.890918 -55.33334
v 12.33333 3.890918 -55
v 13.16667 3.890918 -55
v 13 3.890918 -55.33334
v 13.16667 3.890918 -55
v 13.5 3.890918 -55
v 14.66667 3.890918 -55
v 15.66667 3.890918 -55
v 15.66667 3.890918 -55.16667
v 14.66667 3.890918 -55
v 15.66667 3.890918 -55.16667
v 15.66667 3.890918 -55.5
v 14.66667 3.890918 -55.5
v 14.16667 3.890918 -55
v 13 3.890918 -55.33334
v 13.5 3.890918 -55
v 14.16667 3.890918 -55
v 14.66667 3.890918 -55.5
v 15.66667 3.890918 -55.16667
v 15.83333 3.890918 -55.5
v 15.66667 3.890918 -55.5
v 11.83333 3.890918 -54.66667
v 12.5 3.890918 -54.66667
v 12.33333 3.890918 -55
v 11.83333 3.890918 -55.16667
v 11.5 3.890918 -55.16667
v 13 3.890918 -55.33334
v 4.333333 3.140918 -55.33334
v 4.333333 3.224252 -55.16667
v 11.83333 3.890918 -55.16667
v 12.33333 3.890918 -55
v 13 3.890918 -55.33334
v 11.5 3.890918 -55.16667
v 11.83333 3.890918 -55.16667
v 13 3.890918 -55.33334
v 9.166667 3.890918 -54.66667
v 9.166667 3.890918 -54.33334
v 9.5 3.890918 -54.33334
v 9.5 3.890918 -54.83334
v 8.333334 3.890918 -54.66667
v 9.5 3.890918 -54.83334
v 11.5 3.890918 -55.16667
v 4.333333 3.224252 -55.16667
v 4.5 3.474252 -54.66667
v 8.333334 3.890918 -54.66667
v 9.166667 3.890918 -54.66667
v 9.5 3.890918 -54.83334
v 9.5 3.890918 -54.83334
v 11.5 3.890918 -55
v 11.5 3.890918 -55.16667
v 11.83333 3.890918 -55.16667
v 11.5 3.890918 -55.16667
v 11.5 3.890918 -55
v 11.66667 3.890918 -54.5
v 11.83333 3.890918 -54.66667
v 12.5 3.890918 -54.66667
v 11.83333 3.890918 -54.66667
v 11.66667 3.890918 -54.5
v 13.16667 3.724252 -54.66667
v 12.5 3.890918 -54.66667
v 11.66667 3.890918 -54.5
v 13.16667 3.890918 -55
v 12.33333 3.890918 -55
v 12.5 3.890918 -54.66667
v 13.16667 3.890918 -54.83334
v 15.66667 3.724252 -54.5
v 15.66667 3.724252 -54.66667
v 13.16667 3.724252 -54.66667
v 11.66667 3.890918 -54.5
v 13.16667 3.724252 -54.66667
v 13.16667 3.890918 -54.83334
v 12.5 3.890918 -54.66667
v 11.5 3.890918 -55
v 9.5 3.890918 -54.83334
v 9.5 3.890918 -54.33334
v 11.66667 3.890918 -54.5
v 15.66667 3.724252 -54.33334
v 15.66667 3.724252 -54.5
v 11.66667 3.890918 -54.5
v 9.5 3.890918 -54.33334
v 13.16667 3.890918 -54.83334
v 13.5 3.890918 -55
v 13.16667 3.890918 -55
v 13.5 3.890918 -55
v 13.16667 3.890918 -54.83334
v 13.16667 3.724252 -54.66667
v 14.66667 3.724252 -54.83334
v 14.16667 3.890918 -55
v 15.66667 3.724252 -54.66667
v 15.66667 3.724252 -54.83334
v 14.66667 3.724252 -54.83334
v 13.16667 3.724252 -54.66667
v 14.66667 3.724252 -54.83334
v 14.66667 3.890918 -55
v 14.16667 3.890918 -55
v 14.66667 3.724252 -54.83334
v 15.66667 3.724252 -54.83334
v 15.66667 3.890918 -55
v 14.66667 3.890918 -55
v 6.833333 3.890918 -54.33334
v 7.833333 3.890918 -54
v 7.833333 3.890918 -54.5
v 6.833333 3.890918 -54.33334
v 7.833333 3.890918 -54.5
v 8.333334 3.890918 -54.66667
v 4.5 3.474252 -54.66667
v 5.166667 3.724252 -54.33334
v 8.333334 3.890918 -54.66667
v 7.833333 3.890918 -54.5
v 7.833333 3.890918 -54
v 9.166667 3.890918 -54.33334
v 9.166667 3.890918 -54.66667
v 9.5 3.890918 -54.33334
v 9.166667 3.890918 -54.33334
v 7.833333 3.890918 -54
v 15.83333 3.724252 -54
v 15.66667 3.724252 -54.33334
v 9.5 3.890918 -54.33334
v 7.833333 3.890918 -54
v 5.5 3.890918 -54
v 6.833333 3.890918 -54.33334
v 5.166667 3.724252 -54.33334
v 18.83333 3.724252 -43.83334
v 18.83333 3.724252 -44.33334
v 17.83333 3.724252 -44.33334
v 18 3.724252 -43.33334
v 5 3.724252 -51.5
v 0 3.724252 -49.83334
v 0 3.724252 -42.66667
v 17.83333 3.724252 -46.33334
v 18.66667 3.724252 -46.33334
v 18.83333 3.724252 -47
v 17.16667 3.724252 -47.5
v 16 3.724252 -49.33334
v 16.16667 3.724252 -52.66667
v 15.83333 3.724252 -54
v 7.833333 3.890918 -54
v 18 3.724252 -43.33334
v 17.83333 3.724252 -44.33334
v 17.5 3.724252 -44.66667
v 18 3.724252 -42.66667
v 17.5 3.724252 -46
v 17.83333 3.724252 -46.33334
v 17.16667 3.724252 -47.5
v 6.833333 3.890918 -54.33334
v 5.5 3.890918 -54
v 5.5 3.890918 -53.5
v 5.5 3.890918 -53.5
v 5.166667 3.890918 -53.33334
v 5.333333 3.724252 -51.83334
v 17.5 3.724252 -44.66667
v 16.33333 3.724252 -48.5
v 16 3.724252 -49.33334
v 7.833333 3.890918 -54
v 6.833333 3.890918 -54.33334
v 5.5 3.890918 -53.5
v 5.333333 3.724252 -51.83334
v 17.5 3.724252 -46
v 17.16667 3.724252 -47.5
v 16.33333 3.724252 -48.5
v 17.5 3.724252 -44.66667
v 18 3.724252 -42.66667
v 17.5 3.724252 -44.66667
v 16 3.724252 -49.33334
v 7.833333 3.890918 -54
v 5 3.724252 -51.5
v 0 3.724252 -42.66667
v 7.833333 3.890918 -54
v 5.333333 3.724252 -51.83334
v 5 3.724252 -51.5
v 37.33334 2.057585 -50.33334
v 40.16667 2.057585 -50.33334
v 40.5 2.057585 -51.16667
v 36.66667 2.057585 -50.33334
v 37.33334 2.057585 -50.33334
v 40.5 2.057585 -51.16667
v 36.66667 2.057585 -50.33334
v 40.5 2.057585 -51.16667
v 23.66667 2.057585 -51.16667
v 23.83333 2.057585 -50.33334
v 40.5 2.057585 -51.16667
v 41.16667 2.057585 -51.16667
v 42.66667 2.057585 -56.33334
v 27 2.057585 -56.5
v 25.5 2.057585 -56.16667
v 23.16667 2.057585 -53.5
v 23.66667 2.057585 -51.16667
v 40.5 2.057585 -51.16667
v 42.66667 2.057585 -56.33334
v 25 2.057585 -43.5
v 24.66667 2.057585 -43
v 25.33333 2.057585 -42.66667
v 33.16667 2.057585 -44.5
v 33.83334 2.057585 -45.16667
v 33.16667 2.057585 -45.5
v 33.5 2.057585 -42.66667
v 34 2.057585 -43
v 33.16667 2.057585 -43.66667
v 25.33333 2.057585 -42.66667
v 24.5 2.057585 -46.83334
v 23.66667 2.057585 -46.16667
v 23.66667 2.057585 -45.66667
v 24.83333 2.057585 -44.66667
v 24.83333 2.057585 -44.66667
v 25 2.057585 -43.5
v 25.33333 2.057585 -42.66667
v 33.16667 2.057585 -44.5
v 33.16667 2.057585 -45.5
v 33 2.057585 -46.66667
v 35.5 2.057585 -50
v 36.66667 2.057585 -50.33334
v 23.83333 2.057585 -50.33334
v 23.83333 2.057585 -50.33334
v 23.83333 2.057585 -48.83334
v 24.5 2.057585 -48.16667
v 33 2.057585 -46.66667
v 35.16667 2.057585 -48.66667
v 35 2.057585 -49.5
v 42.16667 2.057585 -49.16667
v 42.5 2.057585 -49
v 42.66667 2.057585 -49.33334
v 42.33334 2.057585 -50.33334
v 42.66667 2.057585 -56.33334
v 42.33334 2.057585 -50.33334
v 42.66667 2.057585 -49.33334
v 42.66667 2.057585 -56.33334
v 41.16667 2.057585 -51.16667
v 42.33334 2.057585 -50.33334
v 51.16667 2.057585 -73.16667
v 51.5 2.057585 -73.16667
v 50.83334 2.057585 -74
v 51 2.057585 -84
v 51.33334 2.057585 -84
v 50.66667 2.057585 -84.83334
v 50.33334 2.057585 -72.16667
v 51.16667 2.057585 -73.16667
v 50.83334 2.057585 -74
v 50.16667 2.057585 -83
v 51 2.057585 -84
v 50.66667 2.057585 -84.83334
v 50 2.057585 -70.16667
v 50.5 2.057585 -70.5
v 50.33334 2.057585 -72.16667
v 50.5 2.057585 -78.5
v 50.5 2.057585 -79.66667
v 49.83334 2.057585 -80.5
v 50.16667 2.057585 -83
v 50.66667 2.057585 -84.83334
v 50.66667 2.057585 -85.33334
v 42.66667 2.057585 -85.33334
v 50.83334 2.057585 -74
v 51.33334 2.057585 -76.66667
v 50.5 2.057585 -78.5
v 50.33334 2.057585 -72.16667
v 49.83334 2.057585 -80.5
v 50.16667 2.057585 -83
v 42.66667 2.057585 -85.33334
v 42.66667 2.057585 -69.16667
v 50 2.057585 -69
v 50 2.057585 -70.16667
v 42.66667 2.057585 -69.16667
v 50 2.057585 -70.16667
v 50.33334 2.057585 -72.16667
v 50.5 2.057585 -78.5
v 49.83334 2.057585 -80.5
v 42.66667 2.057585 -85.33334
v 59.16667 2.057585 -85.33334
v 58.83334 2.057585 -84.66667
v 59.83334 2.057585 -84
v 68.66667 2.057585 -85.33334
v 59.5 2.057585 -61.5
v 59.16667 2.057585 -61
v 60.16667 2.057585 -60.16667
v 59 2.057585 -67.33334
v 58.66667 2.057585 -66.83334
v 59.33334 2.057585 -65
v 59.16667 2.057585 -62.5
v 59.5 2.057585 -61.5
v 60.16667 2.057585 -60.16667
v 59.33334 2.057585 -65
v 59.33334 2.057585 -75.66667
v 59.16667 2.057585 -73.83334
v 60 2.057585 -73.16667
v 59.83334 2.057585 -81
v 60.16667 2.057585 -60.16667
v 60.16667 2.057585 -58.5
v 60.66667 2.057585 -57.33334
v 60 2.057585 -70.16667
v 59 2.057585 -69.16667
v 59 2.057585 -67.33334
v 59.33334 2.057585 -65
v 60.16667 2.057585 -60.16667
v 60.66667 2.057585 -57.33334
v 59.83334 2.057585 -81
v 58.83334 2.057585 -80
v 58.66667 2.057585 -77.83334
v 59.33334 2.057585 -75.66667
v 68.66667 2.057585 -85.33334
v 59.83334 2.057585 -84
v 59.83334 2.057585 -81
v 60 2.057585 -73.16667
v 60 2.057585 -51.5
v 59.5 2.057585 -44
v 59.5 2.057585 -42.66667
v 68.66667 2.057585 -42.66667
v 60.66667 2.057585 -57.33334
v 59.16667 2.057585 -50
v 58.33334 2.057585 -49.33334
v 58.83334 2.057585 -44.66667
v 60 2.057585 -73.16667
v 60 2.057585 -70.16667
v 60.66667 2.057585 -57.33334
v 68.66667 2.057585 -42.66667
v 68.66667 2.057585 -85.33334
v 59.16667 2.057585 -50
v 58.83334 2.057585 -44.66667
v 59.5 2.057585 -44
v 60 2.057585 -51.5
v 42.66667 2.057585 -57.16667
v 43.33334 2.307585 -57.5
v 43.33334 2.390918 -59.83334
v 43.16667 2.307585 -67.83334
v 42.66667 2.057585 -67.83334
v 45.5 2.057585 -57.5
v 49 2.057585 -57.5
v 48.83334 2.057585 -67.83334
v 45.33334 2.057585 -67.83334
v 50.66667 2.057585 -49.66667
v 43.5 2.057585 -49.66667
v 43.83334 2.057585 -49.33334
v 52.83334 2.057585 -56
v 52.66667 2.057585 -56.16667
v 52.16667 2.057585 -56.16667
v 52.83334 2.057585 -56
v 52.16667 2.057585 -56.16667
v 51 2.057585 -56.16667
v 43.66667 2.057585 -56
v 52.83334 2.057585 -56
v 51 2.057585 -56.16667
v 43.83334 2.057585 -56.16667
v 52.16667 2.057585 -55
v 52.83334 2.057585 -55
v 52.83334 2.057585 -56
v 51.66667 2.057585 -54.5
v 52.16667 2.057585 -55
v 52.83334 2.057585 -56
v 43.66667 2.057585 -56
v 50.83334 2.057585 -51.5
v 51.83334 2.057585 -53
v 51.66667 2.057585 -54.5
v 43.83334 2.057585 -49.33334
v 43.83334 2.057585 -48.5
v 44.16667 2.057585 -44.83334
v 50.83334 2.057585 -47.5
v 50.66667 2.057585 -49.66667
v 43.5 2.057585 -49.66667
v 50.66667 2.057585 -49.66667
v 50.83334 2.057585 -51.5
v 43.66667 2.057585 -56
v 43 2.057585 -56
v 43 2.057585 -49.66667
v 43.5 2.057585 -49.66667
v 50.83334 2.057585 -51.5
v 51.66667 2.057585 -54.5
v 57.66667 2.057585 -53.33334
v 56 2.057585 -52.83334
v 56.5 2.057585 -52.33334
v 56.5 2.057585 -51.5
v 57.83334 2.057585 -50.5
v 57.66667 2.057585 -53.33334
v 56.5 2.057585 -52.33334
v 53.16667 2.057585 -49.5
v 54.33334 2.057585 -49.66667
v 54.5 2.057585 -50.16667
v 53.83334 2.057585 -51.5
v 52.66667 2.057585 -52
v 43.83334 2.057585 -48.5
v 43.83334 2.057585 -48
v 44.16667 2.057585 -44.83334
v 43.83334 2.057585 -48.5
v 43.5 2.057585 -48.16667
v 43.83334 2.057585 -48
v 43.66667 2.057585 -44.16667
v 42.66667 2.057585 -44
v 42.66667 2.057585 -43.5
v 52.66667 2.057585 -42.66667
v 52.66667 2.057585 -43.16667
v 51.66667 2.057585 -43.66667
v 44.16667 2.057585 -44.83334
v 43.66667 2.057585 -44.16667
v 42.66667 2.057585 -42.66667
v 43.66667 2.057585 -44.16667
v 42.66667 2.057585 -43.5
v 42.66667 2.057585 -42.66667
v 51.66667 2.057585 -43.66667
v 51.16667 2.057585 -44.66667
v 44.16667 2.057585 -44.83334
v 51.16667 2.057585 -44.66667
v 51.16667 2.057585 -47
v 50.83334 2.057585 -47.5
v 44.16667 2.057585 -44.83334
v 42.66667 2.057585 -49.33334
v 43 2.057585 -49.66667
v 43 2.057585 -56
v 42.66667 2.057585 -56.33334
v -178.3333 2.057585 -42
v -177.8333 2.057585 -42.5
v -178 2.057585 -42.66667
v -180.1667 2.057585 -42.66667
v -178.8333 2.057585 -39
v -177.8333 2.057585 -39.83334
v -178.3333 2.057585 -40.5
v -178.8333 2.057585 -25.66667
v -177.6667 2.057585 -27
v -178.1667 2.057585 -27.5
v -178.1667 2.057585 -29.33333
v -177.8333 2.057585 -31.33333
v -178.6667 2.057585 -33.83334
v -178.1667 2.057585 -29.33333
v -176.8333 2.057585 -30.16667
v -177.8333 2.057585 -31.33333
v -178.6667 2.057585 -33.83334
v -178.6667 2.057585 -35
v -179.3333 2.057585 -35.83334
v -180.1667 2.057585 -22.83333
v -177.6667 2.057585 -22.83333
v -178.5 2.057585 -24.16667
v -179.3333 2.057585 -36.83334
v -178.6667 2.057585 -37.16667
v -178.8333 2.057585 -39
v -180.1667 2.057585 -42.66667
v -178.3333 2.057585 -40.5
v -178.3333 2.057585 -42
v -180.1667 2.057585 -42.66667
v -178.8333 2.057585 -39
v -180.1667 2.057585 -22.83333
v -178.5 2.057585 -24.16667
v -178.8333 2.057585 -25.66667
v -178.8333 2.057585 -25.66667
v -178.1667 2.057585 -27.5
v -178.1667 2.057585 -29.33333
v -178.6667 2.057585 -33.83334
v -179.3333 2.057585 -35.83334
v -180.1667 2.057585 -22.83333
v -179.3333 2.057585 -35.83334
v -179.3333 2.057585 -36.83334
v -180.1667 2.057585 -42.66667
v -180.1667 2.057585 -22.83333
v -177 2.057585 -21.66667
v -176.5 2.057585 -21.66667
v -176.5 2.057585 -22.83333
v -177 2.057585 -22.83333
v -180.1667 2.057585 0
v -178.5 2.057585 -1.833332
v -178.1667 2.057585 -3.833332
v -177 2.057585 -21.66667
v -177 2.057585 -22.83333
v -177.6667 2.057585 -22.83333
v -177.5 2.057585 -21.16667
v -178.1667 2.057585 -11.66667
v -178.5 2.057585 -17.83333
v -180.1667 2.057585 -22.83333
v -180.1667 2.057585 0
v -178.1667 2.057585 0
v -178.5 2.057585 -0.3333321
v -178.1667 2.057585 -3.833332
v -177.1667 2.057585 -4.666668
v -177.6667 2.057585 -5.5
v -177.5 2.057585 -7.333332
v -176.6667 2.057585 -7.833332
v -176.3333 2.057585 -8.666668
v -176.5 2.057585 -9.666668
v -177.6667 2.057585 -10.5
v -178.5 2.057585 -1.833332
v -178 2.057585 -2.166668
v -178.1667 2.057585 -3.833332
v -177.6667 2.057585 -6.833332
v -177.5 2.057585 -7.333332
v -177.6667 2.057585 -10.5
v -178.1667 2.057585 -11.66667
v -180.1667 2.057585 0
v -178.5 2.057585 -0.3333321
v -178.5 2.057585 -1.833332
v -178.1667 2.057585 -3.833332
v -177.6667 2.057585 -5.5
v -177.6667 2.057585 -6.833332
v -178.1667 2.057585 -11.66667
v -180.1667 2.057585 -22.83333
v -180.1667 2.057585 0
v -177.5 2.057585 -21.16667
v -177.6667 2.057585 -22.83333
v -180.1667 2.057585 -22.83333
v -178.5 2.057585 -17.83333
v -177.5 2.057585 -19.5
v -171.5 2.057585 -20
v -173.3333 2.057585 -19.5
v -172.6667 2.057585 -18.83333
v -172.6667 2.057585 -18.83333
v -172.6667 2.057585 -18
v -171.5 2.057585 -17.16667
v -171.5 2.057585 -20
v -176 2.057585 -16
v -174.8333 2.057585 -16.33333
v -175.1667 2.057585 -18
v -176.6667 2.057585 -18.66667
v -170.6667 2.057585 -14.16667
v -170.6667 2.057585 -16.16667
v -171 2.057585 -16
v -150.1667 2.057585 -42
v -149.5 2.057585 -42.33334
v -149.5 2.057585 -42.66667
v -170 2.057585 -42.66667
v -155.3333 2.057585 -34
v -154.5 2.057585 -33.83334
v -154.5 2.057585 -34.66667
v -150.8333 2.057585 -37
v -150.5 2.057585 -37.16667
v -150.3333 2.057585 -38.33334
v -154.5 2.057585 -34.66667
v -153.5 2.057585 -35
v -153.1667 2.057585 -35.5
v -150.3333 2.057585 -38.33334
v -149.6667 2.057585 -38.66667
v -150.1667 2.057585 -40
v -153.1667 2.057585 -35.5
v -150.6667 2.057585 -35.83334
v -150.8333 2.057585 -37
v -150.8333 2.057585 -37
v -150.3333 2.057585 -38.33334
v -150.1667 2.057585 -40
v -150.1667 2.057585 -42
v -154.5 2.057585 -34.66667
v -153.1667 2.057585 -35.5
v -169.1667 2.057585 -37
v -170.3333 2.057585 -35.66667
v -170.1667 2.057585 -34
v -155.3333 2.057585 -34
v -170 2.057585 -42.66667
v -170 2.057585 -40.33334
v -169.1667 2.057585 -39.5
v -155.3333 2.057585 -34
v -154.5 2.057585 -34.66667
v -150.1667 2.057585 -42
v -169.1667 2.057585 -39.5
v -169.1667 2.057585 -37
v -155.3333 2.057585 -34
v -144.8333 2.057585 -36.33334
v -144.6667 2.057585 -35.83334
v -144.1667 2.057585 -35.83334
v -144.5 2.057585 -37.33334
v -143.1667 2.057585 -38.16667
v -143.5 2.057585 -35.16667
v -143.5 2.057585 -33
v -128 2.057585 -42.66667
v -145.8333 2.057585 -29
v -145.8333 2.057585 -27.83333
v -145 2.057585 -27.5
v -145 2.057585 -30.66667
v -145 2.057585 -30.66667
v -146.6667 2.057585 -29.66667
v -145.8333 2.057585 -29
v -158.3333 2.057585 -7
v -168.5 2.057585 -4.666668
v -168.5 2.057585 -1.833332
v -144.5 2.057585 -37.33334
v -144.1667 2.057585 -35.83334
v -143.5 2.057585 -35.16667
v -143.1667 2.057585 -38.16667
v -145.1667 2.057585 -42.66667
v -145.1667 2.057585 -40.5
v -144 2.057585 -40.5
v -143.5 2.057585 -33
v -144.3333 2.057585 -32.33334
v -145 2.057585 -30.66667
v -145 2.057585 -27.5
v -144.8333 2.057585 -26.66667
v -148.8333 2.057585 0
v -148.8333 2.057585 -1.166668
v -150.6667 2.057585 -7
v -156.5 2.057585 -7
v -169.3333 2.057585 -7
v -169.5 2.057585 -5.5
v -168.5 2.057585 -4.666668
v -158.3333 2.057585 -7
v -145.1667 2.057585 -42.66667
v -144 2.057585 -40.5
v -143.3333 2.057585 -39.83334
v -128 2.057585 -42.66667
v -128 2.057585 -42.66667
v -143.3333 2.057585 -39.83334
v -143.1667 2.057585 -38.16667
v -156.5 2.057585 -33.66667
v -155.6667 2.057585 -33.66667
v -155.3333 2.057585 -34
v -157.1667 2.057585 -33.66667
v -156.5 2.057585 -33.66667
v -155.3333 2.057585 -34
v -157.1667 2.057585 -33.66667
v -155.3333 2.057585 -34
v -170.1667 2.057585 -34
v -170.5 2.057585 -33.66667
v -154.6667 2.057585 -28.16667
v -157.3333 2.057585 -31.16667
v -158.1667 2.057585 -31.5
v -169.8333 2.057585 -31
v -169.8333 2.057585 -28.16667
v -169.8333 2.057585 -31
v -158.1667 2.057585 -31.5
v -158.1667 2.057585 -32.5
v -158.1667 2.057585 -32.5
v -157.1667 2.057585 -33.66667
v -170.5 2.057585 -33.66667
v -169.8333 2.057585 -31
v -155.6667 2.057585 -33.66667
v -156.5 2.057585 -33.66667
v -156.1667 2.057585 -33.33334
v -153.6667 2.057585 -28.16667
v -153.6667 2.057585 -28.5
v -154 2.057585 -28.5
v -154.1667 2.057585 -28.16667
v -153.6667 2.057585 -27.66667
v -153.6667 2.057585 -28.16667
v -154.1667 2.057585 -28.16667
v -153.6667 2.057585 -27.66667
v -154.1667 2.057585 -28.16667
v -154.6667 2.057585 -28.16667
v -153.1667 2.057585 -26.5
v -153.1667 2.057585 -27.33333
v -153.6667 2.057585 -27.66667
v -154.6667 2.057585 -28.16667
v -153.3333 2.057585 -24.66667
v -169.8333 2.057585 -28.16667
v -170 2.057585 -27.5
v -169.1667 2.057585 -27
v -154.6667 2.057585 -28.16667
v -153.3333 2.057585 -24.66667
v -152.5 2.057585 -25.83333
v -153.1667 2.057585 -26.5
v -154.6667 2.057585 -28.16667
v -169.1667 2.057585 -27
v -168.6667 2.057585 -24.5
v -168.6667 2.057585 -22.5
v -152.1667 2.057585 -22.5
v -153.3333 2.057585 -24
v -153.3333 2.057585 -24
v -153.3333 2.057585 -24.66667
v -154.6667 2.057585 -28.16667
v -168.6667 2.057585 -24.5
v -168.6667 2.057585 -22.5
v -149 2.057585 -21.33333
v -151 2.057585 -22.5
v -151.3333 2.057585 -22.5
v -149 2.057585 -21.33333
v -151.3333 2.057585 -22.5
v -152.1667 2.057585 -22.5
v -168.8333 2.057585 -21.33333
v -149 2.057585 -21.33333
v -152.1667 2.057585 -22.5
v -168.6667 2.057585 -22.5
v -147.5 2.057585 -22
v -146.8333 2.057585 -22
v -147.3333 2.057585 -22.33333
v -146.8333 2.057585 -22
v -147.5 2.057585 -22
v -148.1667 2.057585 -21.33333
v -146.1667 2.057585 -22
v -146.8333 2.057585 -22
v -148.1667 2.057585 -21.33333
v -148 2.057585 -4.833332
v -148 2.057585 -6.5
v -148.3333 2.057585 -7
v -150.6667 2.057585 -7
v -148.5 2.057585 -3.166668
v -169 2.057585 -19
v -169.8333 2.057585 -17
v -151.8333 2.057585 -17
v -149 2.057585 -21.33333
v -168.8333 2.057585 -21.33333
v -169 2.057585 -19
v -151.8333 2.057585 -17
v -151.3333 2.057585 -17
v -168.5 2.057585 -1.833332
v -169.6667 2.057585 -0.6666679
v -169.5 2.057585 0
v -148.8333 2.057585 0
v -156.5 2.057585 -7
v -158.3333 2.057585 -7
v -148.1667 2.057585 -21.33333
v -149 2.057585 -21.33333
v -151.3333 2.057585 -17
v -158.8333 2.057585 -12
v -158.3333 2.057585 -12.5
v -158.3333 2.057585 -13.33333
v -161.1667 2.057585 -11.33333
v -159.5 2.057585 -11.5
v -169.6667 2.057585 -9.333332
v -170.6667 2.057585 -8.5
v -170.6667 2.057585 -8.166668
v -169.5 2.057585 -7.166668
v -154.1667 2.057585 -16.16667
v -153.1667 2.057585 -16.16667
v -152.6667 2.057585 -16.83333
v -169.5 2.057585 -7.166668
v -161.3333 2.057585 -7.166668
v -161.8333 2.057585 -8
v -169.6667 2.057585 -10.5
v -161.6667 2.057585 -10.83333
v -161.1667 2.057585 -11.33333
v -156.8333 2.057585 -15
v -155.8333 2.057585 -15.16667
v -154.1667 2.057585 -16.16667
v -169.8333 2.057585 -17
v -170.6667 2.057585 -16.16667
v -170.6667 2.057585 -14.16667
v -169.6667 2.057585 -10.5
v -169.6667 2.057585 -9.333332
v -169.5 2.057585 -7.166668
v -161.8333 2.057585 -8
v -161.6667 2.057585 -10.83333
v -152.6667 2.057585 -16.83333
v -151.8333 2.057585 -17
v -169.8333 2.057585 -17
v -170.6667 2.057585 -14.16667
v -170.3333 2.057585 -11.16667
v -169.6667 2.057585 -10.5
v -156.8333 2.057585 -15
v -154.1667 2.057585 -16.16667
v -152.6667 2.057585 -16.83333
v -169.8333 2.057585 -17
v -161.1667 2.057585 -11.33333
v -158.3333 2.057585 -13.33333
v -156.8333 2.057585 -15
v -169.8333 2.057585 -17
v -170.6667 2.057585 -14.16667
v -169.6667 2.057585 -10.5
v -151.3333 2.057585 -17
v -151 2.057585 -16.66667
v -150.3333 2.057585 -16.66667
v -151.3333 2.057585 -17
v -150.3333 2.057585 -16.66667
v -149.1667 2.057585 -16.66667
v -148.8333 2.057585 -1.166668
v -148.1667 2.057585 -1.5
v -148.5 2.057585 -3.166668
v -150.6667 2.057585 -7
v -150.3333 2.057585 -16.66667
v -151 2.057585 -16.66667
v -150.8333 2.057585 -16.33333
v -149.1667 2.057585 -16.66667
v -148.8333 2.057585 -16.33333
v -147.5 2.057585 -16.33333
v -149.1667 2.057585 -16.66667
v -147.5 2.057585 -16.33333
v -145.8333 2.057585 -16.33333
v -148.1667 2.057585 -21.33333
v -151.3333 2.057585 -17
v -149.1667 2.057585 -16.66667
v -146.1667 2.057585 -22
v -147.5 2.057585 -16.33333
v -148.8333 2.057585 -16.33333
v -148.3333 2.057585 -15.83333
v -145.8333 2.057585 -16.33333
v -145.1667 2.057585 -15.5
v -144.1667 2.057585 -15.5
v -145.8333 2.057585 -16.33333
v -144.1667 2.057585 -15.5
v -142.8333 2.057585 -15.5
v -144.8333 2.057585 -25
v -145.3333 2.057585 -22.83333
v -145.8333 2.057585 -16.33333
v -145.1667 2.057585 -15.5
v -145.1667 2.057585 -15
v -144.6667 2.057585 -15
v -144.1667 2.057585 -15.5
v -142.3333 2.057585 -15
v -142.3333 2.057585 -13
v -141.5 2.057585 -12.5
v -139.6667 2.057585 -7.166668
v -139.6667 2.057585 -5
v -138.8333 2.057585 -4.333332
v -143.5 2.057585 -33
v -144.8333 2.057585 -26.66667
v -144.8333 2.057585 -25
v -140.8333 2.057585 -11.33333
v -140.6667 2.057585 -9.666668
v -139.6667 2.057585 -7.166668
v -146.1667 2.057585 -22
v -149.1667 2.057585 -16.66667
v -145.8333 2.057585 -16.33333
v -145.3333 2.057585 -22.83333
v -138.8333 2.057585 -1.333332
v -139.8333 2.057585 0
v -128 2.057585 0
v -138.8333 2.057585 -4.333332
v -138.8333 2.057585 -1.333332
v -128 2.057585 0
v -144.8333 2.057585 -25
v -145.5 2.057585 -24.16667
v -145.3333 2.057585 -22.83333
v -154.3333 2.057585 -7.666668
v -153.5 2.057585 -7.666668
v -154 2.057585 -8
v -150.6667 2.057585 -7
v -151.6667 2.057585 -7.666668
v -152.3333 2.057585 -7.666668
v -150.6667 2.057585 -7
v -152.3333 2.057585 -7.666668
v -153.5 2.057585 -7.666668
v -156.5 2.057585 -7
v -150.6667 2.057585 -7
v -153.5 2.057585 -7.666668
v -154.3333 2.057585 -7.666668
v -160.1667 2.057585 -7.166668
v -159 2.057585 -7.166668
v -159.8333 2.057585 -7.5
v -158.3333 2.057585 -7
v -159 2.057585 -7.166668
v -160.1667 2.057585 -7.166668
v -158.3333 2.057585 -7
v -160.1667 2.057585 -7.166668
v -161.3333 2.057585 -7.166668
v -169.3333 2.057585 -7
v -158.3333 2.057585 -7
v -161.3333 2.057585 -7.166668
v -169.5 2.057585 -7.166668
v -148 2.057585 -6.5
v -147.6667 2.057585 -7
v -148.3333 2.057585 -7
v -148.5 2.057585 -3.166668
v -147.5 2.057585 -4.166668
v -148 2.057585 -4.833332
v -142.3333 2.057585 -15
v -141.5 2.057585 -12.5
v -140.8333 2.057585 -11.33333
v -140.8333 2.057585 -11.33333
v -139.6667 2.057585 -7.166668
v -138.8333 2.057585 -4.333332
v -128 2.057585 0
v -144.8333 2.057585 -25
v -145.8333 2.057585 -16.33333
v -142.8333 2.057585 -15.5
v -144.8333 2.057585 -25
v -142.8333 2.057585 -15.5
v -142.3333 2.057585 -15
v -144.8333 2.057585 -25
v -142.3333 2.057585 -15
v -140.8333 2.057585 -11.33333
v -128 2.057585 0
v -128 2.057585 -42.66667
v -143.5 2.057585 -33
v -98.5 2.057585 -41.83334
v -85.33333 2.057585 -41.83334
v -85.83333 2.057585 -42.66667
v -99.5 2.057585 -41.83334
v -98.5 2.057585 -41.83334
v -85.83333 2.057585 -42.66667
v -124.1667 2.057585 -26.16667
v -123 2.057585 -32.16667
v -123 2.057585 -33.33334
v -128 2.057585 -42.66667
v -111.1667 2.057585 -38.83334
v -101.8333 2.057585 -38.83334
v -100.6667 2.057585 -41.16667
v -111.1667 2.057585 -38.83334
v -100.6667 2.057585 -41.16667
v -99.5 2.057585 -41.83334
v -112.5 2.057585 -38.83334
v -120.3333 2.057585 -0.1666679
v -121.1667 2.057585 -0.1666679
v -121.8333 2.057585 0
v -89.33333 2.057585 -33.16667
v -89.33333 2.057585 -32.66667
v -88.83333 2.057585 -32.33334
v -112.5 2.057585 -38.83334
v -99.5 2.057585 -41.83334
v -128 2.057585 -42.66667
v -87.5 2.057585 -14.33333
v -85.5 2.057585 -14.33333
v -89.66666 2.057585 -25.16667
v -88.83333 2.057585 -32.33334
v -87.83333 2.057585 -30.16667
v -87 2.057585 -29.83333
v -89.33333 2.057585 -33.16667
v -88.83333 2.057585 -32.33334
v -87 2.057585 -29.83333
v -85.33333 2.057585 -41.83334
v -97.16666 2.057585 -41.16667
v -96.5 2.057585 -40
v -93.66666 2.057585 -38.16667
v -85.33333 2.057585 -41.83334
v -85.33333 2.057585 -41.83334
v -98.5 2.057585 -41.83334
v -97.16666 2.057585 -41.16667
v -115.8333 2.057585 -37.83334
v -112.8333 2.057585 -38.16667
v -112.5 2.057585 -38.83334
v -128 2.057585 -42.66667
v -85.33333 2.057585 -41.83334
v -93.66666 2.057585 -38.16667
v -91.16666 2.057585 -35.66667
v -85.33333 2.057585 -41.83334
v -91.16666 2.057585 -35.66667
v -89.33333 2.057585 -33.16667
v -85.33333 2.057585 -41.83334
v -87 2.057585 -29.83333
v -86.33333 2.057585 -28
v -117 2.057585 -36.16667
v -116.1667 2.057585 -36.16667
v -116.1667 2.057585 -37.5
v -118.6667 2.057585 -35.5
v -117.3333 2.057585 -35.5
v -117 2.057585 -36.16667
v -119.8333 2.057585 -35.5
v -118.6667 2.057585 -35.5
v -117 2.057585 -36.16667
v -116.1667 2.057585 -37.5
v -99.5 2.057585 -41.83334
v -85.83333 2.057585 -42.66667
v -128 2.057585 -42.66667
v -121.1667 2.057585 -0.1666679
v -121.8333 2.057585 -0.1666679
v -121.8333 2.057585 0
v -110 2.057585 -38
v -110 2.057585 -36.66667
v -107.8333 2.057585 -36.66667
v -110 2.057585 -38
v -107.8333 2.057585 -36.66667
v -107 2.057585 -36.66667
v -101.6667 2.057585 -37.66667
v -101.8333 2.057585 -38.83334
v -111.1667 2.057585 -38.83334
v -107 2.057585 -36.66667
v -100.1667 2.057585 -36.66667
v -101.6667 2.057585 -37.66667
v -97.33333 2.057585 -36.83334
v -96.83333 2.057585 -36.33334
v -96.33333 2.057585 -36.33334
v -95.16666 2.057585 -37.5
v -96.5 2.057585 -38.66667
v -97.5 2.057585 -37.83334
v -95.16666 2.057585 -35.66667
v -95.16666 2.057585 -35.16667
v -94.5 2.057585 -34.33334
v -92.83333 2.057585 -35.33334
v -94 2.057585 -36.83334
v -107.8333 2.057585 -36.66667
v -110 2.057585 -36.66667
v -108.6667 2.057585 -35.83334
v -108.1667 2.057585 -36
v -98.33333 2.057585 -35
v -97 2.057585 -35
v -98.66666 2.057585 -36.5
v -106.1667 2.057585 -34.83334
v -107.3333 2.057585 -34.16667
v -106.5 2.057585 -33.16667
v -106.5 2.057585 -32
v -107.3333 2.057585 -31.33333
v -107.3333 2.057585 -30.33333
v -102.3333 2.057585 -29.5
v -102.3333 2.057585 -30.83333
v -99.83333 2.057585 -33.83334
v -98.66666 2.057585 -34.16667
v -98.33333 2.057585 -35
v -98.66666 2.057585 -36.5
v -100.1667 2.057585 -36.66667
v -107.3333 2.057585 -30.33333
v -108.1667 2.057585 -29.5
v -102.3333 2.057585 -29.5
v -102.3333 2.057585 -30.83333
v -101.6667 2.057585 -31.16667
v -100.8333 2.057585 -33
v -106.1667 2.057585 -35.66667
v -106.1667 2.057585 -34.83334
v -100.8333 2.057585 -33
v -99.83333 2.057585 -33.83334
v -100.1667 2.057585 -36.66667
v -107 2.057585 -36.66667
v -106.1667 2.057585 -35.66667
v -106.1667 2.057585 -34.83334
v -106.5 2.057585 -33.16667
v -106.5 2.057585 -32
v -102.3333 2.057585 -30.83333
v -122 2.057585 -28.83333
v -121.3333 2.474252 -29.5
v -121.6667 2.390918 -29.83333
v -122.6667 2.057585 -22.5
v -122.5 2.057585 -23.66667
v -123.5 2.057585 -24
v -103 2.057585 -16
v -104.3333 2.057585 -15
v -88.5 2.057585 -14.33333
v -123.5 2.057585 -26.83333
v -122.3333 2.057585 -27
v -122 2.057585 -28.83333
v -123 2.057585 -33.33334
v -122 2.057585 -34.5
v -128 2.057585 -42.66667
v -122 2.057585 -28.83333
v -121.6667 2.390918 -29.83333
v -121.6667 2.057585 -31.5
v -123 2.057585 -32.16667
v -124.1667 2.057585 -26.16667
v -123.5 2.057585 -26.83333
v -122 2.057585 -28.83333
v -85.33333 2.057585 -14.33333
v -86.66666 2.057585 -26.5
v -89.66666 2.057585 -25.16667
v -85.5 2.057585 -14.33333
v -124.1667 2.057585 -26.16667
v -122 2.057585 -28.83333
v -123 2.057585 -32.16667
v -92.83333 2.057585 -3.833332
v -116 2.057585 -2
v -117.3333 2.057585 -0.6666679
v -119.8333 2.057585 -35.5
v -116.1667 2.057585 -37.5
v -115.8333 2.057585 -37.83334
v -128 2.057585 -42.66667
v -122 2.057585 -34.5
v -92.83333 2.057585 -3.833332
v -116 2.057585 -3.333332
v -116 2.057585 -2
v -117.3333 2.057585 -35.5
v -118.6667 2.057585 -35.5
v -117.8333 2.057585 -34.5
v -117.3333 2.057585 -34.5
v -92.66666 2.057585 -32
v -90.83333 2.057585 -32.83334
v -92 2.057585 -34.5
v -93.5 2.057585 -33.33334
v -89.83333 2.057585 -31.33333
v -90.5 2.057585 -31.5
v -91.5 2.057585 -30.66667
v -91 2.057585 -29.33333
v -89.16666 2.057585 -30.16667
v -114 2.057585 -30
v -113.5 2.057585 -30
v -114 2.057585 -30.5
v -113.5 2.057585 -30
v -114 2.057585 -30
v -114.1667 2.057585 -29.83333
v -113.6667 2.057585 -29.33333
v -113.6667 2.057585 -29.33333
v -111 2.057585 -29.33333
v -112 2.057585 -30.16667
v -113.5 2.057585 -30
v -110 2.057585 -29.5
v -109.3333 2.057585 -29.5
v -109.8333 2.057585 -29.83333
v -91.66666 2.057585 -28.16667
v -92.66666 2.057585 -29.83333
v -92.66666 2.057585 -29.33333
v -91.66666 2.057585 -28.16667
v -92.66666 2.057585 -29.33333
v -93.33333 2.057585 -29
v -93.83333 2.057585 -27.66667
v -95.16666 2.057585 -26.33333
v -96.33333 2.057585 -26
v -96.66666 2.057585 -25.16667
v -90.5 2.057585 -25.16667
v -91.33333 2.057585 -26
v -91.33333 2.057585 -26
v -91.66666 2.057585 -28.16667
v -93.83333 2.057585 -27.66667
v -95.16666 2.057585 -26.33333
v -109.3333 2.057585 -29.5
v -110 2.057585 -29.5
v -110.5 2.057585 -29.33333
v -108.1667 2.057585 -29.5
v -109.3333 2.057585 -29.5
v -110.5 2.057585 -29.33333
v -102.3333 2.057585 -29.33333
v -102.3333 2.057585 -29.5
v -108.1667 2.057585 -29.5
v -110.5 2.057585 -29.33333
v -101.1667 2.057585 -27.83333
v -101.6667 2.057585 -29
v -102.3333 2.057585 -29.33333
v -110.5 2.057585 -29.33333
v -113.6667 2.057585 -28.33333
v -114.1667 2.057585 -27.83333
v -111 2.057585 -29.33333
v -113.6667 2.057585 -29.33333
v -113.6667 2.057585 -28.33333
v -110.5 2.057585 -29.33333
v -111 2.057585 -29.33333
v -113.6667 2.057585 -28.33333
v -114.1667 2.057585 -27.83333
v -115.3333 2.057585 -27.83333
v -115.1667 2.057585 -26.83333
v -106.3333 2.057585 -26.5
v -100 2.057585 -26.5
v -101.1667 2.057585 -27.83333
v -107 2.057585 -26.5
v -106.3333 2.057585 -26.5
v -101.1667 2.057585 -27.83333
v -114.1667 2.057585 -27.83333
v -115.1667 2.057585 -26.83333
v -115.5 2.057585 -26.5
v -107 2.057585 -26.5
v -115.1667 2.057585 -26.83333
v -107.3333 2.057585 -26.33333
v -107 2.057585 -26.5
v -115.5 2.057585 -26.5
v -115.6667 2.057585 -26.33333
v -106.3333 2.057585 -26.5
v -105.8333 2.057585 -25.83333
v -104.8333 2.057585 -25.83333
v -106.3333 2.057585 -26.5
v -104.8333 2.057585 -25.83333
v -103.8333 2.057585 -25.83333
v -103.8333 2.057585 -25.83333
v -98.66666 2.057585 -25.83333
v -100 2.057585 -26.5
v -106.3333 2.057585 -26.5
v -108.8333 2.057585 -26
v -107.8333 2.057585 -26
v -107.3333 2.057585 -26.33333
v -116.8333 2.057585 -26.33333
v -118.3333 2.057585 -26.33333
v -118.3333 2.057585 -26
v -116.5 2.057585 -26.33333
v -116.8333 2.057585 -26.33333
v -118.3333 2.057585 -26
v -110 2.057585 -26
v -108.8333 2.057585 -26
v -107.3333 2.057585 -26.33333
v -115.6667 2.057585 -26.33333
v -116.5 2.057585 -26.33333
v -118.3333 2.057585 -26
v -110 2.057585 -26
v -107.3333 2.057585 -26.33333
v -115.6667 2.057585 -26.33333
v -118.3333 2.057585 -26
v -120 2.057585 -22.33333
v -120.8333 2.057585 -22.16667
v -121 2.057585 -21.83333
v -111.8333 2.057585 -21.83333
v -111.3333 2.057585 -23.33333
v -111 2.057585 -23.5
v -111.3333 2.057585 -24.83333
v -111.8333 2.057585 -21.83333
v -111.3333 2.057585 -23.33333
v -111.3333 2.057585 -24.83333
v -118.3333 2.057585 -26
v -119.3333 2.057585 -23.16667
v -111.3333 2.057585 -24.83333
v -110 2.057585 -26
v -118.3333 2.057585 -26
v -111.8333 2.057585 -21.83333
v -119.3333 2.057585 -23.16667
v -120 2.057585 -22.33333
v -107.8333 2.057585 -26
v -108.8333 2.057585 -26
v -108.3333 2.057585 -25.5
v -104.8333 2.057585 -25.83333
v -105.8333 2.057585 -25.83333
v -105.5 2.057585 -25.16667
v -103.1667 2.057585 -25.16667
v -98.33333 2.057585 -25.16667
v -98.66666 2.057585 -25.83333
v -103.8333 2.057585 -25.83333
v -102.1667 2.057585 -21.5
v -102.6667 2.057585 -20.83333
v -102 2.057585 -20.5
v -102.8333 2.057585 -24.83333
v -103 2.057585 -23.83333
v -102.1667 2.057585 -22.83333
v -98.33333 2.057585 -25.16667
v -102.1667 2.057585 -22.83333
v -102.1667 2.057585 -21.5
v -102 2.057585 -20.5
v -102.1667 2.057585 -22.83333
v -102 2.057585 -20.5
v -101.8333 2.057585 -19.5
v -96.66666 2.057585 -25.16667
v -98.33333 2.057585 -25.16667
v -85.33333 2.057585 -14.33333
v -86.33333 2.057585 -28
v -86.66666 2.057585 -26.5
v -98.33333 2.057585 -25.16667
v -103.1667 2.057585 -25.16667
v -102.8333 2.057585 -24.83333
v -121.8333 2.057585 -0.1666679
v -121.1667 2.057585 -0.1666679
v -121.6667 2.057585 -0.5
v -92.83333 2.057585 -3.833332
v -116.3333 2.057585 -3.833332
v -116 2.057585 -3.333332
v -127 2.057585 -8.5
v -126.5 2.057585 -9.333332
v -126.1667 2.057585 -11.83333
v -111.3333 2.057585 -16.83333
v -111.1667 2.057585 -17.83333
v -111.8333 2.057585 -18.83333
v -121 2.057585 -21.83333
v -122 2.057585 -34.5
v -120.8333 2.057585 -34.5
v -119.8333 2.057585 -35.5
v -85.33333 2.057585 -14.33333
v -85.33333 2.057585 -41.83334
v -86.33333 2.057585 -28
v -111.8333 2.057585 -18.83333
v -111.8333 2.057585 -21.83333
v -121 2.057585 -21.83333
v -109.5 2.057585 -15.66667
v -108.6667 2.057585 -15.66667
v -109 2.057585 -16.16667
v -108.1667 2.057585 -15
v -108.6667 2.057585 -15.66667
v -109.5 2.057585 -15.66667
v -108.1667 2.057585 -15
v -109.5 2.057585 -15.66667
v -110.1667 2.057585 -15.66667
v -88.5 2.057585 -14.33333
v -87.5 2.057585 -14.33333
v -89.66666 2.057585 -25.16667
v -90.5 2.057585 -25.16667
v -107 2.057585 -15
v -105.3333 2.057585 -15
v -106.1667 2.057585 -15.66667
v -127.1667 2.057585 -7.333332
v -127 2.057585 -8.5
v -128 2.057585 -42.66667
v -117.3333 2.057585 -0.6666679
v -119.1667 2.057585 -0.6666679
v -120.3333 2.057585 -0.1666679
v -92.83333 2.057585 -3.833332
v -94 2.057585 -4.666668
v -97.16666 2.057585 -5
v -116.5 2.057585 -5
v -116.3333 2.057585 -3.833332
v -101.8333 2.057585 -19.5
v -103.1667 2.057585 -17.33333
v -103 2.057585 -16
v -88.5 2.057585 -14.33333
v -90.5 2.057585 -25.16667
v -96.66666 2.057585 -25.16667
v -88.5 2.057585 -14.33333
v -104.3333 2.057585 -15
v -105.3333 2.057585 -15
v -88.5 2.057585 -14.33333
v -105.3333 2.057585 -15
v -107 2.057585 -15
v -88.5 2.057585 -14.33333
v -107 2.057585 -15
v -108.1667 2.057585 -15
v -94 2.057585 -4.666668
v -96.33333 2.057585 -5
v -97.16666 2.057585 -5
v -94 2.057585 -4.666668
v -94 2.057585 -5
v -96.33333 2.057585 -5
v -116.5 2.057585 -5
v -97.16666 2.057585 -5
v -98 2.057585 -6
v -116.8333 2.057585 -5.5
v -85.5 2.057585 -14.33333
v -87.5 2.057585 -14.33333
v -86.66666 2.057585 -13.33333
v -86.33333 2.057585 -13.33333
v -90 2.057585 -13.66667
v -88.5 2.057585 -14.33333
v -108.1667 2.057585 -15
v -123.8333 2.057585 -13.66667
v -124.8333 2.057585 -13.66667
v -123.8333 2.057585 -13.66667
v -121.6667 2.057585 -21.83333
v -122.6667 2.057585 -22.5
v -108.1667 2.057585 -15
v -110.1667 2.057585 -15.66667
v -123.8333 2.057585 -13.66667
v -128 2.057585 0
v -124.3333 2.057585 0
v -125.6667 2.057585 -2.5
v -111.3333 2.057585 -16.83333
v -121 2.057585 -21.83333
v -121.6667 2.057585 -21.83333
v -123.8333 2.057585 -13.66667
v -110.1667 2.057585 -15.66667
v -125.6667 2.057585 -2.5
v -126.3333 2.057585 -5
v -127.1667 2.057585 -5.666668
v -128 2.057585 0
v -118.8333 2.057585 -6
v -118.1667 2.057585 -5.5
v -116.8333 2.057585 -5.5
v -98 2.057585 -6
v -91.33333 2.057585 -13.33333
v -90.16666 2.057585 -13.33333
v -90 2.057585 -13.66667
v -92.5 2.057585 -13.33333
v -91.33333 2.057585 -13.33333
v -90 2.057585 -13.66667
v -92.5 2.057585 -13.33333
v -90 2.057585 -13.66667
v -123.8333 2.057585 -13.66667
v -123.5 2.057585 -13.33333
v -93.83333 2.057585 -12.83333
v -93 2.057585 -12.83333
v -92.5 2.057585 -13.33333
v -95.16666 2.057585 -12.83333
v -93.83333 2.057585 -12.83333
v -92.5 2.057585 -13.33333
v -95.16666 2.057585 -12.83333
v -92.5 2.057585 -13.33333
v -123.5 2.057585 -13.33333
v -122.5 2.057585 -12.83333
v -90.16666 2.057585 -13.33333
v -91.33333 2.057585 -13.33333
v -90.66666 2.057585 -12.33333
v -90 2.057585 -12.33333
v -97 2.057585 -12.33333
v -95.66666 2.057585 -12.16667
v -95.16666 2.057585 -12.83333
v -97 2.057585 -12.33333
v -95.16666 2.057585 -12.83333
v -122.5 2.057585 -12.83333
v -122.5 2.057585 -12.33333
v -93 2.057585 -12.83333
v -93.83333 2.057585 -12.83333
v -93.5 2.057585 -12.5
v -93 2.057585 -12.5
v -123 2.057585 -7
v -123.6667 2.057585 -6.166668
v -122.1667 2.057585 -6
v -120.8333 2.057585 -6
v -98 2.057585 -6.833332
v -97.16666 2.057585 -7.666668
v -98.16666 2.057585 -8.333332
v -98.33333 2.057585 -9.666668
v -97.83333 2.057585 -10
v -97.83333 2.057585 -11.5
v -118.8333 2.057585 -6
v -98 2.057585 -6
v -98 2.057585 -6.833332
v -98.16666 2.057585 -8.333332
v -98.33333 2.057585 -9.666668
v -118.8333 2.057585 -6
v -122.8333 2.057585 -11.83333
v -123.3333 2.057585 -11.83333
v -123 2.057585 -7
v -122.5 2.057585 -12.33333
v -122.8333 2.057585 -11.83333
v -123 2.057585 -7
v -118.8333 2.057585 -6
v -97.83333 2.057585 -11.5
v -97 2.057585 -12.33333
v -123 2.057585 -7
v -120.8333 2.057585 -6
v -118.8333 2.057585 -6
v -87 2.057585 -8
v -88 2.057585 -7.333332
v -87.83333 2.057585 -6
v -85.33333 2.057585 -9.666668
v -87.33333 2.057585 -9.333332
v -87 2.057585 -8
v -126.1667 2.057585 -11.83333
v -124.1667 2.057585 -24.66667
v -124.1667 2.057585 -26.16667
v -128 2.057585 -42.66667
v -127 2.057585 -8.5
v -125.8333 2.057585 -12.66667
v -124.8333 2.057585 -13.66667
v -122.6667 2.057585 -22.5
v -128 2.057585 0
v -127.1667 2.057585 -5.666668
v -127.1667 2.057585 -7.333332
v -128 2.057585 -42.66667
v -94 2.057585 -5
v -94 2.057585 -5.666668
v -94.83333 2.057585 -5.666668
v -96.33333 2.057585 -5
v -94 2.057585 -5
v -94.83333 2.057585 -5.666668
v -95.66666 2.057585 -6.166668
v -120.8333 2.057585 -6
v -122.1667 2.057585 -6
v -121.6667 2.057585 -5.333332
v -127.1667 2.057585 -7.333332
v -126.8333 2.057585 -7.5
v -127 2.057585 -8.5
v -122.6667 2.057585 -22.5
v -123.5 2.057585 -24
v -124.1667 2.057585 -24.66667
v -126.1667 2.057585 -11.83333
v -125.8333 2.057585 -12.66667
v -88.5 2.057585 -5.333332
v -90.83333 2.057585 -4.833332
v -91.33333 2.057585 -3.833332
v -85.33333 2.057585 0
v -85.33333 2.057585 -9.666668
v -87 2.057585 -8
v -87.83333 2.057585 -6
v -85.33333 2.057585 0
v -120.3333 2.057585 -0.1666679
v -121.8333 2.057585 0
v -85.33333 2.057585 0
v -85.33333 2.057585 0
v -87.83333 2.057585 -6
v -88.5 2.057585 -5.333332
v -85.33333 2.057585 0
v -91.33333 2.057585 -3.833332
v -92.83333 2.057585 -3.833332
v -117.3333 2.057585 -0.6666679
v -120.3333 2.057585 -0.1666679
v -79.66667 2.057585 -42.66667
v -81 2.057585 -42.66667
v -80.5 2.057585 -42
v -79.66667 2.057585 -42
v -43.5 2.057585 -40.66667
v -42.66667 2.057585 -41.83334
v -42.66667 2.057585 -42.66667
v -74.66667 2.057585 -42.66667
v -62.5 2.057585 -40.66667
v -74.66667 2.057585 -42.66667
v -73.83334 2.057585 -40.66667
v -66 2.057585 -40.66667
v -74.66667 2.057585 -42.66667
v -66 2.057585 -40.66667
v -65.33334 2.057585 -40.66667
v -74.66667 2.057585 -42.66667
v -65.33334 2.057585 -40.66667
v -63.33334 2.057585 -40.66667
v -74.66667 2.057585 -42.66667
v -63.33334 2.057585 -40.66667
v -62.5 2.057585 -40.66667
v -43.66667 3.890918 0
v -43.5 3.890918 0
v -43.33334 3.890918 -0.1666679
v -83.66667 2.057585 -40
v -83.83334 2.057585 -41
v -85.33334 2.057585 -41.83334
v -43.5 3.890918 0
v -43.33334 3.807585 0
v -43.33334 3.890918 -0.1666679
v -67.5 2.057585 -40.5
v -66.33334 2.057585 -40.5
v -66 2.057585 -40.66667
v -68.16667 2.057585 -40.5
v -67.5 2.057585 -40.5
v -66 2.057585 -40.66667
v -68.16667 2.057585 -40.5
v -66 2.057585 -40.66667
v -73.83334 2.057585 -40.66667
v -73.83334 2.057585 -40.5
v -63.33334 2.057585 -40.66667
v -65.33334 2.057585 -40.66667
v -64.83334 2.057585 -40.16667
v -62.5 2.057585 -40.66667
v -61.66667 2.057585 -39.83334
v -61.16667 2.057585 -39.83334
v -62.5 2.057585 -40.66667
v -61.16667 2.057585 -39.83334
v -60.16667 2.057585 -39.83334
v -60.16667 2.057585 -39.83334
v -44 2.057585 -39.83334
v -43.5 2.057585 -40.66667
v -62.5 2.057585 -40.66667
v -67.33334 2.057585 -38.33334
v -67.5 2.057585 -39.16667
v -68.33334 2.057585 -39.16667
v -67.83334 2.057585 -37.83334
v -68.66667 2.057585 -39.5
v -68.66667 2.057585 -40
v -73.83334 2.057585 -40.5
v -75.16667 2.057585 -38.66667
v -67.83334 2.057585 -37.83334
v -68.33334 2.057585 -39.16667
v -68.66667 2.057585 -39.5
v -75.16667 2.057585 -38.66667
v -78.33334 2.057585 -37.83334
v -75.16667 2.057585 -38.66667
v -76.66667 2.057585 -38.66667
v -78.33334 2.057585 -37.83334
v -68.66667 2.057585 -40
v -68.16667 2.057585 -40.5
v -73.83334 2.057585 -40.5
v -66.33334 2.057585 -40.5
v -67.5 2.057585 -40.5
v -67.16667 2.057585 -39.83334
v -61.16667 2.057585 -39.83334
v -61.66667 2.057585 -39.83334
v -61.66667 2.057585 -39.33334
v -59.16667 2.057585 -31.5
v -59.5 2.057585 -30.33333
v -59 2.057585 -30
v -58.66667 2.057585 -36.66667
v -58.83334 2.057585 -35.16667
v -58.5 2.057585 -35
v -46.66667 2.057585 -35.33334
v -46.66667 2.057585 -36.16667
v -58.66667 2.057585 -33.5
v -59.5 2.057585 -32
v -59.16667 2.057585 -31.5
v -45.5 2.057585 -38.33334
v -44.66667 2.057585 -38.66667
v -44 2.057585 -39.83334
v -60.16667 2.057585 -39.83334
v -59.16667 2.057585 -38.83334
v -59.16667 2.057585 -38.83334
v -59.16667 2.057585 -37.5
v -58.66667 2.057585 -36.66667
v -46.66667 2.057585 -36.16667
v -45.5 2.057585 -38.33334
v -58.66667 2.057585 -33.5
v -59.16667 2.057585 -31.5
v -59 2.057585 -30
v -58.5 2.057585 -35
v -58.66667 2.057585 -33.5
v -59 2.057585 -30
v -46 2.057585 -34.16667
v -46.66667 2.057585 -35.33334
v -46 2.057585 -34.16667
v -59 2.057585 -30
v -59.33334 2.057585 -29
v -79.5 2.057585 -37.83334
v -78.83334 2.057585 -37.83334
v -79.33334 2.057585 -38.16667
v -78.83334 2.057585 -37.83334
v -79.5 2.057585 -37.83334
v -80 2.057585 -37
v -78.33334 2.057585 -37.83334
v -78.83334 2.057585 -37.83334
v -80 2.057585 -37
v -68.16667 2.057585 -37
v -67.83334 2.057585 -37.83334
v -78.33334 2.057585 -37.83334
v -80 2.057585 -37
v -68.33334 2.057585 -34.16667
v -67.83334 2.057585 -34.66667
v -68.5 2.057585 -35.16667
v -67.66667 2.057585 -30.83333
v -67.66667 2.057585 -31.83333
v -68.33334 2.057585 -32.83334
v -80 2.057585 -37
v -68.33334 2.057585 -32.83334
v -68.33334 2.057585 -34.16667
v -68.5 2.057585 -35.16667
v -68.33334 2.057585 -32.83334
v -68.5 2.057585 -35.16667
v -68.66667 2.057585 -36.16667
v -80 2.057585 -37
v -47.5 2.057585 0
v -47.5 2.057585 -0.3333321
v -72.33334 2.057585 -0.3333321
v -85.33334 2.057585 0
v -73 2.057585 -19
v -72 2.057585 -21
v -67.66667 2.057585 -30.83333
v -80 2.057585 -37
v -81.16667 2.057585 -37
v -68.66667 2.057585 -36.16667
v -68.16667 2.057585 -37
v -80 2.057585 -37
v -65.66667 2.057585 -29.83333
v -64.83334 2.057585 -29.83333
v -65.16667 2.057585 -30.33333
v -62.66667 2.057585 -29.5
v -61.33334 2.057585 -29.5
v -62.33334 2.057585 -30
v -64.16667 2.057585 -29.16667
v -64.83334 2.057585 -29.83333
v -65.66667 2.057585 -29.83333
v -64.16667 2.057585 -29.16667
v -65.66667 2.057585 -29.83333
v -66.66667 2.057585 -29.83333
v -72.33334 2.057585 -0.3333321
v -73.33334 2.057585 -0.3333321
v -85.33334 2.057585 0
v -60.33334 2.057585 -29.16667
v -60.5 2.057585 -29.66667
v -61.33334 2.057585 -29.5
v -61.33334 2.057585 -29.5
v -62.66667 2.057585 -29.5
v -63.5 2.057585 -29.16667
v -60.33334 2.057585 -29.16667
v -60.16667 2.057585 -29
v -60.33334 2.057585 -29.16667
v -63.5 2.057585 -29.16667
v -60.16667 2.057585 -29
v -63.5 2.057585 -29.16667
v -64.16667 2.057585 -29.16667
v -44 3.890918 0
v -43.66667 3.890918 0
v -43.33334 3.890918 -0.1666679
v -43.5 3.890918 -0.6666679
v -85.33334 2.057585 0
v -73.33334 2.057585 -0.3333321
v -74.33334 2.057585 -1.333332
v -44.16667 2.057585 -14.83333
v -46 2.057585 -34.16667
v -59.33334 2.057585 -29
v -67.16667 2.057585 -18.66667
v -69.5 2.057585 -4.166668
v -47 2.057585 -4.166668
v -60.16667 2.057585 -29
v -70.83334 2.057585 -21.66667
v -70.16667 2.057585 -21.66667
v -59.33334 2.057585 -29
v -74 2.057585 -14.5
v -73.5 2.057585 -15.16667
v -73.5 2.057585 -16.33333
v -73.5 2.057585 -16.33333
v -72.66667 2.057585 -18.16667
v -73 2.057585 -19
v -74 2.057585 -14.5
v -73.5 2.057585 -16.33333
v -73 2.057585 -19
v -84.33334 2.057585 -14.5
v -70.83334 2.057585 -21.66667
v -64.16667 2.057585 -29.16667
v -66.66667 2.057585 -29.83333
v -70.83334 2.057585 -21.66667
v -60.16667 2.057585 -29
v -64.16667 2.057585 -29.16667
v -43.16667 2.057585 -13.66667
v -43.16667 2.390918 -14.16667
v -44.16667 2.057585 -14.5
v -67.83334 2.057585 -17.33333
v -68.5 2.057585 -16.83333
v -69.33334 2.057585 -14.83333
v -70.16667 2.057585 -11
v -46.66667 2.140918 -4.166668
v -45.5 2.057585 -4.166668
v -43.66667 2.057585 -4.333332
v -47 2.057585 -4.166668
v -46.66667 2.140918 -4.166668
v -43.66667 2.057585 -4.333332
v -42.66667 2.057585 -8.833332
v -43.16667 2.057585 -13.66667
v -44.16667 2.057585 -14.5
v -44.16667 2.057585 -14.83333
v -42.66667 2.057585 -17.5
v -42.66667 2.057585 -17.83333
v -42.66667 2.057585 -8.833332
v -42.66667 2.057585 -13.33333
v -43.16667 2.057585 -13.66667
v -73 2.057585 -19
v -81.16667 2.057585 -37
v -82.5 2.057585 -37.83334
v -70.83334 2.057585 -21.66667
v -66.66667 2.057585 -29.83333
v -67.66667 2.057585 -30.83333
v -72 2.057585 -21
v -47 2.057585 -4.166668
v -44.16667 2.057585 -14.5
v -44.16667 2.057585 -14.83333
v -70.16667 2.057585 -11
v -70.16667 2.057585 -5
v -69.5 2.057585 -4.166668
v -82.5 2.057585 -37.83334
v -83.66667 2.057585 -40
v -85.33334 2.057585 -41.83334
v -85.33334 2.057585 -14.33333
v -84.33334 2.057585 -14.5
v -73 2.057585 -19
v -67.16667 2.057585 -18.66667
v -67.83334 2.057585 -17.33333
v -70.16667 2.057585 -11
v -82.5 2.057585 -37.83334
v -82.83334 2.057585 -39
v -83.66667 2.057585 -40
v -44.16667 2.057585 -14.83333
v -44.16667 2.057585 -14.5
v -43.16667 2.390918 -14.16667
v -42.66667 2.557585 -14.5
v -42.66667 2.057585 -17.5
v -83.33334 2.057585 -13.66667
v -83.33334 2.057585 -13
v -82.66667 2.057585 -13
v -74 2.057585 -14.5
v -82.33334 2.057585 -10.66667
v -83.5 2.057585 -9.833332
v -74.66667 2.057585 -9.833332
v -82 2.057585 -12.33333
v -82.33334 2.057585 -10.66667
v -74.66667 2.057585 -9.833332
v -82 2.057585 -12.33333
v -74.66667 2.057585 -9.833332
v -74 2.057585 -14.5
v -82.66667 2.057585 -13
v -74 2.057585 -14.5
v -84.33334 2.057585 -14.5
v -83.33334 2.057585 -13.66667
v -84 2.057585 -9.833332
v -84.5 2.057585 -9.833332
v -85.33334 2.057585 -9.666668
v -83.5 2.057585 -9.833332
v -84 2.057585 -9.833332
v -85.33334 2.057585 -9.666668
v -42.66667 2.057585 -17.83333
v -42.66667 2.057585 -33.33334
v -46 2.057585 -34.16667
v -44.16667 2.057585 -14.83333
v -67.16667 2.057585 -18.66667
v -70.16667 2.057585 -11
v -69.5 2.057585 -4.166668
v -74.66667 2.057585 -5.666668
v -74.66667 2.057585 -9.833332
v -83.5 2.057585 -9.833332
v -59.33334 2.057585 -29
v -67.16667 2.057585 -19.83333
v -67.16667 2.057585 -18.66667
v -69.33334 2.057585 -1.333332
v -72.33334 2.057585 -0.3333321
v -47.5 2.057585 -0.3333321
v -69.16667 2.057585 -3
v -69.33334 2.057585 -1.333332
v -47.5 2.057585 -0.3333321
v -47 2.057585 -4.166668
v -69.5 2.057585 -4.166668
v -69.16667 2.057585 -3
v -47.5 2.057585 -0.3333321
v -43.5 3.890918 -0.6666679
v -43.33334 3.890918 -0.1666679
v -43.16667 3.890918 -1.166668
v -43.5 3.890918 -0.6666679
v -43.16667 3.890918 -1.166668
v -43.66667 3.890918 -1.166668
v -44 3.890918 0
v -43.66667 3.890918 -2.166668
v -43.33334 3.890918 -2.833332
v -43.83334 3.474252 -3.166668
v -47.5 2.057585 -0.3333321
v -47.5 2.057585 0
v -44 3.890918 0
v -45.33334 2.974252 -3.166668
v -47 2.057585 -4.166668
v -45.66667 2.640918 -4
v -46.66667 2.140918 -4.166668
v -47 2.057585 -4.166668
v -45.33334 2.974252 -3.166668
v -43.66667 3.890918 -2.166668
v -43.83334 3.474252 -3.166668
v -45.33334 2.974252 -3.166668
v -44 3.890918 0
v -43.66667 3.890918 -1.166668
v -45.66667 2.640918 -4
v -45.5 2.057585 -4.166668
v -46.66667 2.140918 -4.166668
v -43.33334 3.890918 -2.333332
v -43.16667 3.890918 -2.833332
v -43.33334 3.890918 -2.833332
v -43.66667 3.890918 -2.166668
v -85.33334 2.057585 0
v -74.33334 2.057585 -1.333332
v -74.66667 2.057585 -2.666668
v -74.66667 2.057585 -2.666668
v -74.33334 2.057585 -4.333332
v -74.66667 2.057585 -5.666668
v -83.5 2.057585 -9.833332
v -85.33334 2.057585 -9.666668
v -85.33334 2.057585 0
v -43 3.890918 -2.333332
v -43.33334 3.890918 -2.333332
v -43.66667 3.890918 -2.166668
v -43 3.890918 -2.333332
v -43 3.890918 -2.833332
v -43.16667 3.890918 -2.833332
v -43.33334 3.890918 -2.333332
v -59.33334 2.057585 -29
v -70.16667 2.057585 -21.66667
v -67.16667 2.057585 -19.83333
v -42.66667 3.724252 -2.833332
v -43 3.890918 -2.833332
v -43 3.890918 -2.333332
v -43.33334 3.890918 -0.1666679
v -43.33334 3.807585 0
v -42.66667 3.724252 0
v -43.16667 3.890918 -1.166668
v -43.66667 3.890918 -2.166668
v -43.66667 3.890918 -1.166668
v -43.16667 3.890918 -1.166668
v -43 3.890918 -2.333332
v -42.66667 3.724252 -2.833332
v -43 3.890918 -2.333332
v -43.16667 3.890918 -1.166668
v -42.66667 3.724252 0
v -42.66667 2.057585 -41.83334
v -42 2.057585 -42.66667
v -42.66667 2.057585 -42.66667
v -40 2.057585 -23.5
v -39.66667 2.224252 -23.66667
v -39.5 2.057585 -24.66667
v -41.66667 2.057585 -20.16667
v -41 2.057585 -20.83333
v -41 2.057585 -21.5
v -39.66667 2.057585 -38
v -40.33334 2.057585 -37.5
v -40.33334 2.057585 -36.33334
v -39.5 2.057585 -24.66667
v -39.16667 2.057585 -24.66667
v -38.66667 2.057585 -26.33333
v -41.33334 2.057585 -34.33334
v -42.66667 2.057585 -33.33334
v -41 2.057585 -21.5
v -40.33334 2.057585 -22.33333
v -40 2.057585 -23.5
v -42.66667 2.057585 -17.83333
v -42 2.057585 -18.83333
v -41.66667 2.057585 -20.16667
v -42.66667 2.057585 -33.33334
v -41 2.057585 -21.5
v -40 2.057585 -23.5
v -39.5 2.057585 -24.66667
v -23 2.057585 -39.66667
v -20.33333 2.057585 -41.66667
v -21 2.057585 -42.66667
v -41.66667 2.057585 -20.16667
v -41 2.057585 -21.5
v -39.5 2.057585 -24.66667
v -42.66667 2.057585 -33.33334
v -36 2.057585 -42.66667
v -37.33334 2.057585 -41.5
v -39.66667 2.057585 -38
v -40.33334 2.057585 -36.33334
v -29 2.057585 -33.66667
v -23 2.057585 -39.66667
v -21 2.057585 -42.66667
v -36 2.057585 -42.66667
v -36 2.057585 -42.66667
v -40.33334 2.057585 -36.33334
v -41.33334 2.057585 -34.33334
v -38.66667 2.057585 -26.33333
v -38.16667 2.057585 -26.5
v -29 2.057585 -33.66667
v -38.16667 2.057585 -26.5
v -34.33334 2.057585 -26.5
v -29 2.057585 -33.66667
v -19.5 3.474252 -42.66667
v -19.33333 3.724252 -42.33334
v -19 3.890918 -42.33334
v -19 3.890918 -42.33334
v -18.33333 3.890918 -42.16667
v -18.33333 3.890918 -42.66667
v -19.5 3.474252 -42.66667
v -18.16667 3.890918 -42.66667
v -18.33333 3.890918 -42.66667
v -18.33333 3.890918 -42.16667
v -18.33333 3.890918 -42.16667
v -19 3.890918 -42.33334
v -19 3.890918 -42.16667
v -17.83333 3.724252 -41
v -38.33334 3.724252 -12.33333
v -40.33334 3.724252 -7.166668
v -41 3.724252 -3.166668
v -18.16667 3.890918 -42.66667
v -18.33333 3.890918 -42.16667
v -17.83333 3.724252 -41
v 0 3.724252 -42.66667
v -30 3.724252 -28
v -31.66667 3.724252 -25.5
v -31.83333 3.724252 -24.5
v -17.83333 3.724252 -40.16667
v -23.33333 3.724252 -35.66667
v -26.33333 3.724252 -32.33334
v -26.33333 3.724252 -32.33334
v -26.66667 3.724252 -32.33334
v -30 3.724252 -28
v 0 3.724252 -42.66667
v -17.83333 3.724252 -41
v -17.83333 3.724252 -40.16667
v -19 3.890918 -42.16667
v -19 3.890918 -42.33334
v -19.33333 3.724252 -42.33334
v -37.83334 2.307585 -26.33333
v -38.16667 2.057585 -26.5
v -38.66667 2.057585 -26.33333
v -37.33334 2.640918 -25.5
v -37.33334 2.557585 -26
v -36.83334 3.057585 -25
v -39.16667 2.057585 -24.66667
v -39.66667 2.224252 -23.66667
v -41 2.057585 -20.83333
v -37.16667 3.890918 -20.83333
v -35.83334 3.890918 -22.83333
v -39.16667 3.890918 -16.5
v -38.33334 3.807585 -16.66667
v -38.66667 3.890918 -17.5
v -42 2.057585 -18.83333
v -42.66667 2.057585 -17.83333
v -42.66667 2.057585 -17.5
v -39.16667 2.057585 -24.66667
v -39.5 2.057585 -24.66667
v -39.66667 2.224252 -23.66667
v -40.83334 3.474252 -13.66667
v -39.83334 3.890918 -13.83333
v -40 3.890918 -14.5
v -35.83334 3.890918 -22.83333
v -35.16667 3.890918 -23.83333
v -35.33334 3.890918 -24
v -39.66667 2.224252 -23.66667
v -40 2.057585 -23.5
v -40.33334 2.057585 -22.33333
v -42.66667 2.557585 -14.5
v -40.83334 3.474252 -13.66667
v -40 3.890918 -14.5
v -39.16667 3.890918 -16.5
v -42.66667 2.057585 -17.5
v -39.66667 2.224252 -23.66667
v -40.33334 2.057585 -22.33333
v -41 2.057585 -20.83333
v -40.33334 2.057585 -22.33333
v -41 2.057585 -21.5
v -41 2.057585 -20.83333
v -35.33334 3.890918 -24
v -35.66667 3.474252 -24.66667
v -36.83334 3.057585 -25
v -35.83334 3.890918 -22.83333
v -37.33334 2.640918 -25.5
v -38.66667 2.057585 -26.33333
v -39.16667 2.057585 -24.66667
v -36.83334 3.057585 -25
v -41 2.057585 -20.83333
v -41.66667 2.057585 -20.16667
v -42 2.057585 -18.83333
v -38.66667 3.890918 -17.5
v -38.33334 3.890918 -18
v -37.16667 3.890918 -20.83333
v -38.16667 2.057585 -26.5
v -37.83334 2.307585 -26.33333
v -37 2.057585 -26.33333
v -38.16667 2.057585 -26.5
v -37 2.057585 -26.33333
v -36.5 2.057585 -26.33333
v -36.5 2.057585 -26.33333
v -34.5 2.057585 -26.33333
v -34.33334 2.057585 -26.5
v -38.16667 2.057585 -26.5
v -37.33334 2.557585 -26
v -37 2.057585 -26.33333
v -37.83334 2.307585 -26.33333
v -34.5 2.057585 -26.33333
v -36.5 2.057585 -26.33333
v -35.16667 2.057585 -25.5
v -34.83334 2.057585 -25.5
v -35.83334 3.890918 -22.83333
v -33.66667 3.724252 -22.83333
v -35.16667 3.890918 -23.83333
v -37 3.890918 -19.66667
v -37.33334 3.890918 -20
v -37.66667 3.890918 -19.83333
v -38.33334 3.890918 -18
v -37.83334 3.890918 -18
v -37.16667 3.890918 -20.83333
v -37.33334 3.890918 -20
v -37 3.890918 -20
v -35.83334 3.890918 -22.83333
v -35.83334 3.890918 -22.83333
v -37 3.890918 -20
v -37 3.890918 -19.66667
v -33.66667 3.724252 -22.83333
v -33.16667 3.724252 -22.83333
v -33.66667 3.724252 -22.83333
v -37 3.890918 -19.66667
v -37.83334 3.890918 -18
v -41.5 3.724252 -2.666668
v -42.66667 3.724252 -2.833332
v -42.66667 3.724252 0
v -37.33334 3.890918 -20
v -37 3.890918 -19.66667
v -37 3.890918 -20
v -38.33334 3.890918 -17.66667
v -38.33334 3.890918 -18
v -38.66667 3.890918 -17.5
v -38 3.890918 -17.66667
v -38.33334 3.890918 -17.66667
v -38.66667 3.890918 -17.5
v -38.33334 3.807585 -16.66667
v -31.83333 3.724252 -24.5
v -33.16667 3.724252 -22.83333
v -38.33334 3.724252 -12.33333
v -40 3.890918 -14.5
v -39.83334 3.890918 -13.83333
v -38.66667 3.724252 -13.5
v -38.33334 3.807585 -16.66667
v -39.16667 3.890918 -16.5
v -42.66667 2.057585 -8.833332
v -41.33334 2.057585 -12.66667
v -42.66667 2.057585 -13.33333
v -38 3.890918 -17.66667
v -37.83334 3.890918 -18
v -38.33334 3.890918 -18
v -38.33334 3.890918 -17.66667
v -38.33334 3.807585 -16.66667
v -38.66667 3.724252 -13.5
v -38.33334 3.724252 -13.16667
v -38 3.890918 -17.66667
v -37.83334 3.890918 -18
v -38 3.890918 -17.66667
v -38.33334 3.724252 -13.16667
v -38.33334 3.724252 -12.33333
v -33.16667 3.724252 -22.83333
v -41 3.724252 -3.166668
v -41.5 3.724252 -2.666668
v -42.66667 3.724252 0
v 0 3.724252 0
v -31.83333 3.724252 -24.5
v -38.33334 3.724252 -12.33333
v -41 3.724252 -3.166668
v 0 3.724252 0
v 0 3.724252 -42.66667
v -17.83333 3.724252 -40.16667
v 17.5 3.724252 -41
v 18.16667 3.724252 -41
v 18 3.724252 -42.66667
v 16.83333 3.724252 -41
v 17.5 3.724252 -41
v 18 3.724252 -42.66667
v 42.66667 2.057585 0
v 40.66667 2.057585 -1.333332
v 36.66667 2.057585 -1.333332
v 32.16667 2.057585 -34.83334
v 33.16667 2.057585 -35.5
v 33 2.057585 -37.16667
v 30.83333 2.057585 -37.66667
v 24.83333 2.057585 -36.83334
v 24.33333 2.057585 -36.33334
v 25 2.057585 -34.33334
v 25.66667 2.057585 -39.33334
v 24.66667 2.057585 -38.33334
v 24.83333 2.057585 -36.83334
v 30.16667 2.057585 -40.16667
v 25.66667 2.057585 -42.33334
v 25.66667 2.057585 -39.33334
v 30.16667 2.057585 -38.5
v 35.5 2.057585 -30.16667
v 33.66667 2.057585 -32.33334
v 32.83334 2.057585 -32.33334
v 25 2.057585 -30.16667
v 32.16667 2.057585 -34.83334
v 30.83333 2.057585 -37.66667
v 30.16667 2.057585 -38.5
v 25.66667 2.057585 -39.33334
v 24.83333 2.057585 -36.83334
v 25 2.057585 -34.33334
v 32.33334 2.057585 -32.83334
v 32.16667 2.057585 -34.83334
v 30.16667 2.057585 -38.5
v 30.16667 2.057585 -40.16667
v 33.5 2.057585 -42.66667
v 25.33333 2.057585 -42.66667
v 25.66667 2.057585 -42.33334
v 32.33334 2.057585 -32.83334
v 25 2.057585 -34.33334
v 25 2.057585 -30.16667
v 32.83334 2.057585 -32.33334
v 15.66667 3.724252 -38
v 15.66667 3.724252 -39
v 0 3.724252 -42.66667
v 39 2.057585 -41.83334
v 38.5 2.057585 -41.83334
v 38.16667 2.057585 -41.5
v 39.66667 2.057585 -41.83334
v 39 2.057585 -41.83334
v 38.16667 2.057585 -41.5
v 42.66667 2.057585 -42.66667
v 40.66667 2.057585 -42.66667
v 39.66667 2.057585 -41.83334
v 39.66667 2.057585 -39.16667
v 40.66667 2.057585 -36.5
v 42.66667 2.057585 -32.16667
v 37.33334 2.057585 -41.5
v 37 2.057585 -41.5
v 36.83334 2.057585 -41.33334
v 37.33334 2.057585 -41.5
v 36.83334 2.057585 -41.33334
v 38.16667 2.057585 -41
v 38.16667 2.057585 -41.5
v 16.33333 3.724252 -40.5
v 16.83333 3.724252 -41
v 18 3.724252 -42.66667
v 0 3.724252 -42.66667
v 15.66667 3.724252 -39
v 16.33333 3.724252 -39.66667
v 16.33333 3.724252 -40.5
v 0 3.724252 -42.66667
v 40.66667 2.057585 -36.5
v 40.33334 2.057585 -35.5
v 40.83334 2.057585 -35.16667
v 38.66667 2.057585 -40.33334
v 38.66667 2.057585 -39.66667
v 39.66667 2.057585 -39.16667
v 40.66667 2.057585 -36.5
v 40.83334 2.057585 -35.16667
v 42.66667 2.057585 -32.16667
v 39.66667 2.057585 -39.16667
v 39.83334 2.057585 -37.5
v 40.66667 2.057585 -36.5
v 40.83334 2.057585 -35.16667
v 40.83334 2.057585 -33.66667
v 42.66667 2.057585 -32.16667
v 17.83333 3.724252 -28.5
v 18.16667 3.724252 -28.5
v 18.16667 3.724252 -29.83333
v 0 3.724252 0
v 16 3.724252 -14.33333
v 16 3.724252 -15.33333
v 17.83333 3.724252 -28.5
v 18.16667 3.724252 -29.83333
v 17.5 3.724252 -30.16667
v 17 3.724252 -28.5
v 26.5 2.057585 -1.333332
v 26.33333 2.057585 -0.3333321
v 27.66667 2.057585 0
v 42.66667 2.057585 0
v 36.66667 2.057585 -1.333332
v 17.5 3.724252 -31.5
v 19 3.724252 -32
v 17.16667 3.724252 -33.66667
v 17 3.724252 -34.66667
v 17.83333 3.724252 -35.66667
v 17 3.724252 -37
v 15.66667 3.724252 -38
v 17 3.724252 -28.5
v 17.5 3.724252 -30.16667
v 17.5 3.724252 -31.5
v 17.5 3.724252 -31.5
v 17.16667 3.724252 -33.66667
v 17 3.724252 -34.66667
v 16 3.724252 -15.33333
v 16 3.724252 -25.5
v 15.66667 3.724252 -38
v 0 3.724252 -42.66667
v 0 3.724252 0
v 19.33333 3.724252 -3
v 18.16667 4.057585 -3
v 18.66667 3.724252 -2.166668
v 19.33333 3.724252 -1.666668
v 20 3.724252 -1.833332
v 19.83333 3.724252 -2.666668
v 18.16667 3.724252 -41
v 17.5 3.724252 -41
v 18.33333 3.724252 -40.33334
v 18.33333 3.724252 -40.33334
v 18.5 3.724252 -39.66667
v 18.83333 3.724252 -39.66667
v 18.16667 3.724252 -41
v 18.33333 3.724252 -40.33334
v 18.83333 3.724252 -39.66667
v 38.66667 2.057585 -30.16667
v 39.66667 2.057585 -30.16667
v 39.16667 2.057585 -30.83333
v 36.66667 2.057585 -30.16667
v 37.66667 2.057585 -30.16667
v 37 2.057585 -30.66667
v 40.16667 2.057585 -29.16667
v 40 2.057585 -30
v 39.66667 2.057585 -30.16667
v 38.66667 2.057585 -30.16667
v 41.16667 2.057585 -27.83333
v 41 2.057585 -28.5
v 40.16667 2.057585 -29.16667
v 36.66667 2.057585 -30.16667
v 35.5 2.057585 -30.16667
v 25.16667 2.057585 -13
v 24.66667 2.057585 -12.66667
v 25.16667 2.057585 -11.33333
v 16 3.724252 -25.5
v 16 3.724252 -26.66667
v 15.66667 3.724252 -38
v 40.16667 2.057585 -29.16667
v 38.66667 2.057585 -30.16667
v 37.66667 2.057585 -30.16667
v 25.33333 2.057585 -21.33333
v 25.16667 2.057585 -19.33333
v 26 2.057585 -18.66667
v 25.83333 2.057585 -26.5
v 26 2.057585 -15.66667
v 25 2.057585 -14.66667
v 25.16667 2.057585 -13
v 25.83333 2.057585 -26.5
v 24.83333 2.057585 -25.5
v 24.66667 2.057585 -23.33333
v 25.33333 2.057585 -21.33333
v 40.16667 2.057585 -29.16667
v 37.66667 2.057585 -30.16667
v 36.66667 2.057585 -30.16667
v 26 2.057585 -15.66667
v 25.16667 2.057585 -13
v 25.16667 2.057585 -11.33333
v 32.83334 2.057585 -11.33333
v 26 2.057585 -15.66667
v 32.83334 2.057585 -11.33333
v 34 2.057585 -11.33333
v 26 2.057585 -18.66667
v 35.5 2.057585 -30.16667
v 25.83333 2.057585 -29.5
v 25.83333 2.057585 -26.5
v 35.5 2.057585 -30.16667
v 25.83333 2.057585 -26.5
v 26 2.057585 -18.66667
v 34 2.057585 -11.33333
v 42.66667 2.057585 -10.66667
v 42 2.057585 -27
v 42 2.057585 -27
v 41.16667 2.057585 -27.83333
v 35.5 2.057585 -30.16667
v 35.5 2.057585 -30.16667
v 25 2.057585 -30.16667
v 25.83333 2.057585 -29.5
v 17.33333 3.724252 -22.33333
v 18.16667 3.724252 -23.16667
v 17.66667 3.724252 -23.5
v 18.16667 4.057585 -3
v 19.33333 3.724252 -3
v 18.5 3.724252 -4.5
v 16.66667 3.724252 -16.83333
v 17.66667 3.724252 -17.16667
v 17.66667 3.724252 -18
v 16 3.724252 -15.33333
v 16.66667 3.724252 -15.83333
v 16.66667 3.724252 -16.83333
v 38.16667 2.057585 -41.5
v 38.16667 2.057585 -41
v 38.66667 2.057585 -40.33334
v 39.66667 2.057585 -39.16667
v 39.66667 2.057585 -41.83334
v 17.66667 4.057585 -3
v 18.16667 4.057585 -3
v 18.5 3.724252 -4.5
v 18.33333 3.724252 -6
v 17.66667 3.724252 -18
v 18.33333 3.724252 -18.33333
v 18.33333 3.724252 -19.66667
v 18.5 3.724252 -6.666668
v 19.33333 3.724252 -7.333332
v 19.33333 3.724252 -8.333332
v 17.66667 3.724252 -9.666668
v 18.33333 3.724252 -19.66667
v 18.66667 3.724252 -19.83333
v 17.33333 3.724252 -21.33333
v 17.33333 3.724252 -22.33333
v 17.66667 3.724252 -23.5
v 17.33333 3.724252 -24.5
v 16 3.724252 -25.5
v 18.66667 3.724252 -2.166668
v 18.66667 3.724252 -0.6666679
v 19.33333 3.724252 -1.666668
v 42.66667 2.057585 -10.66667
v 42.66667 2.057585 -27
v 42 2.057585 -27
v 16.66667 3.724252 -16.83333
v 17.66667 3.724252 -18
v 18.33333 3.724252 -19.66667
v 17.33333 3.724252 -21.33333
v 34 2.057585 -11.33333
v 35 2.057585 -10
v 40.66667 2.057585 -10
v 42.66667 2.057585 -10.66667
v 17.33333 3.724252 -11
v 18.16667 3.724252 -12
v 16 3.724252 -14.33333
v 18.33333 3.724252 -6
v 18.5 3.724252 -6.666668
v 17.66667 3.724252 -9.666668
v 17.33333 3.724252 -21.33333
v 17.33333 3.724252 -22.33333
v 16 3.724252 -25.5
v 16 3.724252 -26.66667
v 16.66667 3.724252 -28.16667
v 17.5 3.724252 -31.5
v 17 3.724252 -34.66667
v 15.66667 3.724252 -38
v 16.66667 3.724252 -28.16667
v 17 3.724252 -28.5
v 17.5 3.724252 -31.5
v 32.5 2.057585 -3.666668
v 32.5 2.057585 -4.833332
v 31.5 2.057585 -5.166668
v 26.16667 2.057585 -5.666668
v 26.16667 2.057585 -4
v 26.66667 2.057585 -2.833332
v 29.83333 2.057585 -7.666668
v 29.83333 2.057585 -9
v 26.16667 2.057585 -5.666668
v 31.5 2.057585 -5.166668
v 31.5 2.057585 -5.666668
v 29.83333 2.057585 -7.666668
v 26.16667 2.057585 -5.666668
v 25.16667 2.057585 -11.33333
v 25.33333 2.057585 -6.333332
v 26.16667 2.057585 -5.666668
v 29.83333 2.057585 -9
v 30.16667 2.057585 -9.666668
v 31.16667 2.057585 -10.66667
v 32.83334 2.057585 -11.33333
v 25.16667 2.057585 -11.33333
v 30.16667 2.057585 -9.666668
v 31.16667 2.057585 -10.66667
v 25.16667 2.057585 -11.33333
v 32.5 2.057585 -3.666668
v 26.66667 2.057585 -2.833332
v 26.5 2.057585 -1.333332
v 33.66667 2.057585 -2.333332
v 26.5 2.057585 -1.333332
v 36.66667 2.057585 -1.333332
v 33.66667 2.057585 -2.333332
v 16 3.724252 -15.33333
v 16.66667 3.724252 -16.83333
v 17.33333 3.724252 -21.33333
v 16 3.724252 -25.5
v 35 2.057585 -10
v 35.33334 2.057585 -8.333332
v 39.5 2.057585 -8.833332
v 40.66667 2.057585 -10
v 31.16667 2.057585 -8.5
v 31.66667 2.057585 -7.333332
v 32 2.057585 -7.666668
v 31.5 2.057585 -9.333332
v 34 2.057585 -7.666668
v 34.16667 2.057585 -8.166668
v 33.66667 2.057585 -9.666668
v 33.16667 2.057585 -10
v 31.5 2.057585 -9.333332
v 32 2.057585 -7.666668
v 42.66667 2.057585 -9.333332
v 40.83334 2.057585 -8.5
v 42 2.057585 -7.5
v 42.66667 2.057585 -6
v 42.66667 2.057585 -9.333332
v 42 2.057585 -7.5
v 34 2.057585 -5.5
v 33.66667 2.057585 -4.333332
v 34.33334 2.057585 -3.5
v 38.66667 2.057585 -2.5
v 39.83334 2.057585 -2.833332
v 38.33334 2.057585 -5
v 38.33334 2.057585 -5
v 38.5 2.057585 -7.5
v 36.5 2.057585 -7.333332
v 36.5 2.057585 -7.333332
v 35 2.057585 -6.666668
v 34 2.057585 -5.5
v 36.16667 2.057585 -2.666668
v 38.66667 2.057585 -2.5
v 38.33334 2.057585 -5
v 36.5 2.057585 -7.333332
v 34 2.057585 -5.5
v 34.33334 2.057585 -3.5
v 40.66667 2.057585 -6.833332
v 40 2.057585 -7.166668
v 39.66667 2.057585 -6.5
v 40.83334 2.057585 -6.166668
v 40.83334 2.057585 -6.166668
v 39.66667 2.057585 -6.5
v 39.66667 2.057585 -5.333332
v 40.83334 2.057585 -3.666668
v 41.33334 2.057585 -4.666668
v 41.33334 2.057585 -5.833332
v 42.66667 2.057585 -3.166668
v 42.66667 2.057585 -5
v 42.33334 2.057585 -3.833332
v 42.33334 2.057585 -3.166668
v 16 3.724252 -26.66667
v 16.66667 3.724252 -27.16667
v 16.66667 3.724252 -28.16667
v 17.33333 4.224252 -2.666668
v 17.66667 4.057585 -3
v 18.33333 3.724252 -6
v 17.66667 3.724252 -9.666668
v 17.33333 3.724252 -11
v 16 3.724252 -14.33333
v 17.33333 5.224252 0
v 17.33333 4.224252 -2.666668
v 16 3.724252 -14.33333
v 0 3.724252 0
v 42.66667 2.057585 -2
v 41.5 2.057585 -2
v 40.66667 2.057585 -1.333332
v 42.66667 2.057585 0
v 51 2.057585 -11.5
v 51.66667 2.057585 -11.83333
v 51.33334 2.057585 -12.5
v 51.16667 2.057585 -32.5
v 51.16667 2.057585 -33.33334
v 50.66667 2.057585 -33.83334
v 51 2.057585 -22.66667
v 51.33334 2.057585 -22.83333
v 51.16667 2.057585 -24.16667
v 44.33334 2.057585 -27.33333
v 44 2.057585 -27
v 51.5 2.057585 -19.83333
v 51.5 2.057585 -20.83333
v 51 2.057585 -21.33333
v 51 2.057585 -37
v 52.16667 2.057585 -38.16667
v 51.66667 2.057585 -38.66667
v 50.66667 2.057585 -35.16667
v 51.33334 2.057585 -35.5
v 51 2.057585 -37
v 51.83334 2.057585 -16.16667
v 52.33334 2.057585 -17
v 52.33334 2.057585 -18
v 51.5 2.057585 -19.83333
v 51.83334 2.057585 -27.66667
v 53.16667 2.057585 -28.5
v 52 2.057585 -29.66667
v 51.16667 2.057585 -24.16667
v 52.16667 2.057585 -25.16667
v 51.66667 2.057585 -26.16667
v 51 2.057585 -11.5
v 51.33334 2.057585 -12.5
v 51.5 2.057585 -13.66667
v 51.83334 2.057585 -16.16667
v 51.5 2.057585 -13.66667
v 52.33334 2.057585 -14.33333
v 51.83334 2.057585 -16.16667
v 51.5 2.057585 -40
v 52.83334 2.057585 -41.83334
v 52.66667 2.057585 -42.66667
v 42.66667 2.057585 -42.66667
v 52 2.057585 -29.66667
v 52 2.057585 -30.66667
v 51.16667 2.057585 -32.5
v 51 2.057585 -37
v 51.66667 2.057585 -38.66667
v 51.5 2.057585 -40
v 51.66667 2.057585 -26.16667
v 51.83334 2.057585 -27.66667
v 52 2.057585 -29.66667
v 42.66667 2.057585 -5
v 43.66667 2.057585 -3.166668
v 45.66667 2.057585 -5
v 45.66667 2.057585 -6.666668
v 44.5 2.057585 -8
v 42.66667 2.057585 -6
v 52 2.057585 -29.66667
v 51.16667 2.057585 -32.5
v 50.66667 2.057585 -33.83334
v 50.66667 2.057585 -33.83334
v 50.66667 2.057585 -35.16667
v 44 2.057585 -31.16667
v 44.33334 2.057585 -28.83333
v 50.66667 2.057585 -35.16667
v 51 2.057585 -37
v 51.5 2.057585 -40
v 42.66667 2.057585 -42.66667
v 42.66667 2.057585 -32.16667
v 44 2.057585 -31.16667
v 51.83334 2.057585 -16.16667
v 51.5 2.057585 -19.83333
v 51 2.057585 -21.33333
v 51.16667 2.057585 -24.16667
v 51.66667 2.057585 -26.16667
v 52 2.057585 -29.66667
v 50.66667 2.057585 -33.83334
v 44.33334 2.057585 -28.83333
v 44.33334 2.057585 -27.33333
v 44.83334 2.057585 -11
v 51 2.057585 -11
v 51 2.057585 -11.5
v 43.66667 2.057585 -11
v 44.83334 2.057585 -11
v 51 2.057585 -11.5
v 43.66667 2.057585 -3.166668
v 45.16667 2.057585 -3.833332
v 45.66667 2.057585 -5
v 51 2.057585 -21.33333
v 51 2.057585 -22.66667
v 44 2.057585 -27
v 58.66667 2.057585 -41.83334
v 58.66667 2.057585 -41.33334
v 59 2.057585 -41.33334
v 59.5 2.057585 -42.66667
v 58.66667 2.057585 -41.83334
v 59 2.057585 -41.33334
v 60 2.057585 -40.16667
v 60.16667 2.057585 -26.5
v 59.83334 2.057585 -25.83333
v 60.83334 2.057585 -25.16667
v 60 2.057585 -40.16667
v 59.83334 2.057585 -38.66667
v 60.66667 2.057585 -38.16667
v 59.83334 2.057585 -32.5
v 59.33334 2.057585 -32
v 60 2.057585 -30.33333
v 60.16667 2.057585 -8.666668
v 59.66667 2.057585 -8.166668
v 60.33334 2.057585 -6.5
v 60 2.057585 -19.66667
v 59.66667 2.057585 -19.16667
v 60.33334 2.057585 -17.33333
v 61.16667 2.057585 -1.5
v 61.16667 2.057585 0
v 68.66667 2.057585 0
v 60.66667 2.057585 -35
v 59.66667 2.057585 -34
v 59.83334 2.057585 -32.5
v 60.83334 2.057585 -22.16667
v 59.83334 2.057585 -21.16667
v 60 2.057585 -19.66667
v 60.33334 2.057585 -17.33333
v 61 2.057585 -14.5
v 61 2.057585 -11.33333
v 60 2.057585 -10.33333
v 60.16667 2.057585 -8.666668
v 60.33334 2.057585 -17.33333
v 60.16667 2.057585 -15
v 61 2.057585 -14.5
v 59.5 2.057585 -42.66667
v 60 2.057585 -40.16667
v 60.66667 2.057585 -38.16667
v 68.66667 2.057585 -42.66667
v 60.66667 2.057585 -35
v 59.83334 2.057585 -32.5
v 60 2.057585 -30.33333
v 60.83334 2.057585 -22.16667
v 61 2.057585 -14.5
v 61.16667 2.057585 -12.33333
v 60.83334 2.057585 -25.16667
v 61 2.057585 -11.33333
v 60.16667 2.057585 -8.666668
v 60.33334 2.057585 -6.5
v 60.33334 2.057585 -6.5
v 60.33334 2.057585 -2.166668
v 61.16667 2.057585 -1.5
v 68.66667 2.057585 0
v 61.16667 2.057585 -12.33333
v 61 2.057585 -11.33333
v 60 2.057585 -30.33333
v 60.16667 2.057585 -26.5
v 60.83334 2.057585 -25.16667
v 60.83334 2.057585 -36
v 60.66667 2.057585 -35
v 68.66667 2.057585 -42.66667
v 60.83334 2.057585 -36
v 60.83334 2.057585 -25.16667
v 61.16667 2.057585 -12.33333
v 68.66667 2.057585 0
v 68.66667 2.057585 -42.66667
v 60.66667 2.057585 -38.16667
v 60.83334 2.057585 -36
v 44.5 2.057585 -8
v 43.83334 2.057585 -8.5
v 42.66667 2.057585 -9.333332
v 42.66667 2.057585 -6
v 51.66667 2.057585 -0.8333321
v 52.66667 2.057585 -1.5
v 52 2.057585 -2.5
v 52.16667 2.057585 -4
v 53.33334 2.057585 -4.833332
v 52.33334 2.057585 -6
v 44.16667 2.057585 -2
v 42.66667 2.057585 -2
v 42.66667 2.057585 0
v 51.66667 2.057585 -0.8333321
v 52 2.057585 -2.5
v 52.16667 2.057585 -4
v 45.66667 2.057585 -2.666668
v 44.16667 2.057585 -2
v 42.66667 2.057585 0
v 51.5 2.057585 0
v 51.5 2.057585 0
v 51.66667 2.057585 -0.8333321
v 52.16667 2.057585 -4
v 46.83334 2.057585 -4.5
v 45.66667 2.057585 -2.666668
v 51 2.057585 -11
v 44.83334 2.057585 -11
v 45.83334 2.057585 -9.833332
v 51 2.057585 -11
v 45.83334 2.057585 -9.833332
v 46.83334 2.057585 -7.5
v 52.33334 2.057585 -6
v 51 2.057585 -11
v 46.83334 2.057585 -7.5
v 46.83334 2.057585 -4.5
v 52.16667 2.057585 -4
v 43.83334 2.057585 -8.5
v 43.66667 2.057585 -9.5
v 42.66667 2.057585 -9.333332
v 45.66667 2.057585 -6.666668
v 45.16667 2.057585 -8
v 44.5 2.057585 -8
v 42.66667 2.057585 -5
v 42.66667 2.057585 -3.166668
v 43.66667 2.057585 -3.166668
v 43.66667 2.057585 -11
v 51 2.057585 -11.5
v 51.83334 2.057585 -16.16667
v 51 2.057585 -21.33333
v 44 2.057585 -27
v 42.66667 2.057585 -27
v 42.66667 2.057585 -10.66667
v 43.66667 2.057585 -11
v 51.83334 2.057585 -16.16667
v -177.6667 2.057585 24.83333
v -177.6667 2.057585 23.66667
v -178.1667 2.057585 23.33333
v -178.3333 2.057585 10.66667
v -178 2.057585 10.5
v -178 2.057585 9
v -177.6667 2.057585 32.83334
v -176.6667 2.057585 31.83333
v -177.1667 2.057585 31.16667
v -178 2.057585 9
v -177 2.057585 8.166667
v -177.5 2.057585 7.333333
v -177.3333 2.057585 5.5
v -176.1667 2.057585 4.833333
v -177.1667 2.057585 3.666667
v -178.1667 2.057585 21.83333
v -177.6667 2.057585 21.5
v -177.8333 2.057585 20
v -177.8333 2.057585 20
v -176.8333 2.057585 19
v -177.3333 2.057585 18.16667
v -177.6667 2.057585 13.66667
v -177.6667 2.057585 12.5
v -178.3333 2.057585 11.83333
v -177.1667 2.057585 29.66667
v -175.8333 2.057585 28.5
v -176.8333 2.057585 27.5
v -178 2.057585 1.166667
v -178.1667 2.057585 0
v -180.1667 2.057585 0
v -177.1667 2.057585 3.666667
v -177.1667 2.057585 2.833333
v -178 2.057585 1.166667
v -176.8333 2.057585 27.5
v -176.8333 2.057585 26.66667
v -177.6667 2.057585 24.83333
v -180.1667 2.057585 35.83334
v -176.6667 2.057585 35.83334
v -177.6667 2.057585 34
v -177.3333 2.057585 16.83333
v -176.8333 2.057585 16
v -177.6667 2.057585 13.66667
v -177.6667 2.057585 32.83334
v -177.1667 2.057585 31.16667
v -177.1667 2.057585 29.66667
v -177.8333 2.057585 20
v -177.3333 2.057585 18.16667
v -177.3333 2.057585 16.83333
v -178 2.057585 9
v -177.5 2.057585 7.333333
v -177.3333 2.057585 5.5
v -180.1667 2.057585 35.83334
v -177.6667 2.057585 34
v -177.6667 2.057585 32.83334
v -176.8333 2.057585 27.5
v -177.6667 2.057585 24.83333
v -178.1667 2.057585 23.33333
v -180.1667 2.057585 35.83334
v -177.6667 2.057585 32.83334
v -177.1667 2.057585 29.66667
v -177.3333 2.057585 5.5
v -177.1667 2.057585 3.666667
v -178 2.057585 1.166667
v -180.1667 2.057585 0
v -178.3333 2.057585 10.66667
v -178 2.057585 9
v -178.1667 2.057585 21.83333
v -177.8333 2.057585 20
v -177.3333 2.057585 16.83333
v -177.6667 2.057585 13.66667
v -178.3333 2.057585 11.83333
v -178.1667 2.057585 23.33333
v -178.1667 2.057585 21.83333
v -178.3333 2.057585 11.83333
v -180.1667 2.057585 0
v -180.1667 2.057585 35.83334
v -178.3333 2.057585 11.83333
v -178.3333 2.057585 10.66667
v -180.1667 2.057585 0
v -175 2.057585 39.5
v -174.1667 2.057585 39.5
v -175.1667 2.057585 38.16667
v -176 2.057585 40
v -175 2.057585 39.5
v -175.1667 2.057585 38.16667
v -175.1667 2.057585 38.16667
v -175.5 2.057585 35.66667
v -176.6667 2.057585 35.83334
v -176.8333 2.057585 40.83334
v -176 2.057585 40
v -175.1667 2.057585 38.16667
v -176.6667 2.057585 35.83334
v -180.1667 2.057585 35.83334
v -180.1667 2.057585 42.66667
v -180.1667 2.057585 42.66667
v -177 2.057585 42.66667
v -176.8333 2.057585 40.83334
v -174 2.057585 42.66667
v -173.8333 2.057585 40.66667
v -175.6667 2.057585 41.33334
v -175.8333 2.057585 42.66667
v -148.1667 2.057585 1.833333
v -148.1667 2.057585 0.6666667
v -148.8333 2.057585 0
v -169.5 2.057585 0
v -166.1667 2.057585 3.666667
v -165.1667 2.057585 3.666667
v -169.5 2.057585 1.166667
v -169.8333 2.057585 1.666667
v -169.3333 2.057585 3.666667
v -169.5 2.057585 0
v -169.5 2.057585 1.166667
v -169.3333 2.057585 3.666667
v -166.1667 2.057585 3.666667
v -165.1667 2.057585 3.666667
v -147.3333 2.057585 3.666667
v -148.1667 2.057585 1.833333
v -139.6667 2.057585 1.333333
v -140 2.057585 1.5
v -140 2.057585 2
v -139.3333 2.057585 3.5
v -145 2.057585 39.66667
v -145.1667 2.057585 39.66667
v -144.6667 2.057585 39.83334
v -147 2.057585 39.66667
v -149.5 2.057585 39.83334
v -149.1667 2.057585 40.33334
v -139.8333 2.057585 0
v -139.6667 2.057585 1.333333
v -139.3333 2.057585 3.5
v -128 2.057585 0
v -147 2.057585 39.66667
v -151.3333 2.057585 39.66667
v -149.5 2.057585 39.83334
v -167.3333 2.057585 4
v -166.5 2.057585 4
v -166.1667 2.057585 3.666667
v -169.3333 2.057585 3.666667
v -169.1667 2.057585 6.666667
v -168 2.057585 6.666667
v -168 2.057585 4.666667
v -169.3333 2.057585 3.666667
v -168 2.057585 4.666667
v -167.3333 2.057585 4
v -169.3333 2.057585 3.666667
v -156 2.057585 7.833333
v -155.6667 2.057585 8.166667
v -154.3333 2.057585 8.166667
v -143.8333 2.057585 8.166667
v -143.8333 2.057585 7.333333
v -144.5 2.057585 6.333333
v -146.1667 2.057585 5.666667
v -153.3333 2.057585 8.166667
v -156 2.057585 7.833333
v -154.3333 2.057585 8.166667
v -153.3333 2.057585 8.166667
v -159.1667 2.057585 7
v -158.3333 2.057585 7.666667
v -156 2.057585 7.833333
v -161.6667 2.057585 4.833333
v -159.8333 2.057585 7
v -159.1667 2.057585 7
v -153.3333 2.057585 8.166667
v -146.1667 2.057585 5.666667
v -147.1667 2.057585 4.5
v -165.1667 2.057585 3.666667
v -164.3333 2.057585 4.333333
v -161.6667 2.057585 4.833333
v -147.3333 2.057585 3.666667
v -159.1667 2.057585 7
v -156 2.057585 7.833333
v -153.3333 2.057585 8.166667
v -147.1667 2.057585 4.5
v -147.3333 2.057585 3.666667
v -161.6667 2.057585 4.833333
v -154.3333 2.057585 8.166667
v -155.6667 2.057585 8.166667
v -155.1667 2.057585 8.833334
v -143.8333 2.057585 8.166667
v -153.3333 2.057585 8.166667
v -151.8333 2.057585 9.5
v -143.8333 2.057585 8.166667
v -151.8333 2.057585 9.5
v -151.8333 2.057585 9.833334
v -143.6667 2.057585 9
v -151.8333 2.057585 9.833334
v -142.6667 2.057585 9.833334
v -143.6667 2.057585 9
v -150.8333 2.057585 16.5
v -151.3333 2.057585 16.5
v -150.8333 2.057585 17.16667
v -150.5 2.057585 15.66667
v -150.8333 2.057585 16.5
v -150.8333 2.057585 17.16667
v -150.5 2.057585 13.83333
v -151.3333 2.057585 14.66667
v -150.5 2.057585 15.66667
v -144.5 2.057585 18.83333
v -143.8333 2.057585 18.83333
v -151.8333 2.057585 9.833334
v -151.6667 2.057585 11.16667
v -150.8333 2.057585 11.66667
v -142.6667 2.057585 9.833334
v -150.5 2.057585 15.66667
v -150.8333 2.057585 17.16667
v -150.8333 2.057585 18
v -144.5 2.057585 18.83333
v -150.8333 2.057585 18
v -151.8333 2.057585 18.83333
v -144.5 2.057585 18.83333
v -142.6667 2.057585 9.833334
v -150.5 2.057585 13
v -150.5 2.057585 13.83333
v -143.8333 2.057585 18.83333
v -140.5 2.057585 9.833334
v -142.6667 2.057585 9.833334
v -150.8333 2.057585 11.66667
v -150.5 2.057585 13
v -158.6667 2.057585 39.33334
v -160.5 2.057585 39.33334
v -160.1667 2.057585 39.83334
v -163.6667 2.057585 11
v -162.1667 2.057585 11
v -162.6667 2.057585 10.33333
v -163.1667 2.057585 10.33333
v -162.3333 2.057585 11.66667
v -162.1667 2.057585 11
v -163.6667 2.057585 11
v -163.6667 2.057585 11
v -165.1667 2.057585 10.83333
v -165.1667 2.057585 11.5
v -161.8333 2.057585 12.16667
v -162.3333 2.057585 11.66667
v -163.6667 2.057585 11
v -165.1667 2.057585 11.5
v -166.1667 2.057585 12.16667
v -160.3333 2.057585 13.16667
v -160.3333 2.057585 12.83333
v -161.8333 2.057585 12.16667
v -167 2.057585 12.16667
v -167.3333 2.057585 12.16667
v -169.3333 2.057585 12.5
v -166.1667 2.057585 12.16667
v -167 2.057585 12.16667
v -169.3333 2.057585 12.5
v -158.8333 2.057585 14.33333
v -160.3333 2.057585 13.16667
v -161.8333 2.057585 12.16667
v -166.1667 2.057585 12.16667
v -169.3333 2.057585 12.5
v -169.3333 2.057585 14.33333
v -157.5 2.057585 14.33333
v -156.6667 2.057585 14.33333
v -157.3333 2.057585 14
v -168.8333 2.057585 16.66667
v -169 2.057585 18.33333
v -168.1667 2.057585 19
v -155.1667 2.057585 15.66667
v -156.6667 2.057585 14.33333
v -157.5 2.057585 14.33333
v -154.5 2.057585 18.66667
v -154.5 2.057585 17.66667
v -155.1667 2.057585 15.66667
v -157.5 2.057585 14.33333
v -158.8333 2.057585 14.33333
v -153.8333 2.057585 19.66667
v -154.5 2.057585 18.66667
v -158.8333 2.057585 14.33333
v -168.1667 2.057585 19
v -168.1667 2.057585 19.66667
v -169.3333 2.057585 14.33333
v -168.8333 2.057585 16.66667
v -168.1667 2.057585 19
v -158.8333 2.057585 14.33333
v -145.8333 2.057585 19.66667
v -144.5 2.057585 18.83333
v -151.8333 2.057585 18.83333
v -153 2.057585 19.66667
v -142.6667 2.057585 19.83333
v -142.6667 2.057585 21.5
v -140.5 2.057585 21.5
v -142.6667 2.057585 19.83333
v -140.5 2.057585 21.5
v -139 2.057585 21.5
v -128 2.057585 0
v -139.3333 2.057585 3.5
v -139.1667 2.057585 5.833333
v -147 2.057585 20.5
v -146.1667 2.057585 20.5
v -145.8333 2.057585 19.66667
v -147.5 2.057585 20.5
v -147 2.057585 20.5
v -145.8333 2.057585 19.66667
v -153 2.057585 19.66667
v -168.1667 2.057585 20.5
v -147.5 2.057585 20.5
v -153.8333 2.057585 19.66667
v -168.1667 2.057585 19.66667
v -147.5 2.057585 20.5
v -153 2.057585 19.66667
v -153.8333 2.057585 19.66667
v -149.3333 2.057585 21.5
v -148.3333 2.057585 21.33333
v -147.5 2.057585 20.5
v -169.1667 2.057585 23
v -169.3333 2.057585 25.5
v -167.6667 2.057585 25.5
v -169.1667 2.057585 23
v -167.6667 2.057585 25.5
v -167 2.057585 25.5
v -168.1667 2.057585 22
v -167 2.057585 25.5
v -149.8333 2.057585 22
v -149.3333 2.057585 21.5
v -168.1667 2.057585 20.5
v -168.1667 2.057585 22
v -167 2.057585 25.5
v -149.3333 2.057585 21.5
v -147.5 2.057585 20.5
v -167 2.057585 25.5
v -145.5 2.057585 25.5
v -148.8333 2.057585 24.5
v -167 2.057585 25.5
v -148.8333 2.057585 24.5
v -149.6667 2.057585 23.5
v -167 2.057585 25.5
v -149.6667 2.057585 23.5
v -149.8333 2.057585 22
v -140.5 2.057585 21.5
v -142.6667 2.057585 21.5
v -141.6667 2.057585 22.83333
v -133.6667 2.057585 32
v -133.6667 2.057585 33.5
v -132.6667 2.057585 33.33334
v -135.3333 2.057585 29.33333
v -135.1667 2.057585 30.33333
v -133.6667 2.057585 32
v -139.5 2.057585 9.166667
v -140.5 2.057585 9.833334
v -143.8333 2.057585 18.83333
v -135.8333 2.057585 25.5
v -135.8333 2.057585 28.83333
v -135.3333 2.057585 29.33333
v -139.1667 2.057585 5.833333
v -139.8333 2.057585 7.5
v -139.5 2.057585 9.166667
v -128 2.057585 0
v -160.5 2.057585 39.33334
v -158.6667 2.057585 39.33334
v -157.5 2.057585 39.16667
v -162.1667 2.057585 39.16667
v -169.3333 2.057585 25.5
v -169.1667 2.057585 26.16667
v -168.3333 2.057585 26.16667
v -167.6667 2.057585 25.5
v -168.1667 2.057585 28.83333
v -168.8333 2.057585 28.83333
v -169 2.057585 29.33333
v -169 2.057585 31.16667
v -140.8333 2.057585 30.33333
v -140.1667 2.057585 29.83333
v -140.3333 2.057585 29
v -141.6667 2.057585 28.83333
v -142.3333 2.057585 28.16667
v -144.3333 2.057585 26.16667
v -145.5 2.057585 25.5
v -166.6667 2.057585 26.5
v -167.3333 2.057585 27.16667
v -167.6667 2.057585 28.33333
v -168 2.057585 32
v -168 2.057585 33.66667
v -167.6667 2.057585 34.16667
v -150.1667 2.057585 34.16667
v -166.6667 2.057585 26.5
v -167.6667 2.057585 28.33333
v -149.6667 2.057585 34.16667
v -142.3333 2.057585 28.16667
v -145.5 2.057585 25.5
v -167 2.057585 25.5
v -166.6667 2.057585 26.5
v -150.1667 2.057585 34.16667
v -140.8333 2.057585 30.33333
v -141.6667 2.057585 28.83333
v -142.3333 2.057585 28.16667
v -149.6667 2.057585 34.16667
v -140.3333 2.057585 34.16667
v -140.3333 2.057585 32.33334
v -142.3333 2.057585 28.16667
v -142.8333 2.057585 26.33333
v -144.3333 2.057585 26.16667
v -167.6667 2.057585 28.33333
v -168.1667 2.057585 28.83333
v -169 2.057585 31.16667
v -168 2.057585 32
v -130.5 2.057585 38.66667
v -129.8333 2.057585 38.66667
v -129.3333 2.057585 38.16667
v -131.3333 2.057585 38.66667
v -130.5 2.057585 38.66667
v -129.3333 2.057585 38.16667
v -132.8333 2.057585 37.16667
v -132.8333 2.057585 38.66667
v -131.3333 2.057585 38.66667
v -129.3333 2.057585 38.16667
v -131.8333 2.057585 36.16667
v -139.5 2.057585 9.166667
v -139 2.057585 21.5
v -137.5 2.057585 22.33333
v -143.8333 2.057585 18.83333
v -142.6667 2.057585 19.83333
v -139 2.057585 21.5
v -139.5 2.057585 9.166667
v -152.3333 2.057585 34.33334
v -152 2.057585 34.33334
v -150.1667 2.057585 34.16667
v -152.8333 2.057585 34.33334
v -152.3333 2.057585 34.33334
v -150.1667 2.057585 34.16667
v -152.8333 2.057585 34.33334
v -150.1667 2.057585 34.16667
v -167.6667 2.057585 34.16667
v -167.6667 2.057585 34.33334
v -140.5 2.057585 36.16667
v -140 2.057585 36.16667
v -139.5 2.474252 35.33334
v -140.1667 2.057585 34.83334
v -149.3333 2.057585 34.5
v -149.1667 2.057585 36.16667
v -141 2.057585 36.16667
v -141 2.057585 36.16667
v -140.5 2.057585 36.16667
v -140.1667 2.057585 34.83334
v -140.3333 2.057585 34.16667
v -149.6667 2.057585 34.16667
v -149.3333 2.057585 34.5
v -167.5 2.057585 35.66667
v -167.8333 2.057585 36.5
v -167 2.057585 36.5
v -167 2.057585 36.5
v -166.3333 2.057585 37.5
v -166 2.057585 37.5
v -167 2.057585 36.5
v -166 2.057585 37.5
v -165 2.057585 37.5
v -167.6667 2.057585 34.33334
v -167.5 2.057585 35.66667
v -167 2.057585 36.5
v -165 2.057585 37.5
v -153.1667 2.057585 34.66667
v -152.8333 2.057585 34.33334
v -165 2.057585 37.5
v -153 2.057585 37.5
v -153.1667 2.057585 34.66667
v -149.1667 2.057585 36.16667
v -149.1667 2.057585 36.83334
v -146.1667 2.057585 36.83334
v -149.1667 2.057585 36.16667
v -146.1667 2.057585 36.83334
v -145.1667 2.057585 36.83334
v -145.1667 2.057585 36.83334
v -141.6667 2.057585 36.83334
v -141 2.057585 36.16667
v -149.1667 2.057585 36.16667
v -140 2.057585 36.16667
v -140.5 2.057585 36.16667
v -140.3333 2.057585 36.5
v -140 2.057585 36.5
v -145.1667 2.057585 39.66667
v -145 2.057585 39.66667
v -146.8333 2.057585 38.66667
v -147 2.057585 39.66667
v -145.1667 2.057585 39.66667
v -146.8333 2.057585 38.66667
v -149.3333 2.057585 39.33334
v -151.3333 2.057585 39.33334
v -151.3333 2.057585 39.66667
v -147 2.057585 39.66667
v -147 2.057585 39.66667
v -146.8333 2.057585 38.66667
v -146.8333 2.057585 37.33334
v -149.1667 2.057585 36.83334
v -149 2.057585 39
v -146.8333 2.057585 37.33334
v -146.1667 2.057585 36.83334
v -149.1667 2.057585 36.83334
v -149 2.057585 39
v -149.3333 2.057585 39.33334
v -147 2.057585 39.66667
v -143.5 2.057585 39
v -143.6667 2.057585 39.83334
v -143.3333 2.057585 40
v -142.5 2.057585 39.16667
v -142.5 2.057585 39.16667
v -141.3333 2.057585 38.5
v -141.6667 2.057585 38.16667
v -139.8333 2.057585 39.16667
v -139.8333 2.057585 38.66667
v -141.3333 2.057585 38.5
v -142.5 2.057585 39.16667
v -143.5 2.057585 39
v -142.5 2.057585 39.16667
v -141.6667 2.057585 38.16667
v -141.6667 2.057585 36.83334
v -145.1667 2.057585 36.83334
v -156.5 2.057585 39.16667
v -156 2.057585 39.16667
v -155.5 2.057585 38.66667
v -165 2.057585 37.5
v -164.6667 2.057585 38.16667
v -163.5 2.057585 38.16667
v -157.5 2.057585 39.16667
v -156.5 2.057585 39.16667
v -155.5 2.057585 38.66667
v -155.5 2.057585 38.66667
v -153 2.057585 38.66667
v -153 2.057585 37.5
v -157.5 2.057585 39.16667
v -155.5 2.057585 38.66667
v -153 2.057585 37.5
v -165 2.057585 37.5
v -163.5 2.057585 38.16667
v -163.5 2.057585 38.16667
v -162.1667 2.057585 39.16667
v -157.5 2.057585 39.16667
v -132.8333 2.057585 38.66667
v -133.3333 2.057585 39.16667
v -133 2.057585 40
v -131.3333 2.057585 38.66667
v -129.8333 2.057585 38.66667
v -130.5 2.057585 38.66667
v -130 2.057585 39
v -162.1667 2.057585 39.16667
v -162.1667 2.057585 39.33334
v -161.8333 2.057585 39.33334
v -162.1667 2.057585 39.16667
v -161.8333 2.057585 39.33334
v -160.5 2.057585 39.33334
v -133.6667 2.057585 32
v -132.6667 2.057585 33.33334
v -132 2.057585 34
v -137.5 2.057585 22.33333
v -137.1667 2.057585 24
v -135.8333 2.057585 25.5
v -131.8333 2.057585 36.16667
v -129.3333 2.057585 38.16667
v -128 2.057585 38.16667
v -132 2.057585 34
v -135.3333 2.057585 29.33333
v -133.6667 2.057585 32
v -132 2.057585 34
v -128 2.057585 38.16667
v -135.8333 2.057585 25.5
v -139.5 2.057585 9.166667
v -137.5 2.057585 22.33333
v -135.8333 2.057585 25.5
v -128 2.057585 38.16667
v -128 2.057585 0
v -93.5 2.057585 40.16667
v -93.83333 2.057585 40.16667
v -93.33333 2.057585 40.5
v -122.3333 2.057585 0.5
v -123.3333 2.057585 0.5
v -122.3333 2.057585 6.5
v -121.6667 2.057585 6.5
v -97.66666 2.057585 40.16667
v -100 2.057585 40.16667
v -99.5 2.057585 40.66667
v -107.6667 2.057585 39.66667
v -112.3333 2.057585 39.66667
v -110.6667 2.057585 39.83334
v -107.6667 2.057585 39.66667
v -110.6667 2.057585 39.83334
v -110.3333 2.057585 40.33334
v -122.3333 2.057585 0.5
v -111.8333 2.057585 5.5
v -110.5 2.057585 5.5
v -116.8333 2.057585 39.16667
v -119.5 2.057585 39.16667
v -117.3333 2.057585 39.5
v -120.5 2.057585 39.16667
v -123.5 2.057585 39.33334
v -123.3333 2.057585 39.66667
v -120.5 2.057585 39.16667
v -125.1667 2.057585 39.16667
v -123.5 2.057585 39.33334
v -110.5 2.057585 5.5
v -110.1667 2.057585 5.833333
v -109.6667 2.057585 5.833333
v -110.5 2.057585 5.5
v -109.6667 2.057585 5.833333
v -108.3333 2.057585 5.833333
v -124.5 2.057585 7.833333
v -123.8333 2.057585 7.166667
v -123.3333 2.057585 0.5
v -108.3333 2.057585 5.833333
v -108 2.057585 6.166667
v -106.8333 2.057585 6.166667
v -108.3333 2.057585 5.833333
v -106.8333 2.057585 6.166667
v -105.3333 2.057585 6.166667
v -123.8333 2.057585 7.166667
v -122.3333 2.057585 6.5
v -123.3333 2.057585 0.5
v -106.8333 2.057585 6.166667
v -108 2.057585 6.166667
v -107.5 2.057585 6.833333
v -105.3333 2.057585 6.166667
v -104.5 2.057585 7.166667
v -103.5 2.057585 7.166667
v -105.3333 2.057585 6.166667
v -103.5 2.057585 7.166667
v -102.1667 2.057585 7.166667
v -110.5 2.057585 5.5
v -108.3333 2.057585 5.833333
v -105.3333 2.057585 6.166667
v -126.5 2.057585 13.83333
v -125.8333 2.057585 13.16667
v -126.8333 2.057585 12.5
v -86.33333 2.057585 13.5
v -85.33333 2.057585 12.66667
v -85.33333 2.057585 0
v -100.1667 2.057585 7.666667
v -99.5 2.057585 8.666667
v -105.3333 2.057585 6.166667
v -102.1667 2.057585 7.166667
v -100.1667 2.057585 7.666667
v -85.33333 2.057585 0
v -121.8333 2.057585 0
v -114.1667 2.057585 6.5
v -112.3333 2.057585 6.166667
v -111.8333 2.057585 5.5
v -122.3333 2.057585 0.5
v -121.6667 2.057585 6.5
v -93.83333 2.057585 39
v -103.8333 2.057585 39
v -102.5 2.057585 39.16667
v -102.5 2.057585 39.16667
v -100 2.057585 40.16667
v -97.66666 2.057585 40.16667
v -93.83333 2.057585 39
v -97.66666 2.057585 40.16667
v -95.33333 2.057585 40.16667
v -93.83333 2.057585 39
v -121.6667 2.057585 6.5
v -120.8333 2.057585 7
v -119.6667 2.057585 7
v -121.6667 2.057585 6.5
v -119.6667 2.057585 7
v -118 2.057585 7
v -118 2.057585 7
v -115.6667 2.057585 7
v -114.1667 2.057585 6.5
v -121.6667 2.057585 6.5
v -119.6667 2.057585 7
v -120.8333 2.057585 7
v -120.5 2.057585 7.5
v -115.6667 2.057585 7
v -118 2.057585 7
v -117.3333 2.057585 7.666667
v -115.6667 2.057585 7
v -117.3333 2.057585 7.666667
v -117.3333 2.057585 8.333334
v -103.5 2.057585 7.166667
v -104.5 2.057585 7.166667
v -104.3333 2.057585 7.666667
v -100.1667 2.057585 12.5
v -100.1667 2.057585 13.16667
v -99.83333 2.057585 13.33333
v -99.66666 2.057585 12
v -99.5 2.057585 24.16667
v -99.83333 2.057585 24.33333
v -99.83333 2.057585 25
v -99.5 2.057585 25.66667
v -121.8333 2.057585 0
v -122.3333 2.057585 0.5
v -110.5 2.057585 5.5
v -105.3333 2.057585 6.166667
v -99.5 2.057585 8.666667
v -99.66666 2.057585 12
v -99.33333 2.057585 15
v -86 2.057585 16.83333
v -85.33333 2.057585 16
v -86.33333 2.057585 15.33333
v -85.83333 2.057585 19.83333
v -85.66666 2.057585 18.33333
v -86 2.057585 18.16667
v -123.3333 2.057585 0.5
v -124.3333 2.057585 0
v -128 2.057585 0
v -126.8333 2.057585 11.5
v -124.5 2.057585 7.833333
v -86 2.057585 18.16667
v -86 2.057585 16.83333
v -86.33333 2.057585 15.33333
v -99.66666 2.057585 12
v -99.83333 2.057585 13.33333
v -99.33333 2.057585 15
v -98.5 2.057585 21.16667
v -99.66666 2.057585 22.5
v -99.5 2.057585 24.16667
v -99.33333 2.057585 15
v -99.33333 2.057585 17.83333
v -98.66666 2.057585 18.33333
v -99.33333 2.057585 15
v -98.66666 2.057585 18.33333
v -98.5 2.057585 19
v -85.83333 2.057585 19.83333
v -86 2.057585 18.16667
v -86.33333 2.057585 15.33333
v -87.66666 2.057585 25.66667
v -86.5 2.057585 25.66667
v -98.5 2.057585 21.16667
v -99.5 2.057585 24.16667
v -99.5 2.057585 25.66667
v -87.66666 2.057585 25.66667
v -85.33333 2.057585 20.16667
v -85.83333 2.057585 19.83333
v -86.5 2.057585 25.66667
v -85.33333 2.057585 26.5
v -99.5 2.057585 8.666667
v -99.33333 2.057585 15
v -98.5 2.057585 19
v -87.66666 2.057585 25.66667
v -86.33333 2.057585 15.33333
v -86.33333 2.057585 13.5
v -98.5 2.057585 19
v -98.5 2.057585 21.16667
v -87.66666 2.057585 25.66667
v -114 2.057585 14.66667
v -113 2.057585 14.66667
v -113.5 2.057585 14.33333
v -110.3333 2.057585 15.33333
v -111.3333 2.057585 14.66667
v -111.6667 2.057585 14.66667
v -110.3333 2.057585 15.33333
v -111.6667 2.057585 14.66667
v -113 2.057585 14.66667
v -110.3333 2.057585 15.33333
v -113 2.057585 14.66667
v -114 2.057585 14.66667
v -118 2.057585 15.33333
v -119 2.057585 15.33333
v -119.3333 2.057585 15.33333
v -119.5 2.057585 15.5
v -118 2.057585 15.33333
v -119 2.057585 15.33333
v -119.5 2.057585 15.5
v -110.1667 2.057585 15.5
v -110.3333 2.057585 15.33333
v -118 2.057585 15.33333
v -119.5 2.057585 15.5
v -122.8333 2.057585 16.33333
v -124 2.057585 15.5
v -124.8333 2.057585 15.5
v -102.1667 2.057585 7.166667
v -101.8333 2.057585 7.666667
v -100.1667 2.057585 7.666667
v -126.8333 2.057585 11.5
v -124.3333 2.057585 8.833334
v -124.5 2.057585 7.833333
v -107.6667 2.057585 16.33333
v -107.3333 2.057585 15.5
v -108 2.057585 15.5
v -107.6667 2.057585 16.33333
v -108 2.057585 15.5
v -110.1667 2.057585 15.5
v -120 2.057585 16.16667
v -121.5 2.057585 16.33333
v -110.1667 2.057585 15.5
v -119.5 2.057585 15.5
v -120 2.057585 16.16667
v -104.5 2.057585 29
v -104.8333 2.057585 28.66667
v -105.6667 2.057585 28.66667
v -103.8333 2.057585 31.66667
v -103.8333 2.057585 30
v -108.6667 2.057585 21.33333
v -108 2.057585 21
v -108.3333 2.057585 20.16667
v -108.1667 2.057585 19.16667
v -107.1667 2.057585 18.33333
v -107.6667 2.057585 17.66667
v -108.6667 2.057585 21.33333
v -108.3333 2.057585 20.16667
v -108.1667 2.057585 19.16667
v -122.8333 2.057585 16.33333
v -124.8333 2.057585 15.5
v -125.8333 2.057585 15.5
v -108.1667 2.057585 19.16667
v -107.6667 2.057585 17.66667
v -107.6667 2.057585 16.33333
v -108.6667 2.057585 22.5
v -108.6667 2.057585 21.33333
v -121.5 2.057585 16.33333
v -107.1667 2.057585 27
v -108.1667 2.057585 23
v -108.6667 2.057585 22.5
v -121.5 2.057585 16.33333
v -122.8333 2.057585 16.33333
v -108.6667 2.057585 21.33333
v -108.1667 2.057585 19.16667
v -107.6667 2.057585 16.33333
v -121.5 2.057585 16.33333
v -102.5 2.057585 39.16667
v -100.6667 2.057585 40.16667
v -100 2.057585 40.16667
v -91.16666 2.057585 27.66667
v -89.66666 2.057585 27.83333
v -89.66666 2.057585 27
v -91.16666 2.057585 27.66667
v -89.66666 2.057585 27
v -87.66666 2.057585 25.66667
v -99.5 2.057585 25.66667
v -99.16666 2.057585 27.66667
v -102.5 2.057585 39.16667
v -101.3333 2.057585 40.16667
v -100.6667 2.057585 40.16667
v -102.1667 2.057585 29.16667
v -100.8333 2.057585 29.5
v -101.8333 2.057585 27
v -103.3333 2.057585 27.83333
v -86.66666 2.057585 28.83333
v -86.66666 2.057585 29.66667
v -85.66666 2.057585 29.33333
v -87.5 2.057585 27
v -88.5 2.057585 27.83333
v -88.16666 2.057585 28.33333
v -87 2.057585 28.5
v -86.16666 2.057585 27.33333
v -87 2.057585 28.5
v -86.66666 2.057585 28.83333
v -85.66666 2.057585 29.33333
v -86.16666 2.057585 27.33333
v -99.16666 2.057585 28.66667
v -99.83333 2.057585 30.16667
v -99.66666 2.057585 32
v -93.83333 2.057585 32.5
v -93.5 2.057585 30.5
v -99.66666 2.057585 32
v -100.3333 2.057585 32.5
v -93.83333 2.057585 32.5
v -92.5 2.057585 28.83333
v -91.16666 2.057585 27.66667
v -99.16666 2.057585 27.66667
v -93.5 2.057585 30.5
v -92.5 2.057585 28.83333
v -99.16666 2.057585 27.66667
v -99.16666 2.057585 28.66667
v -89 2.057585 33.5
v -87.83333 2.057585 33.5
v -87.66666 2.057585 32.33334
v -89.5 2.057585 30.16667
v -89.83333 2.057585 29
v -90.66666 2.057585 28.83333
v -92.33333 2.057585 31.16667
v -89 2.057585 33.5
v -87.66666 2.057585 32.33334
v -88 2.057585 31.33333
v -90 2.057585 33.5
v -92.33333 2.057585 31.16667
v -92.66666 2.057585 33.5
v -90 2.057585 33.5
v -88 2.057585 31.33333
v -89.5 2.057585 30.16667
v -86.66666 2.057585 34.33334
v -86.66666 2.057585 35
v -86 2.057585 35.5
v -85.33333 2.057585 30.83333
v -86.5 2.057585 31.16667
v -85.33333 2.057585 37
v -85.33333 2.057585 30.83333
v -86 2.057585 35.5
v -95.33333 2.057585 40.16667
v -94.66666 2.057585 40.16667
v -93.83333 2.057585 39
v -94.66666 2.057585 40.16667
v -93.83333 2.057585 40.16667
v -93.83333 2.057585 39
v -93.83333 2.057585 38.66667
v -93.83333 2.057585 32.5
v -100.3333 2.057585 32.5
v -93.83333 2.057585 38.66667
v -100.3333 2.057585 32.5
v -102.8333 2.057585 32.5
v -113.5 2.057585 38.66667
v -93.83333 2.057585 40.16667
v -93.5 2.057585 40.16667
v -93.83333 2.057585 39
v -90 2.057585 33.5
v -92.66666 2.057585 33.5
v -92.66666 2.057585 34.83334
v -87.83333 2.057585 33.5
v -89 2.057585 33.5
v -88.16666 2.057585 34
v -87.83333 2.057585 34
v -89.83333 2.057585 36.66667
v -88.16666 2.057585 35.5
v -89.83333 2.057585 34.83334
v -91.83333 2.057585 35.83334
v -91.33333 2.057585 36.33334
v -86.66666 2.057585 37.83334
v -87.16666 2.057585 36.33334
v -88 2.057585 37.33334
v -89.33333 2.057585 37.83334
v -86.66666 2.057585 37.83334
v -88 2.057585 37.33334
v -92.5 2.057585 37.83334
v -90.83333 2.057585 37.83334
v -92.5 2.057585 37.33334
v -88.66666 2.057585 40.66667
v -88 2.057585 40.66667
v -88 2.057585 40
v -89.66666 2.057585 39.66667
v -86.33333 2.057585 39.33334
v -86.33333 2.057585 38.33334
v -86.66666 2.057585 37.83334
v -87.5 2.057585 39.5
v -90.83333 2.057585 37.83334
v -92.5 2.057585 37.83334
v -92.33333 2.057585 39.66667
v -89.66666 2.057585 39.66667
v -89.33333 2.057585 37.83334
v -90.83333 2.057585 37.83334
v -89.66666 2.057585 39.66667
v -89.66666 2.057585 39.66667
v -88 2.057585 40
v -87.5 2.057585 39.5
v -86.66666 2.057585 37.83334
v -89.33333 2.057585 37.83334
v -119.5 2.057585 39.16667
v -116.8333 2.057585 39.16667
v -116.3333 2.057585 38.66667
v -120.5 2.057585 39.16667
v -119.5 2.057585 39.16667
v -116.3333 2.057585 38.66667
v -120.5 2.057585 39.16667
v -116.3333 2.057585 38.66667
v -125.6667 2.057585 38.66667
v -125.1667 2.057585 39.16667
v -113.5 2.057585 38.66667
v -113 2.057585 39
v -105.3333 2.057585 39
v -113.5 2.057585 38.66667
v -105.3333 2.057585 39
v -103.8333 2.057585 39
v -103.8333 2.057585 39
v -93.83333 2.057585 39
v -93.83333 2.057585 38.66667
v -113.5 2.057585 38.66667
v -106.6667 2.057585 39.66667
v -106.1667 2.057585 39.66667
v -105.3333 2.057585 39
v -107.6667 2.057585 39.66667
v -106.6667 2.057585 39.66667
v -105.3333 2.057585 39
v -107.6667 2.057585 39.66667
v -105.3333 2.057585 39
v -113 2.057585 39
v -112.3333 2.057585 39.66667
v -126.5 2.057585 14.83333
v -126.5 2.057585 13.83333
v -126.8333 2.057585 12.5
v -128 2.057585 38.16667
v -103.8333 2.057585 31.66667
v -105.6667 2.057585 28.66667
v -107.1667 2.057585 27
v -126.3333 2.057585 38.16667
v -125.6667 2.057585 38.66667
v -116.3333 2.057585 38.66667
v -113.5 2.057585 38.66667
v -102.8333 2.057585 32.5
v -103.8333 2.057585 31.66667
v -126.8333 2.057585 12.5
v -126.8333 2.057585 11.5
v -128 2.057585 0
v -128 2.057585 38.16667
v -126.3333 2.057585 38.16667
v -116.3333 2.057585 38.66667
v -113.5 2.057585 38.66667
v -113.5 2.057585 38.66667
v -103.8333 2.057585 31.66667
v -107.1667 2.057585 27
v -122.8333 2.057585 16.33333
v -125.8333 2.057585 15.5
v -126.3333 2.057585 38.16667
v -128 2.057585 38.16667
v -126.3333 2.057585 38.16667
v -125.8333 2.057585 15.5
v -126.5 2.057585 14.83333
v -48 2.057585 2.666667
v -47.66667 2.057585 2.166667
v -47.83334 2.057585 1.333333
v -53 2.057585 8.166667
v -52 2.057585 8.166667
v -52 2.057585 8.166667
v -48.33334 2.057585 8.166667
v -48 2.057585 2.666667
v -56.5 2.057585 41.16667
v -57.83334 2.057585 41.16667
v -57.33334 2.057585 41.66667
v -56.5 2.057585 41.5
v -44 3.890918 6.166667
v -44.5 3.890918 6.166667
v -44.66667 3.807585 6.333333
v -44.66667 3.890918 6.666667
v -44 3.890918 6.666667
v -47 2.557585 8.833334
v -44.66667 3.890918 6.666667
v -44.66667 3.807585 6.333333
v -48.33334 2.057585 8.166667
v -48.33334 2.057585 8.166667
v -44.66667 3.807585 6.333333
v -44.5 3.890918 6.166667
v -44.5 3.890918 6
v -44.16667 3.890918 1
v -43.83334 3.890918 0.5
v -44 3.890918 0
v -47.5 2.057585 0
v -44.5 3.890918 4.5
v -44.33334 3.890918 4
v -44.33334 3.890918 3.166667
v -48.33334 2.057585 8.166667
v -48.5 2.057585 9.166667
v -47.33334 2.390918 9.166667
v -47 2.557585 8.833334
v -44.5 3.890918 4.5
v -47.66667 2.057585 2.166667
v -48 2.057585 2.666667
v -48.33334 2.057585 8.166667
v -44.5 3.890918 6
v -47.5 2.057585 0
v -47.83334 2.057585 1.333333
v -47.66667 2.057585 2.166667
v -44.5 3.890918 4.5
v -44.33334 3.890918 3.166667
v -44.16667 3.890918 1
v -47 2.557585 8.833334
v -44.66667 3.890918 8.833334
v -44.66667 3.890918 8.166667
v -47 2.557585 8.833334
v -44.66667 3.890918 8.166667
v -44.66667 3.890918 7
v -47 2.557585 8.833334
v -44.66667 3.890918 7
v -44.66667 3.890918 6.666667
v -43.66667 3.890918 0
v -44 3.890918 0
v -43.83334 3.890918 0.5
v -44.33334 3.890918 3.166667
v -43.83334 3.890918 3.166667
v -43.83334 3.890918 2.833333
v -43.5 3.890918 0
v -43.66667 3.890918 0
v -43.83334 3.890918 0.5
v -43.5 3.890918 1
v -42.66667 3.724252 0
v -43.33334 3.807585 0
v -43.5 3.890918 1
v -43.5 3.807585 1.833333
v -43.5 3.890918 1
v -43.83334 3.890918 0.5
v -44.16667 3.890918 1
v -43.83334 3.890918 1.833333
v -64 2.057585 40.66667
v -64.83334 2.057585 40.66667
v -64.33334 2.057585 41
v -64 2.057585 41
v -43.5 3.807585 1.833333
v -43.66667 3.890918 2.666667
v -43.66667 3.724252 3.166667
v -42.66667 3.724252 0
v -43.66667 3.890918 2.333333
v -43.83334 3.890918 1.833333
v -44.16667 3.890918 1
v -44.33334 3.890918 3.166667
v -43.83334 3.890918 2.833333
v -43.66667 3.890918 2.666667
v -43.33334 3.807585 0
v -43.5 3.890918 0
v -43.5 3.890918 1
v -43.83334 3.890918 1.5
v -43.83334 3.890918 1.833333
v -43.5 3.807585 1.833333
v -43.5 3.890918 1
v -68.83334 2.057585 40.83334
v -70.66667 2.057585 40.83334
v -70.33334 2.057585 41.33334
v -43.83334 3.890918 3.166667
v -43.66667 3.724252 3.166667
v -43.83334 3.890918 2.833333
v -44.33334 3.890918 3.166667
v -44.33334 3.890918 4
v -44.16667 3.890918 4
v -43.83334 3.890918 3.166667
v -44.33334 3.890918 3.166667
v -44.16667 3.890918 4
v -43.83334 3.890918 4
v -48.83334 2.224252 41
v -48.5 2.057585 41.5
v -46.83334 2.057585 41.5
v -44.66667 2.390918 41
v -43.66667 3.724252 3.166667
v -43.83334 3.890918 3.166667
v -43.83334 3.890918 4
v -44.33334 3.890918 4
v -44.5 3.890918 4.5
v -44 3.890918 4.5
v -44 3.890918 4.166667
v -44.16667 3.890918 4
v -43.5 3.807585 1.833333
v -43.66667 3.890918 2.333333
v -43.66667 3.890918 2.666667
v -43.83334 3.890918 4
v -44.16667 3.890918 4
v -44 3.890918 4.166667
v -44 3.890918 4.5
v -43.83334 3.724252 4.5
v -44 3.890918 4.166667
v -44.5 3.890918 6
v -44 3.890918 6
v -44 3.890918 5
v -44.5 3.890918 4.5
v -43.83334 3.890918 4
v -44 3.890918 4.166667
v -43.83334 3.724252 4.5
v -44 3.890918 4.5
v -44.5 3.890918 4.5
v -44 3.890918 5
v -43.83334 3.724252 4.5
v -44 3.890918 4.5
v -44 3.890918 5
v -44 3.890918 6
v -43.83334 3.724252 6
v -44 3.890918 5
v -44 3.890918 6
v -44.5 3.890918 6
v -44 3.890918 6.166667
v -43.83334 3.724252 6
v -44 3.890918 6
v -44 3.890918 6.166667
v -44.66667 3.890918 6.666667
v -44.66667 3.890918 7
v -44.16667 3.890918 7
v -44 3.890918 6.666667
v -43.83334 3.724252 4.5
v -44 3.890918 5
v -43.83334 3.724252 6
v -44 3.890918 6.666667
v -44.16667 3.890918 7
v -44 3.890918 7
v -43.83334 3.724252 6
v -44 3.890918 6.166667
v -44 3.890918 6.666667
v -43.83334 3.724252 8.166667
v -43.5 3.724252 8.166667
v -43.5 3.724252 7.833333
v -44 3.724252 7.833333
v -44.66667 3.890918 8.166667
v -44.5 3.890918 8.166667
v -44 3.724252 7.833333
v -44.16667 3.890918 7
v -44.66667 3.890918 7
v -44.16667 3.890918 8.166667
v -43.83334 3.724252 8.166667
v -44 3.724252 7.833333
v -44.5 3.890918 8.166667
v -44.16667 3.890918 8.166667
v -44 3.724252 7.833333
v -44 3.724252 7.833333
v -44 3.890918 7
v -44.16667 3.890918 7
v -43.5 3.724252 7.833333
v -43 3.724252 7
v -44 3.890918 7
v -44 3.724252 7.833333
v -54.16667 2.057585 8.333334
v -53.16667 2.057585 8.333334
v -53 2.057585 8.166667
v -54.83334 2.057585 8.333334
v -54.16667 2.057585 8.333334
v -53 2.057585 8.166667
v -46.5 2.057585 42
v -44.66667 2.057585 41.5
v -44.66667 2.390918 41
v -46.83334 2.057585 41.5
v -48.16667 2.057585 9.5
v -47.33334 2.390918 9.166667
v -48.5 2.057585 9.166667
v -48.5 2.057585 9.5
v -49.33334 2.057585 9.5
v -48.5 2.057585 9.166667
v -48.33334 2.057585 8.166667
v -52 2.057585 8.166667
v -50.33334 2.057585 9.5
v -49.33334 2.057585 9.5
v -48.5 2.057585 9.5
v -48.5 2.057585 9.166667
v -44.16667 3.890918 8.333334
v -44.5 3.890918 8.166667
v -44.66667 3.890918 8.166667
v -44.66667 3.890918 8.833334
v -44.16667 3.890918 8.333334
v -44.16667 3.890918 8.166667
v -44.5 3.890918 8.166667
v -44.16667 3.890918 8.333334
v -43.83334 3.724252 8.166667
v -44.16667 3.890918 8.166667
v -43.83334 3.724252 6
v -43 3.724252 7
v -42.66667 3.724252 6.666667
v -42.66667 3.724252 0
v -43.66667 3.724252 3.166667
v -43.83334 3.724252 4.5
v -43.83334 3.724252 6
v -44 3.890918 6.666667
v -44 3.890918 7
v -43 3.724252 7
v -66.66667 2.057585 8.666667
v -55.33334 2.057585 8.666667
v -54.83334 2.057585 8.333334
v -68.16667 2.057585 8.666667
v -66.66667 2.057585 8.666667
v -54.83334 2.057585 8.333334
v -43.66667 3.724252 3.166667
v -43.83334 3.890918 4
v -43.83334 3.724252 4.5
v -53.16667 2.057585 8.333334
v -54.16667 2.057585 8.333334
v -53.83334 2.057585 8.833334
v -80.66667 2.057585 9
v -78.83334 2.057585 9.166667
v -77.5 2.057585 8.666667
v -85.33334 2.057585 0
v -77.5 2.057585 8.666667
v -76.16667 2.057585 8.666667
v -69.5 2.057585 9.333334
v -68.66667 2.057585 9.333334
v -68.16667 2.057585 8.666667
v -76.16667 2.057585 8.666667
v -75.83334 2.057585 9.166667
v -74.5 2.057585 9.333334
v -70.66667 2.057585 9.333334
v -68.16667 2.057585 8.666667
v -70.66667 2.057585 9.333334
v -69.5 2.057585 9.333334
v -68.16667 2.057585 8.666667
v -56.16667 2.057585 19.16667
v -56 2.057585 19
v -56.5 2.057585 18.66667
v -61.5 2.057585 17
v -63 2.057585 19.16667
v -56.5 2.057585 15
v -56.33334 2.057585 13.83333
v -56.83334 2.057585 13.5
v -63.33334 2.057585 14.5
v -62.83334 2.057585 15.5
v -62.16667 2.057585 15.5
v -62.83334 2.057585 13.33333
v -65.33334 2.057585 9.5
v -65 2.057585 10.66667
v -64 2.057585 10.66667
v -55.66667 2.057585 9
v -55.33334 2.057585 8.666667
v -56.5 2.057585 17
v -55.83334 2.057585 15.66667
v -56.5 2.057585 15
v -56.5 2.057585 18.66667
v -56.5 2.057585 17
v -56.83334 2.057585 13.5
v -61.66667 2.057585 16
v -61.5 2.057585 17
v -56.83334 2.057585 11.33333
v -55.66667 2.057585 10.16667
v -55.66667 2.057585 9
v -64 2.057585 10.66667
v -62.83334 2.057585 12.16667
v -62.83334 2.057585 13.33333
v -62.16667 2.057585 15.5
v -61.66667 2.057585 16
v -56.83334 2.057585 13.5
v -56.83334 2.057585 11.33333
v -62.83334 2.057585 12.16667
v -56.5 2.057585 17
v -56.5 2.057585 15
v -56.83334 2.057585 13.5
v -55.33334 2.057585 8.666667
v -66.66667 2.057585 8.666667
v -65.33334 2.057585 9.5
v -81.83334 2.057585 12.83333
v -81.66667 2.057585 12.33333
v -82.33334 2.057585 11.5
v -84 2.057585 12.66667
v -83.33334 2.057585 13.33333
v -54.83334 2.057585 8.333334
v -53 2.057585 8.166667
v -47.5 2.057585 0
v -85.33334 2.057585 0
v -76.16667 2.057585 8.666667
v -68.16667 2.057585 8.666667
v -84 2.057585 12.66667
v -82.33334 2.057585 11.5
v -82.33334 2.057585 10.66667
v -53 2.057585 8.166667
v -47.83334 2.057585 1.333333
v -47.5 2.057585 0
v -74.5 2.057585 9.333334
v -74.16667 2.057585 9.833334
v -72 2.057585 9.833334
v -70.66667 2.057585 9.333334
v -68.66667 2.057585 9.333334
v -69.5 2.057585 9.333334
v -69.16667 2.057585 9.833334
v -68.66667 2.057585 9.833334
v -49.33334 2.057585 9.5
v -50.33334 2.057585 9.5
v -50.16667 2.057585 9.833334
v -80.66667 2.057585 9
v -77.5 2.057585 8.666667
v -85.33334 2.057585 0
v -84 2.057585 12.66667
v -82.33334 2.057585 10.66667
v -82.16667 2.057585 10.16667
v -85.33334 2.057585 0
v -85.33334 2.057585 12.66667
v -43.66667 2.057585 10.66667
v -44.33334 2.057585 10.5
v -44.83334 2.057585 11.66667
v -42.66667 2.057585 11.33333
v -43.83334 2.057585 18
v -44 2.057585 19.16667
v -43.5 2.057585 19.5
v -42.66667 2.057585 10.16667
v -43.16667 2.057585 10
v -43.66667 2.057585 10.66667
v -42.66667 2.057585 11.33333
v -43.83334 2.057585 16
v -44.66667 2.057585 16.83333
v -43.83334 2.057585 18
v -82.16667 2.057585 10.16667
v -81.33334 2.057585 9.833334
v -80.66667 2.057585 9
v -85.33334 2.057585 0
v -43.5 3.807585 1.833333
v -43.83334 3.890918 1.833333
v -43.66667 3.890918 2.333333
v -43.66667 3.890918 2.666667
v -43.83334 3.890918 2.833333
v -43.66667 3.724252 3.166667
v -43.83334 2.057585 16
v -43.83334 2.057585 18
v -43.5 2.057585 19.5
v -70.66667 2.057585 40.83334
v -68.83334 2.057585 40.83334
v -67.33334 2.057585 40.66667
v -72.33334 2.057585 40.66667
v -74.66667 2.057585 14.33333
v -75.5 2.057585 14
v -75.83334 2.057585 15
v -74.16667 2.057585 15.33333
v -74.66667 2.057585 14.33333
v -75.83334 2.057585 15
v -76.5 2.057585 15.5
v -76.5 2.057585 15.5
v -73 2.057585 15.5
v -74.16667 2.057585 15.33333
v -78.83334 2.057585 15.5
v -77.5 2.057585 15.5
v -78.66667 2.057585 15.16667
v -69.5 2.057585 16.16667
v -66.83334 2.057585 16.16667
v -68.83334 2.057585 15.33333
v -78.83334 2.057585 15.5
v -79.33334 2.057585 15.66667
v -79.33334 2.057585 16.16667
v -77.5 2.057585 15.5
v -71.33334 2.057585 16.16667
v -72 2.057585 15.5
v -73 2.057585 15.5
v -71.33334 2.057585 16.16667
v -73 2.057585 15.5
v -76.5 2.057585 15.5
v -79.33334 2.057585 16.16667
v -76.5 2.057585 15.5
v -77.5 2.057585 15.5
v -79.33334 2.057585 16.16667
v -64 2.057585 19.16667
v -66.16667 2.057585 16.16667
v -66.83334 2.057585 16.16667
v -79.33334 2.057585 16.16667
v -81.5 2.057585 18
v -82.33334 2.057585 19.16667
v -64 2.057585 19.16667
v -71.33334 2.057585 16.16667
v -64 2.057585 19.16667
v -66.83334 2.057585 16.16667
v -69.5 2.057585 16.16667
v -64 2.057585 19.16667
v -69.5 2.057585 16.16667
v -71.33334 2.057585 16.16667
v -56 2.057585 20.33333
v -56.16667 2.057585 19.16667
v -63 2.057585 19.16667
v -56 2.057585 20.33333
v -63 2.057585 19.16667
v -64 2.057585 19.16667
v -83.66667 2.057585 20.33333
v -56 2.057585 20.33333
v -64 2.057585 19.16667
v -82.33334 2.057585 19.16667
v -85.33334 2.057585 20.33333
v -84.83334 2.057585 20.33333
v -85.33334 2.057585 20.16667
v -55.16667 2.057585 22.5
v -55.33334 2.057585 21
v -56 2.057585 20.33333
v -83.66667 2.057585 20.33333
v -55.33334 2.057585 32.16667
v -48.66667 2.057585 24.66667
v -54.16667 2.057585 23.16667
v -83.66667 2.057585 20.33333
v -84.66667 2.057585 27.16667
v -56 2.057585 32.16667
v -83.66667 2.057585 20.33333
v -84.83334 2.057585 20.33333
v -85.33334 2.057585 26.5
v -84.66667 2.057585 27.16667
v -50.16667 2.057585 23.16667
v -50.33334 2.057585 23
v -51.16667 2.057585 23
v -52.83334 2.057585 23.16667
v -50.16667 2.057585 23.16667
v -51.16667 2.057585 23
v -52.33334 2.057585 22.83333
v -48.66667 2.057585 24.66667
v -50.16667 2.057585 23.16667
v -52.83334 2.057585 23.16667
v -48.66667 2.057585 24.66667
v -52.83334 2.057585 23.16667
v -54.16667 2.057585 23.16667
v -84.83334 2.057585 20.33333
v -85.33334 2.057585 20.33333
v -85.33334 2.057585 26.5
v -47.33334 2.057585 24.5
v -46.5 2.057585 24.5
v -47 2.057585 24
v -46.5 2.057585 24.5
v -47.33334 2.057585 24.5
v -47.66667 2.057585 24.66667
v -45.5 2.057585 24.5
v -46.5 2.057585 24.5
v -47.66667 2.057585 24.66667
v -72.33334 2.057585 40.66667
v -71.83334 2.057585 40.83334
v -70.66667 2.057585 40.83334
v -84.16667 2.057585 30
v -85.33334 2.057585 30.83333
v -85.33334 2.057585 37
v -84.16667 2.057585 39.5
v -56.33334 2.057585 32.5
v -56 2.057585 32.16667
v -54.16667 2.057585 23.16667
v -55.16667 2.057585 22.5
v -83.66667 2.057585 20.33333
v -72.33334 2.057585 40.66667
v -72.16667 2.057585 40.83334
v -71.83334 2.057585 40.83334
v -85.33334 2.057585 37
v -85 2.057585 39.66667
v -84.16667 2.057585 39.5
v -84.66667 2.057585 27.16667
v -84.16667 2.057585 29.33333
v -56 2.057585 32.16667
v -84.16667 2.057585 29.33333
v -84.16667 2.057585 30
v -56 2.057585 32.16667
v -42.66667 2.057585 13.83333
v -43.83334 2.057585 13.83333
v -43.83334 2.057585 16
v -43.5 2.057585 19.5
v -84.16667 2.057585 39.5
v -56.16667 2.057585 39.5
v -56.33334 2.057585 32.5
v -78.66667 2.057585 40.5
v -81.33334 2.057585 40.5
v -80.5 2.057585 40.83334
v -80.5 2.057585 40.83334
v -80 2.057585 41.66667
v -79.66667 2.057585 41.66667
v -78.66667 2.057585 40.5
v -82.16667 2.057585 40.5
v -83 2.057585 40.5
v -83 2.057585 40.83334
v -47.5 2.390918 33.16667
v -44.5 2.307585 33.16667
v -44.16667 2.057585 32.33334
v -55.16667 2.057585 32.33334
v -55 2.390918 33
v -45.5 2.057585 24.5
v -47.66667 2.057585 24.66667
v -44.16667 2.057585 32.33334
v -43.5 2.057585 32.33334
v -48.66667 2.057585 24.66667
v -55.33334 2.057585 32.16667
v -55.16667 2.057585 32.33334
v -44.16667 2.057585 32.33334
v -47.66667 2.057585 24.66667
v -55 2.057585 38.5
v -44.66667 2.057585 38.83334
v -44.66667 2.057585 35.5
v -55 2.057585 35.16667
v -84.16667 2.057585 39.5
v -83.66667 2.057585 39.83334
v -76.33334 2.057585 39.83334
v -84.16667 2.057585 39.5
v -76.33334 2.057585 39.83334
v -73.33334 2.057585 39.83334
v -73.33334 2.057585 39.83334
v -56.16667 2.057585 39.83334
v -56.16667 2.057585 39.5
v -84.16667 2.057585 39.5
v -77.5 2.057585 40.33334
v -76.83334 2.057585 40.33334
v -76.33334 2.057585 39.83334
v -78.33334 2.057585 40.33334
v -77.5 2.057585 40.33334
v -76.33334 2.057585 39.83334
v -78.33334 2.057585 40.33334
v -76.33334 2.057585 39.83334
v -83.66667 2.057585 39.83334
v -83.16667 2.057585 40.33334
v -60.5 2.057585 40.16667
v -56.16667 2.057585 40.16667
v -56.16667 2.057585 39.83334
v -63.5 2.057585 40.16667
v -60.5 2.057585 40.16667
v -56.16667 2.057585 39.83334
v -63.5 2.057585 40.16667
v -56.16667 2.057585 39.83334
v -73.33334 2.057585 39.83334
v -72.83334 2.057585 40.16667
v -64.83334 2.057585 40.66667
v -64 2.057585 40.66667
v -63.5 2.057585 40.16667
v -65.33334 2.057585 40.66667
v -64.83334 2.057585 40.66667
v -63.5 2.057585 40.16667
v -66.83334 2.057585 40.66667
v -65.33334 2.057585 40.66667
v -63.5 2.057585 40.16667
v -67.33334 2.057585 40.66667
v -66.83334 2.057585 40.66667
v -63.5 2.057585 40.16667
v -67.33334 2.057585 40.66667
v -63.5 2.057585 40.16667
v -72.83334 2.057585 40.16667
v -72.33334 2.057585 40.66667
v -57.83334 2.057585 41.16667
v -56.5 2.057585 41.16667
v -56.16667 2.057585 40.16667
v -60.5 2.057585 40.16667
v -59.33334 2.057585 41.16667
v -58.66667 2.057585 41.16667
v -58.66667 2.057585 41.16667
v -57.83334 2.057585 41.16667
v -56.16667 2.057585 40.16667
v -60.5 2.057585 40.16667
v -83.16667 2.057585 40.33334
v -83 2.057585 40.5
v -82.16667 2.057585 40.5
v -83.16667 2.057585 40.33334
v -82.16667 2.057585 40.5
v -81.33334 2.057585 40.5
v -81.33334 2.057585 40.5
v -78.66667 2.057585 40.5
v -78.33334 2.057585 40.33334
v -83.16667 2.057585 40.33334
v -76.83334 2.057585 40.33334
v -77.5 2.057585 40.33334
v -77.16667 2.057585 40.66667
v -43.5 2.057585 40.83334
v -43.33334 2.057585 41.33334
v -42.66667 2.057585 41.33334
v -43.16667 2.057585 32.66667
v -43.5 2.057585 34.66667
v -43.83334 2.057585 22
v -45 2.057585 22.83333
v -44.83334 2.057585 23.66667
v -43.5 2.057585 20.83333
v -43.83334 2.057585 22
v -43.16667 2.057585 32.66667
v -42.66667 2.057585 13.83333
v -43.5 2.057585 19.5
v -43.5 2.057585 20.83333
v -43.16667 2.057585 32.66667
v -42.66667 2.057585 41.33334
v -45.5 2.057585 24.5
v -43.5 2.057585 32.33334
v -43.16667 2.057585 32.66667
v -44.83334 2.057585 23.66667
v -43.83334 2.057585 22
v -44.83334 2.057585 23.66667
v -43.16667 2.057585 32.66667
v -40.33334 2.057585 41.33334
v -40.83334 2.057585 41.33334
v -40.5 2.057585 41.66667
v -42.66667 3.724252 0
v -37.33334 3.724252 5.5
v -36.16667 3.724252 5.5
v -20.83333 3.724252 7
v -7.333332 3.724252 7
v 0 3.724252 0
v -42.66667 3.724252 0
v -36.16667 3.724252 5.5
v -4.666668 2.057585 40.66667
v -7.833332 2.057585 41
v -7.666668 2.057585 41.33334
v -9.666668 2.057585 40.66667
v -9.5 2.057585 41
v -7.833332 2.057585 41
v -4.666668 2.057585 40.66667
v -18.66667 2.057585 40.5
v -20.66667 2.057585 40.66667
v -20.5 2.057585 41
v -36.16667 3.724252 5.5
v -35.33334 3.724252 6.5
v -34.66667 3.724252 6.5
v -34.66667 3.724252 6.5
v -34.33334 3.724252 7
v -28.33333 3.724252 7
v -41.66667 3.724252 6.166667
v -40.66667 3.724252 6.166667
v -37.33334 3.724252 5.5
v -34.66667 3.724252 6.5
v -28.33333 3.724252 7
v -27.66667 3.724252 7
v -40.66667 3.724252 6.166667
v -38.16667 3.724252 6.166667
v -37.33334 3.724252 5.5
v -36.16667 3.724252 5.5
v -34.66667 3.724252 6.5
v -27.66667 3.724252 7
v -22 3.724252 7
v -18.66667 2.057585 40.5
v -22.33333 2.057585 40.5
v -20.66667 2.057585 40.66667
v -36.16667 3.724252 5.5
v -22 3.724252 7
v -20.83333 3.724252 7
v -7.333332 3.724252 7
v -6.333332 3.724252 7
v 0 3.724252 0
v -38.16667 3.724252 6.166667
v -40.66667 3.724252 6.166667
v -40 3.724252 7
v -38.5 3.724252 6.666667
v -33.83334 3.724252 7.5
v -34 3.724252 8.333334
v -32.83334 3.724252 8.333334
v -32.83334 3.724252 8.333334
v -32.16667 3.724252 8.833334
v -31.16667 3.724252 8.333334
v -31.16667 3.724252 8.333334
v -29.66667 3.724252 8.333334
v -29.5 3.724252 7.833333
v -34.33334 3.724252 7
v -33.83334 3.724252 7.5
v -32.83334 3.724252 8.333334
v -31.16667 3.724252 8.333334
v -29.5 3.724252 7.833333
v -28.33333 3.724252 7
v -23 3.724252 7.333333
v -22.33333 3.724252 7.333333
v -22 3.724252 7
v -27.66667 3.724252 7
v -27 3.724252 7.333333
v -26.5 3.724252 7.333333
v -27.66667 3.724252 7
v -26.5 3.724252 7.333333
v -25.83333 3.724252 7.333333
v -24.66667 3.724252 7.333333
v -23 3.724252 7.333333
v -22 3.724252 7
v -24.66667 3.724252 7.333333
v -22 3.724252 7
v -27.66667 3.724252 7
v -25.83333 3.724252 7.333333
v -20.83333 3.724252 7
v -20.5 3.724252 7.5
v -17.66667 3.724252 7.5
v -20.83333 3.724252 7
v -17.66667 3.724252 7.5
v -16 3.724252 7.5
v -20.83333 3.724252 7
v -16 3.724252 7.5
v -15.66667 3.724252 7.5
v -20.83333 3.724252 7
v -15.66667 3.724252 7.5
v -14.33333 3.724252 7.5
v -14.33333 3.724252 7.5
v -7.666668 3.724252 7.5
v -7.333332 3.724252 7
v -20.83333 3.724252 7
v -6.333332 3.724252 7
v -6 3.724252 7.833333
v -4.833332 3.724252 7.833333
v -6.333332 3.724252 7
v -4.833332 3.724252 7.833333
v -3.5 3.724252 7.833333
v -42.66667 3.724252 6.666667
v -41.66667 3.724252 6.166667
v -42.66667 3.724252 0
v -22.33333 3.724252 7.333333
v -23 3.724252 7.333333
v -22.5 3.724252 7.833333
v -17.66667 3.724252 7.5
v -20.5 3.724252 7.5
v -20.5 3.724252 8.333334
v -14.33333 3.724252 7.5
v -13.83333 3.724252 8.166667
v -13.16667 3.724252 8.166667
v -7.666668 3.724252 7.5
v -12.83333 3.724252 8.666667
v -7.333332 3.724252 8.666667
v -7.666668 3.724252 8.333334
v -12.83333 3.724252 8.666667
v -7.666668 3.724252 8.333334
v -7.666668 3.724252 7.5
v -13.16667 3.724252 8.166667
v -5.833332 3.724252 8.666667
v -4.833332 3.724252 7.833333
v -6 3.724252 7.833333
v -6.333332 3.724252 8.666667
v -41.66667 3.724252 6.166667
v -37.33334 3.724252 5.5
v -42.66667 3.724252 0
v -6 3.724252 8.833334
v -5.833332 3.724252 8.666667
v -6.333332 3.724252 8.666667
v -7.666668 3.724252 8.833334
v -6 3.724252 8.833334
v -6.333332 3.724252 8.666667
v -7.333332 3.724252 8.666667
v -9.5 3.724252 8.833334
v -7.333332 3.724252 8.666667
v -12.83333 3.724252 8.666667
v -12.66667 3.724252 8.833334
v -9.5 3.724252 8.833334
v -7.666668 3.724252 8.833334
v -7.333332 3.724252 8.666667
v -12.66667 3.724252 9.833334
v -12.33333 3.724252 10.16667
v -11.66667 3.724252 10.16667
v -11.16667 3.724252 9.5
v -12.66667 3.724252 8.833334
v -9.5 3.724252 8.833334
v -12.66667 3.724252 8.833334
v -11.16667 3.724252 9.5
v -10.5 3.724252 9.5
v -42.66667 2.057585 11.33333
v -42.33334 2.057585 11
v -42.66667 2.057585 10.16667
v -39.83334 2.057585 14.16667
v -40.16667 2.057585 13.66667
v -42.66667 2.057585 13.83333
v -37.16667 2.057585 15.66667
v -38.33334 2.057585 14.16667
v -39.83334 2.057585 14.16667
v -6.333332 3.724252 7
v -3.5 3.724252 7.833333
v 0 3.724252 8
v 0 3.724252 0
v -3.5 3.724252 7.833333
v -3.166668 3.724252 8.333334
v 0 3.724252 8
v -17.83333 2.057585 15.16667
v -16 2.057585 15.16667
v -17 2.057585 14.33333
v -31.83333 2.057585 15.5
v -28.66667 2.057585 15.5
v -29.66667 2.057585 14.66667
v -30.83333 2.057585 14.5
v -15 2.057585 15.16667
v -14 2.057585 15.16667
v -14.16667 2.140918 14.5
v -27.5 2.057585 15.5
v -26.33333 2.057585 15.5
v -27 2.057585 15
v -33.83334 2.057585 15.5
v -33.16667 2.057585 15.5
v -33.66667 2.057585 15.16667
v -21 2.057585 16.16667
v -22 2.057585 16.16667
v -22.33333 2.057585 16.5
v -13 2.057585 16.5
v -13 2.057585 16.5
v -14 2.057585 15.16667
v -15 2.057585 15.16667
v -13 2.057585 16.5
v -15 2.057585 15.16667
v -16 2.057585 15.16667
v -13 2.057585 16.5
v -16 2.057585 15.16667
v -17.83333 2.057585 15.16667
v -21 2.057585 16.16667
v -33.16667 2.057585 15.5
v -33.83334 2.057585 15.5
v -34.5 2.057585 16
v -26 2.057585 16
v -26.33333 2.057585 15.5
v -27.5 2.057585 15.5
v -26 2.057585 16
v -27.5 2.057585 15.5
v -28.66667 2.057585 15.5
v -31.83333 2.057585 15.5
v -33.16667 2.057585 15.5
v -34.5 2.057585 16
v -34.5 2.057585 16
v -26 2.057585 16
v -28.66667 2.057585 15.5
v -31.83333 2.057585 15.5
v -3.666668 2.057585 16.16667
v -2.833332 2.057585 16.16667
v -3.166668 2.057585 15.66667
v -29 2.057585 40.33334
v -31.16667 2.057585 40.33334
v -30.5 2.057585 40.66667
v -30.5 2.057585 40.66667
v -30.16667 2.057585 41.33334
v -29.83333 2.057585 41.33334
v -29 2.057585 40.33334
v -32.66667 2.057585 40.33334
v -33.16667 2.057585 40.33334
v -33 2.057585 40.66667
v -23.83333 2.057585 16.66667
v -24.16667 2.057585 16.16667
v -24.83333 2.057585 16.16667
v -23.83333 2.057585 16.66667
v -24.83333 2.057585 16.16667
v -25.66667 2.057585 16.16667
v -31.16667 2.057585 40.33334
v -29 2.057585 40.33334
v -28.66667 2.057585 40.16667
v -33.33334 2.057585 40.16667
v -2 2.057585 16.83333
v -2.833332 2.057585 16.16667
v -3.666668 2.057585 16.16667
v -2 2.057585 16.83333
v -3.666668 2.057585 16.16667
v -5.166668 2.057585 16.16667
v -9.166668 2.057585 16.83333
v -2 2.057585 16.83333
v -5.166668 2.057585 16.16667
v -6.5 2.057585 16.16667
v -11.33333 2.057585 16.66667
v -11.33333 2.057585 16.33333
v -13 2.057585 16.5
v -13 2.057585 16.5
v -22.33333 2.057585 16.5
v -22.66667 2.057585 16.66667
v -11.33333 2.057585 16.66667
v -11 2.057585 17.16667
v -11.33333 2.057585 16.66667
v -22.66667 2.057585 16.66667
v -11 2.057585 17.16667
v -22.66667 2.057585 16.66667
v -23.83333 2.057585 16.66667
v -25.66667 2.057585 16.16667
v -26 2.057585 16
v -34.5 2.057585 16
v -0.3333321 2.057585 17.16667
v -0.5 2.057585 16.83333
v -0.8333321 2.057585 16.83333
v -0.3333321 2.057585 17.16667
v -0.8333321 2.057585 16.83333
v -2 2.057585 16.83333
v -9.833332 2.057585 17.16667
v -0.3333321 2.057585 17.16667
v -2 2.057585 16.83333
v -9.166668 2.057585 16.83333
v -9.833332 2.057585 17.16667
v -11.5 2.057585 21.33333
v -11.33333 2.057585 23.33333
v 0 2.057585 17.33333
v -0.3333321 2.057585 17.16667
v -12.16667 2.057585 20.83333
v -9.833332 2.057585 17.16667
v -11 2.057585 17.16667
v -12.83333 2.057585 20.83333
v -33.33334 2.057585 40.16667
v -32.66667 2.057585 40.33334
v -31.16667 2.057585 40.33334
v -15.5 2.057585 21.66667
v -13.5 2.057585 21.33333
v -12.83333 2.057585 20.83333
v -12.83333 2.057585 20.83333
v -11 2.057585 17.16667
v -23.83333 2.057585 16.66667
v -29.16667 2.057585 24
v -16.83333 2.057585 24
v -15.5 2.057585 21.66667
v -33.33334 2.057585 40.16667
v -33.16667 2.057585 40.33334
v -32.66667 2.057585 40.33334
v -13.66667 2.057585 28
v -14.16667 2.057585 28.5
v -13.5 2.057585 29
v -13.66667 2.057585 27.33333
v -13.66667 2.057585 28
v -13.5 2.057585 29
v -13.33333 2.057585 25.5
v -14.66667 2.057585 26.33333
v -13.66667 2.057585 27.33333
v -13.66667 2.057585 27.33333
v -13.5 2.057585 29
v -13.33333 2.057585 30.16667
v -42.66667 2.057585 41.33334
v -36.66667 2.057585 39.66667
v -35.5 2.057585 39.33334
v -35 2.057585 28.5
v -37.16667 2.057585 15.66667
v -42.66667 2.057585 13.83333
v -29.16667 2.057585 24
v -15.5 2.057585 21.66667
v -12.83333 2.057585 20.83333
v -23.83333 2.057585 16.66667
v -25.66667 2.057585 16.16667
v -33.5 2.057585 25
v -32 2.057585 24.66667
v -30.33333 2.057585 24
v -35 2.057585 16
v -37.16667 2.057585 15.66667
v -25.66667 2.057585 16.16667
v -34.5 2.057585 16
v -35 2.057585 16
v -30.33333 2.057585 24
v -29.16667 2.057585 24
v -10.66667 2.057585 39.83334
v -9.666668 2.057585 40.66667
v -4.666668 2.057585 40.66667
v -2.833332 2.057585 40.16667
v -15 2.057585 33.16667
v -15.66667 2.057585 33.83334
v -13.5 2.057585 39.83334
v -33.5 2.057585 25
v -32.33334 2.057585 25.16667
v -32 2.057585 24.66667
v -32 2.057585 24.66667
v -31 2.057585 24.66667
v -30.33333 2.057585 24
v -9.833332 2.057585 17.16667
v -12.16667 2.057585 20.83333
v -11.5 2.057585 21.33333
v -19.66667 2.057585 26
v -19.33333 2.057585 26
v -19 2.057585 25.5
v -28.16667 2.057585 24.83333
v -28.16667 2.057585 25.33333
v -27.5 2.057585 25.33333
v -20.33333 2.057585 26
v -19.66667 2.057585 26
v -19 2.057585 25.5
v -29.16667 2.057585 24
v -28.16667 2.057585 24.83333
v -27.5 2.057585 25.33333
v -20.33333 2.057585 26
v -19 2.057585 25.5
v -16.83333 2.057585 24
v -19 2.057585 25.5
v -17.83333 2.057585 25.5
v -16.83333 2.057585 24
v -27.5 2.057585 25.33333
v -26.83333 2.057585 26
v -20.33333 2.057585 26
v -34.16667 2.057585 26.66667
v -33.16667 2.057585 26.66667
v -33.83334 2.057585 25.83333
v -33.5 2.057585 31.5
v -32.5 2.057585 30.33333
v -33 2.057585 30
v -34.83334 2.057585 27.33333
v -34.16667 2.057585 26.66667
v -33.83334 2.057585 25.83333
v -33.5 2.057585 31.5
v -33 2.057585 30
v -33 2.057585 29.16667
v -35 2.057585 28.5
v -37.16667 2.057585 15.66667
v -39.83334 2.057585 14.16667
v -42.66667 2.057585 13.83333
v -34.83334 2.057585 27.33333
v -33.83334 2.057585 25.83333
v -33.5 2.057585 25
v -34.83334 2.057585 27.33333
v -33.5 2.057585 25
v -37.16667 2.057585 15.66667
v -42.66667 2.057585 41.33334
v -42.33334 2.057585 41.33334
v -39.66667 2.057585 40.66667
v -36.66667 2.057585 39.66667
v -4 2.057585 40.66667
v -3.333332 2.057585 40.66667
v -2.833332 2.057585 40.16667
v -24.83333 2.057585 30.66667
v -24.5 2.057585 30.66667
v -24.5 2.057585 29.33333
v -25 2.057585 29.33333
v -25.5 2.057585 28
v -23.16667 2.057585 27.83333
v -22.66667 2.057585 27.33333
v -25 2.057585 29.33333
v -24.5 2.057585 29.33333
v -24.16667 2.057585 28.83333
v -24.16667 2.057585 28.83333
v -23.16667 2.057585 28.5
v -23.16667 2.057585 27.83333
v -25.5 2.057585 28
v -25.66667 2.057585 29
v -25 2.057585 29.33333
v -24.16667 2.057585 28.83333
v -23.16667 2.057585 27.83333
v -22.66667 2.057585 27.33333
v -21.33333 2.057585 27.16667
v -21.33333 2.057585 26.83333
v -26.83333 2.057585 26
v -26.66667 2.057585 27.16667
v -25.5 2.057585 28
v -22.66667 2.057585 27.33333
v -21.33333 2.057585 26.83333
v -20.33333 2.057585 26
v -17.16667 2.057585 34.16667
v -18.33333 2.057585 33.16667
v -18.5 2.057585 33.5
v -19.83333 2.057585 34.16667
v -17.16667 2.057585 34.16667
v -18.5 2.057585 33.5
v -19.83333 2.057585 33.66667
v -24.83333 2.057585 34.66667
v -25.16667 2.057585 34
v -25.66667 2.057585 33.83334
v -26.33333 2.057585 34.66667
v -17.16667 2.057585 34.16667
v -19.83333 2.057585 34.16667
v -20 2.057585 36.16667
v -16.66667 2.057585 34.16667
v -17.16667 2.057585 34.16667
v -20 2.057585 36.16667
v -4.666668 2.057585 40.66667
v -4 2.057585 40.66667
v -2.833332 2.057585 40.16667
v -27.83333 2.057585 34.66667
v -27.33333 2.057585 34.66667
v -27.83333 2.057585 34.33334
v -27.33333 2.057585 34.66667
v -27.83333 2.057585 34.66667
v -28.33333 2.057585 35.16667
v -24.5 2.057585 35.16667
v -24.83333 2.057585 34.66667
v -26.33333 2.057585 34.66667
v -28.33333 2.057585 35.16667
v -24.5 2.057585 35.16667
v -26.33333 2.057585 34.66667
v -27.33333 2.057585 34.66667
v -22.5 2.057585 36.83334
v -23.5 2.057585 35.66667
v -24.5 2.057585 35.16667
v -28.33333 2.057585 35.16667
v -18.66667 2.057585 40.5
v -16 2.057585 40.5
v -13.5 2.057585 39.83334
v -23.16667 2.057585 39.83334
v -22.5 2.057585 36.83334
v -28.33333 2.057585 35.16667
v -29.5 2.057585 35.16667
v -42.33334 2.057585 41.33334
v -41.83334 2.057585 41.33334
v -39.66667 2.057585 40.66667
v -33 2.057585 33.16667
v -33.5 2.057585 31.5
v -35 2.057585 28.5
v -35.5 2.057585 39.33334
v -34 2.057585 39.33334
v -23.16667 2.057585 39.83334
v -22.33333 2.057585 40.5
v -18.66667 2.057585 40.5
v -20.83333 2.057585 36.83334
v -22.5 2.057585 36.83334
v -34 2.057585 39.33334
v -40.83334 2.057585 41.33334
v -40.33334 2.057585 41.33334
v -39.66667 2.057585 40.66667
v -34 2.057585 39.33334
v -32.5 2.057585 33.66667
v -33 2.057585 33.16667
v -35 2.057585 28.5
v -34.83334 2.057585 27.33333
v -37.16667 2.057585 15.66667
v -41.83334 2.057585 41.33334
v -40.83334 2.057585 41.33334
v -39.66667 2.057585 40.66667
v -39.66667 2.057585 40.66667
v -37.16667 2.057585 40.66667
v -37.16667 2.057585 40.16667
v -39.66667 2.057585 40.66667
v -37.16667 2.057585 40.16667
v -36.66667 2.057585 39.66667
v -34 2.057585 39.33334
v -22.5 2.057585 36.83334
v -29.5 2.057585 35.16667
v -34 2.057585 39.33334
v -33.83334 2.057585 39.5
v -26.5 2.057585 39.5
v -34 2.057585 39.33334
v -26.5 2.057585 39.5
v -23.5 2.057585 39.5
v -29.5 2.057585 35.16667
v -31.33333 2.057585 33.66667
v -32.5 2.057585 33.66667
v -34 2.057585 39.33334
v -27.5 2.057585 40.16667
v -27 2.057585 40.16667
v -26.5 2.057585 39.5
v -28.66667 2.057585 40.16667
v -27.5 2.057585 40.16667
v -26.5 2.057585 39.5
v -28.66667 2.057585 40.16667
v -26.5 2.057585 39.5
v -33.83334 2.057585 39.5
v -33.33334 2.057585 40.16667
v -23.5 2.057585 39.5
v -23.16667 2.057585 39.83334
v -13.5 2.057585 39.83334
v -20.83333 2.057585 36.83334
v -34 2.057585 39.33334
v -23.5 2.057585 39.5
v -16 2.057585 40.5
v -15.66667 2.057585 40.5
v -13.5 2.057585 39.83334
v -14.66667 2.057585 40.5
v -14.16667 2.057585 40.5
v -13.5 2.057585 39.83334
v -15.66667 2.057585 40.5
v -14.66667 2.057585 40.5
v -13.5 2.057585 39.83334
v -13.33333 2.057585 30.16667
v -15.16667 2.057585 32.16667
v -15 2.057585 33.16667
v -13.5 2.057585 39.83334
v -10.66667 2.057585 39.83334
v -11.33333 2.057585 23.33333
v -13.33333 2.057585 25.5
v -13.66667 2.057585 27.33333
v -20 2.057585 36.16667
v -20.83333 2.057585 36.83334
v -23.5 2.057585 39.5
v -13.5 2.057585 39.83334
v -15.66667 2.057585 33.83334
v -16.66667 2.057585 34.16667
v -11.33333 2.057585 23.33333
v -13.66667 2.057585 27.33333
v -13.33333 2.057585 30.16667
v -10.66667 2.057585 39.83334
v -2.833332 2.057585 40.16667
v 0 2.057585 40.16667
v 0 2.057585 17.33333
v -11.33333 2.057585 23.33333
v -13.33333 2.057585 30.16667
v 21.16667 5.140918 1.5
v 19.5 5.057585 0.6666667
v 17.83333 5.057585 0.5
v 11.33333 5.140918 5.5
v 23.33333 5.057585 5.5
v 22.66667 5.057585 3.333333
v 16.66667 2.057585 42.66667
v 17.83333 2.057585 42.66667
v 17.66667 2.057585 41.5
v 15.83333 2.057585 41.5
v 11.33333 5.140918 5.5
v 17.83333 5.057585 0.5
v 17.33333 5.224252 0
v 10.83333 4.890918 5.5
v 41.83334 2.057585 6
v 42.5 2.057585 6
v 42.66667 2.057585 5.833333
v 41.16667 2.057585 6
v 41.83334 2.057585 6
v 42.66667 2.057585 5.833333
v 31.33333 2.057585 4.333333
v 31.5 2.057585 5
v 33 2.057585 5
v 40.5 2.057585 6
v 41.16667 2.057585 6
v 42.66667 2.057585 5.833333
v 27.66667 2.057585 0
v 28.33333 2.057585 2.333333
v 29.5 2.057585 2.666667
v 38.83334 2.057585 6
v 40.5 2.057585 6
v 42.66667 2.057585 5.833333
v 29.5 2.057585 2.666667
v 31.33333 2.057585 4.333333
v 33 2.057585 5
v 33 2.057585 5
v 34.33334 2.057585 6
v 38.83334 2.057585 6
v 38.83334 2.057585 6
v 42.66667 2.057585 5.833333
v 42.66667 2.057585 0
v 27.66667 2.057585 0
v 29.5 2.057585 2.666667
v 33 2.057585 5
v 27.83333 2.057585 5
v 27.16667 2.057585 5.666667
v 28.16667 2.057585 5.666667
v 29 2.057585 5.666667
v 29.66667 2.057585 5.666667
v 30.16667 2.057585 5
v 29.16667 2.057585 4
v 28 2.057585 3.666667
v 27.83333 2.057585 5
v 27.83333 2.057585 5
v 28.16667 2.057585 5.666667
v 29 2.057585 5.666667
v 11.5 3.724252 8.166667
v 11.16667 3.724252 6.833333
v 9.666667 3.724252 6.833333
v 9 3.724252 8.166667
v 4.666667 2.057585 41.16667
v 3 2.057585 41.16667
v 3.333333 2.057585 41.66667
v 9 3.724252 8.166667
v 9.666667 3.724252 6.833333
v 9.333334 3.724252 6.5
v 8.166667 3.724252 8.166667
v 9.666667 2.057585 41
v 8.833334 2.057585 41
v 9.333334 2.057585 41.33334
v 12.33333 5.057585 7.166667
v 13.33333 5.140918 9.166667
v 14.16667 5.057585 9.166667
v 12.33333 5.057585 7.166667
v 14.16667 5.057585 9.166667
v 14.83333 5.057585 9.166667
v 22.16667 5.140918 9.166667
v 22.66667 5.057585 8.666667
v 23.33333 5.057585 5.5
v 12.33333 5.057585 6.166667
v 12.33333 5.057585 7.166667
v 14.83333 5.057585 9.166667
v 23.33333 5.057585 5.5
v 11.33333 5.140918 5.5
v 12.33333 5.057585 6.166667
v 27.16667 2.057585 5.666667
v 25.33333 2.057585 6.166667
v 26.5 2.057585 6.166667
v 27.16667 2.057585 5.666667
v 26.5 2.057585 6.166667
v 27.16667 2.057585 6.666667
v 28.16667 2.057585 5.666667
v 38.83334 2.057585 6
v 34.33334 2.057585 6
v 36 2.057585 6.166667
v 38.83334 2.057585 6
v 36 2.057585 6.166667
v 36.16667 2.057585 6.5
v 42.5 2.057585 6
v 41.83334 2.057585 6
v 42.33334 2.057585 6.333333
v 20.83333 2.057585 10
v 19.66667 2.057585 10
v 21 2.057585 10.33333
v 21.16667 2.057585 9.666667
v 20.83333 2.057585 10
v 21 2.057585 10.33333
v 22.66667 2.057585 8.333334
v 22.66667 2.057585 7.666667
v 21.5 2.057585 6.333333
v 21.16667 2.057585 6.333333
v 21.16667 2.057585 9.666667
v 22.66667 2.057585 8.333334
v 5.166667 3.724252 9
v 7.166667 3.974252 9
v 8.166667 3.724252 8.166667
v 0.8333334 3.724252 8.166667
v 2.333333 3.724252 9
v 3.833333 3.724252 9
v 4.5 3.724252 9
v 5.166667 3.724252 9
v 8.166667 3.724252 8.166667
v 0.8333334 3.724252 8.166667
v 3.833333 3.724252 9
v 4.5 3.724252 9
v 0.8333334 3.724252 8.166667
v 10.83333 3.724252 8.5
v 11.5 3.724252 8.5
v 11.5 3.724252 8.166667
v 9 3.724252 8.166667
v 9.666667 3.724252 8.5
v 10 3.724252 8.5
v 10 3.724252 8.5
v 10.83333 3.724252 8.5
v 11.5 3.724252 8.166667
v 9 3.724252 8.166667
v 11.5 3.724252 8.5
v 10.83333 3.724252 8.5
v 11.66667 3.724252 8.666667
v 4.5 3.724252 9
v 3.833333 3.724252 9
v 4 3.724252 9.333334
v 7.166667 3.974252 9
v 5.166667 3.724252 9
v 5.5 3.974252 9.5
v 6.833333 4.140918 9.5
v 14.16667 5.057585 9.166667
v 13.33333 5.140918 9.166667
v 13.5 5.057585 9.5
v 20.66667 5.140918 10.16667
v 21.66667 5.057585 9.833334
v 22.16667 5.140918 9.166667
v 14.83333 5.057585 9.166667
v 16.5 5.057585 9.833334
v 17.83333 5.057585 11.5
v 20.5 5.057585 10.83333
v 20.66667 5.140918 10.16667
v 16.5 5.057585 9.833334
v 24.33333 2.057585 10
v 23.66667 2.057585 9.166667
v 23.5 2.057585 9.833334
v 23.16667 2.057585 12.83333
v 24.83333 2.057585 12.83333
v 24.16667 2.057585 12.16667
v 22.5 2.057585 12.16667
v 23.16667 2.057585 12.83333
v 24.16667 2.057585 12.16667
v 24.33333 2.057585 10
v 23.5 2.057585 9.833334
v 22.5 2.057585 10.83333
v 26 2.057585 12.83333
v 26.66667 2.057585 12.83333
v 26.83333 2.057585 12.5
v 26.16667 2.057585 13.66667
v 26.66667 2.057585 12.83333
v 26 2.057585 12.83333
v 26.16667 2.057585 13.66667
v 26 2.057585 12.83333
v 24.83333 2.057585 12.83333
v 24.83333 2.057585 12.83333
v 23.16667 2.057585 12.83333
v 24 2.057585 14.66667
v 26.16667 2.057585 13.66667
v 39.83334 2.057585 13.83333
v 39.5 2.057585 13
v 38.33334 2.057585 14
v 41 2.057585 14.5
v 39.83334 2.057585 13.83333
v 38.33334 2.057585 14
v 36.33334 2.057585 14.5
v 28.66667 2.057585 14.16667
v 30.33333 2.057585 14.16667
v 29.66667 2.057585 13.66667
v 42 2.057585 14.5
v 42.66667 2.057585 14.5
v 42.66667 2.057585 14
v 28.16667 2.057585 14.16667
v 27.5 2.057585 14.16667
v 26.66667 2.057585 14.83333
v 28.66667 2.057585 14.16667
v 28.16667 2.057585 14.16667
v 26.66667 2.057585 14.83333
v 31.16667 2.057585 14.83333
v 30.33333 2.057585 14.16667
v 28.66667 2.057585 14.16667
v 26.66667 2.057585 14.83333
v 32.5 2.057585 14.83333
v 32.5 2.057585 14.5
v 32.16667 2.057585 14.5
v 31.66667 2.057585 14.83333
v 9.666667 4.474252 5.666667
v 10.83333 4.890918 5.5
v 17.33333 5.224252 0
v 9.666667 4.474252 5.666667
v 17.33333 5.224252 0
v 0 3.724252 0
v 0 3.724252 8
v 8.166667 3.724252 8.166667
v 9.333334 3.724252 6.5
v 9.666667 4.474252 5.666667
v 0 3.724252 8
v 0.8333334 3.724252 8.166667
v 32.83334 2.057585 15.16667
v 32.5 2.057585 14.83333
v 31.66667 2.057585 14.83333
v 32.83334 2.057585 15.16667
v 31.66667 2.057585 14.83333
v 31.16667 2.057585 14.83333
v 26.16667 2.057585 15.16667
v 32.83334 2.057585 15.16667
v 31.16667 2.057585 14.83333
v 26.66667 2.057585 14.83333
v 6.833333 2.057585 15.83333
v 6.666667 2.057585 15.16667
v 5.5 2.057585 16.16667
v 5.5 2.057585 16.16667
v 4.5 2.057585 16.16667
v 3.5 2.057585 16.66667
v 8 2.057585 16.66667
v 8 2.057585 16.66667
v 6.833333 2.057585 15.83333
v 5.5 2.057585 16.16667
v 26.16667 2.057585 15.16667
v 25.83333 2.057585 15.16667
v 25.83333 2.057585 15.5
v 26 2.057585 35.16667
v 25.16667 2.057585 35.16667
v 25 2.057585 35.83334
v 26.16667 2.057585 37
v 25.66667 2.057585 22.33333
v 24.83333 2.057585 22.5
v 26 2.057585 23.66667
v 27 2.057585 31.33333
v 26 2.057585 32.16667
v 26.5 2.057585 32.83334
v 32.83334 2.057585 15.16667
v 26.83333 2.057585 17.16667
v 26.83333 2.057585 18.33333
v 26.83333 2.057585 18.33333
v 25.66667 2.057585 19.5
v 26.33333 2.057585 20.16667
v 26.16667 2.057585 15.16667
v 25.83333 2.057585 15.5
v 26.83333 2.057585 17.16667
v 32.83334 2.057585 15.16667
v 26.83333 2.057585 26.33333
v 26.83333 2.057585 27.33333
v 27.5 2.057585 28.33333
v 26.33333 2.057585 34.83334
v 26 2.057585 35.16667
v 26.16667 2.057585 37
v 27.5 2.057585 29.16667
v 26.83333 2.057585 29.66667
v 27 2.057585 31.33333
v 26.33333 2.057585 21.33333
v 25.66667 2.057585 22.33333
v 26 2.057585 23.66667
v 26 2.057585 23.66667
v 26 2.057585 24.5
v 26.83333 2.057585 26.33333
v 26.83333 2.057585 18.33333
v 26.33333 2.057585 20.16667
v 26.33333 2.057585 21.33333
v 27 2.057585 31.33333
v 26.5 2.057585 32.83334
v 26.33333 2.057585 34.83334
v 27 2.057585 38.83334
v 27 2.057585 41
v 27.5 2.057585 42.66667
v 26.33333 2.057585 34.83334
v 26.16667 2.057585 37
v 27 2.057585 38.83334
v 27.5 2.057585 29.16667
v 27 2.057585 31.33333
v 26 2.057585 23.66667
v 26.83333 2.057585 26.33333
v 27.5 2.057585 28.33333
v 26.83333 2.057585 18.33333
v 26.33333 2.057585 21.33333
v 26 2.057585 23.66667
v 27.5 2.057585 28.33333
v 34.33334 2.057585 15.16667
v 32.83334 2.057585 15.16667
v 3 2.057585 41.16667
v 4.666667 2.057585 41.16667
v 6.166667 2.057585 41
v 1.333333 2.057585 41
v 34.33334 2.057585 15.16667
v 27.5 2.057585 28.33333
v 27.5 2.057585 29.16667
v 9 2.057585 16.66667
v 10.16667 2.057585 16.66667
v 9.666667 2.057585 16.16667
v 11 2.057585 17.33333
v 10.16667 2.057585 16.66667
v 9 2.057585 16.66667
v 3.5 2.057585 16.66667
v 1.666667 2.057585 16.83333
v 1.333333 2.057585 17.33333
v 11 2.057585 17.33333
v 8 2.057585 16.66667
v 11 2.057585 17.33333
v 9 2.057585 16.66667
v 8 2.057585 16.66667
v 14 2.057585 17.33333
v 13.66667 2.057585 16.83333
v 13 2.057585 16.83333
v 11.83333 2.057585 17.33333
v 42.66667 2.057585 14.5
v 42 2.057585 14.5
v 34.33334 2.057585 15.16667
v 15.33333 2.057585 17.66667
v 14 2.057585 17.33333
v 11.83333 2.057585 17.33333
v 15.33333 2.057585 17.66667
v 11.83333 2.057585 17.33333
v 11 2.057585 17.33333
v 42 2.057585 14.5
v 41 2.057585 14.5
v 34.33334 2.057585 15.16667
v 16.16667 2.057585 17.66667
v 17.16667 2.057585 17.66667
v 17 2.057585 17.33333
v 17.16667 2.057585 19.33333
v 17.16667 2.057585 17.66667
v 16.16667 2.057585 17.66667
v 17.83333 2.057585 21.16667
v 18.16667 2.057585 20
v 17.16667 2.057585 19.33333
v 17.16667 2.057585 19.33333
v 16.16667 2.057585 17.66667
v 15.33333 2.057585 17.66667
v 8 2.057585 21.16667
v 17.83333 2.057585 21.16667
v 27.5 2.057585 29.16667
v 27 2.057585 38.83334
v 27.5 2.057585 42.66667
v 42.66667 2.057585 42.66667
v 42.66667 2.057585 14.5
v 34.33334 2.057585 15.16667
v 36.33334 2.057585 14.5
v 34.66667 2.057585 14.66667
v 34.33334 2.057585 15.16667
v 41 2.057585 14.5
v 3 2.057585 22.66667
v 4.5 2.057585 21.66667
v 1.333333 2.057585 17.33333
v 3 2.057585 22.66667
v 1.333333 2.057585 17.33333
v 0 2.057585 17.33333
v 0.8333334 2.057585 33.33334
v 3 2.057585 25.66667
v 6.666667 2.057585 21.16667
v 11 2.057585 17.33333
v 1.333333 2.057585 17.33333
v 4.5 2.057585 21.66667
v 2.833333 2.057585 32.33334
v 4.166667 2.057585 32.33334
v 4.333333 2.057585 28.16667
v 8 2.057585 21.16667
v 15.33333 2.057585 17.66667
v 11 2.057585 17.33333
v 6.666667 2.057585 21.16667
v 1.333333 2.057585 41
v 1.666667 2.057585 41.16667
v 3 2.057585 41.16667
v 1.333333 2.057585 41
v 1.333333 2.057585 41.16667
v 1.666667 2.057585 41.16667
v 2.833333 2.057585 32.33334
v 4.333333 2.057585 28.16667
v 3.833333 2.057585 27.83333
v 1.333333 2.057585 32.83334
v 13.16667 2.057585 40.5
v 14.33333 2.057585 41.5
v 14.83333 2.057585 41.5
v 14.83333 2.057585 41.5
v 15.83333 2.057585 41.5
v 17.33333 2.057585 40.5
v 13.16667 2.057585 40.5
v 18.33333 2.057585 26.33333
v 18.66667 2.057585 26.16667
v 18 2.057585 23.83333
v 18 2.057585 23.83333
v 18.16667 2.057585 21.5
v 17.83333 2.057585 21.16667
v 11.33333 2.057585 22.83333
v 11.66667 2.057585 24
v 17.33333 2.057585 29.33333
v 18.5 2.057585 28.16667
v 18.33333 2.057585 26.33333
v 17 2.057585 32.66667
v 17.33333 2.057585 32.16667
v 17.33333 2.057585 29.33333
v 11.83333 2.057585 29.5
v 11 2.057585 33
v 11.66667 2.057585 24
v 11.5 2.057585 27.5
v 11.83333 2.057585 27.83333
v 17.33333 2.057585 29.33333
v 18.33333 2.057585 26.33333
v 18 2.057585 23.83333
v 17.83333 2.057585 21.16667
v 9.666667 2.057585 21.5
v 11.33333 2.057585 22.83333
v 9.833334 2.057585 34.83334
v 8.5 2.057585 35.83334
v 16.83333 2.057585 35.83334
v 11 2.057585 33
v 9.833334 2.057585 34.83334
v 16.83333 2.057585 35.83334
v 17 2.057585 32.66667
v 17.83333 2.057585 21.16667
v 8 2.057585 21.16667
v 9.666667 2.057585 21.5
v 11.83333 2.057585 27.83333
v 11.83333 2.057585 29.5
v 17.33333 2.057585 29.33333
v 6.666667 2.057585 22.5
v 6.166667 2.057585 22.66667
v 6 2.057585 23.33333
v 5.166667 2.057585 24
v 4.166667 2.057585 24
v 4.5 2.057585 25.5
v 10.33333 2.057585 25.5
v 10.5 2.057585 24.5
v 10.16667 2.057585 23.33333
v 8.166667 2.057585 25.5
v 8.333334 2.057585 22.5
v 6.666667 2.057585 22.5
v 6 2.057585 23.33333
v 7.333333 2.057585 25.5
v 8.166667 2.057585 25.5
v 10.16667 2.057585 23.33333
v 6 2.057585 23.33333
v 5.166667 2.057585 24
v 4.5 2.057585 25.5
v 7.333333 2.057585 25.5
v 4.5 2.057585 25.5
v 4.833333 2.057585 27
v 5.833333 2.057585 26
v 7.333333 2.057585 25.5
v 4.5 2.057585 25.5
v 5.833333 2.057585 26
v 10.33333 2.057585 25.5
v 8.166667 2.057585 25.5
v 9.833334 2.057585 26.16667
v 10.33333 2.057585 26.16667
v 7.5 2.057585 26.83333
v 6 2.057585 27.83333
v 6.666667 2.057585 28.33333
v 7.833333 2.057585 28.5
v 9.666667 2.057585 27.66667
v 8.333334 2.057585 26.83333
v 8 2.057585 29.83333
v 10.33333 2.057585 29.83333
v 10.16667 2.057585 28.66667
v 5.5 2.057585 29.83333
v 6.5 2.057585 29.83333
v 5.5 2.057585 29.33333
v 6.666667 2.057585 34.16667
v 7.5 2.057585 34.5
v 8.5 2.057585 34.33334
v 5.833333 2.057585 33.16667
v 6.5 2.057585 29.83333
v 5.5 2.057585 29.83333
v 5.333333 2.057585 31.5
v 9.5 2.057585 33
v 10.33333 2.057585 29.83333
v 8 2.057585 29.83333
v 5.333333 2.057585 31.5
v 5.833333 2.057585 33.16667
v 8.5 2.057585 34.33334
v 8 2.057585 29.83333
v 6.5 2.057585 29.83333
v 5.333333 2.057585 31.5
v 4.333333 2.057585 34.16667
v 4.666667 2.057585 33.83334
v 3.666667 2.057585 33.5
v 2.5 2.057585 35.83334
v 3.833333 2.057585 36.5
v 4.5 2.057585 36.16667
v 4.333333 2.057585 34.16667
v 3.666667 2.057585 33.5
v 2.166667 2.057585 34.16667
v 7.5 2.057585 35.83334
v 7.166667 2.057585 35.83334
v 6.833333 2.057585 36.5
v 6.833333 2.057585 36.5
v 6 2.057585 36.5
v 5.5 2.057585 37.16667
v 8.5 2.057585 35.83334
v 7.5 2.057585 35.83334
v 6.833333 2.057585 36.5
v 8.5 2.057585 35.83334
v 6.833333 2.057585 36.5
v 5.5 2.057585 37.16667
v 16.66667 2.057585 37.83334
v 16.83333 2.057585 35.83334
v 4 2.057585 37.83334
v 16.66667 2.057585 37.83334
v 5.5 2.057585 37.16667
v 17 2.057585 40.16667
v 17 2.057585 38.5
v 16.66667 2.057585 37.83334
v 4 2.057585 37.83334
v 10.16667 2.057585 40.5
v 13.16667 2.057585 40.5
v 0.8333334 2.057585 33.33334
v 1.333333 2.057585 32.83334
v 3.833333 2.057585 27.83333
v 3 2.057585 25.66667
v 4 2.057585 37.83334
v 3.166667 2.057585 37.83334
v 0.6666667 2.057585 40.5
v 10.16667 2.057585 40.5
v 13.16667 2.057585 40.5
v 17.33333 2.057585 40.5
v 17 2.057585 40.16667
v 8.833334 2.057585 41
v 9.666667 2.057585 41
v 10.16667 2.057585 40.5
v 8.166667 2.057585 41
v 8.833334 2.057585 41
v 10.16667 2.057585 40.5
v 7 2.057585 41
v 8.166667 2.057585 41
v 10.16667 2.057585 40.5
v 6.166667 2.057585 41
v 7 2.057585 41
v 10.16667 2.057585 40.5
v 6.166667 2.057585 41
v 10.16667 2.057585 40.5
v 0.6666667 2.057585 40.5
v 1.333333 2.057585 41
v 17.66667 2.057585 41.5
v 17.83333 2.057585 40.83334
v 17.33333 2.057585 40.5
v 15.83333 2.057585 41.5
v 0.6666667 2.057585 40.5
v 3.166667 2.057585 37.83334
v 2.333333 2.057585 37.5
v 0 2.057585 40.16667
v 0.6666667 2.057585 40.5
v 2.333333 2.057585 37.5
v 1.333333 2.057585 36.5
v 0 2.057585 40.16667
v 0.8333334 2.057585 35.16667
v 0.8333334 2.057585 33.33334
v 0 2.057585 17.33333
v 0 2.057585 40.16667
v 1.333333 2.057585 36.5
v 0.8333334 2.057585 35.16667
v 53.83334 2.057585 4
v 53.83334 2.057585 2.5
v 52.66667 2.057585 2.5
v 53.83334 2.057585 4
v 52.66667 2.057585 2.5
v 52 2.057585 1.833333
v 46.16667 2.057585 5.5
v 54.5 2.057585 5.5
v 42.66667 2.057585 0
v 43 2.057585 5.5
v 46.16667 2.057585 5.5
v 52 2.057585 1.833333
v 51.5 2.057585 0
v 42.66667 2.057585 0
v 42.66667 2.057585 5.5
v 43 2.057585 5.5
v 58 2.057585 13.16667
v 57.66667 2.057585 13.16667
v 57.66667 2.057585 14.33333
v 60.83334 2.057585 7.833333
v 59.83334 2.057585 9
v 60.33334 2.057585 9.666667
v 61.16667 2.057585 6.833333
v 60.83334 2.057585 7.833333
v 60.33334 2.057585 9.666667
v 60.33334 2.057585 10.83333
v 68.66667 2.057585 15.33333
v 68.66667 2.057585 0
v 55.66667 2.057585 15.33333
v 68.66667 2.057585 15.33333
v 57.33334 2.057585 14.66667
v 61.66667 2.057585 2.666667
v 61.33334 2.057585 3.333333
v 61.16667 2.057585 6.833333
v 68.66667 2.057585 0
v 60.33334 2.057585 10.83333
v 58 2.057585 13.16667
v 57.66667 2.057585 14.33333
v 68.66667 2.057585 15.33333
v 68.66667 2.057585 0
v 61.16667 2.057585 0
v 61.66667 2.057585 1.333333
v 68.66667 2.057585 0
v 61.66667 2.057585 1.333333
v 61.66667 2.057585 2.666667
v 68.66667 2.057585 15.33333
v 57.66667 2.057585 14.33333
v 57.33334 2.057585 14.66667
v 42.66667 2.057585 5.833333
v 43 2.057585 5.5
v 42.66667 2.057585 5.5
v 53 2.057585 6.333333
v 53.33334 2.057585 6.333333
v 53.83334 2.057585 5.666667
v 51.66667 2.057585 6.333333
v 53 2.057585 6.333333
v 53.83334 2.057585 5.666667
v 46.16667 2.057585 5.5
v 47.16667 2.057585 6.333333
v 51.66667 2.057585 6.333333
v 53.83334 2.057585 5.666667
v 53.83334 2.057585 5.666667
v 54.5 2.057585 5.5
v 46.16667 2.057585 5.5
v 47.16667 2.057585 6.333333
v 47.16667 2.057585 6.5
v 47.5 2.057585 6.5
v 47.16667 2.057585 6.333333
v 47.5 2.057585 6.5
v 48.83334 2.057585 6.5
v 48.83334 2.057585 6.5
v 50.5 2.057585 6.5
v 51.66667 2.057585 6.333333
v 47.16667 2.057585 6.333333
v 50.5 2.057585 6.5
v 48.83334 2.057585 6.5
v 49.16667 2.057585 7
v 42.66667 2.057585 15.16667
v 44 2.057585 15.16667
v 42.66667 2.057585 14
v 53 2.057585 14.66667
v 53.83334 2.057585 14.66667
v 53.5 2.057585 14.16667
v 51.5 2.057585 14.66667
v 51.16667 2.057585 14.33333
v 50.33334 2.057585 14.33333
v 49.83334 2.057585 14.66667
v 54.66667 2.057585 15.33333
v 53.83334 2.057585 14.66667
v 53 2.057585 14.66667
v 49.83334 2.057585 14.66667
v 47.5 2.057585 15
v 47.33334 2.057585 15.33333
v 54.66667 2.057585 15.33333
v 51.5 2.057585 14.66667
v 54.66667 2.057585 15.33333
v 53 2.057585 14.66667
v 51.5 2.057585 14.66667
v 44.66667 2.057585 15.16667
v 45.33334 2.057585 15.16667
v 45.16667 2.057585 14.83333
v 45.66667 2.057585 15.5
v 45.33334 2.057585 15.16667
v 44.66667 2.057585 15.16667
v 68.66667 2.057585 42.66667
v 68.66667 2.057585 15.5
v 47.16667 2.057585 15.5
v 42.66667 2.057585 42.66667
v 47.16667 2.057585 15.5
v 45.66667 2.057585 15.5
v 42.66667 2.057585 42.66667
v 54.66667 2.057585 15.33333
v 47.33334 2.057585 15.33333
v 47.16667 2.057585 15.5
v 55.66667 2.057585 15.33333
v 54.66667 2.057585 15.33333
v 47.16667 2.057585 15.5
v 68.66667 2.057585 15.5
v 68.66667 2.057585 15.33333
v 55.66667 2.057585 15.33333
v 47.16667 2.057585 15.5
v 45.66667 2.057585 15.5
v 44.66667 2.057585 15.16667
v 44 2.057585 15.16667
v 45.66667 2.057585 15.5
v 44 2.057585 15.16667
v 42.66667 2.057585 15.16667
v 42.66667 2.057585 42.66667
v -180.1667 2.057585 47.83334
v -176.6667 2.057585 47.83334
v -177.8333 2.057585 46.16667
v -177.8333 2.057585 45.5
v -176.8333 2.057585 44.83334
v -177 2.057585 42.66667
v -180.1667 2.057585 47.83334
v -177.8333 2.057585 46.16667
v -177.8333 2.057585 45.5
v -177.8333 2.057585 45.5
v -177 2.057585 42.66667
v -180.1667 2.057585 42.66667
v -180.1667 2.057585 47.83334
v -175.8333 2.057585 42.66667
v -175.6667 2.057585 43.16667
v -175.1667 2.057585 43.16667
v -175.1667 2.057585 43.16667
v -173.6667 2.057585 43.33334
v -174 2.057585 42.66667
v -175.8333 2.057585 42.66667
v -175.1667 2.057585 43.16667
v -175.6667 2.057585 43.16667
v -175.6667 2.057585 43.66667
v -175.3333 2.057585 47.83334
v -176.6667 2.057585 47.83334
v -180.1667 2.057585 62.66667
v -170.6667 2.057585 62.66667
v -176.6667 2.057585 47.83334
v -180.1667 2.057585 47.83334
v -180.1667 2.057585 62.66667
v -173.5 2.057585 47.33334
v -174.8333 2.057585 47.33334
v -175.3333 2.057585 47.83334
v -170.6667 2.057585 62.66667
v -170.6667 2.057585 46.5
v -173.5 2.057585 47.33334
v -170.6667 2.057585 62.66667
v -169.6667 2.057585 46.5
v -169.6667 2.057585 45.66667
v -170.6667 2.057585 46.5
v -138 2.057585 49.16667
v -140.8333 2.057585 48.83334
v -141.8333 2.057585 48.83334
v -167.3333 2.057585 47.16667
v -166.3333 2.057585 47.16667
v -166.8333 2.057585 46.66667
v -146 2.057585 47.33334
v -146.1667 2.057585 46.66667
v -147.3333 2.057585 47.66667
v -147.3333 2.057585 47.66667
v -148.5 2.057585 47.66667
v -149.5 2.057585 48.16667
v -144.8333 2.057585 48.16667
v -144.8333 2.057585 48.16667
v -146 2.057585 47.33334
v -147.3333 2.057585 47.66667
v -129.8333 2.057585 46.66667
v -130 2.057585 47
v -129.5 2.057585 47.33334
v -128.8333 2.057585 47.66667
v -131.3333 2.057585 50
v -132.1667 2.057585 50.16667
v -128 2.057585 62.66667
v -128.8333 2.057585 47.66667
v -129.5 2.057585 47.33334
v -129.6667 2.057585 48.33334
v -138 2.057585 49.16667
v -141.8333 2.057585 48.83334
v -151.8333 2.057585 48.83334
v -165.6667 2.057585 47.83334
v -166.3333 2.057585 47.16667
v -167.3333 2.057585 47.16667
v -128 2.057585 62.66667
v -132.1667 2.057585 50.16667
v -132.6667 2.057585 50.16667
v -128 2.057585 47.83334
v -128.8333 2.057585 47.66667
v -129.6667 2.057585 48.33334
v -131.3333 2.057585 50
v -128 2.057585 62.66667
v -158.1667 2.057585 47.5
v -158.3333 2.057585 47.16667
v -159 2.057585 47.16667
v -159.5 2.057585 47.5
v -156.3333 2.057585 47.5
v -155.6667 2.057585 47.5
v -156 2.057585 47.16667
v -154.6667 2.057585 48.33334
v -155.6667 2.057585 47.5
v -156.3333 2.057585 47.5
v -159.5 2.057585 47.5
v -161.8333 2.057585 47.83334
v -162.3333 2.057585 48.33334
v -154.6667 2.057585 48.33334
v -158.1667 2.057585 47.5
v -154.6667 2.057585 48.33334
v -156.3333 2.057585 47.5
v -158.1667 2.057585 47.5
v -163.6667 2.057585 48.33334
v -164.1667 2.057585 47.66667
v -165.6667 2.057585 47.83334
v -132.6667 2.057585 50.16667
v -136 2.057585 49.16667
v -138 2.057585 49.16667
v -143.6667 2.057585 48.16667
v -142.6667 2.057585 48.16667
v -143.1667 2.057585 47.66667
v -141.8333 2.057585 48.83334
v -142.6667 2.057585 48.16667
v -143.6667 2.057585 48.16667
v -149.5 2.057585 48.16667
v -151.1667 2.057585 48.33334
v -151.8333 2.057585 48.83334
v -141.8333 2.057585 48.83334
v -144.8333 2.057585 48.16667
v -141.8333 2.057585 48.83334
v -143.6667 2.057585 48.16667
v -144.8333 2.057585 48.16667
v -152.8333 2.057585 48.83334
v -153.3333 2.057585 48.33334
v -154 2.057585 48.33334
v -152.8333 2.057585 48.83334
v -154 2.057585 48.33334
v -154.6667 2.057585 48.33334
v -165.6667 2.057585 47.83334
v -167.3333 2.057585 47.16667
v -168.6667 2.057585 47.16667
v -132.6667 2.057585 50.16667
v -133.8333 2.057585 49.16667
v -136 2.057585 49.16667
v -138 2.057585 49.16667
v -151.8333 2.057585 48.83334
v -152.8333 2.057585 48.83334
v -138.8333 2.057585 48.83334
v -139.3333 2.057585 48.33334
v -139.8333 2.057585 48.33334
v -140.8333 2.057585 48.83334
v -136 2.057585 49.16667
v -133.8333 2.057585 49.16667
v -135.5 2.057585 48.66667
v -138 2.057585 49.16667
v -138.8333 2.057585 48.83334
v -140.8333 2.057585 48.83334
v -168.6667 2.057585 47.16667
v -169.6667 2.057585 46.5
v -170.6667 2.057585 46.5
v -170.6667 2.057585 62.66667
v -163.6667 2.057585 48.33334
v -165.6667 2.057585 47.83334
v -168.6667 2.057585 47.16667
v -170.6667 2.057585 62.66667
v -152.8333 2.057585 48.83334
v -154.6667 2.057585 48.33334
v -162.3333 2.057585 48.33334
v -152.8333 2.057585 48.83334
v -162.3333 2.057585 48.33334
v -163.6667 2.057585 48.33334
v -170.6667 2.057585 62.66667
v -128 2.057585 62.66667
v -132.6667 2.057585 50.16667
v -138 2.057585 49.16667
v -152.8333 2.057585 48.83334
v -170.6667 2.057585 62.66667
v -119.8333 2.057585 46.83334
v -120 2.057585 46.16667
v -121.1667 2.057585 47.16667
v -121.1667 2.057585 47.16667
v -122.1667 2.057585 47.16667
v -123.1667 2.057585 47.66667
v -118.8333 2.057585 47.66667
v -118.8333 2.057585 47.66667
v -119.8333 2.057585 46.83334
v -121.1667 2.057585 47.16667
v -117.5 2.057585 47.66667
v -116.5 2.057585 47.66667
v -117 2.057585 47.16667
v -96 2.057585 48
v -96.33333 2.057585 47.16667
v -97.5 2.057585 48.16667
v -97.5 2.057585 48.16667
v -98.66666 2.057585 48.16667
v -99.66666 2.057585 48.66667
v -95 2.057585 48.66667
v -96 2.057585 48
v -97.5 2.057585 48.16667
v -99.66666 2.057585 48.66667
v -88 2.057585 49.66667
v -92 2.057585 49.33334
v -102 2.057585 49.33334
v -115.8333 2.057585 48.33334
v -116.5 2.057585 47.66667
v -117.5 2.057585 47.66667
v -123.1667 2.057585 47.66667
v -125 2.057585 47.83334
v -125.5 2.057585 48.33334
v -115.8333 2.057585 48.33334
v -118.8333 2.057585 47.66667
v -115.8333 2.057585 48.33334
v -117.5 2.057585 47.66667
v -118.8333 2.057585 47.66667
v -109.6667 2.057585 48
v -108.1667 2.057585 48
v -109.1667 2.057585 47.66667
v -106.5 2.057585 48
v -105.6667 2.057585 48
v -106.1667 2.057585 47.66667
v -104.6667 2.057585 48.83334
v -105.6667 2.057585 48
v -106.5 2.057585 48
v -109.6667 2.057585 48
v -112 2.057585 48.33334
v -112.5 2.057585 48.83334
v -104.6667 2.057585 48.83334
v -108.1667 2.057585 48
v -104.6667 2.057585 48.83334
v -106.5 2.057585 48
v -108.1667 2.057585 48
v -92.83333 2.057585 48.66667
v -93 2.057585 48.16667
v -93.33333 2.057585 48.16667
v -93.83333 2.057585 48.66667
v -113.8333 2.057585 48.83334
v -114.1667 2.057585 48.33334
v -114.6667 2.057585 48.33334
v -85.33333 2.057585 62.66667
v -86.16666 2.057585 49.66667
v -88 2.057585 49.66667
v -113.8333 2.057585 48.83334
v -114.6667 2.057585 48.33334
v -115.8333 2.057585 48.33334
v -85.33333 2.057585 62.66667
v -85.33333 2.057585 49.66667
v -86.16666 2.057585 49.66667
v -113.8333 2.057585 48.83334
v -115.8333 2.057585 48.33334
v -125.5 2.057585 48.33334
v -104.1667 2.057585 48.83334
v -103.3333 2.057585 48.83334
v -103.5 2.057585 48.5
v -92 2.057585 49.33334
v -92.83333 2.057585 48.66667
v -93.83333 2.057585 48.66667
v -99.66666 2.057585 48.66667
v -101.3333 2.057585 48.83334
v -102 2.057585 49.33334
v -92 2.057585 49.33334
v -95 2.057585 48.66667
v -92 2.057585 49.33334
v -93.83333 2.057585 48.66667
v -95 2.057585 48.66667
v -102.8333 2.057585 49.33334
v -103.3333 2.057585 48.83334
v -104.1667 2.057585 48.83334
v -102.8333 2.057585 49.33334
v -104.1667 2.057585 48.83334
v -104.6667 2.057585 48.83334
v -102.8333 2.057585 49.33334
v -104.6667 2.057585 48.83334
v -112.5 2.057585 48.83334
v -102.8333 2.057585 49.33334
v -112.5 2.057585 48.83334
v -113.8333 2.057585 48.83334
v -88 2.057585 49.66667
v -102 2.057585 49.33334
v -102.8333 2.057585 49.33334
v -89 2.057585 49.33334
v -89.5 2.057585 48.83334
v -90 2.057585 48.83334
v -91 2.057585 49.33334
v -86.16666 2.057585 49.66667
v -85.33333 2.057585 49.66667
v -85.33333 2.057585 49.16667
v -88 2.057585 49.66667
v -89 2.057585 49.33334
v -91 2.057585 49.33334
v -88 2.057585 49.66667
v -91 2.057585 49.33334
v -92 2.057585 49.33334
v -126.6667 2.057585 48.33334
v -127.1667 2.057585 47.66667
v -128 2.057585 47.83334
v -128 2.057585 62.66667
v -113.8333 2.057585 48.83334
v -125.5 2.057585 48.33334
v -126.6667 2.057585 48.33334
v -128 2.057585 62.66667
v -85.33333 2.057585 62.66667
v -102.8333 2.057585 49.33334
v -85.33333 2.057585 62.66667
v -88 2.057585 49.66667
v -102.8333 2.057585 49.33334
v -66.83334 2.057585 48.33334
v -67 2.057585 47.66667
v -68.16667 2.057585 48.66667
v -68.16667 2.057585 48.66667
v -69 2.057585 48.66667
v -70 2.057585 49.16667
v -65.66667 2.057585 49.16667
v -66.83334 2.057585 48.33334
v -68.16667 2.057585 48.66667
v -70 2.057585 49.16667
v -79.83334 2.057585 48.83334
v -78.5 2.057585 48.83334
v -79.66667 2.057585 48
v -42.66667 2.057585 49.5
v -43.16667 2.057585 48.16667
v -44.5 2.057585 49.33334
v -85.33334 2.057585 62.66667
v -42.66667 2.057585 62.66667
v -50 2.057585 50.5
v -81.5 2.057585 50.5
v -77.5 2.057585 48.83334
v -76.33334 2.057585 48.83334
v -76.83334 2.057585 48.33334
v -63.5 2.057585 49.16667
v -63.66667 2.057585 48.66667
v -64 2.057585 48.66667
v -64.5 2.057585 49.16667
v -78.5 2.057585 48.83334
v -79.83334 2.057585 48.83334
v -80.33334 2.057585 49.5
v -75.5 2.057585 49.5
v -76.33334 2.057585 48.83334
v -77.5 2.057585 48.83334
v -80.33334 2.057585 49.5
v -75.5 2.057585 49.5
v -77.5 2.057585 48.83334
v -78.5 2.057585 48.83334
v -56.5 2.057585 49.33334
v -55.16667 2.057585 49.33334
v -56 2.057585 49
v -53.5 2.057585 49.33334
v -52.66667 2.057585 49.33334
v -53.16667 2.057585 49
v -44.5 2.057585 49.33334
v -48.16667 2.057585 50
v -48.66667 2.057585 50.5
v -42.66667 2.057585 62.66667
v -42.66667 2.057585 49.5
v -74.66667 2.057585 49.5
v -74 2.057585 49.5
v -74.16667 2.057585 49.16667
v -62.66667 2.057585 49.83334
v -63.5 2.057585 49.16667
v -64.5 2.057585 49.16667
v -70 2.057585 49.16667
v -71.83334 2.057585 49.33334
v -72.16667 2.057585 49.83334
v -62.66667 2.057585 49.83334
v -65.66667 2.057585 49.16667
v -62.66667 2.057585 49.83334
v -64.5 2.057585 49.16667
v -65.66667 2.057585 49.16667
v -52 2.057585 50
v -52.66667 2.057585 49.33334
v -53.5 2.057585 49.33334
v -52 2.057585 50
v -53.5 2.057585 49.33334
v -55.16667 2.057585 49.33334
v -59.16667 2.057585 50
v -52 2.057585 50
v -55.16667 2.057585 49.33334
v -56.5 2.057585 49.33334
v -73.66667 2.057585 49.83334
v -74 2.057585 49.5
v -74.66667 2.057585 49.5
v -73.66667 2.057585 49.83334
v -74.66667 2.057585 49.5
v -75.5 2.057585 49.5
v -80.83334 2.057585 49.83334
v -73.66667 2.057585 49.83334
v -75.5 2.057585 49.5
v -80.33334 2.057585 49.5
v -60.66667 2.057585 50.33334
v -61.16667 2.057585 49.83334
v -61.83334 2.057585 49.83334
v -60.66667 2.057585 50.33334
v -61.83334 2.057585 49.83334
v -62.66667 2.057585 49.83334
v -73.66667 2.057585 49.83334
v -80.83334 2.057585 49.83334
v -81.33334 2.057585 50.33334
v -72.16667 2.057585 49.83334
v -73.66667 2.057585 49.83334
v -81.33334 2.057585 50.33334
v -60.66667 2.057585 50.33334
v -62.66667 2.057585 49.83334
v -72.16667 2.057585 49.83334
v -81.33334 2.057585 50.33334
v -50.16667 2.057585 50.33334
v -50.33334 2.057585 50
v -50.66667 2.057585 50
v -50.16667 2.057585 50.33334
v -50.66667 2.057585 50
v -52 2.057585 50
v -59.83334 2.057585 50.33334
v -50.16667 2.057585 50.33334
v -52 2.057585 50
v -59.16667 2.057585 50
v -50 2.057585 50.5
v -50.16667 2.057585 50.33334
v -59.83334 2.057585 50.33334
v -50 2.057585 50.5
v -59.83334 2.057585 50.33334
v -60.66667 2.057585 50.33334
v -81.5 2.057585 50.5
v -50 2.057585 50.5
v -60.66667 2.057585 50.33334
v -81.33334 2.057585 50.33334
v -42.66667 2.057585 62.66667
v -48.66667 2.057585 50.5
v -50 2.057585 50.5
v -81.5 2.057585 50.5
v -83 2.057585 50.5
v -85.33334 2.057585 62.66667
v -83 2.057585 50.5
v -84 2.057585 49.5
v -85.33334 2.057585 49.16667
v -85.33334 2.057585 62.66667
v -18.5 2.057585 48.5
v -19.5 2.057585 48.5
v -20 2.057585 48.83334
v -16.83333 2.057585 48.16667
v -17 2.057585 47.33334
v -18.5 2.057585 48.5
v -16.16667 2.057585 48.83334
v -16.83333 2.057585 48.16667
v -18.5 2.057585 48.5
v -20 2.057585 48.83334
v -26.66667 2.057585 49.16667
v -25.66667 2.057585 49.16667
v -27 2.057585 48.16667
v -14.5 2.057585 48.83334
v -13.66667 2.057585 48.83334
v -14 2.057585 48.33334
v -3.833332 2.057585 49.16667
v -2.666668 2.057585 49.16667
v -3.333332 2.057585 48.66667
v -12.83333 2.057585 49.5
v -13.66667 2.057585 48.83334
v -14.5 2.057585 48.83334
v -20 2.057585 48.83334
v -22 2.057585 49.16667
v -22.33333 2.057585 49.5
v -12.83333 2.057585 49.5
v -16.16667 2.057585 48.83334
v -12.83333 2.057585 49.5
v -14.5 2.057585 48.83334
v -16.16667 2.057585 48.83334
v -7 2.057585 49.16667
v -4.833332 2.057585 49.16667
v -6.5 2.057585 48.83334
v -23.83333 2.057585 49.66667
v -24.16667 2.057585 49.16667
v -24.66667 2.057585 49.16667
v -25.66667 2.057585 49.16667
v -26.66667 2.057585 49.16667
v -26.83333 2.057585 49.66667
v -23.83333 2.057585 49.66667
v -24.66667 2.057585 49.16667
v -25.66667 2.057585 49.16667
v -26.83333 2.057585 49.66667
v -1.833332 2.057585 49.83334
v -2.666668 2.057585 49.16667
v -3.833332 2.057585 49.16667
v -7 2.057585 49.16667
v -9.166668 2.057585 49.5
v -9.333332 2.057585 49.83334
v -1.833332 2.057585 49.83334
v -4.833332 2.057585 49.16667
v -1.833332 2.057585 49.83334
v -3.833332 2.057585 49.16667
v -4.833332 2.057585 49.16667
v -40.5 2.057585 49.66667
v -39.83334 2.057585 49.66667
v -40.33334 2.057585 49.33334
v -42.66667 2.057585 49.66667
v -42.33334 2.057585 49.66667
v -42.66667 2.057585 49.5
v -11.33333 2.057585 49.66667
v -11.33333 2.057585 49.5
v -11.66667 2.057585 49.5
v -11.33333 2.057585 49.66667
v -11.66667 2.057585 49.5
v -12.83333 2.057585 49.5
v -22.66667 2.057585 49.66667
v -11.33333 2.057585 49.66667
v -12.83333 2.057585 49.5
v -22.33333 2.057585 49.5
v -1.166668 2.057585 49.83334
v -0.5 2.057585 49.83334
v -0.6666679 2.057585 49.5
v -11 2.057585 50
v -27 2.057585 50
v -28.5 2.057585 51.5
v -39.16667 2.057585 50.33334
v -39.83334 2.057585 49.66667
v -40.5 2.057585 49.66667
v -28.5 2.057585 51.5
v -29.83333 2.057585 51.5
v -42.66667 2.057585 62.66667
v -23.83333 2.057585 49.66667
v -26.83333 2.057585 49.66667
v -27 2.057585 50
v -22.66667 2.057585 49.66667
v -23.83333 2.057585 49.66667
v -27 2.057585 50
v -11 2.057585 50
v -11.33333 2.057585 49.66667
v -22.66667 2.057585 49.66667
v -27 2.057585 50
v -37.66667 2.057585 50.33334
v -36 2.057585 50.33334
v -36.83334 2.057585 49.83334
v -0.3333321 2.057585 50
v -0.5 2.057585 49.83334
v -1.166668 2.057585 49.83334
v -0.3333321 2.057585 50
v -1.166668 2.057585 49.83334
v -1.833332 2.057585 49.83334
v -9.666668 2.057585 50
v -0.3333321 2.057585 50
v -1.833332 2.057585 49.83334
v -9.333332 2.057585 49.83334
v 0 2.057585 50.16667
v -9.666668 2.057585 50
v -11 2.057585 50
v -28.5 2.057585 51.5
v -42.66667 2.057585 62.66667
v 0 2.057585 62.66667
v 0 2.057585 50.16667
v -0.3333321 2.057585 50
v -9.666668 2.057585 50
v -29.83333 2.057585 51.5
v -33 2.057585 50.66667
v -35.16667 2.057585 50.66667
v -33 2.057585 50.66667
v -30.83333 2.057585 50.66667
v -32.66667 2.057585 50.16667
v -35.16667 2.057585 50.66667
v -36 2.057585 50.33334
v -37.66667 2.057585 50.33334
v -29.83333 2.057585 51.5
v -30.83333 2.057585 50.66667
v -33 2.057585 50.66667
v -39.16667 2.057585 50.33334
v -40.5 2.057585 49.66667
v -42.33334 2.057585 49.66667
v -39.16667 2.057585 50.33334
v -42.33334 2.057585 49.66667
v -42.66667 2.057585 49.66667
v -42.66667 2.057585 62.66667
v -35.16667 2.057585 50.66667
v -37.66667 2.057585 50.33334
v -39.16667 2.057585 50.33334
v -42.66667 2.057585 62.66667
v -29.83333 2.057585 51.5
v 17.83333 2.057585 42.66667
v 16.66667 2.057585 42.66667
v 17.33333 2.057585 43.5
v 19 2.057585 44
v 19 2.057585 43.66667
v 0 2.057585 62.66667
v 21.33333 2.057585 51.16667
v 19.83333 2.057585 51.16667
v 42.66667 2.057585 42.66667
v 27.5 2.057585 42.66667
v 27.33333 2.057585 45.66667
v 42.66667 2.057585 42.66667
v 26.5 2.057585 48.66667
v 26.16667 2.057585 49
v 18 2.057585 47.33334
v 17.66667 2.057585 47.5
v 17.83333 2.057585 48
v 18.33333 2.057585 48
v 18 2.057585 47.33334
v 18.33333 2.057585 48
v 18.83333 2.057585 48
v 19.66667 2.057585 48
v 20.5 2.057585 47.83334
v 20.5 2.057585 47.5
v 18 2.057585 46.66667
v 18 2.057585 47.33334
v 18.83333 2.057585 48
v 6.833333 2.057585 48.83334
v 6.666667 2.057585 48
v 5.5 2.057585 49
v 5.5 2.057585 49
v 4.5 2.057585 49
v 3.5 2.057585 49.5
v 7.833333 2.057585 49.5
v 6.833333 2.057585 48.83334
v 5.5 2.057585 49
v 3.5 2.057585 49.5
v 19.66667 2.057585 48
v 18.83333 2.057585 48
v 19 2.057585 48.33334
v 19.5 2.057585 48.33334
v 9.166667 2.057585 49.5
v 10.16667 2.057585 49.5
v 9.666667 2.057585 49
v 23.83333 2.057585 49
v 23.16667 2.057585 49
v 23 2.057585 49.66667
v 26.16667 2.057585 49
v 23.83333 2.057585 49
v 23 2.057585 49.66667
v 27.33333 2.057585 45.66667
v 26.33333 2.057585 47
v 26.5 2.057585 48.66667
v 42.66667 2.057585 42.66667
v 11 2.057585 50.16667
v 10.16667 2.057585 49.5
v 9.166667 2.057585 49.5
v 3.5 2.057585 49.5
v 1.666667 2.057585 49.66667
v 1.333333 2.057585 50.16667
v 11 2.057585 50.16667
v 7.833333 2.057585 49.5
v 11 2.057585 50.16667
v 9.166667 2.057585 49.5
v 7.833333 2.057585 49.5
v 14 2.057585 50.16667
v 13.66667 2.057585 49.66667
v 12.83333 2.057585 49.66667
v 11.83333 2.057585 50.16667
v 19 2.057585 50.16667
v 17.16667 2.057585 50
v 17 2.057585 50.33334
v 19.16667 2.057585 50.5
v 19 2.057585 50.16667
v 17 2.057585 50.33334
v 16 2.057585 50.5
v 42.66667 2.057585 62.66667
v 42.66667 2.057585 42.66667
v 26.16667 2.057585 49
v 21.33333 2.057585 51.16667
v 0 2.057585 62.66667
v 15.33333 2.057585 50.5
v 14 2.057585 50.16667
v 11.83333 2.057585 50.16667
v 15.33333 2.057585 50.5
v 11.83333 2.057585 50.16667
v 11 2.057585 50.16667
v 26.16667 2.057585 49
v 23 2.057585 49.66667
v 21.33333 2.057585 51.16667
v 19.83333 2.057585 51.16667
v 19.16667 2.057585 50.5
v 16 2.057585 50.5
v 19.83333 2.057585 51.16667
v 16 2.057585 50.5
v 15.33333 2.057585 50.5
v 19.83333 2.057585 51.16667
v 15.33333 2.057585 50.5
v 11 2.057585 50.16667
v 1.333333 2.057585 50.16667
v 0 2.057585 62.66667
v 1.333333 2.057585 50.16667
v 0 2.057585 50.16667
v 0 2.057585 62.66667
v 42.66667 2.057585 62.66667
v 68.66667 2.057585 62.66667
v 68.66667 2.057585 42.66667
v 42.66667 2.057585 42.66667
f 1 2 3
f 1 3 4
f 5 6 7
f 5 7 8
f 9 10 11
f 9 11 12
f 13 14 15
f 16 17 18
f 19 20 21
f 19 21 22
f 23 24 25
f 23 25 26
f 27 28 29
f 30 31 32
f 30 32 33
f 34 35 36
f 34 36 37
f 38 39 40
f 38 40 41
f 42 43 44
f 42 44 45
f 46 47 48
f 49 50 51
f 52 53 54
f 55 56 57
f 58 59 60
f 58 60 61
f 62 63 64
f 65 66 67
f 68 69 70
f 71 72 73
f 74 75 76
f 74 76 77
f 74 77 78
f 79 80 81
f 82 83 84
f 85 86 87
f 88 89 90
f 91 92 93
f 94 95 96
f 94 96 97
f 98 99 100
f 98 100 101
f 102 103 104
f 105 106 107
f 105 107 108
f 105 108 109
f 110 111 112
f 113 114 115
f 116 117 118
f 119 120 121
f 122 123 124
f 125 126 127
f 125 127 128
f 125 128 129
f 130 131 132
f 133 134 135
f 136 137 138
f 139 140 141
f 139 141 142
f 143 144 145
f 146 147 148
f 149 150 151
f 152 153 154
f 152 154 155
f 156 157 158
f 159 160 161
f 159 161 162
f 163 164 165
f 166 167 168
f 169 170 171
f 172 173 174
f 172 174 175
f 176 177 178
f 179 180 181
f 182 183 184
f 185 186 187
f 188 189 190
f 188 190 191
f 192 193 194
f 195 196 197
f 195 197 198
f 199 200 201
f 202 203 204
f 205 206 207
f 208 209 210
f 208 210 211
f 208 211 212
f 208 212 213
f 214 215 216
f 214 216 217
f 214 217 218
f 219 220 221
f 219 221 222
f 223 224 225
f 226 227 228
f 226 228 229
f 226 229 230
f 231 232 233
f 234 235 236
f 237 238 239
f 240 241 242
f 243 244 245
f 246 247 248
f 249 250 251
f 249 251 252
f 249 252 253
f 254 255 256
f 257 258 259
f 257 259 260
f 261 262 263
f 264 265 266
f 267 268 269
f 270 271 272
f 273 274 275
f 276 277 278
f 279 280 281
f 282 283 284
f 282 284 285
f 282 285 286
f 287 288 289
f 290 291 292
f 290 292 293
f 290 293 294
f 290 294 295
f 296 297 298
f 299 300 301
f 302 303 304
f 305 306 307
f 305 307 308
f 309 310 311
f 312 313 314
f 315 316 317
f 315 317 318
f 319 320 321
f 322 323 324
f 322 324 325
f 322 325 326
f 327 328 329
f 330 331 332
f 333 334 335
f 333 335 336
f 337 338 339
f 340 341 342
f 343 344 345
f 346 347 348
f 346 348 349
f 350 351 352
f 353 354 355
f 356 357 358
f 359 360 361
f 359 361 362
f 363 364 365
f 363 365 366
f 367 368 369
f 370 371 372
f 370 372 373
f 374 375 376
f 377 378 379
f 377 379 380
f 381 382 383
f 381 383 384
f 385 386 387
f 388 389 390
f 391 392 393
f 394 395 396
f 397 398 399
f 397 399 400
f 401 402 403
f 404 405 406
f 407 408 409
f 410 411 412
f 413 414 415
f 413 415 416
f 417 418 419
f 420 421 422
f 423 424 425
f 423 425 426
f 427 428 429
f 430 431 432
f 433 434 435
f 436 437 438
f 439 440 441
f 439 441 442
f 443 444 445
f 443 445 446
f 447 448 449
f 447 449 450
f 451 452 453
f 454 455 456
f 454 456 457
f 458 459 460
f 461 462 463
f 464 465 466
f 467 468 469
f 470 471 472
f 473 474 475
f 476 477 478
f 479 480 481
f 479 481 482
f 483 484 485
f 486 487 488
f 489 490 491
f 492 493 494
f 495 496 497
f 495 497 498
f 495 498 499
f 500 501 502
f 503 504 505
f 506 507 508
f 509 510 511
f 512 513 514
f 515 516 517
f 518 519 520
f 521 522 523
f 524 525 526
f 527 528 529
f 527 529 530
f 531 532 533
f 534 535 536
f 534 536 537
f 538 539 540
f 541 542 543
f 544 545 546
f 547 548 549
f 550 551 552
f 550 552 553
f 554 555 556
f 557 558 559
f 557 559 560
f 561 562 563
f 564 565 566
f 564 566 567
f 568 569 570
f 571 572 573
f 571 573 574
f 571 574 575
f 576 577 578
f 579 580 581
f 582 583 584
f 585 586 587
f 588 589 590
f 591 592 593
f 594 595 596
f 597 598 599
f 600 601 602
f 603 604 605
f 606 607 608
f 609 610 611
f 612 613 614
f 615 616 617
f 618 619 620
f 618 620 621
f 622 623 624
f 625 626 627
f 628 629 630
f 631 632 633
f 634 635 636
f 637 638 639
f 640 641 642
f 640 642 643
f 640 643 644
f 645 646 647
f 648 649 650
f 651 652 653
f 651 653 654
f 655 656 657
f 658 659 660
f 661 662 663
f 661 663 664
f 665 666 667
f 668 669 670
f 671 672 673
f 671 673 674
f 675 676 677
f 678 679 680
f 681 682 683
f 681 683 684
f 685 686 687
f 688 689 690
f 691 692 693
f 694 695 696
f 694 696 697
f 698 699 700
f 698 700 701
f 702 703 704
f 702 704 705
f 702 705 706
f 707 708 709
f 710 711 712
f 713 714 715
f 716 717 718
f 719 720 721
f 722 723 724
f 722 724 725
f 722 725 726
f 722 726 727
f 728 729 730
f 728 730 731
f 728 731 732
f 733 734 735
f 736 737 738
f 736 738 739
f 740 741 742
f 740 742 743
f 740 743 744
f 745 746 747
f 748 749 750
f 751 752 753
f 751 753 754
f 755 756 757
f 755 757 758
f 759 760 761
f 762 763 764
f 765 766 767
f 768 769 770
f 771 772 773
f 774 775 776
f 777 778 779
f 777 779 780
f 777 780 781
f 782 783 784
f 782 784 785
f 782 785 786
f 782 786 787
f 788 789 790
f 791 792 793
f 791 793 794
f 791 794 795
f 796 797 798
f 796 798 799
f 800 801 802
f 800 802 803
f 804 805 806
f 807 808 809
f 810 811 812
f 813 814 815
f 816 817 818
f 816 818 819
f 820 821 822
f 823 824 825
f 826 827 828
f 829 830 831
f 832 833 834
f 835 836 837
f 838 839 840
f 841 842 843
f 844 845 846
f 847 848 849
f 850 851 852
f 853 854 855
f 853 855 856
f 853 856 857
f 853 857 858
f 859 860 861
f 859 861 862
f 863 864 865
f 863 865 866
f 867 868 869
f 870 871 872
f 870 872 873
f 874 875 876
f 874 876 877
f 878 879 880
f 881 882 883
f 884 885 886
f 887 888 889
f 887 889 890
f 887 890 891
f 892 893 894
f 895 896 897
f 898 899 900
f 901 902 903
f 904 905 906
f 907 908 909
f 907 909 910
f 907 910 911
f 907 911 912
f 913 914 915
f 916 917 918
f 919 920 921
f 919 921 922
f 923 924 925
f 923 925 926
f 927 928 929
f 927 929 930
f 927 930 931
f 927 931 932
f 933 934 935
f 936 937 938
f 936 938 939
f 940 941 942
f 943 944 945
f 943 945 946
f 947 948 949
f 947 949 950
f 951 952 953
f 954 955 956
f 954 956 957
f 958 959 960
f 961 962 963
f 961 963 964
f 965 966 967
f 965 967 968
f 965 968 969
f 965 969 970
f 971 972 973
f 971 973 974
f 975 976 977
f 978 979 980
f 978 980 981
f 978 981 982
f 978 982 983
f 984 985 986
f 987 988 989
f 990 991 992
f 993 994 995
f 996 997 998
f 996 998 999
f 996 999 1000
f 996 1000 1001
f 1002 1003 1004
f 1005 1006 1007
f 1008 1009 1010
f 1008 1010 1011
f 1012 1013 1014
f 1012 1014 1015
f 1016 1017 1018
f 1019 1020 1021
f 1022 1023 1024
f 1025 1026 1027
f 1025 1027 1028
f 1025 1028 1029
f 1030 1031 1032
f 1033 1034 1035
f 1036 1037 1038
f 1039 1040 1041
f 1039 1041 1042
f 1043 1044 1045
f 1046 1047 1048
f 1049 1050 1051
f 1052 1053 1054
f 1055 1056 1057
f 1055 1057 1058
f 1055 1058 1059
f 1060 1061 1062
f 1063 1064 1065
f 1066 1067 1068
f 1069 1070 1071
f 1072 1073 1074
f 1072 1074 1075
f 1072 1075 1076
f 1077 1078 1079
f 1080 1081 1082
f 1083 1084 1085
f 1083 1085 1086
f 1083 1086 1087
f 1088 1089 1090
f 1091 1092 1093
f 1094 1095 1096
f 1097 1098 1099
f 1100 1101 1102
f 1100 1102 1103
f 1104 1105 1106
f 1107 1108 1109
f 1107 1109 1110
f 1111 1112 1113
f 1114 1115 1116
f 1114 1116 1117
f 1118 1119 1120
f 1121 1122 1123
f 1124 1125 1126
f 1124 1126 1127
f 1128 1129 1130
f 1131 1132 1133
f 1134 1135 1136
f 1134 1136 1137
f 1138 1139 1140
f 1141 1142 1143
f 1141 1143 1144
f 1145 1146 1147
f 1148 1149 1150
f 1151 1152 1153
f 1151 1153 1154
f 1155 1156 1157
f 1155 1157 1158
f 1159 1160 1161
f 1162 1163 1164
f 1165 1166 1167
f 1168 1169 1170
f 1168 1170 1171
f 1172 1173 1174
f 1172 1174 1175
f 1172 1175 1176
f 1172 1176 1177
f 1178 1179 1180
f 1181 1182 1183
f 1184 1185 1186
f 1187 1188 1189
f 1190 1191 1192
f 1193 1194 1195
f 1196 1197 1198
f 1199 1200 1201
f 1202 1203 1204
f 1205 1206 1207
f 1208 1209 1210
f 1211 1212 1213
f 1214 1215 1216
f 1217 1218 1219
f 1217 1219 1220
f 1221 1222 1223
f 1224 1225 1226
f 1227 1228 1229
f 1230 1231 1232
f 1233 1234 1235
f 1233 1235 1236
f 1237 1238 1239
f 1240 1241 1242
f 1243 1244 1245
f 1243 1245 1246
f 1247 1248 1249
f 1247 1249 1250
f 1247 1250 1251
f 1252 1253 1254
f 1255 1256 1257
f 1255 1257 1258
f 1255 1258 1259
f 1255 1259 1260
f 1261 1262 1263
f 1261 1263 1264
f 1265 1266 1267
f 1268 1269 1270
f 1271 1272 1273
f 1271 1273 1274
f 1275 1276 1277
f 1278 1279 1280
f 1281 1282 1283
f 1284 1285 1286
f 1287 1288 1289
f 1290 1291 1292
f 1290 1292 1293
f 1294 1295 1296
f 1297 1298 1299
f 1300 1301 1302
f 1303 1304 1305
f 1306 1307 1308
f 1306 1308 1309
f 1310 1311 1312
f 1313 1314 1315
f 1313 1315 1316
f 1317 1318 1319
f 1320 1321 1322
f 1320 1322 1323
f 1320 1323 1324
f 1320 1324 1325
f 1326 1327 1328
f 1329 1330 1331
f 1332 1333 1334
f 1335 1336 1337
f 1338 1339 1340
f 1341 1342 1343
f 1341 1343 1344
f 1345 1346 1347
f 1348 1349 1350
f 1351 1352 1353
f 1354 1355 1356
f 1357 1358 1359
f 1360 1361 1362
f 1363 1364 1365
f 1363 1365 1366
f 1367 1368 1369
f 1370 1371 1372
f 1370 1372 1373
f 1370 1373 1374
f 1375 1376 1377
f 1375 1377 1378
f 1379 1380 1381
f 1379 1381 1382
f 1379 1382 1383
f 1384 1385 1386
f 1387 1388 1389
f 1390 1391 1392
f 1390 1392 1393
f 1394 1395 1396
f 1397 1398 1399
f 1400 1401 1402
f 1400 1402 1403
f 1400 1403 1404
f 1405 1406 1407
f 1408 1409 1410
f 1411 1412 1413
f 1414 1415 1416
f 1417 1418 1419
f 1417 1419 1420
f 1421 1422 1423
f 1424 1425 1426
f 1427 1428 1429
f 1427 1429 1430
f 1427 1430 1431
f 1432 1433 1434
f 1432 1434 1435
f 1436 1437 1438
f 1439 1440 1441
f 1442 1443 1444
f 1445 1446 1447
f 1448 1449 1450
f 1451 1452 1453
f 1454 1455 1456
f 1454 1456 1457
f 1454 1457 1458
f 1459 1460 1461
f 1459 1461 1462
f 1463 1464 1465
f 1463 1465 1466
f 1467 1468 1469
f 1467 1469 1470
f 1467 1470 1471
f 1472 1473 1474
f 1472 1474 1475
f 1476 1477 1478
f 1476 1478 1479
f 1480 1481 1482
f 1480 1482 1483
f 1480 1483 1484
f 1480 1484 1485
f 1486 1487 1488
f 1486 1488 1489
f 1486 1489 1490
f 1491 1492 1493
f 1494 1495 1496
f 1494 1496 1497
f 1494 1497 1498
f 1499 1500 1501
f 1502 1503 1504
f 1502 1504 1505
f 1502 1505 1506
f 1507 1508 1509
f 1510 1511 1512
f 1510 1512 1513
f 1510 1513 1514
f 1515 1516 1517
f 1515 1517 1518
f 1515 1518 1519
f 1520 1521 1522
f 1520 1522 1523
f 1524 1525 1526
f 1524 1526 1527
f 1528 1529 1530
f 1528 1530 1531
f 1532 1533 1534
f 1532 1534 1535
f 1536 1537 1538
f 1536 1538 1539
f 1540 1541 1542
f 1543 1544 1545
f 1546 1547 1548
f 1549 1550 1551
f 1549 1551 1552
f 1553 1554 1555
f 1556 1557 1558
f 1559 1560 1561
f 1562 1563 1564
f 1562 1564 1565
f 1566 1567 1568
f 1569 1570 1571
f 1572 1573 1574
f 1572 1574 1575
f 1572 1575 1576
f 1572 1576 1577
f 1578 1579 1580
f 1581 1582 1583
f 1584 1585 1586
f 1584 1586 1587
f 1588 1589 1590
f 1588 1590 1591
f 1588 1591 1592
f 1593 1594 1595
f 1593 1595 1596
f 1597 1598 1599
f 1597 1599 1600
f 1601 1602 1603
f 1604 1605 1606
f 1607 1608 1609
f 1610 1611 1612
f 1613 1614 1615
f 1613 1615 1616
f 1613 1616 1617
f 1618 1619 1620
f 1621 1622 1623
f 1621 1623 1624
f 1625 1626 1627
f 1625 1627 1628
f 1629 1630 1631
f 1629 1631 1632
f 1633 1634 1635
f 1633 1635 1636
f 1637 1638 1639
f 1637 1639 1640
f 1641 1642 1643
f 1641 1643 1644
f 1645 1646 1647
f 1645 1647 1648
f 1649 1650 1651
f 1652 1653 1654
f 1655 1656 1657
f 1658 1659 1660
f 1658 1660 1661
f 1662 1663 1664
f 1665 1666 1667
f 1665 1667 1668
f 1665 1668 1669
f 1670 1671 1672
f 1670 1672 1673
f 1674 1675 1676
f 1674 1676 1677
f 1678 1679 1680
f 1681 1682 1683
f 1684 1685 1686
f 1684 1686 1687
f 1684 1687 1688
f 1689 1690 1691
f 1692 1693 1694
f 1692 1694 1695
f 1692 1695 1696
f 1697 1698 1699
f 1697 1699 1700
f 1697 1700 1701
f 1697 1701 1702
f 1703 1704 1705
f 1706 1707 1708
f 1709 1710 1711
f 1712 1713 1714
f 1712 1714 1715
f 1712 1715 1716
f 1717 1718 1719
f 1720 1721 1722
f 1720 1722 1723
f 1724 1725 1726
f 1724 1726 1727
f 1728 1729 1730
f 1728 1730 1731
f 1732 1733 1734
f 1732 1734 1735
f 1732 1735 1736
f 1737 1738 1739
f 1740 1741 1742
f 1743 1744 1745
f 1746 1747 1748
f 1749 1750 1751
f 1749 1751 1752
f 1753 1754 1755
f 1753 1755 1756
f 1757 1758 1759
f 1757 1759 1760
f 1761 1762 1763
f 1764 1765 1766
f 1767 1768 1769
f 1767 1769 1770
f 1767 1770 1771
f 1767 1771 1772
f 1773 1774 1775
f 1776 1777 1778
f 1779 1780 1781
f 1779 1781 1782
f 1779 1782 1783
f 1784 1785 1786
f 1787 1788 1789
f 1787 1789 1790
f 1787 1790 1791
f 1792 1793 1794
f 1795 1796 1797
f 1798 1799 1800
f 1798 1800 1801
f 1802 1803 1804
f 1805 1806 1807
f 1808 1809 1810
f 1811 1812 1813
f 1811 1813 1814
f 1815 1816 1817
f 1818 1819 1820
f 1818 1820 1821
f 1818 1821 1822
f 1823 1824 1825
f 1823 1825 1826
f 1827 1828 1829
f 1830 1831 1832
f 1830 1832 1833
f 1830 1833 1834
f 1835 1836 1837
f 1838 1839 1840
f 1841 1842 1843
f 1844 1845 1846
f 1847 1848 1849
f 1850 1851 1852
f 1850 1852 1853
f 1854 1855 1856
f 1857 1858 1859
f 1860 1861 1862
f 1860 1862 1863
f 1860 1863 1864
f 1860 1864 1865
f 1866 1867 1868
f 1866 1868 1869
f 1866 1869 1870
f 1871 1872 1873
f 1871 1873 1874
f 1875 1876 1877
f 1878 1879 1880
f 1881 1882 1883
f 1884 1885 1886
f 1884 1886 1887
f 1884 1887 1888
f 1889 1890 1891
f 1892 1893 1894
f 1895 1896 1897
f 1895 1897 1898
f 1899 1900 1901
f 1899 1901 1902
f 1903 1904 1905
f 1906 1907 1908
f 1909 1910 1911
f 1909 1911 1912
f 1913 1914 1915
f 1913 1915 1916
f 1917 1918 1919
f 1917 1919 1920
f 1917 1920 1921
f 1922 1923 1924
f 1922 1924 1925
f 1922 1925 1926
f 1927 1928 1929
f 1930 1931 1932
f 1933 1934 1935
f 1933 1935 1936
f 1937 1938 1939
f 1937 1939 1940
f 1937 1940 1941
f 1937 1941 1942
f 1943 1944 1945
f 1946 1947 1948
f 1949 1950 1951
f 1952 1953 1954
f 1955 1956 1957
f 1958 1959 1960
f 1961 1962 1963
f 1961 1963 1964
f 1965 1966 1967
f 1968 1969 1970
f 1968 1970 1971
f 1972 1973 1974
f 1972 1974 1975
f 1976 1977 1978
f 1979 1980 1981
f 1979 1981 1982
f 1979 1982 1983
f 1984 1985 1986
f 1987 1988 1989
f 1987 1989 1990
f 1987 1990 1991
f 1987 1991 1992
f 1993 1994 1995
f 1996 1997 1998
f 1999 2000 2001
f 1999 2001 2002
f 2003 2004 2005
f 2006 2007 2008
f 2009 2010 2011
f 2009 2011 2012
f 2013 2014 2015
f 2016 2017 2018
f 2016 2018 2019
f 2020 2021 2022
f 2023 2024 2025
f 2026 2027 2028
f 2026 2028 2029
f 2030 2031 2032
f 2030 2032 2033
f 2034 2035 2036
f 2037 2038 2039
f 2037 2039 2040
f 2037 2040 2041
f 2042 2043 2044
f 2042 2044 2045
f 2042 2045 2046
f 2047 2048 2049
f 2050 2051 2052
f 2053 2054 2055
f 2053 2055 2056
f 2057 2058 2059
f 2057 2059 2060
f 2061 2062 2063
f 2064 2065 2066
f 2064 2066 2067
f 2068 2069 2070
f 2068 2070 2071
f 2068 2071 2072
f 2068 2072 2073
f 2074 2075 2076
f 2077 2078 2079
f 2077 2079 2080
f 2081 2082 2083
f 2081 2083 2084
f 2085 2086 2087
f 2088 2089 2090
f 2091 2092 2093
f 2094 2095 2096
f 2097 2098 2099
f 2100 2101 2102
f 2103 2104 2105
f 2106 2107 2108
f 2109 2110 2111
f 2112 2113 2114
f 2115 2116 2117
f 2115 2117 2118
f 2119 2120 2121
f 2119 2121 2122
f 2119 2122 2123
f 2124 2125 2126
f 2124 2126 2127
f 2124 2127 2128
f 2129 2130 2131
f 2132 2133 2134
f 2135 2136 2137
f 2138 2139 2140
f 2138 2140 2141
f 2142 2143 2144
f 2145 2146 2147
f 2148 2149 2150
f 2151 2152 2153
f 2154 2155 2156
f 2154 2156 2157
f 2154 2157 2158
f 2159 2160 2161
f 2162 2163 2164
f 2162 2164 2165
f 2166 2167 2168
f 2166 2168 2169
f 2170 2171 2172
f 2170 2172 2173
f 2174 2175 2176
f 2177 2178 2179
f 2180 2181 2182
f 2183 2184 2185
f 2186 2187 2188
f 2189 2190 2191
f 2189 2191 2192
f 2193 2194 2195
f 2196 2197 2198
f 2196 2198 2199
f 2200 2201 2202
f 2203 2204 2205
f 2206 2207 2208
f 2209 2210 2211
f 2209 2211 2212
f 2213 2214 2215
f 2216 2217 2218
f 2216 2218 2219
f 2220 2221 2222
f 2223 2224 2225
f 2223 2225 2226
f 2223 2226 2227
f 2228 2229 2230
f 2231 2232 2233
f 2231 2233 2234
f 2235 2236 2237
f 2238 2239 2240
f 2241 2242 2243
f 2241 2243 2244
f 2245 2246 2247
f 2248 2249 2250
f 2248 2250 2251
f 2252 2253 2254
f 2255 2256 2257
f 2255 2257 2258
f 2259 2260 2261
f 2262 2263 2264
f 2262 2264 2265
f 2262 2265 2266
f 2262 2266 2267
f 2268 2269 2270
f 2268 2270 2271
f 2272 2273 2274
f 2275 2276 2277
f 2278 2279 2280
f 2281 2282 2283
f 2284 2285 2286
f 2287 2288 2289
f 2290 2291 2292
f 2290 2292 2293
f 2294 2295 2296
f 2297 2298 2299
f 2300 2301 2302
f 2300 2302 2303
f 2304 2305 2306
f 2307 2308 2309
f 2310 2311 2312
f 2313 2314 2315
f 2316 2317 2318
f 2319 2320 2321
f 2319 2321 2322
f 2319 2322 2323
f 2319 2323 2324
f 2325 2326 2327
f 2325 2327 2328
f 2329 2330 2331
f 2332 2333 2334
f 2332 2334 2335
f 2332 2335 2336
f 2337 2338 2339
f 2340 2341 2342
f 2343 2344 2345
f 2343 2345 2346
f 2343 2346 2347
f 2343 2347 2348
f 2349 2350 2351
f 2352 2353 2354
f 2355 2356 2357
f 2355 2357 2358
f 2359 2360 2361
f 2362 2363 2364
f 2365 2366 2367
f 2365 2367 2368
f 2369 2370 2371
f 2372 2373 2374
f 2372 2374 2375
f 2376 2377 2378
f 2376 2378 2379
f 2376 2379 2380
f 2381 2382 2383
f 2384 2385 2386
f 2384 2386 2387
f 2384 2387 2388
f 2389 2390 2391
f 2389 2391 2392
f 2389 2392 2393
f 2394 2395 2396
f 2394 2396 2397
f 2398 2399 2400
f 2401 2402 2403
f 2401 2403 2404
f 2405 2406 2407
f 2405 2407 2408
f 2405 2408 2409
f 2410 2411 2412
f 2410 2412 2413
f 2414 2415 2416
f 2414 2416 2417
f 2418 2419 2420
f 2421 2422 2423
f 2421 2423 2424
f 2425 2426 2427
f 2428 2429 2430
f 2431 2432 2433
f 2434 2435 2436
f 2437 2438 2439
f 2437 2439 2440
f 2437 2440 2441
f 2437 2441 2442
f 2443 2444 2445
f 2446 2447 2448
f 2449 2450 2451
f 2452 2453 2454
f 2455 2456 2457
f 2458 2459 2460
f 2461 2462 2463
f 2461 2463 2464
f 2461 2464 2465
f 2461 2465 2466
f 2467 2468 2469
f 2470 2471 2472
f 2470 2472 2473
f 2474 2475 2476
f 2477 2478 2479
f 2480 2481 2482
f 2480 2482 2483
f 2484 2485 2486
f 2484 2486 2487
f 2488 2489 2490
f 2488 2490 2491
f 2492 2493 2494
f 2495 2496 2497
f 2495 2497 2498
f 2495 2498 2499
f 2500 2501 2502
f 2500 2502 2503
f 2504 2505 2506
f 2504 2506 2507
f 2508 2509 2510
f 2508 2510 2511
f 2508 2511 2512
f 2508 2512 2513
f 2514 2515 2516
f 2517 2518 2519
f 2520 2521 2522
f 2520 2522 2523
f 2524 2525 2526
f 2524 2526 2527
f 2524 2527 2528
f 2529 2530 2531
f 2532 2533 2534
f 2532 2534 2535
f 2536 2537 2538
f 2536 2538 2539
f 2540 2541 2542
f 2543 2544 2545
f 2543 2545 2546
f 2547 2548 2549
f 2550 2551 2552
f 2550 2552 2553
f 2554 2555 2556
f 2554 2556 2557
f 2554 2557 2558
f 2559 2560 2561
f 2562 2563 2564
f 2565 2566 2567
f 2565 2567 2568
f 2569 2570 2571
f 2569 2571 2572
f 2569 2572 2573
f 2574 2575 2576
f 2574 2576 2577
f 2578 2579 2580
f 2578 2580 2581
f 2582 2583 2584
f 2585 2586 2587
f 2588 2589 2590
f 2588 2590 2591
f 2592 2593 2594
f 2595 2596 2597
f 2598 2599 2600
f 2601 2602 2603
f 2604 2605 2606
f 2604 2606 2607
f 2608 2609 2610
f 2608 2610 2611
f 2608 2611 2612
f 2608 2612 2613
f 2614 2615 2616
f 2617 2618 2619
f 2617 2619 2620
f 2621 2622 2623
f 2624 2625 2626
f 2627 2628 2629
f 2630 2631 2632
f 2630 2632 2633
f 2634 2635 2636
f 2634 2636 2637
f 2638 2639 2640
f 2641 2642 2643
f 2644 2645 2646
f 2647 2648 2649
f 2650 2651 2652
f 2650 2652 2653
f 2654 2655 2656
f 2657 2658 2659
f 2660 2661 2662
f 2663 2664 2665
f 2666 2667 2668
f 2666 2668 2669
f 2670 2671 2672
f 2670 2672 2673
f 2674 2675 2676
f 2677 2678 2679
f 2680 2681 2682
f 2683 2684 2685
f 2683 2685 2686
f 2687 2688 2689
f 2690 2691 2692
f 2690 2692 2693
f 2690 2693 2694
f 2695 2696 2697
f 2698 2699 2700
f 2701 2702 2703
f 2704 2705 2706
f 2704 2706 2707
f 2708 2709 2710
f 2711 2712 2713
f 2711 2713 2714
f 2711 2714 2715
f 2716 2717 2718
f 2719 2720 2721
f 2722 2723 2724
f 2722 2724 2725
f 2722 2725 2726
f 2722 2726 2727
f 2728 2729 2730
f 2731 2732 2733
f 2731 2733 2734
f 2731 2734 2735
f 2736 2737 2738
f 2739 2740 2741
f 2739 2741 2742
f 2739 2742 2743
f 2744 2745 2746
f 2747 2748 2749
f 2747 2749 2750
f 2751 2752 2753
f 2751 2753 2754
f 2755 2756 2757
f 2755 2757 2758
f 2755 2758 2759
f 2760 2761 2762
f 2763 2764 2765
f 2763 2765 2766
f 2767 2768 2769
f 2770 2771 2772
f 2770 2772 2773
f 2770 2773 2774
f 2770 2774 2775
f 2776 2777 2778
f 2776 2778 2779
f 2780 2781 2782
f 2780 2782 2783
f 2784 2785 2786
f 2787 2788 2789
f 2787 2789 2790
f 2791 2792 2793
f 2791 2793 2794
f 2795 2796 2797
f 2798 2799 2800
f 2798 2800 2801
f 2798 2801 2802
f 2798 2802 2803
f 2804 2805 2806
f 2807 2808 2809
f 2810 2811 2812
f 2810 2812 2813
f 2814 2815 2816
f 2814 2816 2817
f 2814 2817 2818
f 2819 2820 2821
f 2819 2821 2822
f 2823 2824 2825
f 2826 2827 2828
f 2829 2830 2831
f 2829 2831 2832
f 2829 2832 2833
f 2834 2835 2836
f 2837 2838 2839
f 2840 2841 2842
f 2843 2844 2845
f 2843 2845 2846
f 2843 2846 2847
f 2848 2849 2850
f 2848 2850 2851
f 2852 2853 2854
f 2852 2854 2855
f 2856 2857 2858
f 2856 2858 2859
f 2860 2861 2862
f 2860 2862 2863
f 2864 2865 2866
f 2864 2866 2867
f 2868 2869 2870
f 2871 2872 2873
f 2871 2873 2874
f 2875 2876 2877
f 2878 2879 2880
f 2881 2882 2883
f 2881 2883 2884
f 2885 2886 2887
f 2888 2889 2890
f 2888 2890 2891
f 2892 2893 2894
f 2892 2894 2895
f 2892 2895 2896
f 2897 2898 2899
f 2897 2899 2900
f 2897 2900 2901
f 2902 2903 2904
f 2905 2906 2907
f 2908 2909 2910
f 2908 2910 2911
f 2912 2913 2914
f 2912 2914 2915
f 2912 2915 2916
f 2912 2916 2917
f 2918 2919 2920
f 2918 2920 2921
f 2922 2923 2924
f 2925 2926 2927
f 2928 2929 2930
f 2928 2930 2931
f 2932 2933 2934
f 2935 2936 2937
f 2935 2937 2938
f 2939 2940 2941
f 2942 2943 2944
f 2945 2946 2947
f 2948 2949 2950
f 2951 2952 2953
f 2951 2953 2954
f 2951 2954 2955
f 2951 2955 2956
f 2957 2958 2959
f 2960 2961 2962
f 2960 2962 2963
f 2960 2963 2964
f 2965 2966 2967
f 2965 2967 2968
f 2969 2970 2971
f 2969 2971 2972
f 2969 2972 2973
f 2974 2975 2976
f 2974 2976 2977
f 2978 2979 2980
f 2981 2982 2983
f 2984 2985 2986
f 2984 2986 2987
f 2988 2989 2990
f 2991 2992 2993
f 2994 2995 2996
f 2994 2996 2997
f 2998 2999 3000
f 3001 3002 3003
f 3004 3005 3006
f 3007 3008 3009
f 3007 3009 3010
f 3007 3010 3011
f 3012 3013 3014
f 3012 3014 3015
f 3016 3017 3018
f 3019 3020 3021
f 3022 3023 3024
f 3025 3026 3027
f 3028 3029 3030
f 3031 3032 3033
f 3034 3035 3036
f 3034 3036 3037
f 3038 3039 3040
f 3041 3042 3043
f 3044 3045 3046
f 3044 3046 3047
f 3048 3049 3050
f 3048 3050 3051
f 3052 3053 3054
f 3055 3056 3057
f 3058 3059 3060
f 3058 3060 3061
f 3058 3061 3062
f 3063 3064 3065
f 3063 3065 3066
f 3063 3066 3067
f 3068 3069 3070
f 3071 3072 3073
f 3071 3073 3074
f 3071 3074 3075
f 3076 3077 3078
f 3076 3078 3079
f 3080 3081 3082
f 3083 3084 3085
f 3086 3087 3088
f 3089 3090 3091
f 3092 3093 3094
f 3092 3094 3095
f 3092 3095 3096
f 3097 3098 3099
f 3097 3099 3100
f 3101 3102 3103
f 3104 3105 3106
f 3107 3108 3109
f 3110 3111 3112
f 3113 3114 3115
f 3116 3117 3118
f 3119 3120 3121
f 3119 3121 3122
f 3119 3122 3123
f 3119 3123 3124
f 3125 3126 3127
f 3128 3129 3130
f 3131 3132 3133
f 3134 3135 3136
f 3134 3136 3137
f 3138 3139 3140
f 3138 3140 3141
f 3142 3143 3144
f 3142 3144 3145
f 3146 3147 3148
f 3149 3150 3151
f 3152 3153 3154
f 3155 3156 3157
f 3158 3159 3160
f 3161 3162 3163
f 3164 3165 3166
f 3164 3166 3167
f 3168 3169 3170
f 3171 3172 3173
f 3174 3175 3176
f 3177 3178 3179
f 3180 3181 3182
f 3180 3182 3183
f 3180 3183 3184
f 3185 3186 3187
f 3185 3187 3188
f 3189 3190 3191
f 3192 3193 3194
f 3192 3194 3195
f 3192 3195 3196
f 3197 3198 3199
f 3200 3201 3202
f 3203 3204 3205
f 3203 3205 3206
f 3207 3208 3209
f 3210 3211 3212
f 3210 3212 3213
f 3210 3213 3214
f 3210 3214 3215
f 3216 3217 3218
f 3216 3218 3219
f 3220 3221 3222
f 3220 3222 3223
f 3220 3223 3224
f 3220 3224 3225
f 3226 3227 3228
f 3229 3230 3231
f 3229 3231 3232
f 3233 3234 3235
f 3236 3237 3238
f 3239 3240 3241
f 3239 3241 3242
f 3239 3242 3243
f 3244 3245 3246
f 3247 3248 3249
f 3250 3251 3252
f 3250 3252 3253
f 3254 3255 3256
f 3254 3256 3257
f 3258 3259 3260
f 3261 3262 3263
f 3264 3265 3266
f 3264 3266 3267
f 3268 3269 3270
f 3271 3272 3273
f 3274 3275 3276
f 3277 3278 3279
f 3280 3281 3282
f 3283 3284 3285
f 3283 3285 3286
f 3287 3288 3289
f 3287 3289 3290
f 3291 3292 3293
f 3291 3293 3294
f 3291 3294 3295
f 3291 3295 3296
f 3297 3298 3299
f 3300 3301 3302
f 3300 3302 3303
f 3300 3303 3304
f 3300 3304 3305
f 3306 3307 3308
f 3309 3310 3311
f 3312 3313 3314
f 3315 3316 3317
f 3318 3319 3320
f 3318 3320 3321
f 3322 3323 3324
f 3322 3324 3325
f 3322 3325 3326
f 3322 3326 3327
f 3328 3329 3330
f 3331 3332 3333
f 3334 3335 3336
f 3337 3338 3339
f 3340 3341 3342
f 3343 3344 3345
f 3346 3347 3348
f 3349 3350 3351
f 3352 3353 3354
f 3355 3356 3357
f 3355 3357 3358
f 3355 3358 3359
f 3355 3359 3360
f 3361 3362 3363
f 3361 3363 3364
f 3365 3366 3367
f 3368 3369 3370
f 3368 3370 3371
f 3372 3373 3374
f 3372 3374 3375
f 3372 3375 3376
f 3372 3376 3377
f 3378 3379 3380
f 3381 3382 3383
f 3384 3385 3386
f 3387 3388 3389
f 3387 3389 3390
f 3391 3392 3393
f 3391 3393 3394
f 3395 3396 3397
f 3398 3399 3400
f 3401 3402 3403
f 3404 3405 3406
f 3407 3408 3409
f 3410 3411 3412
f 3413 3414 3415
f 3416 3417 3418
f 3419 3420 3421
f 3422 3423 3424
f 3425 3426 3427
f 3425 3427 3428
f 3429 3430 3431
f 3429 3431 3432
f 3429 3432 3433
f 3434 3435 3436
f 3434 3436 3437
f 3438 3439 3440
f 3441 3442 3443
f 3444 3445 3446
f 3447 3448 3449
f 3447 3449 3450
f 3451 3452 3453
f 3451 3453 3454
f 3455 3456 3457
f 3455 3457 3458
f 3459 3460 3461
f 3462 3463 3464
f 3465 3466 3467
f 3468 3469 3470
f 3471 3472 3473
f 3474 3475 3476
f 3474 3476 3477
f 3478 3479 3480
f 3481 3482 3483
f 3484 3485 3486
f 3484 3486 3487
f 3484 3487 3488
f 3489 3490 3491
f 3489 3491 3492
f 3493 3494 3495
f 3493 3495 3496
f 3493 3496 3497
f 3498 3499 3500
f 3498 3500 3501
f 3502 3503 3504
f 3502 3504 3505
f 3506 3507 3508
f 3509 3510 3511
f 3512 3513 3514
f 3515 3516 3517
f 3515 3517 3518
f 3515 3518 3519
f 3515 3519 3520
f 3521 3522 3523
f 3521 3523 3524
f 3521 3524 3525
f 3526 3527 3528
f 3529 3530 3531
f 3532 3533 3534
f 3535 3536 3537
f 3538 3539 3540
f 3541 3542 3543
f 3541 3543 3544
f 3541 3544 3545
f 3546 3547 3548
f 3546 3548 3549
f 3550 3551 3552
f 3550 3552 3553
f 3554 3555 3556
f 3554 3556 3557
f 3554 3557 3558
f 3554 3558 3559
f 3560 3561 3562
f 3563 3564 3565
f 3566 3567 3568
f 3569 3570 3571
f 3572 3573 3574
f 3575 3576 3577
f 3578 3579 3580
f 3578 3580 3581
f 3578 3581 3582
f 3578 3582 3583
f 3584 3585 3586
f 3587 3588 3589
f 3590 3591 3592
f 3593 3594 3595
f 3593 3595 3596
f 3597 3598 3599
f 3600 3601 3602
f 3603 3604 3605
f 3603 3605 3606
f 3607 3608 3609
f 3610 3611 3612
f 3610 3612 3613
f 3614 3615 3616
f 3614 3616 3617
f 3618 3619 3620
f 3621 3622 3623
f 3621 3623 3624
f 3625 3626 3627
f 3625 3627 3628
f 3629 3630 3631
f 3629 3631 3632
f 3629 3632 3633
f 3629 3633 3634
f 3635 3636 3637
f 3638 3639 3640
f 3641 3642 3643
f 3644 3645 3646
f 3647 3648 3649
f 3647 3649 3650
f 3651 3652 3653
f 3651 3653 3654
f 3655 3656 3657
f 3655 3657 3658
f 3659 3660 3661
f 3659 3661 3662
f 3663 3664 3665
f 3666 3667 3668
f 3669 3670 3671
f 3672 3673 3674
f 3672 3674 3675
f 3676 3677 3678
f 3679 3680 3681
f 3682 3683 3684
f 3685 3686 3687
f 3688 3689 3690
f 3691 3692 3693
f 3694 3695 3696
f 3697 3698 3699
f 3700 3701 3702
f 3700 3702 3703
f 3704 3705 3706
f 3704 3706 3707
f 3708 3709 3710
f 3711 3712 3713
f 3714 3715 3716
f 3714 3716 3717
f 3718 3719 3720
f 3721 3722 3723
f 3724 3725 3726
f 3724 3726 3727
f 3728 3729 3730
f 3731 3732 3733
f 3734 3735 3736
f 3737 3738 3739
f 3737 3739 3740
f 3741 3742 3743
f 3741 3743 3744
f 3741 3744 3745
f 3741 3745 3746
f 3747 3748 3749
f 3747 3749 3750
f 3751 3752 3753
f 3754 3755 3756
f 3757 3758 3759
f 3760 3761 3762
f 3760 3762 3763
f 3760 3763 3764
f 3760 3764 3765
f 3766 3767 3768
f 3769 3770 3771
f 3772 3773 3774
f 3775 3776 3777
f 3778 3779 3780
f 3778 3780 3781
f 3782 3783 3784
f 3785 3786 3787
f 3785 3787 3788
f 3785 3788 3789
f 3790 3791 3792
f 3793 3794 3795
f 3793 3795 3796
f 3793 3796 3797
f 3793 3797 3798
f 3799 3800 3801
f 3802 3803 3804
f 3805 3806 3807
f 3808 3809 3810
f 3811 3812 3813
f 3814 3815 3816
f 3814 3816 3817
f 3814 3817 3818
f 3819 3820 3821
f 3819 3821 3822
f 3823 3824 3825
f 3826 3827 3828
f 3829 3830 3831
f 3832 3833 3834
f 3832 3834 3835
f 3836 3837 3838
f 3839 3840 3841
f 3839 3841 3842
f 3839 3842 3843
f 3839 3843 3844
f 3845 3846 3847
f 3848 3849 3850
f 3851 3852 3853
f 3854 3855 3856
f 3857 3858 3859
f 3860 3861 3862
f 3860 3862 3863
f 3864 3865 3866
f 3864 3866 3867
f 3868 3869 3870
f 3868 3870 3871
f 3872 3873 3874
f 3872 3874 3875
f 3876 3877 3878
f 3876 3878 3879
f 3880 3881 3882
f 3880 3882 3883
f 3880 3883 3884
f 3885 3886 3887
f 3885 3887 3888
f 3885 3888 3889
f 3890 3891 3892
f 3890 3892 3893
f 3894 3895 3896
f 3897 3898 3899
f 3900 3901 3902
f 3903 3904 3905
f 3906 3907 3908
f 3906 3908 3909
f 3910 3911 3912
f 3913 3914 3915
f 3916 3917 3918
f 3916 3918 3919
f 3920 3921 3922
f 3923 3924 3925
f 3926 3927 3928
f 3929 3930 3931
f 3932 3933 3934
f 3935 3936 3937
f 3935 3937 3938
f 3939 3940 3941
f 3942 3943 3944
f 3945 3946 3947
f 3945 3947 3948
f 3945 3948 3949
f 3950 3951 3952
f 3950 3952 3953
f 3954 3955 3956
f 3957 3958 3959
f 3957 3959 3960
f 3957 3960 3961
f 3962 3963 3964
f 3965 3966 3967
f 3965 3967 3968
f 3965 3968 3969
f 3970 3971 3972
f 3973 3974 3975
f 3973 3975 3976
f 3977 3978 3979
f 3980 3981 3982
f 3983 3984 3985
f 3983 3985 3986
f 3987 3988 3989
f 3990 3991 3992
f 3990 3992 3993
f 3994 3995 3996
f 3994 3996 3997
f 3998 3999 4000
f 4001 4002 4003
f 4001 4003 4004
f 4005 4006 4007
f 4008 4009 4010
f 4011 4012 4013
f 4011 4013 4014
f 4011 4014 4015
f 4016 4017 4018
f 4019 4020 4021
f 4022 4023 4024
f 4022 4024 4025
f 4026 4027 4028
f 4029 4030 4031
f 4029 4031 4032
f 4029 4032 4033
f 4034 4035 4036
f 4034 4036 4037
f 4034 4037 4038
f 4039 4040 4041
f 4039 4041 4042
f 4043 4044 4045
f 4043 4045 4046
f 4043 4046 4047
f 4043 4047 4048
f 4049 4050 4051
f 4052 4053 4054
f 4052 4054 4055
f 4052 4055 4056
f 4052 4056 4057
f 4058 4059 4060
f 4058 4060 4061
f 4062 4063 4064
f 4065 4066 4067
f 4068 4069 4070
f 4068 4070 4071
f 4072 4073 4074
f 4075 4076 4077
f 4078 4079 4080
f 4078 4080 4081
f 4082 4083 4084
f 4085 4086 4087
f 4088 4089 4090
f 4088 4090 4091
f 4088 4091 4092
f 4088 4092 4093
f 4094 4095 4096
f 4097 4098 4099
f 4100 4101 4102
f 4103 4104 4105
f 4103 4105 4106
f 4103 4106 4107
f 4103 4107 4108
f 4109 4110 4111
f 4109 4111 4112
f 4113 4114 4115
f 4113 4115 4116
f 4117 4118 4119
f 4117 4119 4120
f 4117 4120 4121
f 4122 4123 4124
f 4122 4124 4125
f 4122 4125 4126
f 4127 4128 4129
f 4127 4129 4130
f 4127 4130 4131
f 4127 4131 4132
f 4133 4134 4135
f 4133 4135 4136
f 4133 4136 4137
f 4138 4139 4140
f 4138 4140 4141
f 4142 4143 4144
f 4142 4144 4145
f 4142 4145 4146
f 4147 4148 4149
f 4150 4151 4152
f 4153 4154 4155
f 4153 4155 4156
f 4157 4158 4159
f 4160 4161 4162
f 4160 4162 4163
f 4164 4165 4166
f 4167 4168 4169
f 4167 4169 4170
f 4171 4172 4173
f 4171 4173 4174
f 4171 4174 4175
f 4176 4177 4178
f 4176 4178 4179
f 4180 4181 4182
f 4183 4184 4185
f 4186 4187 4188
f 4189 4190 4191
f 4189 4191 4192
f 4193 4194 4195
f 4196 4197 4198
f 4199 4200 4201
f 4202 4203 4204
f 4202 4204 4205
f 4206 4207 4208
f 4209 4210 4211
f 4209 4211 4212
f 4213 4214 4215
f 4216 4217 4218
f 4219 4220 4221
f 4219 4221 4222
f 4219 4222 4223
f 4224 4225 4226
f 4227 4228 4229
f 4230 4231 4232
f 4230 4232 4233
f 4234 4235 4236
f 4237 4238 4239
f 4240 4241 4242
f 4240 4242 4243
f 4240 4243 4244
f 4245 4246 4247
f 4248 4249 4250
f 4251 4252 4253
f 4254 4255 4256
f 4257 4258 4259
f 4257 4259 4260
f 4257 4260 4261
f 4262 4263 4264
f 4265 4266 4267
f 4265 4267 4268
f 4265 4268 4269
f 4265 4269 4270
f 4271 4272 4273
f 4271 4273 4274
f 4275 4276 4277
f 4275 4277 4278
f 4275 4278 4279
f 4275 4279 4280
f 4281 4282 4283
f 4281 4283 4284
f 4285 4286 4287
f 4288 4289 4290
f 4288 4290 4291
f 4292 4293 4294
f 4295 4296 4297
f 4298 4299 4300
f 4298 4300 4301
f 4302 4303 4304
f 4305 4306 4307
f 4308 4309 4310
f 4311 4312 4313
f 4311 4313 4314
f 4315 4316 4317
f 4315 4317 4318
f 4319 4320 4321
f 4322 4323 4324
f 4325 4326 4327
f 4325 4327 4328
f 4329 4330 4331
f 4332 4333 4334
f 4335 4336 4337
f 4335 4337 4338
f 4335 4338 4339
f 4340 4341 4342
f 4343 4344 4345
f 4343 4345 4346
f 4347 4348 4349
f 4347 4349 4350
f 4347 4350 4351
f 4347 4351 4352
f 4353 4354 4355
f 4356 4357 4358
f 4356 4358 4359
f 4360 4361 4362
f 4363 4364 4365
f 4366 4367 4368
f 4366 4368 4369
f 4366 4369 4370
f 4366 4370 4371
f 4372 4373 4374
f 4375 4376 4377
f 4375 4377 4378
f 4379 4380 4381
f 4379 4381 4382
f 4379 4382 4383
f 4384 4385 4386
f 4387 4388 4389
f 4387 4389 4390
f 4387 4390 4391
f 4392 4393 4394
f 4395 4396 4397
f 4398 4399 4400
f 4398 4400 4401
f 4402 4403 4404
f 4402 4404 4405
f 4406 4407 4408
f 4409 4410 4411
f 4412 4413 4414
f 4412 4414 4415
f 4416 4417 4418
f 4416 4418 4419
f 4420 4421 4422
f 4420 4422 4423
f 4424 4425 4426
f 4424 4426 4427
f 4428 4429 4430
f 4428 4430 4431
f 4432 4433 4434
f 4435 4436 4437
f 4435 4437 4438
f 4439 4440 4441
f 4439 4441 4442
f 4439 4442 4443
f 4444 4445 4446
f 4444 4446 4447
f 4444 4447 4448
f 4449 4450 4451
f 4452 4453 4454
f 4452 4454 4455
f 4456 4457 4458
f 4456 4458 4459
f 4460 4461 4462
f 4463 4464 4465
f 4466 4467 4468
f 4466 4468 4469
f 4470 4471 4472
f 4470 4472 4473
f 4474 4475 4476
f 4474 4476 4477
f 4474 4477 4478
f 4479 4480 4481
f 4482 4483 4484
f 4482 4484 4485
f 4486 4487 4488
f 4489 4490 4491
f 4492 4493 4494
f 4492 4494 4495
f 4492 4495 4496
f 4497 4498 4499
f 4500 4501 4502
f 4503 4504 4505
f 4506 4507 4508
f 4506 4508 4509
f 4510 4511 4512
f 4510 4512 4513
f 4514 4515 4516
f 4514 4516 4517
f 4514 4517 4518
f 4514 4518 4519
f 4520 4521 4522
f 4523 4524 4525
f 4526 4527 4528
f 4529 4530 4531
f 4532 4533 4534
f 4535 4536 4537
f 4538 4539 4540
f 4541 4542 4543
f 4544 4545 4546
f 4547 4548 4549
f 4550 4551 4552
f 4550 4552 4553
f 4550 4553 4554
f 4555 4556 4557
f 4555 4557 4558
f 4559 4560 4561
f 4562 4563 4564
f 4562 4564 4565
f 4566 4567 4568
f 4566 4568 4569
f 4566 4569 4570
f 4566 4570 4571
f 4572 4573 4574
f 4572 4574 4575
f 4576 4577 4578
f 4579 4580 4581
f 4579 4581 4582
f 4579 4582 4583
f 4584 4585 4586
f 4587 4588 4589
f 4590 4591 4592
f 4590 4592 4593
f 4594 4595 4596
f 4597 4598 4599
f 4597 4599 4600
f 4597 4600 4601
f 4597 4601 4602
f 4603 4604 4605
f 4606 4607 4608
f 4609 4610 4611
f 4612 4613 4614
f 4612 4614 4615
f 4616 4617 4618
f 4616 4618 4619
f 4616 4619 4620
f 4616 4620 4621
f 4622 4623 4624
f 4625 4626 4627
f 4628 4629 4630
f 4628 4630 4631
f 4628 4631 4632
f 4628 4632 4633
f 4634 4635 4636
f 4634 4636 4637
f 4638 4639 4640
f 4638 4640 4641
f 4642 4643 4644
f 4642 4644 4645
f 4642 4645 4646
f 4647 4648 4649
f 4647 4649 4650
f 4651 4652 4653
f 4651 4653 4654
f 4655 4656 4657
f 4658 4659 4660
f 4658 4660 4661
f 4662 4663 4664
f 4665 4666 4667
f 4668 4669 4670
f 4671 4672 4673
f 4671 4673 4674
f 4671 4674 4675
f 4676 4677 4678
f 4676 4678 4679
f 4676 4679 4680
f 4681 4682 4683
f 4684 4685 4686
f 4687 4688 4689
f 4690 4691 4692
f 4690 4692 4693
f 4690 4693 4694
f 4690 4694 4695
f 4696 4697 4698
f 4699 4700 4701
f 4702 4703 4704
f 4705 4706 4707
f 4705 4707 4708
f 4705 4708 4709
f 4710 4711 4712
f 4713 4714 4715
f 4716 4717 4718
f 4716 4718 4719
f 4720 4721 4722
f 4720 4722 4723
f 4724 4725 4726
f 4727 4728 4729
f 4727 4729 4730
f 4731 4732 4733
f 4734 4735 4736
f 4737 4738 4739
f 4740 4741 4742
f 4743 4744 4745
f 4746 4747 4748
f 4746 4748 4749
f 4750 4751 4752
f 4753 4754 4755
f 4756 4757 4758
f 4756 4758 4759
f 4760 4761 4762
f 4763 4764 4765
f 4763 4765 4766
f 4767 4768 4769
f 4770 4771 4772
f 4773 4774 4775
f 4773 4775 4776
f 4777 4778 4779
f 4777 4779 4780
f 4781 4782 4783
f 4781 4783 4784
f 4781 4784 4785
f 4786 4787 4788
f 4789 4790 4791
f 4789 4791 4792
f 4793 4794 4795
f 4793 4795 4796
f 4793 4796 4797
f 4798 4799 4800
f 4798 4800 4801
f 4802 4803 4804
f 4805 4806 4807
f 4805 4807 4808
f 4809 4810 4811
f 4809 4811 4812
f 4813 4814 4815
f 4816 4817 4818
f 4819 4820 4821
f 4819 4821 4822
f 4823 4824 4825
f 4826 4827 4828
f 4826 4828 4829
f 4826 4829 4830
f 4826 4830 4831
f 4832 4833 4834
f 4835 4836 4837
f 4838 4839 4840
f 4841 4842 4843
f 4844 4845 4846
f 4847 4848 4849
f 4850 4851 4852
f 4850 4852 4853
f 4854 4855 4856
f 4857 4858 4859
f 4860 4861 4862
f 4860 4862 4863
f 4864 4865 4866
f 4867 4868 4869
f 4870 4871 4872
f 4870 4872 4873
f 4874 4875 4876
f 4874 4876 4877
f 4878 4879 4880
f 4881 4882 4883
f 4884 4885 4886
f 4884 4886 4887
f 4888 4889 4890
f 4891 4892 4893
f 4894 4895 4896
f 4897 4898 4899
f 4897 4899 4900
f 4901 4902 4903
f 4901 4903 4904
f 4901 4904 4905
f 4906 4907 4908
f 4906 4908 4909
f 4910 4911 4912
f 4910 4912 4913
f 4914 4915 4916
f 4917 4918 4919
f 4920 4921 4922
f 4920 4922 4923
f 4924 4925 4926
f 4924 4926 4927
f 4928 4929 4930
f 4931 4932 4933
f 4931 4933 4934
f 4935 4936 4937
f 4938 4939 4940
f 4941 4942 4943
f 4944 4945 4946
f 4944 4946 4947
f 4948 4949 4950
f 4948 4950 4951
f 4948 4951 4952
f 4948 4952 4953
f 4954 4955 4956
f 4957 4958 4959
f 4960 4961 4962
f 4960 4962 4963
f 4964 4965 4966
f 4967 4968 4969
f 4970 4971 4972
f 4973 4974 4975
f 4973 4975 4976
f 4977 4978 4979
f 4980 4981 4982
f 4980 4982 4983
f 4984 4985 4986
f 4987 4988 4989
f 4990 4991 4992
f 4993 4994 4995
f 4996 4997 4998
f 4996 4998 4999
f 4996 4999 5000
f 5001 5002 5003
f 5004 5005 5006
f 5004 5006 5007
f 5008 5009 5010
f 5011 5012 5013
f 5011 5013 5014
f 5011 5014 5015
f 5016 5017 5018
f 5019 5020 5021
f 5022 5023 5024
f 5025 5026 5027
f 5028 5029 5030
f 5031 5032 5033
f 5031 5033 5034
f 5035 5036 5037
f 5038 5039 5040
f 5041 5042 5043
f 5041 5043 5044
f 5045 5046 5047
f 5048 5049 5050
f 5051 5052 5053
f 5051 5053 5054
f 5055 5056 5057
f 5055 5057 5058
f 5055 5058 5059
f 5060 5061 5062
f 5063 5064 5065
f 5066 5067 5068
f 5066 5068 5069
f 5066 5069 5070
f 5071 5072 5073
f 5071 5073 5074
f 5071 5074 5075
f 5076 5077 5078
f 5076 5078 5079
f 5076 5079 5080
f 5081 5082 5083
f 5084 5085 5086
f 5087 5088 5089
f 5090 5091 5092
f 5090 5092 5093
f 5094 5095 5096
f 5097 5098 5099
f 5100 5101 5102
f 5103 5104 5105
f 5103 5105 5106
f 5107 5108 5109
f 5110 5111 5112
f 5113 5114 5115
f 5116 5117 5118
f 5119 5120 5121
f 5119 5121 5122
f 5123 5124 5125
f 5123 5125 5126
f 5123 5126 5127
f 5128 5129 5130
f 5128 5130 5131
f 5132 5133 5134
f 5135 5136 5137
f 5135 5137 5138
f 5139 5140 5141
f 5142 5143 5144
f 5145 5146 5147
f 5148 5149 5150
f 5148 5150 5151
f 5148 5151 5152
f 5153 5154 5155
f 5153 5155 5156
f 5153 5156 5157
f 5153 5157 5158
f 5159 5160 5161
f 5159 5161 5162
f 5163 5164 5165
f 5163 5165 5166
f 5163 5166 5167
f 5168 5169 5170
f 5168 5170 5171
f 5168 5171 5172
f 5173 5174 5175
f 5173 5175 5176
f 5173 5176 5177
f 5178 5179 5180
f 5181 5182 5183
f 5184 5185 5186
f 5187 5188 5189
f 5190 5191 5192
f 5193 5194 5195
f 5196 5197 5198
f 5196 5198 5199
f 5200 5201 5202
f 5203 5204 5205
f 5203 5205 5206
f 5203 5206 5207
f 5208 5209 5210
f 5211 5212 5213
f 5214 5215 5216
f 5217 5218 5219
f 5217 5219 5220
f 5221 5222 5223
f 5224 5225 5226
f 5224 5226 5227
f 5228 5229 5230
f 5231 5232 5233
f 5234 5235 5236
f 5237 5238 5239
f 5240 5241 5242
f 5240 5242 5243
f 5244 5245 5246
f 5244 5246 5247
f 5248 5249 5250
f 5248 5250 5251
f 5252 5253 5254
f 5255 5256 5257
f 5258 5259 5260
f 5261 5262 5263
f 5264 5265 5266
f 5264 5266 5267
f 5268 5269 5270
f 5268 5270 5271
f 5272 5273 5274
f 5272 5274 5275
f 5272 5275 5276
f 5277 5278 5279
f 5277 5279 5280
f 5277 5280 5281
f 5282 5283 5284
f 5285 5286 5287
f 5285 5287 5288
f 5285 5288 5289
f 5290 5291 5292
f 5293 5294 5295
f 5296 5297 5298
f 5299 5300 5301
f 5302 5303 5304
f 5302 5304 5305
f 5306 5307 5308
f 5309 5310 5311
f 5312 5313 5314
f 5312 5314 5315
f 5316 5317 5318
f 5319 5320 5321
f 5322 5323 5324
f 5322 5324 5325
f 5326 5327 5328
f 5326 5328 5329
f 5326 5329 5330
f 5326 5330 5331
f 5332 5333 5334
f 5332 5334 5335
f 5332 5335 5336
f 5337 5338 5339
f 5340 5341 5342
f 5340 5342 5343
f 5340 5343 5344
f 5340 5344 5345
f 5346 5347 5348
f 5349 5350 5351
f 5349 5351 5352
f 5349 5352 5353
f 5354 5355 5356
f 5354 5356 5357
f 5358 5359 5360
f 5361 5362 5363
f 5364 5365 5366
f 5367 5368 5369
f 5370 5371 5372
f 5370 5372 5373
f 5370 5373 5374
f 5375 5376 5377
f 5375 5377 5378
f 5375 5378 5379
f 5375 5379 5380
f 5381 5382 5383
f 5381 5383 5384
f 5381 5384 5385
f 5381 5385 5386
f 5387 5388 5389
f 5390 5391 5392
f 5393 5394 5395
f 5396 5397 5398
f 5399 5400 5401
f 5399 5401 5402
f 5403 5404 5405
f 5406 5407 5408
f 5406 5408 5409
f 5410 5411 5412
f 5413 5414 5415
f 5413 5415 5416
f 5417 5418 5419
f 5417 5419 5420
f 5421 5422 5423
f 5424 5425 5426
f 5427 5428 5429
f 5427 5429 5430
f 5431 5432 5433
f 5431 5433 5434
f 5435 5436 5437
f 5438 5439 5440
f 5441 5442 5443
f 5444 5445 5446
f 5444 5446 5447
f 5448 5449 5450
f 5451 5452 5453
f 5451 5453 5454
f 5451 5454 5455
f 5456 5457 5458
f 5456 5458 5459
f 5456 5459 5460
f 5461 5462 5463
f 5461 5463 5464
f 5465 5466 5467
f 5468 5469 5470
f 5468 5470 5471
f 5468 5471 5472
f 5473 5474 5475
f 5476 5477 5478
f 5479 5480 5481
f 5479 5481 5482
f 5479 5482 5483
f 5484 5485 5486
f 5484 5486 5487
f 5488 5489 5490
f 5488 5490 5491
f 5492 5493 5494
f 5492 5494 5495
f 5496 5497 5498
f 5499 5500 5501
f 5502 5503 5504
f 5505 5506 5507
f 5505 5507 5508
f 5505 5508 5509
f 5505 5509 5510
f 5511 5512 5513
f 5514 5515 5516
f 5514 5516 5517
f 5518 5519 5520
f 5521 5522 5523
f 5524 5525 5526
f 5524 5526 5527
f 5528 5529 5530
f 5531 5532 5533
f 5534 5535 5536
f 5534 5536 5537
f 5538 5539 5540
f 5541 5542 5543
f 5541 5543 5544
f 5541 5544 5545
f 5541 5545 5546
f 5547 5548 5549
f 5550 5551 5552
f 5553 5554 5555
f 5553 5555 5556
f 5557 5558 5559
f 5557 5559 5560
f 5561 5562 5563
f 5564 5565 5566
f 5567 5568 5569
f 5570 5571 5572
f 5573 5574 5575
f 5573 5575 5576
f 5577 5578 5579
f 5580 5581 5582
f 5583 5584 5585
f 5583 5585 5586
f 5587 5588 5589
f 5590 5591 5592
f 5593 5594 5595
f 5596 5597 5598
f 5599 5600 5601
f 5602 5603 5604
f 5602 5604 5605
f 5602 5605 5606
f 5607 5608 5609
f 5610 5611 5612
f 5610 5612 5613
f 5614 5615 5616
f 5617 5618 5619
f 5620 5621 5622
f 5620 5622 5623
f 5624 5625 5626
f 5627 5628 5629
f 5630 5631 5632
f 5633 5634 5635
f 5636 5637 5638
f 5636 5638 5639
f 5640 5641 5642
f 5643 5644 5645
f 5646 5647 5648
f 5646 5648 5649
f 5650 5651 5652
f 5653 5654 5655
f 5653 5655 5656
f 5657 5658 5659
f 5660 5661 5662
f 5660 5662 5663
f 5664 5665 5666
f 5667 5668 5669
f 5670 5671 5672
f 5673 5674 5675
f 5676 5677 5678
f 5679 5680 5681
f 5682 5683 5684
f 5685 5686 5687
f 5685 5687 5688
f 5685 5688 5689
f 5690 5691 5692
f 5693 5694 5695
f 5696 5697 5698
f 5699 5700 5701
f 5702 5703 5704
f 5705 5706 5707
f 5705 5707 5708
f 5709 5710 5711
f 5712 5713 5714
f 5715 5716 5717
f 5715 5717 5718
f 5719 5720 5721
f 5722 5723 5724
f 5725 5726 5727
f 5728 5729 5730
f 5731 5732 5733
f 5734 5735 5736
f 5734 5736 5737
f 5734 5737 5738
f 5734 5738 5739
f 5740 5741 5742
f 5740 5742 5743
f 5740 5743 5744
f 5745 5746 5747
f 5748 5749 5750
f 5751 5752 5753
f 5754 5755 5756
f 5754 5756 5757
f 5758 5759 5760
f 5761 5762 5763
f 5764 5765 5766
f 5764 5766 5767
f 5768 5769 5770
f 5768 5770 5771
f 5768 5771 5772
f 5773 5774 5775
f 5773 5775 5776
f 5777 5778 5779
f 5780 5781 5782
f 5783 5784 5785
f 5783 5785 5786
f 5787 5788 5789
f 5787 5789 5790
f 5791 5792 5793
f 5794 5795 5796
f 5797 5798 5799
f 5800 5801 5802
f 5800 5802 5803
f 5804 5805 5806
f 5807 5808 5809
f 5807 5809 5810
f 5811 5812 5813
f 5814 5815 5816
f 5814 5816 5817
f 5818 5819 5820
f 5821 5822 5823
f 5824 5825 5826
f 5827 5828 5829
f 5830 5831 5832
f 5830 5832 5833
f 5830 5833 5834
f 5835 5836 5837
f 5838 5839 5840
f 5841 5842 5843
f 5844 5845 5846
f 5844 5846 5847
f 5848 5849 5850
f 5851 5852 5853
f 5851 5853 5854
f 5851 5854 5855
f 5851 5855 5856
f 5857 5858 5859
f 5860 5861 5862
f 5863 5864 5865
f 5863 5865 5866
f 5867 5868 5869
f 5870 5871 5872
f 5873 5874 5875
f 5873 5875 5876
f 5873 5876 5877
f 5873 5877 5878
f 5879 5880 5881
f 5882 5883 5884
f 5885 5886 5887
f 5885 5887 5888
f 5889 5890 5891
f 5892 5893 5894
f 5895 5896 5897
f 5895 5897 5898
f 5899 5900 5901
f 5902 5903 5904
f 5905 5906 5907
f 5905 5907 5908
f 5909 5910 5911
f 5912 5913 5914
f 5912 5914 5915
f 5916 5917 5918
f 5916 5918 5919
f 5920 5921 5922
f 5923 5924 5925
f 5926 5927 5928
f 5929 5930 5931
f 5929 5931 5932
f 5933 5934 5935
f 5936 5937 5938
f 5939 5940 5941
f 5942 5943 5944
f 5942 5944 5945
f 5946 5947 5948
f 5949 5950 5951
f 5952 5953 5954
f 5955 5956 5957
f 5958 5959 5960
f 5961 5962 5963
f 5961 5963 5964
f 5961 5964 5965
f 5966 5967 5968
f 5966 5968 5969
f 5970 5971 5972
f 5973 5974 5975
f 5973 5975 5976
f 5977 5978 5979
f 5980 5981 5982
f 5980 5982 5983
f 5980 5983 5984
f 5985 5986 5987
f 5985 5987 5988
f 5989 5990 5991
f 5989 5991 5992
f 5993 5994 5995
f 5993 5995 5996
f 5997 5998 5999
f 5997 5999 6000
f 6001 6002 6003
f 6004 6005 6006
f 6007 6008 6009
f 6010 6011 6012
f 6013 6014 6015
f 6013 6015 6016
f 6013 6016 6017
f 6018 6019 6020
f 6021 6022 6023
f 6024 6025 6026
f 6024 6026 6027
f 6028 6029 6030
f 6031 6032 6033
f 6031 6033 6034
f 6035 6036 6037
f 6038 6039 6040
f 6041 6042 6043
f 6044 6045 6046
f 6044 6046 6047
f 6044 6047 6048
f 6049 6050 6051
f 6049 6051 6052
f 6049 6052 6053
f 6049 6053 6054
f 6055 6056 6057
f 6058 6059 6060
f 6061 6062 6063
f 6064 6065 6066
f 6067 6068 6069
f 6067 6069 6070
f 6071 6072 6073
f 6071 6073 6074
f 6075 6076 6077
f 6078 6079 6080
f 6081 6082 6083
f 6081 6083 6084
f 6085 6086 6087
f 6085 6087 6088
f 6085 6088 6089
f 6085 6089 6090
f 6091 6092 6093
f 6091 6093 6094
f 6095 6096 6097
f 6098 6099 6100
f 6101 6102 6103
f 6101 6103 6104
f 6101 6104 6105
f 6106 6107 6108
f 6106 6108 6109
f 6110 6111 6112
f 6113 6114 6115
f 6113 6115 6116
f 6117 6118 6119
f 6117 6119 6120
f 6121 6122 6123
f 6121 6123 6124
f 6125 6126 6127
f 6125 6127 6128
f 6125 6128 6129
f 6130 6131 6132
f 6133 6134 6135
f 6136 6137 6138
f 6136 6138 6139
f 6136 6139 6140
f 6136 6140 6141
f 6142 6143 6144
f 6145 6146 6147
f 6148 6149 6150
f 6148 6150 6151
f 6152 6153 6154
f 6155 6156 6157
f 6158 6159 6160
f 6161 6162 6163
f 6164 6165 6166
f 6164 6166 6167
f 6168 6169 6170
f 6171 6172 6173
f 6174 6175 6176
f 6177 6178 6179
f 6180 6181 6182
f 6183 6184 6185
f 6186 6187 6188
f 6186 6188 6189
f 6190 6191 6192
f 6190 6192 6193
f 6190 6193 6194
f 6195 6196 6197
f 6198 6199 6200
f 6198 6200 6201
f 6202 6203 6204
f 6202 6204 6205
f 6206 6207 6208
f 6209 6210 6211
f 6212 6213 6214
f 6212 6214 6215
f 6212 6215 6216
f 6217 6218 6219
f 6220 6221 6222
f 6223 6224 6225
f 6223 6225 6226
f 6227 6228 6229
f 6230 6231 6232
f 6230 6232 6233
f 6234 6235 6236
f 6237 6238 6239
f 6240 6241 6242
f 6243 6244 6245
f 6246 6247 6248
f 6246 6248 6249
f 6250 6251 6252
f 6253 6254 6255
f 6256 6257 6258
f 6259 6260 6261
f 6259 6261 6262
f 6263 6264 6265
f 6266 6267 6268
f 6269 6270 6271
f 6269 6271 6272
f 6269 6272 6273
f 6274 6275 6276
f 6277 6278 6279
f 6280 6281 6282
f 6283 6284 6285
f 6283 6285 6286
f 6287 6288 6289
f 6290 6291 6292
f 6293 6294 6295
f 6296 6297 6298
f 6299 6300 6301
f 6299 6301 6302
f 6299 6302 6303
f 6299 6303 6304
f 6305 6306 6307
f 6305 6307 6308
f 6309 6310 6311
f 6309 6311 6312
f 6313 6314 6315
f 6313 6315 6316
f 6317 6318 6319
f 6317 6319 6320
f 6321 6322 6323
f 6324 6325 6326
f 6327 6328 6329
f 6327 6329 6330
f 6331 6332 6333
f 6331 6333 6334
f 6335 6336 6337
f 6338 6339 6340
f 6338 6340 6341
f 6342 6343 6344
f 6345 6346 6347
f 6345 6347 6348
f 6345 6348 6349
f 6350 6351 6352
f 6353 6354 6355
f 6353 6355 6356
f 6353 6356 6357
f 6358 6359 6360
f 6358 6360 6361
f 6358 6361 6362
f 6363 6364 6365
f 6363 6365 6366
f 6363 6366 6367
f 6368 6369 6370
f 6371 6372 6373
f 6374 6375 6376
f 6374 6376 6377
f 6378 6379 6380
f 6378 6380 6381
f 6382 6383 6384
f 6382 6384 6385
f 6386 6387 6388
f 6389 6390 6391
f 6389 6391 6392
f 6393 6394 6395
f 6396 6397 6398
f 6399 6400 6401
f 6399 6401 6402
f 6403 6404 6405
f 6403 6405 6406
f 6407 6408 6409
f 6410 6411 6412
f 6413 6414 6415
f 6416 6417 6418
f 6419 6420 6421
f 6419 6421 6422
f 6423 6424 6425
f 6426 6427 6428
f 6429 6430 6431
f 6429 6431 6432
f 6429 6432 6433
f 6429 6433 6434
f 6435 6436 6437
f 6438 6439 6440
f 6438 6440 6441
f 6442 6443 6444
f 6445 6446 6447
f 6448 6449 6450
f 6451 6452 6453
f 6454 6455 6456
f 6454 6456 6457
f 6454 6457 6458
f 6454 6458 6459
f 6460 6461 6462
f 6463 6464 6465
f 6463 6465 6466
f 6463 6466 6467
f 6468 6469 6470
f 6468 6470 6471
f 6472 6473 6474
f 6475 6476 6477
f 6478 6479 6480
f 6481 6482 6483
f 6484 6485 6486
f 6487 6488 6489
f 6487 6489 6490
f 6491 6492 6493
f 6494 6495 6496
f 6497 6498 6499
f 6500 6501 6502
f 6500 6502 6503
f 6500 6503 6504
f 6500 6504 6505
f 6506 6507 6508
f 6509 6510 6511
f 6509 6511 6512
f 6513 6514 6515
f 6516 6517 6518
f 6519 6520 6521
f 6519 6521 6522
f 6523 6524 6525
f 6526 6527 6528
f 6529 6530 6531
f 6532 6533 6534
f 6535 6536 6537
f 6538 6539 6540
f 6541 6542 6543
f 6544 6545 6546
f 6547 6548 6549
f 6547 6549 6550
f 6547 6550 6551
f 6552 6553 6554
f 6552 6554 6555
f 6556 6557 6558
f 6559 6560 6561
f 6562 6563 6564
f 6565 6566 6567
f 6568 6569 6570
f 6568 6570 6571
f 6572 6573 6574
f 6572 6574 6575
f 6572 6575 6576
f 6577 6578 6579
f 6580 6581 6582
f 6583 6584 6585
f 6586 6587 6588
f 6586 6588 6589
f 6586 6589 6590
f 6591 6592 6593
f 6591 6593 6594
f 6595 6596 6597
f 6598 6599 6600
f 6598 6600 6601
f 6602 6603 6604
f 6605 6606 6607
f 6605 6607 6608
f 6605 6608 6609
f 6610 6611 6612
f 6610 6612 6613
f 6614 6615 6616
f 6617 6618 6619
f 6617 6619 6620
f 6621 6622 6623
f 6624 6625 6626
f 6624 6626 6627
f 6628 6629 6630
f 6631 6632 6633
f 6631 6633 6634
f 6635 6636 6637
f 6638 6639 6640
f 6638 6640 6641
f 6642 6643 6644
f 6642 6644 6645
f 6642 6645 6646
f 6647 6648 6649
f 6647 6649 6650
f 6651 6652 6653
f 6654 6655 6656
f 6657 6658 6659
f 6657 6659 6660
f 6657 6660 6661
f 6657 6661 6662
f 6663 6664 6665
f 6666 6667 6668
f 6666 6668 6669
f 6670 6671 6672
f 6673 6674 6675
f 6673 6675 6676
f 6673 6676 6677
f 6673 6677 6678
f 6679 6680 6681
f 6679 6681 6682
f 6683 6684 6685
f 6683 6685 6686
f 6687 6688 6689
f 6690 6691 6692
f 6690 6692 6693
f 6694 6695 6696
f 6694 6696 6697
f 6698 6699 6700
f 6701 6702 6703
f 6704 6705 6706
f 6704 6706 6707
f 6708 6709 6710
f 6711 6712 6713
f 6714 6715 6716
f 6714 6716 6717
f 6718 6719 6720
f 6721 6722 6723
f 6721 6723 6724
f 6721 6724 6725
f 6726 6727 6728
f 6729 6730 6731
f 6729 6731 6732
f 6729 6732 6733
f 6729 6733 6734
f 6735 6736 6737
f 6735 6737 6738
f 6739 6740 6741
f 6742 6743 6744
f 6745 6746 6747
f 6745 6747 6748
f 6749 6750 6751
f 6752 6753 6754
f 6755 6756 6757
f 6758 6759 6760
f 6758 6760 6761
f 6762 6763 6764
f 6762 6764 6765
f 6766 6767 6768
f 6766 6768 6769
f 6770 6771 6772
f 6773 6774 6775
f 6776 6777 6778
f 6779 6780 6781
f 6779 6781 6782
f 6783 6784 6785
f 6786 6787 6788
f 6789 6790 6791
f 6789 6791 6792
f 6793 6794 6795
f 6793 6795 6796
f 6797 6798 6799
f 6797 6799 6800
f 6801 6802 6803
f 6801 6803 6804
f 6805 6806 6807
f 6808 6809 6810
f 6808 6810 6811
f 6812 6813 6814
f 6815 6816 6817
f 6815 6817 6818
f 6819 6820 6821
f 6822 6823 6824
f 6825 6826 6827
f 6828 6829 6830
f 6828 6830 6831
f 6828 6831 6832
f 6828 6832 6833
f 6834 6835 6836
f 6837 6838 6839
f 6840 6841 6842
f 6843 6844 6845
f 6846 6847 6848
f 6846 6848 6849
f 6850 6851 6852
f 6853 6854 6855
f 6856 6857 6858
f 6859 6860 6861
f 6862 6863 6864
f 6865 6866 6867
f 6868 6869 6870
f 6871 6872 6873
f 6871 6873 6874
f 6875 6876 6877
f 6875 6877 6878
f 6879 6880 6881
f 6879 6881 6882
f 6883 6884 6885
f 6886 6887 6888
f 6886 6888 6889
f 6886 6889 6890
f 6886 6890 6891
f 6892 6893 6894
f 6895 6896 6897
f 6895 6897 6898
f 6899 6900 6901
f 6902 6903 6904
f 6905 6906 6907
f 6908 6909 6910
f 6911 6912 6913
f 6914 6915 6916
f 6917 6918 6919
f 6920 6921 6922
f 6923 6924 6925
f 6926 6927 6928
f 6929 6930 6931
f 6932 6933 6934
f 6932 6934 6935
f 6936 6937 6938
f 6936 6938 6939
f 6940 6941 6942
f 6943 6944 6945
f 6946 6947 6948
f 6949 6950 6951
f 6949 6951 6952
f 6949 6952 6953
f 6949 6953 6954
f 6955 6956 6957
f 6955 6957 6958
f 6959 6960 6961
f 6962 6963 6964
f 6965 6966 6967
f 6968 6969 6970
f 6971 6972 6973
f 6971 6973 6974
f 6975 6976 6977
f 6978 6979 6980
f 6978 6980 6981
f 6982 6983 6984
f 6982 6984 6985
f 6982 6985 6986
f 6982 6986 6987
f 6988 6989 6990
f 6988 6990 6991
f 6992 6993 6994
f 6992 6994 6995
f 6996 6997 6998
f 6999 7000 7001
f 6999 7001 7002
f 7003 7004 7005
f 7006 7007 7008
f 7009 7010 7011
f 7012 7013 7014
f 7012 7014 7015
f 7012 7015 7016
f 7017 7018 7019
f 7017 7019 7020
f 7021 7022 7023
f 7024 7025 7026
f 7024 7026 7027
f 7028 7029 7030
f 7028 7030 7031
f 7032 7033 7034
f 7035 7036 7037
f 7038 7039 7040
f 7038 7040 7041
f 7042 7043 7044
f 7042 7044 7045
f 7042 7045 7046
f 7047 7048 7049
f 7050 7051 7052
f 7053 7054 7055
f 7053 7055 7056
f 7053 7056 7057
f 7058 7059 7060
f 7061 7062 7063
f 7064 7065 7066
f 7064 7066 7067
f 7068 7069 7070
f 7068 7070 7071
f 7072 7073 7074
f 7075 7076 7077
f 7075 7077 7078
f 7079 7080 7081
f 7079 7081 7082
f 7083 7084 7085
f 7086 7087 7088
f 7086 7088 7089
f 7086 7089 7090
f 7091 7092 7093
f 7091 7093 7094
f 7095 7096 7097
f 7098 7099 7100
f 7098 7100 7101
f 7102 7103 7104
f 7105 7106 7107
f 7105 7107 7108
f 7105 7108 7109
f 7110 7111 7112
f 7110 7112 7113
f 7110 7113 7114
f 7115 7116 7117
f 7118 7119 7120
f 7118 7120 7121
f 7122 7123 7124
f 7125 7126 7127
f 7125 7127 7128
f 7129 7130 7131
f 7132 7133 7134
f 7132 7134 7135
f 7136 7137 7138
f 7136 7138 7139
f 7140 7141 7142
f 7140 7142 7143
f 7144 7145 7146
f 7147 7148 7149
f 7150 7151 7152
f 7153 7154 7155
f 7156 7157 7158
f 7156 7158 7159
f 7160 7161 7162
f 7160 7162 7163
f 7164 7165 7166
f 7164 7166 7167
f 7164 7167 7168
f 7164 7168 7169
f 7170 7171 7172
f 7173 7174 7175
f 7176 7177 7178
f 7179 7180 7181
f 7179 7181 7182
f 7183 7184 7185
f 7186 7187 7188
f 7186 7188 7189
f 7186 7189 7190
f 7186 7190 7191
f 7192 7193 7194
f 7195 7196 7197
f 7198 7199 7200
f 7198 7200 7201
f 7202 7203 7204
f 7202 7204 7205
f 7206 7207 7208
f 7209 7210 7211
f 7212 7213 7214
f 7215 7216 7217
f 7215 7217 7218
f 7215 7218 7219
f 7215 7219 7220
f 7221 7222 7223
f 7221 7223 7224
f 7225 7226 7227
f 7228 7229 7230
f 7231 7232 7233
f 7234 7235 7236
f 7237 7238 7239
f 7240 7241 7242
f 7243 7244 7245
f 7246 7247 7248
f 7249 7250 7251
f 7249 7251 7252
f 7253 7254 7255
f 7253 7255 7256
f 7257 7258 7259
f 7260 7261 7262
f 7263 7264 7265
f 7263 7265 7266
f 7263 7266 7267
f 7263 7267 7268
f 7269 7270 7271
f 7269 7271 7272
f 7273 7274 7275
f 7276 7277 7278
f 7279 7280 7281
f 7279 7281 7282
f 7283 7284 7285
f 7283 7285 7286
f 7287 7288 7289
f 7290 7291 7292
f 7290 7292 7293
f 7290 7293 7294
f 7290 7294 7295
f 7296 7297 7298
f 7296 7298 7299
f 7300 7301 7302
f 7300 7302 7303
f 7304 7305 7306
f 7304 7306 7307
f 7304 7307 7308
f 7309 7310 7311
f 7312 7313 7314
f 7312 7314 7315
f 7312 7315 7316
f 7317 7318 7319
f 7317 7319 7320
f 7321 7322 7323
f 7321 7323 7324
f 7321 7324 7325
f 7326 7327 7328
f 7326 7328 7329
f 7330 7331 7332
f 7333 7334 7335
f 7336 7337 7338
f 7339 7340 7341
f 7339 7341 7342
f 7343 7344 7345
f 7346 7347 7348
f 7346 7348 7349
f 7350 7351 7352
f 7353 7354 7355
f 7353 7355 7356
f 7353 7356 7357
f 7358 7359 7360
f 7361 7362 7363
f 7361 7363 7364
f 7361 7364 7365
f 7361 7365 7366
f 7367 7368 7369
f 7370 7371 7372
f 7370 7372 7373
f 7374 7375 7376
f 7374 7376 7377
f 7374 7377 7378
f 7379 7380 7381
f 7382 7383 7384
f 7385 7386 7387
f 7388 7389 7390
f 7388 7390 7391
f 7388 7391 7392
f 7388 7392 7393
f 7394 7395 7396
f 7397 7398 7399
f 7400 7401 7402
f 7400 7402 7403
f 7404 7405 7406
f 7404 7406 7407
f 7408 7409 7410
f 7408 7410 7411
f 7412 7413 7414
f 7415 7416 7417
f 7418 7419 7420
f 7421 7422 7423
f 7424 7425 7426
f 7427 7428 7429
f 7430 7431 7432
f 7430 7432 7433
f 7434 7435 7436
f 7434 7436 7437
f 7438 7439 7440
f 7441 7442 7443
f 7441 7443 7444
f 7441 7444 7445
f 7441 7445 7446
f 7447 7448 7449
f 7447 7449 7450
f 7451 7452 7453
f 7451 7453 7454
f 7455 7456 7457
f 7458 7459 7460
f 7458 7460 7461
f 7462 7463 7464
f 7465 7466 7467
f 7468 7469 7470
f 7471 7472 7473
f 7471 7473 7474
f 7471 7474 7475
f 7476 7477 7478
f 7479 7480 7481
f 7479 7481 7482
f 7483 7484 7485
f 7486 7487 7488
f 7486 7488 7489
f 7486 7489 7490
f 7486 7490 7491
f 7492 7493 7494
f 7492 7494 7495
f 7492 7495 7496
f 7497 7498 7499
f 7500 7501 7502
f 7500 7502 7503
f 7504 7505 7506
f 7504 7506 7507
f 7508 7509 7510
f 7511 7512 7513
f 7511 7513 7514
f 7515 7516 7517
f 7518 7519 7520
f 7521 7522 7523
f 7524 7525 7526
f 7527 7528 7529
f 7530 7531 7532
f 7530 7532 7533
f 7530 7533 7534
f 7530 7534 7535
f 7536 7537 7538
f 7536 7538 7539
f 7540 7541 7542
f 7540 7542 7543
f 7540 7543 7544
f 7540 7544 7545
f 7546 7547 7548
f 7549 7550 7551
f 7549 7551 7552
f 7553 7554 7555
f 7553 7555 7556
f 7557 7558 7559
f 7557 7559 7560
f 7561 7562 7563
f 7564 7565 7566
f 7567 7568 7569
f 7567 7569 7570
f 7571 7572 7573
f 7574 7575 7576
f 7574 7576 7577
f 7574 7577 7578
f 7579 7580 7581
f 7579 7581 7582
f 7583 7584 7585
f 7583 7585 7586
f 7587 7588 7589
f 7587 7589 7590
f 7591 7592 7593
f 7594 7595 7596
f 7597 7598 7599
f 7600 7601 7602
f 7600 7602 7603
f 7604 7605 7606
f 7604 7606 7607
f 7604 7607 7608
f 7609 7610 7611
f 7612 7613 7614
f 7612 7614 7615
f 7616 7617 7618
f 7619 7620 7621
f 7619 7621 7622
f 7623 7624 7625
f 7626 7627 7628
f 7629 7630 7631
f 7629 7631 7632
f 7629 7632 7633
f 7634 7635 7636
f 7634 7636 7637
f 7638 7639 7640
f 7641 7642 7643
f 7644 7645 7646
f 7647 7648 7649
f 7647 7649 7650
f 7647 7650 7651
f 7652 7653 7654
f 7655 7656 7657
f 7658 7659 7660
f 7658 7660 7661
f 7662 7663 7664
f 7665 7666 7667
f 7668 7669 7670
f 7671 7672 7673
f 7671 7673 7674
f 7671 7674 7675
f 7676 7677 7678
f 7679 7680 7681
f 7679 7681 7682
f 7679 7682 7683
f 7684 7685 7686
f 7684 7686 7687
f 7684 7687 7688
f 7684 7688 7689
f 7690 7691 7692
f 7693 7694 7695
f 7693 7695 7696
f 7693 7696 7697
f 7698 7699 7700
f 7698 7700 7701
f 7702 7703 7704
f 7705 7706 7707
f 7708 7709 7710
f 7711 7712 7713
f 7714 7715 7716
f 7717 7718 7719
f 7717 7719 7720
f 7717 7720 7721
f 7722 7723 7724
f 7725 7726 7727
f 7728 7729 7730
f 7728 7730 7731
f 7732 7733 7734
f 7732 7734 7735
f 7732 7735 7736
f 7732 7736 7737
f 7738 7739 7740
f 7741 7742 7743
f 7744 7745 7746
f 7744 7746 7747
f 7748 7749 7750
f 7751 7752 7753
f 7754 7755 7756
f 7757 7758 7759
f 7757 7759 7760
f 7761 7762 7763
f 7764 7765 7766
f 7767 7768 7769
f 7770 7771 7772
f 7773 7774 7775
f 7773 7775 7776
f 7777 7778 7779
f 7780 7781 7782
f 7783 7784 7785
f 7786 7787 7788
f 7789 7790 7791
f 7789 7791 7792
f 7793 7794 7795
f 7796 7797 7798
f 7799 7800 7801
f 7802 7803 7804
f 7805 7806 7807
f 7808 7809 7810
f 7811 7812 7813
f 7811 7813 7814
f 7815 7816 7817
f 7818 7819 7820
f 7821 7822 7823
f 7824 7825 7826
f 7824 7826 7827
f 7828 7829 7830
f 7831 7832 7833
f 7834 7835 7836
f 7837 7838 7839
f 7837 7839 7840
f 7841 7842 7843
f 7844 7845 7846
f 7847 7848 7849
f 7847 7849 7850
f 7847 7850 7851
f 7847 7851 7852
f 7853 7854 7855
f 7856 7857 7858
f 7859 7860 7861
f 7859 7861 7862
f 7863 7864 7865
f 7866 7867 7868
f 7866 7868 7869
f 7870 7871 7872
f 7873 7874 7875
f 7876 7877 7878
f 7879 7880 7881
f 7882 7883 7884
f 7885 7886 7887
f 7885 7887 7888
f 7889 7890 7891
f 7889 7891 7892
f 7893 7894 7895
f 7896 7897 7898
f 7896 7898 7899
f 7900 7901 7902
f 7903 7904 7905
f 7906 7907 7908
f 7909 7910 7911
f 7912 7913 7914
f 7915 7916 7917
f 7915 7917 7918
f 7919 7920 7921
f 7922 7923 7924
f 7925 7926 7927
f 7928 7929 7930
f 7928 7930 7931
f 7928 7931 7932
f 7928 7932 7933
f 7934 7935 7936
f 7937 7938 7939
f 7937 7939 7940
f 7937 7940 7941
f 7937 7941 7942
f 7943 7944 7945
f 7943 7945 7946
f 7943 7946 7947
f 7948 7949 7950
f 7948 7950 7951
f 7952 7953 7954
f 7955 7956 7957
f 7958 7959 7960
f 7958 7960 7961
f 7958 7961 7962
f 7963 7964 7965
f 7963 7965 7966
f 7963 7966 7967
f 7968 7969 7970
f 7971 7972 7973
f 7971 7973 7974
f 7971 7974 7975
f 7976 7977 7978
f 7976 7978 7979
f 7976 7979 7980
f 7981 7982 7983
f 7981 7983 7984
f 7985 7986 7987
f 7988 7989 7990
f 7991 7992 7993
f 7994 7995 7996
f 7997 7998 7999
f 8000 8001 8002
f 8000 8002 8003
f 8004 8005 8006
f 8007 8008 8009
f 8007 8009 8010
f 8011 8012 8013
f 8014 8015 8016
f 8017 8018 8019
f 8017 8019 8020
f 8017 8020 8021
f 8022 8023 8024
f 8025 8026 8027
f 8025 8027 8028
f 8029 8030 8031
f 8029 8031 8032
f 8033 8034 8035
f 8033 8035 8036
f 8033 8036 8037
f 8038 8039 8040
f 8041 8042 8043
f 8041 8043 8044
f 8045 8046 8047
f 8045 8047 8048
f 8049 8050 8051
f 8052 8053 8054
f 8055 8056 8057
f 8055 8057 8058
f 8059 8060 8061
f 8059 8061 8062
f 8059 8062 8063
f 8064 8065 8066
f 8064 8066 8067
f 8068 8069 8070
f 8071 8072 8073
f 8074 8075 8076
f 8074 8076 8077
f 8078 8079 8080
f 8078 8080 8081
f 8078 8081 8082
f 8078 8082 8083
f 8084 8085 8086
f 8087 8088 8089
f 8090 8091 8092
f 8093 8094 8095
f 8096 8097 8098
f 8096 8098 8099
f 8096 8099 8100
f 8101 8102 8103
f 8104 8105 8106
f 8104 8106 8107
f 8108 8109 8110
f 8111 8112 8113
f 8114 8115 8116
f 8114 8116 8117
f 8118 8119 8120
f 8121 8122 8123
f 8124 8125 8126
f 8127 8128 8129
f 8130 8131 8132
f 8133 8134 8135
f 8133 8135 8136
f 8137 8138 8139
f 8137 8139 8140
f 8141 8142 8143
f 8144 8145 8146
f 8144 8146 8147
f 8144 8147 8148
f 8149 8150 8151
f 8152 8153 8154
f 8155 8156 8157
f 8158 8159 8160
f 8161 8162 8163
f 8161 8163 8164
f 8165 8166 8167
f 8168 8169 8170
f 8168 8170 8171
f 8172 8173 8174
f 8175 8176 8177
f 8175 8177 8178
f 8175 8178 8179
f 8180 8181 8182
f 8183 8184 8185
f 8186 8187 8188
f 8189 8190 8191
f 8192 8193 8194
f 8195 8196 8197
f 8195 8197 8198
f 8199 8200 8201
f 8202 8203 8204
f 8205 8206 8207
f 8208 8209 8210
f 8211 8212 8213
f 8214 8215 8216
f 8217 8218 8219
f 8217 8219 8220
f 8221 8222 8223
f 8224 8225 8226
f 8227 8228 8229
f 8230 8231 8232
f 8230 8232 8233
f 8230 8233 8234
f 8235 8236 8237
f 8235 8237 8238
f 8235 8238 8239
f 8235 8239 8240
f 8241 8242 8243
f 8244 8245 8246
f 8247 8248 8249
f 8250 8251 8252
f 8253 8254 8255
f 8256 8257 8258
f 8256 8258 8259
f 8260 8261 8262
f 8260 8262 8263
f 8264 8265 8266
f 8264 8266 8267
f 8268 8269 8270
f 8268 8270 8271
f 8272 8273 8274
f 8275 8276 8277
f 8278 8279 8280
f 8278 8280 8281
f 8278 8281 8282
f 8283 8284 8285
f 8283 8285 8286
f 8287 8288 8289
f 8287 8289 8290
f 8291 8292 8293
f 8294 8295 8296
f 8297 8298 8299
f 8297 8299 8300
f 8301 8302 8303
f 8304 8305 8306
f 8307 8308 8309
f 8307 8309 8310
f 8311 8312 8313
f 8311 8313 8314
f 8315 8316 8317
f 8318 8319 8320
f 8318 8320 8321
f 8322 8323 8324
f 8322 8324 8325
f 8326 8327 8328
f 8326 8328 8329
f 8330 8331 8332
f 8333 8334 8335
f 8333 8335 8336
f 8337 8338 8339
f 8337 8339 8340
f 8337 8340 8341
f 8342 8343 8344
f 8345 8346 8347
f 8345 8347 8348
f 8345 8348 8349
f 8345 8349 8350
f 8351 8352 8353
f 8354 8355 8356
f 8357 8358 8359
f 8360 8361 8362
f 8360 8362 8363
f 8360 8363 8364
f 8365 8366 8367
f 8368 8369 8370
f 8368 8370 8371
f 8372 8373 8374
f 8375 8376 8377
f 8375 8377 8378
f 8379 8380 8381
f 8382 8383 8384
f 8385 8386 8387
f 8385 8387 8388
f 8385 8388 8389
f 8390 8391 8392
f 8390 8392 8393
f 8394 8395 8396
f 8394 8396 8397
f 8398 8399 8400
f 8401 8402 8403
f 8404 8405 8406
f 8404 8406 8407
f 8404 8407 8408
f 8409 8410 8411
f 8409 8411 8412
f 8413 8414 8415
f 8413 8415 8416
f 8413 8416 8417
f 8418 8419 8420
f 8421 8422 8423
f 8424 8425 8426
f 8427 8428 8429
f 8430 8431 8432
f 8433 8434 8435
f 8436 8437 8438
f 8439 8440 8441
f 8442 8443 8444
f 8445 8446 8447
f 8445 8447 8448
f 8449 8450 8451
f 8452 8453 8454
f 8455 8456 8457
f 8458 8459 8460
f 8458 8460 8461
f 8462 8463 8464
f 8462 8464 8465
f 8466 8467 8468
f 8466 8468 8469
f 8470 8471 8472
f 8470 8472 8473
f 8470 8473 8474
f 8475 8476 8477
f 8478 8479 8480
f 8481 8482 8483
f 8484 8485 8486
f 8487 8488 8489
f 8490 8491 8492
f 8490 8492 8493
f 8490 8493 8494
f 8495 8496 8497
f 8498 8499 8500
f 8498 8500 8501
f 8498 8501 8502
f 8503 8504 8505
f 8503 8505 8506
f 8503 8506 8507
f 8508 8509 8510
f 8511 8512 8513
f 8511 8513 8514
f 8511 8514 8515
f 8516 8517 8518
f 8519 8520 8521
f 8522 8523 8524
f 8525 8526 8527
f 8528 8529 8530
f 8528 8530 8531
f 8532 8533 8534
f 8535 8536 8537
f 8535 8537 8538
f 8539 8540 8541
f 8542 8543 8544
f 8542 8544 8545
f 8546 8547 8548
f 8546 8548 8549
f 8550 8551 8552
f 8550 8552 8553
f 8550 8553 8554
f 8555 8556 8557
f 8558 8559 8560
f 8561 8562 8563
f 8564 8565 8566
f 8567 8568 8569
f 8570 8571 8572
f 8573 8574 8575
f 8576 8577 8578
f 8576 8578 8579
f 8580 8581 8582
f 8583 8584 8585
f 8586 8587 8588
f 8586 8588 8589
f 8590 8591 8592
f 8593 8594 8595
f 8593 8595 8596
f 8593 8596 8597
f 8593 8597 8598
f 8599 8600 8601
f 8599 8601 8602
f 8603 8604 8605
f 8606 8607 8608
f 8609 8610 8611
f 8609 8611 8612
f 8613 8614 8615
f 8616 8617 8618
f 8619 8620 8621
f 8622 8623 8624
f 8622 8624 8625
f 8626 8627 8628
f 8629 8630 8631
f 8629 8631 8632
f 8629 8632 8633
f 8629 8633 8634
f 8635 8636 8637
f 8638 8639 8640
f 8641 8642 8643
f 8644 8645 8646
f 8644 8646 8647
f 8648 8649 8650
f 8651 8652 8653
f 8654 8655 8656
f 8654 8656 8657
f 8654 8657 8658
f 8654 8658 8659
f 8660 8661 8662
f 8663 8664 8665
f 8666 8667 8668
f 8666 8668 8669
f 8666 8669 8670
f 8671 8672 8673
f 8671 8673 8674
f 8675 8676 8677
f 8678 8679 8680
f 8681 8682 8683
f 8681 8683 8684
f 8685 8686 8687
f 8688 8689 8690
f 8691 8692 8693
f 8694 8695 8696
f 8694 8696 8697
f 8698 8699 8700
f 8701 8702 8703
f 8704 8705 8706
f 8707 8708 8709
f 8710 8711 8712
f 8713 8714 8715
f 8713 8715 8716
f 8717 8718 8719
f 8720 8721 8722
f 8720 8722 8723
f 8724 8725 8726
f 8727 8728 8729
f 8727 8729 8730
f 8727 8730 8731
f 8732 8733 8734
f 8732 8734 8735
f 8736 8737 8738
f 8736 8738 8739
f 8736 8739 8740
f 8741 8742 8743
f 8744 8745 8746
f 8744 8746 8747
f 8748 8749 8750
f 8751 8752 8753
f 8751 8753 8754
f 8751 8754 8755
f 8751 8755 8756
f 8757 8758 8759
f 8760 8761 8762
f 8760 8762 8763
f 8764 8765 8766
f 8767 8768 8769
f 8770 8771 8772
f 8770 8772 8773
f 8774 8775 8776
f 8774 8776 8777
f 8778 8779 8780
f 8778 8780 8781
f 8782 8783 8784
f 8785 8786 8787
f 8788 8789 8790
f 8791 8792 8793
f 8794 8795 8796
f 8794 8796 8797
f 8794 8797 8798
f 8799 8800 8801
f 8802 8803 8804
f 8802 8804 8805
f 8806 8807 8808
f 8809 8810 8811
f 8812 8813 8814
f 8812 8814 8815
f 8816 8817 8818
f 8816 8818 8819
f 8820 8821 8822
f 8820 8822 8823
f 8824 8825 8826
f 8824 8826 8827
f 8824 8827 8828
f 8824 8828 8829
f 8830 8831 8832
f 8833 8834 8835
f 8836 8837 8838
f 8836 8838 8839
f 8840 8841 8842
f 8843 8844 8845
f 8843 8845 8846
f 8847 8848 8849
f 8850 8851 8852
f 8850 8852 8853
f 8854 8855 8856
f 8854 8856 8857
f 8854 8857 8858
f 8854 8858 8859
f 8860 8861 8862
f 8863 8864 8865
f 8866 8867 8868
f 8869 8870 8871
f 8869 8871 8872
f 8869 8872 8873
f 8874 8875 8876
f 8874 8876 8877
f 8874 8877 8878
f 8874 8878 8879
f 8880 8881 8882
f 8880 8882 8883
f 8880 8883 8884
f 8880 8884 8885
f 8886 8887 8888
f 8889 8890 8891
f 8892 8893 8894
f 8895 8896 8897
f 8898 8899 8900
f 8898 8900 8901
f 8898 8901 8902
f 8903 8904 8905
f 8906 8907 8908
f 8909 8910 8911
f 8909 8911 8912
f 8913 8914 8915
f 8913 8915 8916
f 8917 8918 8919
f 8917 8919 8920
f 8917 8920 8921
f 8917 8921 8922
f 8923 8924 8925
f 8926 8927 8928
f 8929 8930 8931
f 8929 8931 8932
f 8933 8934 8935
f 8936 8937 8938
f 8936 8938 8939
f 8940 8941 8942
f 8943 8944 8945
f 8943 8945 8946
f 8943 8946 8947
f 8948 8949 8950
f 8948 8950 8951
f 8952 8953 8954
f 8952 8954 8955
f 8956 8957 8958
f 8956 8958 8959
f 8960 8961 8962
f 8963 8964 8965
f 8966 8967 8968
f 8969 8970 8971
f 8969 8971 8972
f 8973 8974 8975
f 8976 8977 8978
f 8976 8978 8979
f 8976 8979 8980
f 8981 8982 8983
f 8984 8985 8986
f 8984 8986 8987
f 8988 8989 8990
f 8988 8990 8991
f 8992 8993 8994
f 8992 8994 8995
f 8992 8995 8996
f 8997 8998 8999
f 8997 8999 9000
f 9001 9002 9003
f 9001 9003 9004
f 9001 9004 9005
f 9001 9005 9006
f 9007 9008 9009
f 9010 9011 9012
f 9013 9014 9015
f 9016 9017 9018
f 9016 9018 9019
f 9020 9021 9022
f 9023 9024 9025
f 9026 9027 9028
f 9026 9028 9029
f 9030 9031 9032
f 9030 9032 9033
f 9034 9035 9036
f 9037 9038 9039
f 9037 9039 9040
f 9037 9040 9041
f 9037 9041 9042
f 9043 9044 9045
f 9043 9045 9046
f 9047 9048 9049
f 9047 9049 9050
f 9051 9052 9053
f 9054 9055 9056
f 9057 9058 9059
f 9060 9061 9062
f 9060 9062 9063
f 9060 9063 9064
f 9060 9064 9065
f 9066 9067 9068
f 9069 9070 9071
f 9069 9071 9072
f 9073 9074 9075
f 9073 9075 9076
f 9077 9078 9079
f 9077 9079 9080
f 9081 9082 9083
f 9084 9085 9086
f 9087 9088 9089
f 9090 9091 9092
f 9093 9094 9095
f 9096 9097 9098
f 9099 9100 9101
f 9102 9103 9104
f 9102 9104 9105
f 9106 9107 9108
f 9106 9108 9109
f 9106 9109 9110
f 9111 9112 9113
f 9114 9115 9116
f 9114 9116 9117
f 9118 9119 9120
f 9121 9122 9123
f 9124 9125 9126
f 9124 9126 9127
f 9124 9127 9128
f 9129 9130 9131
f 9129 9131 9132
f 9129 9132 9133
f 9129 9133 9134
f 9135 9136 9137
f 9138 9139 9140
f 9141 9142 9143
f 9144 9145 9146
f 9147 9148 9149
f 9150 9151 9152
f 9150 9152 9153
f 9154 9155 9156
f 9154 9156 9157
f 9154 9157 9158
f 9159 9160 9161
f 9162 9163 9164
f 9165 9166 9167
f 9168 9169 9170
f 9168 9170 9171
f 9172 9173 9174
f 9175 9176 9177
f 9175 9177 9178
f 9179 9180 9181
f 9182 9183 9184
f 9182 9184 9185
f 9186 9187 9188
f 9186 9188 9189
f 9190 9191 9192
f 9193 9194 9195
f 9193 9195 9196
f 9193 9196 9197
f 9193 9197 9198
f 9199 9200 9201
f 9202 9203 9204
f 9205 9206 9207
f 9208 9209 9210
f 9211 9212 9213
f 9214 9215 9216
f 9217 9218 9219
f 9217 9219 9220
f 9217 9220 9221
f 9222 9223 9224
f 9222 9224 9225
f 9226 9227 9228
f 9229 9230 9231
f 9229 9231 9232
f 9233 9234 9235
f 9236 9237 9238
f 9236 9238 9239
f 9240 9241 9242
f 9243 9244 9245
f 9246 9247 9248
f 9246 9248 9249
f 9250 9251 9252
f 9250 9252 9253
f 9254 9255 9256
f 9257 9258 9259
f 9260 9261 9262
f 9263 9264 9265
f 9263 9265 9266
f 9263 9266 9267
f 9268 9269 9270
f 9271 9272 9273
f 9271 9273 9274
f 9271 9274 9275
f 9271 9275 9276
f 9277 9278 9279
f 9280 9281 9282
f 9280 9282 9283
f 9284 9285 9286
f 9284 9286 9287
f 9284 9287 9288
f 9289 9290 9291
f 9292 9293 9294
f 9295 9296 9297
f 9295 9297 9298
f 9299 9300 9301
f 9302 9303 9304
f 9302 9304 9305
f 9306 9307 9308
f 9306 9308 9309
f 9310 9311 9312
f 9310 9312 9313
f 9314 9315 9316
f 9314 9316 9317
f 9314 9317 9318
f 9314 9318 9319
f 9320 9321 9322
f 9323 9324 9325
f 9326 9327 9328
f 9329 9330 9331
f 9332 9333 9334
f 9335 9336 9337
f 9338 9339 9340
f 9338 9340 9341
f 9338 9341 9342
f 9338 9342 9343
f 9344 9345 9346
f 9344 9346 9347
f 9348 9349 9350
f 9348 9350 9351
f 9348 9351 9352
f 9348 9352 9353
f 9354 9355 9356
f 9354 9356 9357
f 9358 9359 9360
f 9361 9362 9363
f 9361 9363 9364
f 9361 9364 9365
f 9361 9365 9366
f 9367 9368 9369
f 9367 9369 9370
f 9371 9372 9373
f 9371 9373 9374
f 9375 9376 9377
f 9378 9379 9380
f 9381 9382 9383
f 9381 9383 9384
f 9381 9384 9385
f 9386 9387 9388
f 9389 9390 9391
f 9392 9393 9394
f 9395 9396 9397
f 9395 9397 9398
f 9399 9400 9401
f 9402 9403 9404
f 9405 9406 9407
f 9405 9407 9408
f 9409 9410 9411
f 9412 9413 9414
f 9412 9414 9415
f 9416 9417 9418
f 9419 9420 9421
f 9422 9423 9424
f 9425 9426 9427
f 9425 9427 9428
f 9425 9428 9429
f 9425 9429 9430
f 9431 9432 9433
f 9434 9435 9436
f 9434 9436 9437
f 9438 9439 9440
f 9438 9440 9441
f 9438 9441 9442
f 9438 9442 9443
f 9444 9445 9446
f 9447 9448 9449
f 9447 9449 9450
f 9447 9450 9451
f 9447 9451 9452
f 9453 9454 9455
f 9456 9457 9458
f 9459 9460 9461
f 9462 9463 9464
f 9465 9466 9467
f 9468 9469 9470
f 9468 9470 9471
f 9472 9473 9474
f 9475 9476 9477
f 9478 9479 9480
f 9481 9482 9483
f 9484 9485 9486
f 9487 9488 9489
f 9490 9491 9492
f 9493 9494 9495
f 9493 9495 9496
f 9493 9496 9497
f 9498 9499 9500
f 9501 9502 9503
f 9504 9505 9506
f 9504 9506 9507
f 9508 9509 9510
f 9511 9512 9513
f 9511 9513 9514
f 9515 9516 9517
f 9518 9519 9520
f 9518 9520 9521
f 9518 9521 9522
f 9518 9522 9523
f 9524 9525 9526
f 9524 9526 9527
f 9524 9527 9528
f 9529 9530 9531
f 9529 9531 9532
f 9529 9532 9533
f 9534 9535 9536
f 9537 9538 9539
f 9537 9539 9540
f 9541 9542 9543
f 9544 9545 9546
f 9547 9548 9549
f 9550 9551 9552
f 9553 9554 9555
f 9553 9555 9556
f 9557 9558 9559
f 9557 9559 9560
f 9557 9560 9561
f 9562 9563 9564
f 9565 9566 9567
f 9568 9569 9570
f 9568 9570 9571
f 9568 9571 9572
f 9573 9574 9575
f 9576 9577 9578
f 9579 9580 9581
f 9582 9583 9584
f 9585 9586 9587
f 9585 9587 9588
f 9585 9588 9589
f 9585 9589 9590
f 9591 9592 9593
f 9594 9595 9596
f 9597 9598 9599
f 9600 9601 9602
f 9603 9604 9605
f 9606 9607 9608
f 9609 9610 9611
f 9612 9613 9614
f 9615 9616 9617
f 9618 9619 9620
f 9621 9622 9623
f 9624 9625 9626
f 9627 9628 9629
f 9630 9631 9632
f 9633 9634 9635
f 9636 9637 9638
f 9639 9640 9641
f 9642 9643 9644
f 9645 9646 9647
f 9645 9647 9648
f 9645 9648 9649
f 9645 9649 9650
f 9651 9652 9653
f 9651 9653 9654
f 9651 9654 9655
f 9651 9655 9656
f 9657 9658 9659
f 9657 9659 9660
f 9657 9660 9661
f 9662 9663 9664
f 9662 9664 9665
f 9662 9665 9666
f 9667 9668 9669
f 9670 9671 9672
f 9673 9674 9675
f 9676 9677 9678
f 9679 9680 9681
f 9679 9681 9682
f 9679 9682 9683
f 9679 9683 9684
f 9685 9686 9687
f 9688 9689 9690
f 9688 9690 9691
f 9692 9693 9694
f 9692 9694 9695
f 9692 9695 9696
f 9692 9696 9697
f 9698 9699 9700
f 9701 9702 9703
f 9701 9703 9704
f 9705 9706 9707
f 9708 9709 9710
f 9708 9710 9711
f 9712 9713 9714
f 9715 9716 9717
f 9718 9719 9720
f 9718 9720 9721
f 9722 9723 9724
f 9725 9726 9727
f 9725 9727 9728
f 9729 9730 9731
f 9729 9731 9732
f 9733 9734 9735
f 9736 9737 9738
f 9739 9740 9741
f 9739 9741 9742
f 9739 9742 9743
f 9744 9745 9746
f 9747 9748 9749
f 9750 9751 9752
f 9753 9754 9755
f 9756 9757 9758
f 9756 9758 9759
f 9760 9761 9762
f 9760 9762 9763
f 9760 9763 9764
f 9760 9764 9765
f 9766 9767 9768
f 9769 9770 9771
f 9772 9773 9774
f 9772 9774 9775
f 9776 9777 9778
f 9779 9780 9781
f 9782 9783 9784
f 9785 9786 9787
f 9785 9787 9788
f 9785 9788 9789
f 9790 9791 9792
f 9790 9792 9793
f 9794 9795 9796
f 9794 9796 9797
f 9798 9799 9800
f 9801 9802 9803
f 9801 9803 9804
f 9801 9804 9805
f 9806 9807 9808
f 9809 9810 9811
f 9812 9813 9814
f 9812 9814 9815
f 9816 9817 9818
f 9819 9820 9821
f 9822 9823 9824
f 9822 9824 9825
f 9822 9825 9826
f 9827 9828 9829
f 9830 9831 9832
f 9833 9834 9835
f 9836 9837 9838
f 9836 9838 9839
f 9836 9839 9840
f 9836 9840 9841
f 9842 9843 9844
f 9845 9846 9847
f 9848 9849 9850
f 9851 9852 9853
f 9851 9853 9854
f 9851 9854 9855
f 9856 9857 9858
f 9856 9858 9859
f 9856 9859 9860
f 9861 9862 9863
f 9861 9863 9864
f 9865 9866 9867
f 9865 9867 9868
f 9869 9870 9871
f 9872 9873 9874
f 9875 9876 9877
f 9878 9879 9880
f 9881 9882 9883
f 9881 9883 9884
f 9885 9886 9887
f 9885 9887 9888
f 9889 9890 9891
f 9892 9893 9894
f 9895 9896 9897
f 9898 9899 9900
f 9898 9900 9901
f 9902 9903 9904
f 9905 9906 9907
f 9905 9907 9908
f 9905 9908 9909
f 9910 9911 9912
f 9913 9914 9915
f 9916 9917 9918
f 9919 9920 9921
f 9922 9923 9924
f 9925 9926 9927
f 9928 9929 9930
f 9931 9932 9933
f 9934 9935 9936
f 9934 9936 9937
f 9938 9939 9940
f 9938 9940 9941
f 9942 9943 9944
f 9942 9944 9945
f 9946 9947 9948
f 9946 9948 9949
f 9950 9951 9952
f 9950 9952 9953
f 9954 9955 9956
f 9957 9958 9959
f 9960 9961 9962
f 9960 9962 9963
f 9960 9963 9964
f 9960 9964 9965
f 9966 9967 9968
f 9966 9968 9969
f 9966 9969 9970
f 9966 9970 9971
f 9972 9973 9974
f 9972 9974 9975
f 9972 9975 9976
f 9972 9976 9977
f 9978 9979 9980
f 9981 9982 9983
f 9981 9983 9984
f 9985 9986 9987
f 9988 9989 9990
f 9991 9992 9993
f 9991 9993 9994
f 9991 9994 9995
f 9996 9997 9998
f 9999 10000 10001
f 9999 10001 10002
f 10003 10004 10005
f 10006 10007 10008
f 10009 10010 10011
f 10009 10011 10012
f 10013 10014 10015
f 10013 10015 10016
f 10017 10018 10019
f 10020 10021 10022
f 10020 10022 10023
f 10020 10023 10024
f 10020 10024 10025
f 10026 10027 10028
f 10029 10030 10031
f 10032 10033 10034
f 10035 10036 10037
f 10035 10037 10038
f 10035 10038 10039
f 10035 10039 10040
f 10041 10042 10043
f 10044 10045 10046
f 10047 10048 10049
f 10050 10051 10052
f 10050 10052 10053
f 10054 10055 10056
f 10054 10056 10057
f 10058 10059 10060
f 10061 10062 10063
f 10064 10065 10066
f 10064 10066 10067
f 10068 10069 10070
f 10068 10070 10071
f 10068 10071 10072
f 10073 10074 10075
f 10076 10077 10078
f 10079 10080 10081
f 10079 10081 10082
f 10083 10084 10085
f 10086 10087 10088
f 10086 10088 10089
f 10090 10091 10092
f 10090 10092 10093
f 10090 10093 10094
f 10095 10096 10097
f 10098 10099 10100
f 10101 10102 10103
f 10104 10105 10106
f 10107 10108 10109
f 10107 10109 10110
f 10107 10110 10111
f 10112 10113 10114
f 10115 10116 10117
f 10115 10117 10118
f 10119 10120 10121
f 10122 10123 10124
f 10125 10126 10127
f 10128 10129 10130
f 10131 10132 10133
f 10134 10135 10136
f 10134 10136 10137
f 10138 10139 10140
f 10138 10140 10141
f 10138 10141 10142
f 10143 10144 10145
f 10143 10145 10146
f 10143 10146 10147
f 10148 10149 10150
f 10151 10152 10153
f 10151 10153 10154
f 10155 10156 10157
f 10158 10159 10160
f 10161 10162 10163
f 10164 10165 10166
f 10167 10168 10169
f 10170 10171 10172
f 10173 10174 10175
f 10176 10177 10178
f 10179 10180 10181
f 10182 10183 10184
f 10185 10186 10187
f 10188 10189 10190
f 10191 10192 10193
f 10194 10195 10196
f 10197 10198 10199
f 10200 10201 10202
f 10203 10204 10205
f 10206 10207 10208
f 10209 10210 10211
f 10209 10211 10212
f 10209 10212 10213
f 10214 10215 10216
f 10214 10216 10217
f 10214 10217 10218
f 10219 10220 10221
f 10219 10221 10222
f 10219 10222 10223
f 10224 10225 10226
f 10227 10228 10229
f 10227 10229 10230
f 10231 10232 10233
f 10234 10235 10236
f 10237 10238 10239
f 10240 10241 10242
f 10240 10242 10243
f 10244 10245 10246
f 10247 10248 10249
f 10250 10251 10252
f 10253 10254 10255
f 10256 10257 10258
f 10256 10258 10259
f 10260 10261 10262
f 10260 10262 10263
f 10264 10265 10266
f 10264 10266 10267
f 10268 10269 10270
f 10271 10272 10273
f 10274 10275 10276
f 10277 10278 10279
f 10277 10279 10280
f 10277 10280 10281
f 10282 10283 10284
f 10285 10286 10287
f 10288 10289 10290
f 10291 10292 10293
f 10294 10295 10296
f 10297 10298 10299
f 10297 10299 10300
f 10297 10300 10301
f 10302 10303 10304
f 10302 10304 10305
f 10306 10307 10308
f 10306 10308 10309
f 10310 10311 10312
f 10310 10312 10313
f 10310 10313 10314
f 10310 10314 10315
f 10316 10317 10318
f 10319 10320 10321
f 10322 10323 10324
f 10325 10326 10327
f 10328 10329 10330
f 10328 10330 10331
f 10332 10333 10334
f 10335 10336 10337
f 10338 10339 10340
f 10338 10340 10341
f 10342 10343 10344
f 10345 10346 10347
f 10348 10349 10350
f 10351 10352 10353
f 10354 10355 10356
f 10354 10356 10357
f 10354 10357 10358
f 10359 10360 10361
f 10362 10363 10364
f 10362 10364 10365
f 10362 10365 10366
f 10367 10368 10369
f 10370 10371 10372
f 10373 10374 10375
f 10376 10377 10378
f 10379 10380 10381
f 10382 10383 10384
f 10385 10386 10387
f 10385 10387 10388
f 10385 10388 10389
f 10390 10391 10392
f 10390 10392 10393
f 10394 10395 10396
f 10397 10398 10399
f 10400 10401 10402
f 10400 10402 10403
f 10400 10403 10404
f 10405 10406 10407
f 10408 10409 10410
f 10408 10410 10411
f 10412 10413 10414
f 10415 10416 10417
f 10415 10417 10418
f 10415 10418 10419
f 10420 10421 10422
f 10420 10422 10423
f 10424 10425 10426
f 10424 10426 10427
f 10424 10427 10428
f 10429 10430 10431
f 10432 10433 10434
f 10435 10436 10437
f 10435 10437 10438
f 10439 10440 10441
f 10442 10443 10444
f 10442 10444 10445
f 10446 10447 10448
f 10446 10448 10449
f 10450 10451 10452
f 10450 10452 10453
f 10450 10453 10454
f 10455 10456 10457
f 10455 10457 10458
f 10455 10458 10459
f 10460 10461 10462
f 10463 10464 10465
f 10466 10467 10468
f 10469 10470 10471
f 10472 10473 10474
f 10472 10474 10475
f 10476 10477 10478
f 10479 10480 10481
f 10482 10483 10484
f 10482 10484 10485
f 10486 10487 10488
f 10486 10488 10489
f 10486 10489 10490
f 10491 10492 10493
f 10494 10495 10496
f 10497 10498 10499
f 10500 10501 10502
f 10500 10502 10503
f 10504 10505 10506
f 10504 10506 10507
f 10508 10509 10510
f 10508 10510 10511
f 10512 10513 10514
f 10515 10516 10517
f 10515 10517 10518
f 10515 10518 10519
f 10520 10521 10522
f 10523 10524 10525
f 10526 10527 10528
f 10526 10528 10529
f 10530 10531 10532
f 10533 10534 10535
f 10536 10537 10538
f 10536 10538 10539
f 10540 10541 10542
f 10543 10544 10545
f 10546 10547 10548
f 10546 10548 10549
f 10550 10551 10552
f 10550 10552 10553
f 10554 10555 10556
f 10557 10558 10559
f 10560 10561 10562
f 10563 10564 10565
f 10563 10565 10566
f 10567 10568 10569
f 10570 10571 10572
f 10570 10572 10573
f 10570 10573 10574
f 10570 10574 10575
f 10576 10577 10578
f 10576 10578 10579
f 10580 10581 10582
f 10580 10582 10583
f 10580 10583 10584
f 10585 10586 10587
f 10588 10589 10590
f 10588 10590 10591
f 10592 10593 10594
f 10592 10594 10595
f 10592 10595 10596
f 10597 10598 10599
f 10597 10599 10600
f 10601 10602 10603
f 10601 10603 10604
f 10605 10606 10607
f 10605 10607 10608
f 10609 10610 10611
f 10612 10613 10614
f 10612 10614 10615
f 10616 10617 10618
f 10616 10618 10619
f 10616 10619 10620
f 10621 10622 10623
f 10621 10623 10624
f 10621 10624 10625
f 10621 10625 10626
f 10627 10628 10629
f 10630 10631 10632
f 10633 10634 10635
f 10636 10637 10638
f 10639 10640 10641
f 10642 10643 10644
f 10642 10644 10645
f 10646 10647 10648
f 10646 10648 10649
f 10650 10651 10652
f 10650 10652 10653
f 10654 10655 10656
f 10654 10656 10657
f 10658 10659 10660
f 10658 10660 10661
f 10662 10663 10664
f 10662 10664 10665
f 10662 10665 10666
f 10662 10666 10667
f 10668 10669 10670
f 10671 10672 10673
f 10671 10673 10674
f 10675 10676 10677
f 10678 10679 10680
f 10681 10682 10683
f 10684 10685 10686
f 10684 10686 10687
f 10688 10689 10690
f 10688 10690 10691
f 10692 10693 10694
f 10695 10696 10697
f 10695 10697 10698
f 10695 10698 10699
f 10700 10701 10702
f 10703 10704 10705
f 10706 10707 10708
f 10709 10710 10711
f 10709 10711 10712
f 10713 10714 10715
f 10716 10717 10718
f 10719 10720 10721
f 10722 10723 10724
f 10725 10726 10727
f 10728 10729 10730
f 10731 10732 10733
f 10731 10733 10734
f 10735 10736 10737
f 10738 10739 10740
f 10741 10742 10743
f 10744 10745 10746
f 10744 10746 10747
f 10748 10749 10750
f 10748 10750 10751
f 10748 10751 10752
f 10753 10754 10755
f 10756 10757 10758
f 10759 10760 10761
f 10762 10763 10764
f 10762 10764 10765
f 10766 10767 10768
f 10769 10770 10771
f 10772 10773 10774
f 10772 10774 10775
f 10776 10777 10778
f 10776 10778 10779
f 10780 10781 10782
f 10780 10782 10783
f 10780 10783 10784
f 10785 10786 10787
f 10788 10789 10790
f 10788 10790 10791
f 10792 10793 10794
f 10795 10796 10797
f 10798 10799 10800
f 10798 10800 10801
f 10798 10801 10802
f 10798 10802 10803
f 10804 10805 10806
f 10804 10806 10807
f 10808 10809 10810
f 10811 10812 10813
f 10814 10815 10816
f 10817 10818 10819
f 10820 10821 10822
f 10823 10824 10825
f 10826 10827 10828
f 10829 10830 10831
f 10829 10831 10832
f 10829 10832 10833
f 10834 10835 10836
f 10837 10838 10839
f 10837 10839 10840
f 10837 10840 10841
f 10842 10843 10844
f 10845 10846 10847
f 10845 10847 10848
f 10849 10850 10851
f 10849 10851 10852
f 10849 10852 10853
f 10854 10855 10856
f 10857 10858 10859
f 10857 10859 10860
f 10857 10860 10861
f 10862 10863 10864
f 10862 10864 10865
f 10862 10865 10866
f 10867 10868 10869
f 10867 10869 10870
f 10867 10870 10871
f 10867 10871 10872
f 10873 10874 10875
f 10876 10877 10878
f 10879 10880 10881
f 10879 10881 10882
f 10879 10882 10883
f 10884 10885 10886
f 10884 10886 10887
f 10884 10887 10888
f 10884 10888 10889
f 10890 10891 10892
f 10893 10894 10895
f 10896 10897 10898
f 10896 10898 10899
f 10900 10901 10902
f 10900 10902 10903
f 10904 10905 10906
f 10907 10908 10909
f 10910 10911 10912
f 10910 10912 10913
f 10910 10913 10914
f 10915 10916 10917
f 10915 10917 10918
f 10919 10920 10921
f 10922 10923 10924
f 10922 10924 10925
f 10926 10927 10928
f 10929 10930 10931
f 10929 10931 10932
f 10933 10934 10935
f 10936 10937 10938
f 10939 10940 10941
f 10942 10943 10944
f 10942 10944 10945
f 10946 10947 10948
f 10949 10950 10951
f 10949 10951 10952
f 10953 10954 10955
f 10956 10957 10958
f 10959 10960 10961
f 10962 10963 10964
f 10962 10964 10965
f 10966 10967 10968
f 10969 10970 10971
f 10969 10971 10972
f 10973 10974 10975
f 10976 10977 10978
f 10979 10980 10981
f 10979 10981 10982
f 10979 10982 10983
f 10984 10985 10986
f 10987 10988 10989
f 10990 10991 10992
f 10993 10994 10995
f 10996 10997 10998
f 10996 10998 10999
f 11000 11001 11002
f 11003 11004 11005
f 11003 11005 11006
f 11007 11008 11009
f 11007 11009 11010
f 11007 11010 11011
f 11007 11011 11012
f 11013 11014 11015
f 11013 11015 11016
f 11017 11018 11019
f 11020 11021 11022
f 11020 11022 11023
f 11024 11025 11026
f 11027 11028 11029
f 11030 11031 11032
f 11033 11034 11035
f 11036 11037 11038
f 11039 11040 11041
f 11042 11043 11044
f 11045 11046 11047
f 11045 11047 11048
f 11045 11048 11049
f 11045 11049 11050
f 11051 11052 11053
f 11054 11055 11056
f 11057 11058 11059
f 11060 11061 11062
f 11063 11064 11065
f 11066 11067 11068
f 11066 11068 11069
f 11070 11071 11072
f 11073 11074 11075
f 11076 11077 11078
f 11076 11078 11079
f 11080 11081 11082
f 11083 11084 11085
f 11083 11085 11086
f 11083 11086 11087
f 11088 11089 11090
f 11088 11090 11091
f 11092 11093 11094
f 11092 11094 11095
f 11092 11095 11096
f 11097 11098 11099
f 11097 11099 11100
f 11101 11102 11103
f 11104 11105 11106
f 11107 11108 11109
f 11107 11109 11110
f 11111 11112 11113
f 11114 11115 11116
f 11117 11118 11119
f 11117 11119 11120
f 11121 11122 11123
f 11124 11125 11126
f 11127 11128 11129
f 11127 11129 11130
f 11131 11132 11133
f 11134 11135 11136
f 11137 11138 11139
f 11140 11141 11142
f 11143 11144 11145
f 11143 11145 11146
f 11147 11148 11149
f 11150 11151 11152
f 11153 11154 11155
f 11153 11155 11156
f 11157 11158 11159
f 11160 11161 11162
f 11163 11164 11165
f 11163 11165 11166
f 11167 11168 11169
f 11170 11171 11172
f 11170 11172 11173
f 11170 11173 11174
f 11175 11176 11177
f 11178 11179 11180
f 11181 11182 11183
f 11181 11183 11184
f 11181 11184 11185
f 11186 11187 11188
f 11186 11188 11189
f 11190 11191 11192
f 11193 11194 11195
f 11196 11197 11198
f 11199 11200 11201
f 11199 11201 11202
f 11199 11202 11203
f 11204 11205 11206
f 11207 11208 11209
f 11207 11209 11210
f 11211 11212 11213
f 11214 11215 11216
f 11217 11218 11219
f 11220 11221 11222
f 11223 11224 11225
f 11226 11227 11228
f 11229 11230 11231
f 11229 11231 11232
f 11233 11234 11235
f 11236 11237 11238
f 11239 11240 11241
f 11242 11243 11244
f 11242 11244 11245
f 11246 11247 11248
f 11249 11250 11251
f 11252 11253 11254
f 11255 11256 11257
f 11255 11257 11258
f 11255 11258 11259
f 11255 11259 11260
f 11261 11262 11263
f 11264 11265 11266
f 11267 11268 11269
f 11270 11271 11272
f 11273 11274 11275
f 11273 11275 11276
f 11277 11278 11279
f 11280 11281 11282
f 11283 11284 11285
f 11286 11287 11288
f 11289 11290 11291
f 11289 11291 11292
f 11293 11294 11295
f 11296 11297 11298
f 11299 11300 11301
f 11302 11303 11304
f 11305 11306 11307
f 11308 11309 11310
f 11308 11310 11311
f 11312 11313 11314
f 11315 11316 11317
f 11315 11317 11318
f 11319 11320 11321
f 11319 11321 11322
f 11323 11324 11325
f 11326 11327 11328
f 11329 11330 11331
f 11329 11331 11332
f 11333 11334 11335
f 11333 11335 11336
f 11337 11338 11339
f 11340 11341 11342
f 11340 11342 11343
f 11340 11343 11344
f 11345 11346 11347
f 11345 11347 11348
f 11349 11350 11351
f 11352 11353 11354
f 11355 11356 11357
f 11358 11359 11360
f 11358 11360 11361
f 11362 11363 11364
f 11365 11366 11367
f 11368 11369 11370
f 11368 11370 11371
f 11372 11373 11374
f 11375 11376 11377
f 11378 11379 11380
f 11381 11382 11383
f 11381 11383 11384
f 11385 11386 11387
f 11388 11389 11390
f 11391 11392 11393
f 11391 11393 11394
f 11395 11396 11397
f 11398 11399 11400
f 11401 11402 11403
f 11404 11405 11406
f 11407 11408 11409
f 11407 11409 11410
f 11411 11412 11413
f 11414 11415 11416
f 11417 11418 11419
f 11417 11419 11420
f 11421 11422 11423
f 11424 11425 11426
f 11427 11428 11429
f 11430 11431 11432
f 11430 11432 11433
f 11434 11435 11436
f 11437 11438 11439
f 11440 11441 11442
f 11440 11442 11443
f 11444 11445 11446
f 11447 11448 11449
f 11447 11449 11450
f 11451 11452 11453
f 11454 11455 11456
f 11457 11458 11459
f 11460 11461 11462
f 11463 11464 11465
f 11466 11467 11468
f 11466 11468 11469
f 11470 11471 11472
f 11470 11472 11473
f 11470 11473 11474
f 11475 11476 11477
f 11475 11477 11478
f 11479 11480 11481
f 11482 11483 11484
f 11485 11486 11487
f 11488 11489 11490
f 11491 11492 11493
f 11494 11495 11496
f 11497 11498 11499
f 11500 11501 11502
f 11503 11504 11505
f 11506 11507 11508
f 11506 11508 11509
f 11506 11509 11510
f 11506 11510 11511
f 11512 11513 11514
f 11512 11514 11515
f 11512 11515 11516
f 11517 11518 11519
f 11517 11519 11520
f 11517 11520 11521
f 11522 11523 11524
f 11522 11524 11525
f 11522 11525 11526
f 11527 11528 11529
f 11527 11529 11530
f 11531 11532 11533
f 11534 11535 11536
f 11537 11538 11539
f 11540 11541 11542
f 11543 11544 11545
f 11546 11547 11548
f 11549 11550 11551
f 11552 11553 11554
f 11552 11554 11555
f 11552 11555 11556
f 11552 11556 11557
f 11558 11559 11560
f 11561 11562 11563
f 11564 11565 11566
f 11567 11568 11569
f 11570 11571 11572
f 11573 11574 11575
f 11573 11575 11576
f 11577 11578 11579
f 11580 11581 11582
f 11583 11584 11585
f 11586 11587 11588
f 11586 11588 11589
f 11590 11591 11592
f 11593 11594 11595
f 11593 11595 11596
f 11597 11598 11599
f 11600 11601 11602
f 11603 11604 11605
f 11606 11607 11608
f 11606 11608 11609
f 11606 11609 11610
f 11611 11612 11613
f 11614 11615 11616
f 11614 11616 11617
f 11614 11617 11618
f 11614 11618 11619
f 11620 11621 11622
f 11623 11624 11625
f 11623 11625 11626
f 11627 11628 11629
f 11627 11629 11630
f 11631 11632 11633
f 11634 11635 11636
f 11637 11638 11639
f 11640 11641 11642
f 11643 11644 11645
f 11646 11647 11648
f 11649 11650 11651
f 11649 11651 11652
f 11653 11654 11655
f 11653 11655 11656
f 11657 11658 11659
f 11657 11659 11660
f 11661 11662 11663
f 11664 11665 11666
f 11667 11668 11669
f 11667 11669 11670
f 11667 11670 11671
f 11672 11673 11674
f 11675 11676 11677
f 11678 11679 11680
f 11681 11682 11683
f 11684 11685 11686
f 11687 11688 11689
f 11690 11691 11692
f 11693 11694 11695
f 11696 11697 11698
f 11699 11700 11701
f 11702 11703 11704
f 11705 11706 11707
f 11705 11707 11708
f 11709 11710 11711
f 11712 11713 11714
f 11715 11716 11717
f 11715 11717 11718
f 11719 11720 11721
f 11722 11723 11724
f 11725 11726 11727
f 11728 11729 11730
f 11731 11732 11733
f 11734 11735 11736
f 11734 11736 11737
f 11734 11737 11738
f 11739 11740 11741
f 11742 11743 11744
f 11742 11744 11745
f 11742 11745 11746
f 11742 11746 11747
f 11748 11749 11750
f 11751 11752 11753
f 11751 11753 11754
f 11751 11754 11755
f 11751 11755 11756
f 11757 11758 11759
f 11757 11759 11760
f 11757 11760 11761
f 11757 11761 11762
f 11763 11764 11765
f 11763 11765 11766
f 11767 11768 11769
f 11767 11769 11770
f 11771 11772 11773
f 11774 11775 11776
f 11777 11778 11779
f 11780 11781 11782
f 11783 11784 11785
f 11786 11787 11788
f 11789 11790 11791
f 11792 11793 11794
f 11795 11796 11797
f 11795 11797 11798
f 11795 11798 11799
f 11795 11799 11800
f 11801 11802 11803
f 11804 11805 11806
f 11804 11806 11807
f 11804 11807 11808
f 11804 11808 11809
f 11810 11811 11812
f 11813 11814 11815
f 11813 11815 11816
f 11817 11818 11819
f 11820 11821 11822
f 11820 11822 11823
f 11824 11825 11826
f 11827 11828 11829
f 11830 11831 11832
f 11833 11834 11835
f 11833 11835 11836
f 11833 11836 11837
f 11833 11837 11838
f 11839 11840 11841
f 11842 11843 11844
f 11845 11846 11847
f 11845 11847 11848
f 11849 11850 11851
f 11852 11853 11854
f 11855 11856 11857
f 11858 11859 11860
f 11861 11862 11863
f 11861 11863 11864
f 11865 11866 11867
f 11865 11867 11868
f 11865 11868 11869
f 11870 11871 11872
f 11873 11874 11875
f 11876 11877 11878
f 11876 11878 11879
f 11880 11881 11882
f 11883 11884 11885
f 11886 11887 11888
f 11889 11890 11891
f 11889 11891 11892
f 11893 11894 11895
f 11896 11897 11898
f 11899 11900 11901
f 11899 11901 11902
f 11903 11904 11905
f 11906 11907 11908
f 11906 11908 11909
f 11906 11909 11910
f 11911 11912 11913
f 11911 11913 11914
f 11915 11916 11917
f 11918 11919 11920
f 11921 11922 11923
f 11921 11923 11924
f 11921 11924 11925
f 11921 11925 11926
f 11927 11928 11929
f 11930 11931 11932
f 11933 11934 11935
f 11936 11937 11938
f 11936 11938 11939
f 11940 11941 11942
f 11943 11944 11945
f 11943 11945 11946
f 11947 11948 11949
f 11950 11951 11952
f 11953 11954 11955
f 11956 11957 11958
f 11959 11960 11961
f 11959 11961 11962
f 11963 11964 11965
f 11963 11965 11966
f 11967 11968 11969
f 11970 11971 11972
f 11970 11972 11973
f 11974 11975 11976
f 11974 11976 11977
f 11974 11977 11978
f 11979 11980 11981
f 11982 11983 11984
f 11985 11986 11987
f 11985 11987 11988
f 11989 11990 11991
f 11992 11993 11994
f 11992 11994 11995
f 11996 11997 11998
f 11999 12000 12001
f 12002 12003 12004
f 12002 12004 12005
f 12006 12007 12008
f 12009 12010 12011
f 12012 12013 12014
f 12015 12016 12017
f 12018 12019 12020
f 12018 12020 12021
f 12022 12023 12024
f 12025 12026 12027
f 12028 12029 12030
f 12031 12032 12033
f 12034 12035 12036
f 12037 12038 12039
f 12040 12041 12042
f 12043 12044 12045
f 12046 12047 12048
f 12046 12048 12049
f 12046 12049 12050
f 12051 12052 12053
f 12054 12055 12056
f 12054 12056 12057
f 12054 12057 12058
f 12054 12058 12059
f 12060 12061 12062
f 12060 12062 12063
f 12064 12065 12066
f 12067 12068 12069
f 12070 12071 12072
f 12073 12074 12075
f 12073 12075 12076
f 12073 12076 12077
f 12078 12079 12080
f 12081 12082 12083
f 12081 12083 12084
f 12085 12086 12087
f 12088 12089 12090
f 12091 12092 12093
f 12094 12095 12096
f 12097 12098 12099
f 12100 12101 12102
f 12103 12104 12105
f 12106 12107 12108
f 12106 12108 12109
f 12106 12109 12110
f 12111 12112 12113
f 12111 12113 12114
f 12111 12114 12115
f 12111 12115 12116
f 12117 12118 12119
f 12117 12119 12120
f 12121 12122 12123
f 12124 12125 12126
f 12124 12126 12127
f 12124 12127 12128
f 12129 12130 12131
f 12129 12131 12132
f 12133 12134 12135
f 12136 12137 12138
f 12136 12138 12139
f 12140 12141 12142
f 12143 12144 12145
f 12146 12147 12148
f 12146 12148 12149
f 12150 12151 12152
f 12153 12154 12155
f 12153 12155 12156
f 12157 12158 12159
f 12160 12161 12162
f 12160 12162 12163
f 12160 12163 12164
f 12165 12166 12167
f 12168 12169 12170
f 12168 12170 12171
f 12168 12171 12172
f 12173 12174 12175
f 12173 12175 12176
f 12173 12176 12177
f 12173 12177 12178
f 12179 12180 12181
f 12182 12183 12184
f 12185 12186 12187
f 12185 12187 12188
f 12189 12190 12191
f 12192 12193 12194
f 12195 12196 12197
f 12198 12199 12200
f 12201 12202 12203
f 12201 12203 12204
f 12205 12206 12207
f 12205 12207 12208
f 12205 12208 12209
f 12205 12209 12210
f 12211 12212 12213
f 12211 12213 12214
f 12215 12216 12217
f 12218 12219 12220
f 12221 12222 12223
f 12221 12223 12224
f 12225 12226 12227
f 12225 12227 12228
f 12225 12228 12229
f 12225 12229 12230
f 12231 12232 12233
f 12234 12235 12236
f 12237 12238 12239
f 12237 12239 12240
f 12241 12242 12243
f 12244 12245 12246
f 12244 12246 12247
f 12244 12247 12248
f 12244 12248 12249
f 12250 12251 12252
f 12253 12254 12255
f 12256 12257 12258
f 12256 12258 12259
f 12256 12259 12260
f 12256 12260 12261
f 12262 12263 12264
f 12265 12266 12267
f 12268 12269 12270
f 12271 12272 12273
f 12271 12273 12274
f 12271 12274 12275
f 12276 12277 12278
f 12279 12280 12281
f 12279 12281 12282
f 12279 12282 12283
f 12279 12283 12284
f 12285 12286 12287
f 12285 12287 12288
f 12289 12290 12291
f 12289 12291 12292
f 12293 12294 12295
f 12296 12297 12298
f 12299 12300 12301
f 12302 12303 12304
f 12305 12306 12307
f 12308 12309 12310
f 12308 12310 12311
f 12312 12313 12314
f 12312 12314 12315
f 12316 12317 12318
f 12319 12320 12321
f 12319 12321 12322
f 12323 12324 12325
f 12323 12325 12326
f 12327 12328 12329
f 12330 12331 12332
f 12333 12334 12335
f 12333 12335 12336
f 12333 12336 12337
f 12338 12339 12340
f 12338 12340 12341
f 12338 12341 12342
f 12343 12344 12345
f 12346 12347 12348
f 12349 12350 12351
f 12352 12353 12354
f 12352 12354 12355
f 12352 12355 12356
f 12352 12356 12357
f 12358 12359 12360
f 12361 12362 12363
f 12361 12363 12364
f 12365 12366 12367
f 12365 12367 12368
f 12369 12370 12371
f 12372 12373 12374
f 12375 12376 12377
f 12378 12379 12380
f 12381 12382 12383
f 12384 12385 12386
f 12387 12388 12389
f 12387 12389 12390
f 12391 12392 12393
f 12394 12395 12396
f 12397 12398 12399
f 12400 12401 12402
f 12400 12402 12403
f 12404 12405 12406
f 12407 12408 12409
f 12410 12411 12412
f 12413 12414 12415
f 12413 12415 12416
f 12417 12418 12419
f 12420 12421 12422
f 12420 12422 12423
f 12420 12423 12424
f 12425 12426 12427
f 12428 12429 12430
f 12431 12432 12433
f 12434 12435 12436
f 12434 12436 12437
f 12438 12439 12440
f 12441 12442 12443
f 12444 12445 12446
f 12447 12448 12449
f 12447 12449 12450
f 12451 12452 12453
f 12454 12455 12456
f 12454 12456 12457
f 12458 12459 12460
f 12461 12462 12463
f 12464 12465 12466
f 12467 12468 12469
f 12467 12469 12470
f 12471 12472 12473
f 12474 12475 12476
f 12474 12476 12477
f 12478 12479 12480
f 12481 12482 12483
f 12481 12483 12484
f 12485 12486 12487
f 12488 12489 12490
f 12488 12490 12491
f 12492 12493 12494
f 12495 12496 12497
f 12498 12499 12500
f 12501 12502 12503
f 12504 12505 12506
f 12507 12508 12509
f 12507 12509 12510
f 12511 12512 12513
f 12514 12515 12516
f 12514 12516 12517
f 12518 12519 12520
f 12521 12522 12523
f 12524 12525 12526
f 12527 12528 12529
f 12530 12531 12532
f 12533 12534 12535
f 12533 12535 12536
f 12533 12536 12537
f 12538 12539 12540
f 12538 12540 12541
f 12542 12543 12544
f 12545 12546 12547
f 12548 12549 12550
f 12548 12550 12551
f 12548 12551 12552
f 12553 12554 12555
f 12556 12557 12558
f 12559 12560 12561
f 12562 12563 12564
f 12565 12566 12567
f 12568 12569 12570
f 12568 12570 12571
f 12568 12571 12572
f 12573 12574 12575
f 12576 12577 12578
f 12579 12580 12581
f 12582 12583 12584
f 12585 12586 12587
f 12588 12589 12590
f 12591 12592 12593
f 12591 12593 12594
f 12595 12596 12597
f 12598 12599 12600
f 12601 12602 12603
f 12601 12603 12604
f 12605 12606 12607
f 12605 12607 12608
f 12609 12610 12611
f 12612 12613 12614
f 12612 12614 12615
f 12616 12617 12618
f 12616 12618 12619
f 12616 12619 12620
f 12621 12622 12623
f 12624 12625 12626
f 12624 12626 12627
f 12628 12629 12630
f 12631 12632 12633
f 12634 12635 12636
f 12637 12638 12639
f 12640 12641 12642
f 12640 12642 12643
f 12644 12645 12646
f 12647 12648 12649
f 12650 12651 12652
f 12650 12652 12653
f 12650 12653 12654
f 12655 12656 12657
f 12658 12659 12660
f 12661 12662 12663
f 12664 12665 12666
f 12667 12668 12669
f 12667 12669 12670
f 12667 12670 12671
f 12672 12673 12674
f 12675 12676 12677
f 12675 12677 12678
f 12679 12680 12681
f 12682 12683 12684
f 12685 12686 12687
f 12688 12689 12690
f 12691 12692 12693
f 12694 12695 12696
f 12697 12698 12699
f 12700 12701 12702
f 12700 12702 12703
f 12700 12703 12704
f 12705 12706 12707
f 12708 12709 12710
f 12711 12712 12713
f 12714 12715 12716
f 12717 12718 12719
f 12720 12721 12722
f 12723 12724 12725
f 12723 12725 12726
f 12727 12728 12729
f 12730 12731 12732
f 12733 12734 12735
f 12736 12737 12738
f 12736 12738 12739
f 12740 12741 12742
f 12740 12742 12743
f 12740 12743 12744
f 12740 12744 12745
f 12746 12747 12748
f 12749 12750 12751
f 12752 12753 12754
f 12755 12756 12757
f 12755 12757 12758
f 12759 12760 12761
f 12762 12763 12764
f 12765 12766 12767
f 12765 12767 12768
f 12769 12770 12771
f 12772 12773 12774
f 12772 12774 12775
f 12776 12777 12778
f 12779 12780 12781
f 12782 12783 12784
f 12782 12784 12785
f 12786 12787 12788
f 12789 12790 12791
f 12792 12793 12794
f 12792 12794 12795
f 12792 12795 12796
f 12797 12798 12799
f 12800 12801 12802
f 12803 12804 12805
f 12803 12805 12806
f 12803 12806 12807
f 12808 12809 12810
f 12811 12812 12813
f 12814 12815 12816
f 12817 12818 12819
f 12817 12819 12820
f 12821 12822 12823
f 12824 12825 12826
f 12827 12828 12829
f 12827 12829 12830
f 12831 12832 12833
f 12834 12835 12836
f 12837 12838 12839
f 12840 12841 12842
f 12843 12844 12845
f 12843 12845 12846
f 12847 12848 12849
f 12850 12851 12852
f 12853 12854 12855
f 12853 12855 12856
f 12857 12858 12859
f 12860 12861 12862
f 12863 12864 12865
f 12863 12865 12866
f 12867 12868 12869
f 12870 12871 12872
f 12873 12874 12875
f 12873 12875 12876
f 12877 12878 12879
f 12880 12881 12882
f 12883 12884 12885
f 12883 12885 12886
f 12887 12888 12889
f 12890 12891 12892
f 12893 12894 12895
f 12896 12897 12898
f 12899 12900 12901
f 12899 12901 12902
f 12899 12902 12903
f 12904 12905 12906
f 12907 12908 12909
f 12910 12911 12912
f 12913 12914 12915
f 12916 12917 12918
f 12916 12918 12919
f 12920 12921 12922
f 12923 12924 12925
f 12923 12925 12926
f 12923 12926 12927
f 12928 12929 12930
f 12931 12932 12933
f 12934 12935 12936
f 12937 12938 12939
f 12940 12941 12942
f 12943 12944 12945
f 12943 12945 12946
f 12947 12948 12949
f 12950 12951 12952
f 12953 12954 12955
f 12956 12957 12958
f 12959 12960 12961
f 12962 12963 12964
f 12965 12966 12967
f 12965 12967 12968
f 12969 12970 12971
f 12972 12973 12974
f 12975 12976 12977
f 12978 12979 12980
f 12978 12980 12981
f 12982 12983 12984
f 12982 12984 12985
f 12982 12985 12986
f 12982 12986 12987
f 12988 12989 12990
f 12991 12992 12993
f 12994 12995 12996
f 12997 12998 12999
f 13000 13001 13002
f 13003 13004 13005
f 13006 13007 13008
f 13006 13008 13009
f 13010 13011 13012
f 13010 13012 13013
f 13010 13013 13014
f 13015 13016 13017
f 13015 13017 13018
f 13015 13018 13019
f 13020 13021 13022
f 13023 13024 13025
f 13026 13027 13028
f 13029 13030 13031
f 13029 13031 13032
f 13033 13034 13035
f 13036 13037 13038
f 13036 13038 13039
f 13036 13039 13040
f 13036 13040 13041
f 13042 13043 13044
f 13045 13046 13047
f 13048 13049 13050
f 13048 13050 13051
f 13052 13053 13054
f 13052 13054 13055
f 13056 13057 13058
f 13059 13060 13061
f 13062 13063 13064
f 13065 13066 13067
f 13065 13067 13068
f 13069 13070 13071
f 13072 13073 13074
f 13072 13074 13075
f 13072 13075 13076
f 13077 13078 13079
f 13080 13081 13082
f 13080 13082 13083
f 13084 13085 13086
f 13087 13088 13089
f 13087 13089 13090
f 13091 13092 13093
f 13091 13093 13094
f 13091 13094 13095
f 13096 13097 13098
f 13099 13100 13101
f 13102 13103 13104
f 13105 13106 13107
f 13108 13109 13110
f 13111 13112 13113
f 13111 13113 13114
f 13111 13114 13115
f 13116 13117 13118
f 13119 13120 13121
f 13119 13121 13122
