v 42.66667 2.057585 62.66667
v 68.66667 2.057585 62.66667
v 68.66667 2.057585 42.66667
v 42.66667 2.057585 42.66667
v 17.83333 2.057585 42.66667
v 16.66667 2.057585 42.66667
v 17.33333 2.057585 43.5
v 19 2.057585 44
v 19 2.057585 43.66667
v 0 2.057585 62.66667
v 21.33333 2.057585 51.16667
v 19.83333 2.057585 51.16667
v 42.66667 2.057585 42.66667
v 27.5 2.057585 42.66667
v 27.33333 2.057585 45.66667
v 42.66667 2.057585 42.66667
v 26.5 2.057585 48.66667
v 26.16667 2.057585 49
v 18 2.057585 47.33334
v 17.66667 2.057585 47.5
v 17.83333 2.057585 48
v 18.33333 2.057585 48
v 18 2.057585 47.33334
v 18.33333 2.057585 48
v 18.83333 2.057585 48
v 19.66667 2.057585 48
v 20.5 2.057585 47.83334
v 20.5 2.057585 47.5
v 18 2.057585 46.66667
v 18 2.057585 47.33334
v 18.83333 2.057585 48
v 6.833333 2.057585 48.83334
v 6.666667 2.057585 48
v 5.5 2.057585 49
v 5.5 2.057585 49
v 4.5 2.057585 49
v 3.5 2.057585 49.5
v 7.833333 2.057585 49.5
v 6.833333 2.057585 48.83334
v 5.5 2.057585 49
v 3.5 2.057585 49.5
v 19.66667 2.057585 48
v 18.83333 2.057585 48
v 19 2.057585 48.33334
v 19.5 2.057585 48.33334
v 9.166667 2.057585 49.5
v 10.16667 2.057585 49.5
v 9.666667 2.057585 49
v 23.83333 2.057585 49
v 23.16667 2.057585 49
v 23 2.057585 49.66667
v 26.16667 2.057585 49
v 23.83333 2.057585 49
v 23 2.057585 49.66667
v 27.33333 2.057585 45.66667
v 26.33333 2.057585 47
v 26.5 2.057585 48.66667
v 42.66667 2.057585 42.66667
v 11 2.057585 50.16667
v 10.16667 2.057585 49.5
v 9.166667 2.057585 49.5
v 3.5 2.057585 49.5
v 1.666667 2.057585 49.66667
v 1.333333 2.057585 50.16667
v 11 2.057585 50.16667
v 7.833333 2.057585 49.5
v 11 2.057585 50.16667
v 9.166667 2.057585 49.5
v 7.833333 2.057585 49.5
v 14 2.057585 50.16667
v 13.66667 2.057585 49.66667
v 12.83333 2.057585 49.66667
v 11.83333 2.057585 50.16667
v 19 2.057585 50.16667
v 17.16667 2.057585 50
v 17 2.057585 50.33334
v 19.16667 2.057585 50.5
v 19 2.057585 50.16667
v 17 2.057585 50.33334
v 16 2.057585 50.5
v 42.66667 2.057585 62.66667
v 42.66667 2.057585 42.66667
v 26.16667 2.057585 49
v 21.33333 2.057585 51.16667
v 0 2.057585 62.66667
v 15.33333 2.057585 50.5
v 14 2.057585 50.16667
v 11.83333 2.057585 50.16667
v 15.33333 2.057585 50.5
v 11.83333 2.057585 50.16667
v 11 2.057585 50.16667
v 26.16667 2.057585 49
v 23 2.057585 49.66667
v 21.33333 2.057585 51.16667
v 19.83333 2.057585 51.16667
v 19.16667 2.057585 50.5
v 16 2.057585 50.5
v 19.83333 2.057585 51.16667
v 16 2.057585 50.5
v 15.33333 2.057585 50.5
v 19.83333 2.057585 51.16667
v 15.33333 2.057585 50.5
v 11 2.057585 50.16667
v 1.333333 2.057585 50.16667
v 0 2.057585 62.66667
v 1.333333 2.057585 50.16667
v 0 2.057585 50.16667
v 0 2.057585 62.66667
v -18.5 2.057585 48.5
v -19.5 2.057585 48.5
v -20 2.057585 48.83334
v -16.83333 2.057585 48.16667
v -17 2.057585 47.33334
v -18.5 2.057585 48.5
v -16.16667 2.057585 48.83334
v -16.83333 2.057585 48.16667
v -18.5 2.057585 48.5
v -20 2.057585 48.83334
v -26.66667 2.057585 49.16667
v -25.66667 2.057585 49.16667
v -27 2.057585 48.16667
v -14.5 2.057585 48.83334
v -13.66667 2.057585 48.83334
v -14 2.057585 48.33334
v -3.833332 2.057585 49.16667
v -2.666668 2.057585 49.16667
v -3.333332 2.057585 48.66667
v -12.83333 2.057585 49.5
v -13.66667 2.057585 48.83334
v -14.5 2.057585 48.83334
v -20 2.057585 48.83334
v -22 2.057585 49.16667
v -22.33333 2.057585 49.5
v -12.83333 2.057585 49.5
v -16.16667 2.057585 48.83334
v -12.83333 2.057585 49.5
v -14.5 2.057585 48.83334
v -16.16667 2.057585 48.83334
v -7 2.057585 49.16667
v -4.833332 2.057585 49.16667
v -6.5 2.057585 48.83334
v -23.83333 2.057585 49.66667
v -24.16667 2.057585 49.16667
v -24.66667 2.057585 49.16667
v -25.66667 2.057585 49.16667
v -26.66667 2.057585 49.16667
v -26.83333 2.057585 49.66667
v -23.83333 2.057585 49.66667
v -24.66667 2.057585 49.16667
v -25.66667 2.057585 49.16667
v -26.83333 2.057585 49.66667
v -1.833332 2.057585 49.83334
v -2.666668 2.057585 49.16667
v -3.833332 2.057585 49.16667
v -7 2.057585 49.16667
v -9.166668 2.057585 49.5
v -9.333332 2.057585 49.83334
v -1.833332 2.057585 49.83334
v -4.833332 2.057585 49.16667
v -1.833332 2.057585 49.83334
v -3.833332 2.057585 49.16667
v -4.833332 2.057585 49.16667
v -40.5 2.057585 49.66667
v -39.83334 2.057585 49.66667
v -40.33334 2.057585 49.33334
v -42.66667 2.057585 49.66667
v -42.33334 2.057585 49.66667
v -42.66667 2.057585 49.5
v -11.33333 2.057585 49.66667
v -11.33333 2.057585 49.5
v -11.66667 2.057585 49.5
v -11.33333 2.057585 49.66667
v -11.66667 2.057585 49.5
v -12.83333 2.057585 49.5
v -22.66667 2.057585 49.66667
v -11.33333 2.057585 49.66667
v -12.83333 2.057585 49.5
v -22.33333 2.057585 49.5
v -1.166668 2.057585 49.83334
v -0.5 2.057585 49.83334
v -0.6666679 2.057585 49.5
v -11 2.057585 50
v -27 2.057585 50
v -28.5 2.057585 51.5
v -39.16667 2.057585 50.33334
v -39.83334 2.057585 49.66667
v -40.5 2.057585 49.66667
v -28.5 2.057585 51.5
v -29.83333 2.057585 51.5
v -42.66667 2.057585 62.66667
v -23.83333 2.057585 49.66667
v -26.83333 2.057585 49.66667
v -27 2.057585 50
v -22.66667 2.057585 49.66667
v -23.83333 2.057585 49.66667
v -27 2.057585 50
v -11 2.057585 50
v -11.33333 2.057585 49.66667
v -22.66667 2.057585 49.66667
v -27 2.057585 50
v -37.66667 2.057585 50.33334
v -36 2.057585 50.33334
v -36.83334 2.057585 49.83334
v -0.3333321 2.057585 50
v -0.5 2.057585 49.83334
v -1.166668 2.057585 49.83334
v -0.3333321 2.057585 50
v -1.166668 2.057585 49.83334
v -1.833332 2.057585 49.83334
v -9.666668 2.057585 50
v -0.3333321 2.057585 50
v -1.833332 2.057585 49.83334
v -9.333332 2.057585 49.83334
v 0 2.057585 50.16667
v -9.666668 2.057585 50
v -11 2.057585 50
v -28.5 2.057585 51.5
v -42.66667 2.057585 62.66667
v 0 2.057585 62.66667
v 0 2.057585 50.16667
v -0.3333321 2.057585 50
v -9.666668 2.057585 50
v -29.83333 2.057585 51.5
v -33 2.057585 50.66667
v -35.16667 2.057585 50.66667
v -33 2.057585 50.66667
v -30.83333 2.057585 50.66667
v -32.66667 2.057585 50.16667
v -35.16667 2.057585 50.66667
v -36 2.057585 50.33334
v -37.66667 2.057585 50.33334
v -29.83333 2.057585 51.5
v -30.83333 2.057585 50.66667
v -33 2.057585 50.66667
v -39.16667 2.057585 50.33334
v -40.5 2.057585 49.66667
v -42.33334 2.057585 49.66667
v -39.16667 2.057585 50.33334
v -42.33334 2.057585 49.66667
v -42.66667 2.057585 49.66667
v -42.66667 2.057585 62.66667
v -35.16667 2.057585 50.66667
v -37.66667 2.057585 50.33334
v -39.16667 2.057585 50.33334
v -42.66667 2.057585 62.66667
v -29.83333 2.057585 51.5
v -66.83334 2.057585 48.33334
v -67 2.057585 47.66667
v -68.16667 2.057585 48.66667
v -68.16667 2.057585 48.66667
v -69 2.057585 48.66667
v -70 2.057585 49.16667
v -65.66667 2.057585 49.16667
v -66.83334 2.057585 48.33334
v -68.16667 2.057585 48.66667
v -70 2.057585 49.16667
v -79.83334 2.057585 48.83334
v -78.5 2.057585 48.83334
v -79.66667 2.057585 48
v -42.66667 2.057585 49.5
v -43.16667 2.057585 48.16667
v -44.5 2.057585 49.33334
v -85.33334 2.057585 62.66667
v -42.66667 2.057585 62.66667
v -50 2.057585 50.5
v -81.5 2.057585 50.5
v -77.5 2.057585 48.83334
v -76.33334 2.057585 48.83334
v -76.83334 2.057585 48.33334
v -63.5 2.057585 49.16667
v -63.66667 2.057585 48.66667
v -64 2.057585 48.66667
v -64.5 2.057585 49.16667
v -78.5 2.057585 48.83334
v -79.83334 2.057585 48.83334
v -80.33334 2.057585 49.5
v -75.5 2.057585 49.5
v -76.33334 2.057585 48.83334
v -77.5 2.057585 48.83334
v -80.33334 2.057585 49.5
v -75.5 2.057585 49.5
v -77.5 2.057585 48.83334
v -78.5 2.057585 48.83334
v -56.5 2.057585 49.33334
v -55.16667 2.057585 49.33334
v -56 2.057585 49
v -53.5 2.057585 49.33334
v -52.66667 2.057585 49.33334
v -53.16667 2.057585 49
v -44.5 2.057585 49.33334
v -48.16667 2.057585 50
v -48.66667 2.057585 50.5
v -42.66667 2.057585 62.66667
v -42.66667 2.057585 49.5
v -74.66667 2.057585 49.5
v -74 2.057585 49.5
v -74.16667 2.057585 49.16667
v -62.66667 2.057585 49.83334
v -63.5 2.057585 49.16667
v -64.5 2.057585 49.16667
v -70 2.057585 49.16667
v -71.83334 2.057585 49.33334
v -72.16667 2.057585 49.83334
v -62.66667 2.057585 49.83334
v -65.66667 2.057585 49.16667
v -62.66667 2.057585 49.83334
v -64.5 2.057585 49.16667
v -65.66667 2.057585 49.16667
v -52 2.057585 50
v -52.66667 2.057585 49.33334
v -53.5 2.057585 49.33334
v -52 2.057585 50
v -53.5 2.057585 49.33334
v -55.16667 2.057585 49.33334
v -59.16667 2.057585 50
v -52 2.057585 50
v -55.16667 2.057585 49.33334
v -56.5 2.057585 49.33334
v -73.66667 2.057585 49.83334
v -74 2.057585 49.5
v -74.66667 2.057585 49.5
v -73.66667 2.057585 49.83334
v -74.66667 2.057585 49.5
v -75.5 2.057585 49.5
v -80.83334 2.057585 49.83334
v -73.66667 2.057585 49.83334
v -75.5 2.057585 49.5
v -80.33334 2.057585 49.5
v -60.66667 2.057585 50.33334
v -61.16667 2.057585 49.83334
v -61.83334 2.057585 49.83334
v -60.66667 2.057585 50.33334
v -61.83334 2.057585 49.83334
v -62.66667 2.057585 49.83334
v -73.66667 2.057585 49.83334
v -80.83334 2.057585 49.83334
v -81.33334 2.057585 50.33334
v -72.16667 2.057585 49.83334
v -73.66667 2.057585 49.83334
v -81.33334 2.057585 50.33334
v -60.66667 2.057585 50.33334
v -62.66667 2.057585 49.83334
v -72.16667 2.057585 49.83334
v -81.33334 2.057585 50.33334
v -50.16667 2.057585 50.33334
v -50.33334 2.057585 50
v -50.66667 2.057585 50
v -50.16667 2.057585 50.33334
v -50.66667 2.057585 50
v -52 2.057585 50
v -59.83334 2.057585 50.33334
v -50.16667 2.057585 50.33334
v -52 2.057585 50
v -59.16667 2.057585 50
v -50 2.057585 50.5
v -50.16667 2.057585 50.33334
v -59.83334 2.057585 50.33334
v -50 2.057585 50.5
v -59.83334 2.057585 50.33334
v -60.66667 2.057585 50.33334
v -81.5 2.057585 50.5
v -50 2.057585 50.5
v -60.66667 2.057585 50.33334
v -81.33334 2.057585 50.33334
v -42.66667 2.057585 62.66667
v -48.66667 2.057585 50.5
v -50 2.057585 50.5
v -81.5 2.057585 50.5
v -83 2.057585 50.5
v -85.33334 2.057585 62.66667
v -83 2.057585 50.5
v -84 2.057585 49.5
v -85.33334 2.057585 49.16667
v -85.33334 2.057585 62.66667
v -119.8333 2.057585 46.83334
v -120 2.057585 46.16667
v -121.1667 2.057585 47.16667
v -121.1667 2.057585 47.16667
v -122.1667 2.057585 47.16667
v -123.1667 2.057585 47.66667
v -118.8333 2.057585 47.66667
v -118.8333 2.057585 47.66667
v -119.8333 2.057585 46.83334
v -121.1667 2.057585 47.16667
v -117.5 2.057585 47.66667
v -116.5 2.057585 47.66667
v -117 2.057585 47.16667
v -96 2.057585 48
v -96.33333 2.057585 47.16667
v -97.5 2.057585 48.16667
v -97.5 2.057585 48.16667
v -98.66666 2.057585 48.16667
v -99.66666 2.057585 48.66667
v -95 2.057585 48.66667
v -96 2.057585 48
v -97.5 2.057585 48.16667
v -99.66666 2.057585 48.66667
v -88 2.057585 49.66667
v -92 2.057585 49.33334
v -102 2.057585 49.33334
v -115.8333 2.057585 48.33334
v -116.5 2.057585 47.66667
v -117.5 2.057585 47.66667
v -123.1667 2.057585 47.66667
v -125 2.057585 47.83334
v -125.5 2.057585 48.33334
v -115.8333 2.057585 48.33334
v -118.8333 2.057585 47.66667
v -115.8333 2.057585 48.33334
v -117.5 2.057585 47.66667
v -118.8333 2.057585 47.66667
v -109.6667 2.057585 48
v -108.1667 2.057585 48
v -109.1667 2.057585 47.66667
v -106.5 2.057585 48
v -105.6667 2.057585 48
v -106.1667 2.057585 47.66667
v -104.6667 2.057585 48.83334
v -105.6667 2.057585 48
v -106.5 2.057585 48
v -109.6667 2.057585 48
v -112 2.057585 48.33334
v -112.5 2.057585 48.83334
v -104.6667 2.057585 48.83334
v -108.1667 2.057585 48
v -104.6667 2.057585 48.83334
v -106.5 2.057585 48
v -108.1667 2.057585 48
v -92.83333 2.057585 48.66667
v -93 2.057585 48.16667
v -93.33333 2.057585 48.16667
v -93.83333 2.057585 48.66667
v -113.8333 2.057585 48.83334
v -114.1667 2.057585 48.33334
v -114.6667 2.057585 48.33334
v -85.33333 2.057585 62.66667
v -86.16666 2.057585 49.66667
v -88 2.057585 49.66667
v -113.8333 2.057585 48.83334
v -114.6667 2.057585 48.33334
v -115.8333 2.057585 48.33334
v -85.33333 2.057585 62.66667
v -85.33333 2.057585 49.66667
v -86.16666 2.057585 49.66667
v -113.8333 2.057585 48.83334
v -115.8333 2.057585 48.33334
v -125.5 2.057585 48.33334
v -104.1667 2.057585 48.83334
v -103.3333 2.057585 48.83334
v -103.5 2.057585 48.5
v -92 2.057585 49.33334
v -92.83333 2.057585 48.66667
v -93.83333 2.057585 48.66667
v -99.66666 2.057585 48.66667
v -101.3333 2.057585 48.83334
v -102 2.057585 49.33334
v -92 2.057585 49.33334
v -95 2.057585 48.66667
v -92 2.057585 49.33334
v -93.83333 2.057585 48.66667
v -95 2.057585 48.66667
v -102.8333 2.057585 49.33334
v -103.3333 2.057585 48.83334
v -104.1667 2.057585 48.83334
v -102.8333 2.057585 49.33334
v -104.1667 2.057585 48.83334
v -104.6667 2.057585 48.83334
v -102.8333 2.057585 49.33334
v -104.6667 2.057585 48.83334
v -112.5 2.057585 48.83334
v -102.8333 2.057585 49.33334
v -112.5 2.057585 48.83334
v -113.8333 2.057585 48.83334
v -88 2.057585 49.66667
v -102 2.057585 49.33334
v -102.8333 2.057585 49.33334
v -89 2.057585 49.33334
v -89.5 2.057585 48.83334
v -90 2.057585 48.83334
v -91 2.057585 49.33334
v -86.16666 2.057585 49.66667
v -85.33333 2.057585 49.66667
v -85.33333 2.057585 49.16667
v -88 2.057585 49.66667
v -89 2.057585 49.33334
v -91 2.057585 49.33334
v -88 2.057585 49.66667
v -91 2.057585 49.33334
v -92 2.057585 49.33334
v -126.6667 2.057585 48.33334
v -127.1667 2.057585 47.66667
v -128 2.057585 47.83334
v -128 2.057585 62.66667
v -113.8333 2.057585 48.83334
v -125.5 2.057585 48.33334
v -126.6667 2.057585 48.33334
v -128 2.057585 62.66667
v -85.33333 2.057585 62.66667
v -102.8333 2.057585 49.33334
v -85.33333 2.057585 62.66667
v -88 2.057585 49.66667
v -102.8333 2.057585 49.33334
v -169.6667 2.057585 46.5
v -169.6667 2.057585 45.66667
v -170.6667 2.057585 46.5
v -138 2.057585 49.16667
v -140.8333 2.057585 48.83334
v -141.8333 2.057585 48.83334
v -167.3333 2.057585 47.16667
v -166.3333 2.057585 47.16667
v -166.8333 2.057585 46.66667
v -146 2.057585 47.33334
v -146.1667 2.057585 46.66667
v -147.3333 2.057585 47.66667
v -147.3333 2.057585 47.66667
v -148.5 2.057585 47.66667
v -149.5 2.057585 48.16667
v -144.8333 2.057585 48.16667
v -144.8333 2.057585 48.16667
v -146 2.057585 47.33334
v -147.3333 2.057585 47.66667
v -129.8333 2.057585 46.66667
v -130 2.057585 47
v -129.5 2.057585 47.33334
v -128.8333 2.057585 47.66667
v -131.3333 2.057585 50
v -132.1667 2.057585 50.16667
v -128 2.057585 62.66667
v -128.8333 2.057585 47.66667
v -129.5 2.057585 47.33334
v -129.6667 2.057585 48.33334
v -138 2.057585 49.16667
v -141.8333 2.057585 48.83334
v -151.8333 2.057585 48.83334
v -165.6667 2.057585 47.83334
v -166.3333 2.057585 47.16667
v -167.3333 2.057585 47.16667
v -128 2.057585 62.66667
v -132.1667 2.057585 50.16667
v -132.6667 2.057585 50.16667
v -128 2.057585 47.83334
v -128.8333 2.057585 47.66667
v -129.6667 2.057585 48.33334
v -131.3333 2.057585 50
v -128 2.057585 62.66667
v -158.1667 2.057585 47.5
v -158.3333 2.057585 47.16667
v -159 2.057585 47.16667
v -159.5 2.057585 47.5
v -156.3333 2.057585 47.5
v -155.6667 2.057585 47.5
v -156 2.057585 47.16667
v -154.6667 2.057585 48.33334
v -155.6667 2.057585 47.5
v -156.3333 2.057585 47.5
v -159.5 2.057585 47.5
v -161.8333 2.057585 47.83334
v -162.3333 2.057585 48.33334
v -154.6667 2.057585 48.33334
v -158.1667 2.057585 47.5
v -154.6667 2.057585 48.33334
v -156.3333 2.057585 47.5
v -158.1667 2.057585 47.5
v -163.6667 2.057585 48.33334
v -164.1667 2.057585 47.66667
v -165.6667 2.057585 47.83334
v -132.6667 2.057585 50.16667
v -136 2.057585 49.16667
v -138 2.057585 49.16667
v -143.6667 2.057585 48.16667
v -142.6667 2.057585 48.16667
v -143.1667 2.057585 47.66667
v -141.8333 2.057585 48.83334
v -142.6667 2.057585 48.16667
v -143.6667 2.057585 48.16667
v -149.5 2.057585 48.16667
v -151.1667 2.057585 48.33334
v -151.8333 2.057585 48.83334
v -141.8333 2.057585 48.83334
v -144.8333 2.057585 48.16667
v -141.8333 2.057585 48.83334
v -143.6667 2.057585 48.16667
v -144.8333 2.057585 48.16667
v -152.8333 2.057585 48.83334
v -153.3333 2.057585 48.33334
v -154 2.057585 48.33334
v -152.8333 2.057585 48.83334
v -154 2.057585 48.33334
v -154.6667 2.057585 48.33334
v -165.6667 2.057585 47.83334
v -167.3333 2.057585 47.16667
v -168.6667 2.057585 47.16667
v -132.6667 2.057585 50.16667
v -133.8333 2.057585 49.16667
v -136 2.057585 49.16667
v -138 2.057585 49.16667
v -151.8333 2.057585 48.83334
v -152.8333 2.057585 48.83334
v -138.8333 2.057585 48.83334
v -139.3333 2.057585 48.33334
v -139.8333 2.057585 48.33334
v -140.8333 2.057585 48.83334
v -136 2.057585 49.16667
v -133.8333 2.057585 49.16667
v -135.5 2.057585 48.66667
v -138 2.057585 49.16667
v -138.8333 2.057585 48.83334
v -140.8333 2.057585 48.83334
v -168.6667 2.057585 47.16667
v -169.6667 2.057585 46.5
v -170.6667 2.057585 46.5
v -170.6667 2.057585 62.66667
v -163.6667 2.057585 48.33334
v -165.6667 2.057585 47.83334
v -168.6667 2.057585 47.16667
v -170.6667 2.057585 62.66667
v -152.8333 2.057585 48.83334
v -154.6667 2.057585 48.33334
v -162.3333 2.057585 48.33334
v -152.8333 2.057585 48.83334
v -162.3333 2.057585 48.33334
v -163.6667 2.057585 48.33334
v -170.6667 2.057585 62.66667
v -128 2.057585 62.66667
v -132.6667 2.057585 50.16667
v -138 2.057585 49.16667
v -152.8333 2.057585 48.83334
v -170.6667 2.057585 62.66667
v -180.1667 2.057585 47.83334
v -176.6667 2.057585 47.83334
v -177.8333 2.057585 46.16667
v -177.8333 2.057585 45.5
v -176.8333 2.057585 44.83334
v -177 2.057585 42.66667
v -180.1667 2.057585 47.83334
v -177.8333 2.057585 46.16667
v -177.8333 2.057585 45.5
v -177.8333 2.057585 45.5
v -177 2.057585 42.66667
v -180.1667 2.057585 42.66667
v -180.1667 2.057585 47.83334
v -175.8333 2.057585 42.66667
v -175.6667 2.057585 43.16667
v -175.1667 2.057585 43.16667
v -175.1667 2.057585 43.16667
v -173.6667 2.057585 43.33334
v -174 2.057585 42.66667
v -175.8333 2.057585 42.66667
v -175.1667 2.057585 43.16667
v -175.6667 2.057585 43.16667
v -175.6667 2.057585 43.66667
v -175.3333 2.057585 47.83334
v -176.6667 2.057585 47.83334
v -180.1667 2.057585 62.66667
v -170.6667 2.057585 62.66667
v -176.6667 2.057585 47.83334
v -180.1667 2.057585 47.83334
v -180.1667 2.057585 62.66667
v -173.5 2.057585 47.33334
v -174.8333 2.057585 47.33334
v -175.3333 2.057585 47.83334
v -170.6667 2.057585 62.66667
v -170.6667 2.057585 46.5
v -173.5 2.057585 47.33334
v -170.6667 2.057585 62.66667
v 53.83334 2.057585 4
v 53.83334 2.057585 2.5
v 52.66667 2.057585 2.5
v 53.83334 2.057585 4
v 52.66667 2.057585 2.5
v 52 2.057585 1.833333
v 46.16667 2.057585 5.5
v 54.5 2.057585 5.5
v 42.66667 2.057585 0
v 43 2.057585 5.5
v 46.16667 2.057585 5.5
v 52 2.057585 1.833333
v 51.5 2.057585 0
v 42.66667 2.057585 0
v 42.66667 2.057585 5.5
v 43 2.057585 5.5
v 58 2.057585 13.16667
v 57.66667 2.057585 13.16667
v 57.66667 2.057585 14.33333
v 60.83334 2.057585 7.833333
v 59.83334 2.057585 9
v 60.33334 2.057585 9.666667
v 61.16667 2.057585 6.833333
v 60.83334 2.057585 7.833333
v 60.33334 2.057585 9.666667
v 60.33334 2.057585 10.83333
v 68.66667 2.057585 15.33333
v 68.66667 2.057585 0
v 55.66667 2.057585 15.33333
v 68.66667 2.057585 15.33333
v 57.33334 2.057585 14.66667
v 61.66667 2.057585 2.666667
v 61.33334 2.057585 3.333333
v 61.16667 2.057585 6.833333
v 68.66667 2.057585 0
v 60.33334 2.057585 10.83333
v 58 2.057585 13.16667
v 57.66667 2.057585 14.33333
v 68.66667 2.057585 15.33333
v 68.66667 2.057585 0
v 61.16667 2.057585 0
v 61.66667 2.057585 1.333333
v 68.66667 2.057585 0
v 61.66667 2.057585 1.333333
v 61.66667 2.057585 2.666667
v 68.66667 2.057585 15.33333
v 57.66667 2.057585 14.33333
v 57.33334 2.057585 14.66667
v 42.66667 2.057585 5.833333
v 43 2.057585 5.5
v 42.66667 2.057585 5.5
v 53 2.057585 6.333333
v 53.33334 2.057585 6.333333
v 53.83334 2.057585 5.666667
v 51.66667 2.057585 6.333333
v 53 2.057585 6.333333
v 53.83334 2.057585 5.666667
v 46.16667 2.057585 5.5
v 47.16667 2.057585 6.333333
v 51.66667 2.057585 6.333333
v 53.83334 2.057585 5.666667
v 53.83334 2.057585 5.666667
v 54.5 2.057585 5.5
v 46.16667 2.057585 5.5
v 47.16667 2.057585 6.333333
v 47.16667 2.057585 6.5
v 47.5 2.057585 6.5
v 47.16667 2.057585 6.333333
v 47.5 2.057585 6.5
v 48.83334 2.057585 6.5
v 48.83334 2.057585 6.5
v 50.5 2.057585 6.5
v 51.66667 2.057585 6.333333
v 47.16667 2.057585 6.333333
v 50.5 2.057585 6.5
v 48.83334 2.057585 6.5
v 49.16667 2.057585 7
v 42.66667 2.057585 15.16667
v 44 2.057585 15.16667
v 42.66667 2.057585 14
v 53 2.057585 14.66667
v 53.83334 2.057585 14.66667
v 53.5 2.057585 14.16667
v 51.5 2.057585 14.66667
v 51.16667 2.057585 14.33333
v 50.33334 2.057585 14.33333
v 49.83334 2.057585 14.66667
v 54.66667 2.057585 15.33333
v 53.83334 2.057585 14.66667
v 53 2.057585 14.66667
v 49.83334 2.057585 14.66667
v 47.5 2.057585 15
v 47.33334 2.057585 15.33333
v 54.66667 2.057585 15.33333
v 51.5 2.057585 14.66667
v 54.66667 2.057585 15.33333
v 53 2.057585 14.66667
v 51.5 2.057585 14.66667
v 44.66667 2.057585 15.16667
v 45.33334 2.057585 15.16667
v 45.16667 2.057585 14.83333
v 45.66667 2.057585 15.5
v 45.33334 2.057585 15.16667
v 44.66667 2.057585 15.16667
v 68.66667 2.057585 42.66667
v 68.66667 2.057585 15.5
v 47.16667 2.057585 15.5
v 42.66667 2.057585 42.66667
v 47.16667 2.057585 15.5
v 45.66667 2.057585 15.5
v 42.66667 2.057585 42.66667
v 54.66667 2.057585 15.33333
v 47.33334 2.057585 15.33333
v 47.16667 2.057585 15.5
v 55.66667 2.057585 15.33333
v 54.66667 2.057585 15.33333
v 47.16667 2.057585 15.5
v 68.66667 2.057585 15.5
v 68.66667 2.057585 15.33333
v 55.66667 2.057585 15.33333
v 47.16667 2.057585 15.5
v 45.66667 2.057585 15.5
v 44.66667 2.057585 15.16667
v 44 2.057585 15.16667
v 45.66667 2.057585 15.5
v 44 2.057585 15.16667
v 42.66667 2.057585 15.16667
v 42.66667 2.057585 42.66667
v 21.16667 5.140918 1.5
v 19.5 5.057585 0.6666667
v 17.83333 5.057585 0.5
v 11.33333 5.140918 5.5
v 23.33333 5.057585 5.5
v 22.66667 5.057585 3.333333
v 16.66667 2.057585 42.66667
v 17.83333 2.057585 42.66667
v 17.66667 2.057585 41.5
v 15.83333 2.057585 41.5
v 11.33333 5.140918 5.5
v 17.83333 5.057585 0.5
v 17.33333 5.224252 0
v 10.83333 4.890918 5.5
v 41.83334 2.057585 6
v 42.5 2.057585 6
v 42.66667 2.057585 5.833333
v 41.16667 2.057585 6
v 41.83334 2.057585 6
v 42.66667 2.057585 5.833333
v 31.33333 2.057585 4.333333
v 31.5 2.057585 5
v 33 2.057585 5
v 40.5 2.057585 6
v 41.16667 2.057585 6
v 42.66667 2.057585 5.833333
v 27.66667 2.057585 0
v 28.33333 2.057585 2.333333
v 29.5 2.057585 2.666667
v 38.83334 2.057585 6
v 40.5 2.057585 6
v 42.66667 2.057585 5.833333
v 29.5 2.057585 2.666667
v 31.33333 2.057585 4.333333
v 33 2.057585 5
v 33 2.057585 5
v 34.33334 2.057585 6
v 38.83334 2.057585 6
v 38.83334 2.057585 6
v 42.66667 2.057585 5.833333
v 42.66667 2.057585 0
v 27.66667 2.057585 0
v 29.5 2.057585 2.666667
v 33 2.057585 5
v 27.83333 2.057585 5
v 27.16667 2.057585 5.666667
v 28.16667 2.057585 5.666667
v 29 2.057585 5.666667
v 29.66667 2.057585 5.666667
v 30.16667 2.057585 5
v 29.16667 2.057585 4
v 28 2.057585 3.666667
v 27.83333 2.057585 5
v 27.83333 2.057585 5
v 28.16667 2.057585 5.666667
v 29 2.057585 5.666667
v 11.5 3.724252 8.166667
v 11.16667 3.724252 6.833333
v 9.666667 3.724252 6.833333
v 9 3.724252 8.166667
v 4.666667 2.057585 41.16667
v 3 2.057585 41.16667
v 3.333333 2.057585 41.66667
v 9 3.724252 8.166667
v 9.666667 3.724252 6.833333
v 9.333334 3.724252 6.5
v 8.166667 3.724252 8.166667
v 9.666667 2.057585 41
v 8.833334 2.057585 41
v 9.333334 2.057585 41.33334
v 12.33333 5.057585 7.166667
v 13.33333 5.140918 9.166667
v 14.16667 5.057585 9.166667
v 12.33333 5.057585 7.166667
v 14.16667 5.057585 9.166667
v 14.83333 5.057585 9.166667
v 22.16667 5.140918 9.166667
v 22.66667 5.057585 8.666667
v 23.33333 5.057585 5.5
v 12.33333 5.057585 6.166667
v 12.33333 5.057585 7.166667
v 14.83333 5.057585 9.166667
v 23.33333 5.057585 5.5
v 11.33333 5.140918 5.5
v 12.33333 5.057585 6.166667
v 27.16667 2.057585 5.666667
v 25.33333 2.057585 6.166667
v 26.5 2.057585 6.166667
v 27.16667 2.057585 5.666667
v 26.5 2.057585 6.166667
v 27.16667 2.057585 6.666667
v 28.16667 2.057585 5.666667
v 38.83334 2.057585 6
v 34.33334 2.057585 6
v 36 2.057585 6.166667
v 38.83334 2.057585 6
v 36 2.057585 6.166667
v 36.16667 2.057585 6.5
v 42.5 2.057585 6
v 41.83334 2.057585 6
v 42.33334 2.057585 6.333333
v 20.83333 2.057585 10
v 19.66667 2.057585 10
v 21 2.057585 10.33333
v 21.16667 2.057585 9.666667
v 20.83333 2.057585 10
v 21 2.057585 10.33333
v 22.66667 2.057585 8.333334
v 22.66667 2.057585 7.666667
v 21.5 2.057585 6.333333
v 21.16667 2.057585 6.333333
v 21.16667 2.057585 9.666667
v 22.66667 2.057585 8.333334
v 5.166667 3.724252 9
v 7.166667 3.974252 9
v 8.166667 3.724252 8.166667
v 0.8333334 3.724252 8.166667
v 2.333333 3.724252 9
v 3.833333 3.724252 9
v 4.5 3.724252 9
v 5.166667 3.724252 9
v 8.166667 3.724252 8.166667
v 0.8333334 3.724252 8.166667
v 3.833333 3.724252 9
v 4.5 3.724252 9
v 0.8333334 3.724252 8.166667
v 10.83333 3.724252 8.5
v 11.5 3.724252 8.5
v 11.5 3.724252 8.166667
v 9 3.724252 8.166667
v 9.666667 3.724252 8.5
v 10 3.724252 8.5
v 10 3.724252 8.5
v 10.83333 3.724252 8.5
v 11.5 3.724252 8.166667
v 9 3.724252 8.166667
v 11.5 3.724252 8.5
v 10.83333 3.724252 8.5
v 11.66667 3.724252 8.666667
v 4.5 3.724252 9
v 3.833333 3.724252 9
v 4 3.724252 9.333334
v 7.166667 3.974252 9
v 5.166667 3.724252 9
v 5.5 3.974252 9.5
v 6.833333 4.140918 9.5
v 14.16667 5.057585 9.166667
v 13.33333 5.140918 9.166667
v 13.5 5.057585 9.5
v 20.66667 5.140918 10.16667
v 21.66667 5.057585 9.833334
v 22.16667 5.140918 9.166667
v 14.83333 5.057585 9.166667
v 16.5 5.057585 9.833334
v 17.83333 5.057585 11.5
v 20.5 5.057585 10.83333
v 20.66667 5.140918 10.16667
v 16.5 5.057585 9.833334
v 24.33333 2.057585 10
v 23.66667 2.057585 9.166667
v 23.5 2.057585 9.833334
v 23.16667 2.057585 12.83333
v 24.83333 2.057585 12.83333
v 24.16667 2.057585 12.16667
v 22.5 2.057585 12.16667
v 23.16667 2.057585 12.83333
v 24.16667 2.057585 12.16667
v 24.33333 2.057585 10
v 23.5 2.057585 9.833334
v 22.5 2.057585 10.83333
v 26 2.057585 12.83333
v 26.66667 2.057585 12.83333
v 26.83333 2.057585 12.5
v 26.16667 2.057585 13.66667
v 26.66667 2.057585 12.83333
v 26 2.057585 12.83333
v 26.16667 2.057585 13.66667
v 26 2.057585 12.83333
v 24.83333 2.057585 12.83333
v 24.83333 2.057585 12.83333
v 23.16667 2.057585 12.83333
v 24 2.057585 14.66667
v 26.16667 2.057585 13.66667
v 39.83334 2.057585 13.83333
v 39.5 2.057585 13
v 38.33334 2.057585 14
v 41 2.057585 14.5
v 39.83334 2.057585 13.83333
v 38.33334 2.057585 14
v 36.33334 2.057585 14.5
v 28.66667 2.057585 14.16667
v 30.33333 2.057585 14.16667
v 29.66667 2.057585 13.66667
v 42 2.057585 14.5
v 42.66667 2.057585 14.5
v 42.66667 2.057585 14
v 28.16667 2.057585 14.16667
v 27.5 2.057585 14.16667
v 26.66667 2.057585 14.83333
v 28.66667 2.057585 14.16667
v 28.16667 2.057585 14.16667
v 26.66667 2.057585 14.83333
v 31.16667 2.057585 14.83333
v 30.33333 2.057585 14.16667
v 28.66667 2.057585 14.16667
v 26.66667 2.057585 14.83333
v 32.5 2.057585 14.83333
v 32.5 2.057585 14.5
v 32.16667 2.057585 14.5
v 31.66667 2.057585 14.83333
v 9.666667 4.474252 5.666667
v 10.83333 4.890918 5.5
v 17.33333 5.224252 0
v 9.666667 4.474252 5.666667
v 17.33333 5.224252 0
v 0 3.724252 0
v 0 3.724252 8
v 8.166667 3.724252 8.166667
v 9.333334 3.724252 6.5
v 9.666667 4.474252 5.666667
v 0 3.724252 8
v 0.8333334 3.724252 8.166667
v 32.83334 2.057585 15.16667
v 32.5 2.057585 14.83333
v 31.66667 2.057585 14.83333
v 32.83334 2.057585 15.16667
v 31.66667 2.057585 14.83333
v 31.16667 2.057585 14.83333
v 26.16667 2.057585 15.16667
v 32.83334 2.057585 15.16667
v 31.16667 2.057585 14.83333
v 26.66667 2.057585 14.83333
v 6.833333 2.057585 15.83333
v 6.666667 2.057585 15.16667
v 5.5 2.057585 16.16667
v 5.5 2.057585 16.16667
v 4.5 2.057585 16.16667
v 3.5 2.057585 16.66667
v 8 2.057585 16.66667
v 8 2.057585 16.66667
v 6.833333 2.057585 15.83333
v 5.5 2.057585 16.16667
v 26.16667 2.057585 15.16667
v 25.83333 2.057585 15.16667
v 25.83333 2.057585 15.5
v 26 2.057585 35.16667
v 25.16667 2.057585 35.16667
v 25 2.057585 35.83334
v 26.16667 2.057585 37
v 25.66667 2.057585 22.33333
v 24.83333 2.057585 22.5
v 26 2.057585 23.66667
v 27 2.057585 31.33333
v 26 2.057585 32.16667
v 26.5 2.057585 32.83334
v 32.83334 2.057585 15.16667
v 26.83333 2.057585 17.16667
v 26.83333 2.057585 18.33333
v 26.83333 2.057585 18.33333
v 25.66667 2.057585 19.5
v 26.33333 2.057585 20.16667
v 26.16667 2.057585 15.16667
v 25.83333 2.057585 15.5
v 26.83333 2.057585 17.16667
v 32.83334 2.057585 15.16667
v 26.83333 2.057585 26.33333
v 26.83333 2.057585 27.33333
v 27.5 2.057585 28.33333
v 26.33333 2.057585 34.83334
v 26 2.057585 35.16667
v 26.16667 2.057585 37
v 27.5 2.057585 29.16667
v 26.83333 2.057585 29.66667
v 27 2.057585 31.33333
v 26.33333 2.057585 21.33333
v 25.66667 2.057585 22.33333
v 26 2.057585 23.66667
v 26 2.057585 23.66667
v 26 2.057585 24.5
v 26.83333 2.057585 26.33333
v 26.83333 2.057585 18.33333
v 26.33333 2.057585 20.16667
v 26.33333 2.057585 21.33333
v 27 2.057585 31.33333
v 26.5 2.057585 32.83334
v 26.33333 2.057585 34.83334
v 27 2.057585 38.83334
v 27 2.057585 41
v 27.5 2.057585 42.66667
v 26.33333 2.057585 34.83334
v 26.16667 2.057585 37
v 27 2.057585 38.83334
v 27.5 2.057585 29.16667
v 27 2.057585 31.33333
v 26 2.057585 23.66667
v 26.83333 2.057585 26.33333
v 27.5 2.057585 28.33333
v 26.83333 2.057585 18.33333
v 26.33333 2.057585 21.33333
v 26 2.057585 23.66667
v 27.5 2.057585 28.33333
v 34.33334 2.057585 15.16667
v 32.83334 2.057585 15.16667
v 3 2.057585 41.16667
v 4.666667 2.057585 41.16667
v 6.166667 2.057585 41
v 1.333333 2.057585 41
v 34.33334 2.057585 15.16667
v 27.5 2.057585 28.33333
v 27.5 2.057585 29.16667
v 9 2.057585 16.66667
v 10.16667 2.057585 16.66667
v 9.666667 2.057585 16.16667
v 11 2.057585 17.33333
v 10.16667 2.057585 16.66667
v 9 2.057585 16.66667
v 3.5 2.057585 16.66667
v 1.666667 2.057585 16.83333
v 1.333333 2.057585 17.33333
v 11 2.057585 17.33333
v 8 2.057585 16.66667
v 11 2.057585 17.33333
v 9 2.057585 16.66667
v 8 2.057585 16.66667
v 14 2.057585 17.33333
v 13.66667 2.057585 16.83333
v 13 2.057585 16.83333
v 11.83333 2.057585 17.33333
v 42.66667 2.057585 14.5
v 42 2.057585 14.5
v 34.33334 2.057585 15.16667
v 15.33333 2.057585 17.66667
v 14 2.057585 17.33333
v 11.83333 2.057585 17.33333
v 15.33333 2.057585 17.66667
v 11.83333 2.057585 17.33333
v 11 2.057585 17.33333
v 42 2.057585 14.5
v 41 2.057585 14.5
v 34.33334 2.057585 15.16667
v 16.16667 2.057585 17.66667
v 17.16667 2.057585 17.66667
v 17 2.057585 17.33333
v 17.16667 2.057585 19.33333
v 17.16667 2.057585 17.66667
v 16.16667 2.057585 17.66667
v 17.83333 2.057585 21.16667
v 18.16667 2.057585 20
v 17.16667 2.057585 19.33333
v 17.16667 2.057585 19.33333
v 16.16667 2.057585 17.66667
v 15.33333 2.057585 17.66667
v 8 2.057585 21.16667
v 17.83333 2.057585 21.16667
v 27.5 2.057585 29.16667
v 27 2.057585 38.83334
v 27.5 2.057585 42.66667
v 42.66667 2.057585 42.66667
v 42.66667 2.057585 14.5
v 34.33334 2.057585 15.16667
v 36.33334 2.057585 14.5
v 34.66667 2.057585 14.66667
v 34.33334 2.057585 15.16667
v 41 2.057585 14.5
v 3 2.057585 22.66667
v 4.5 2.057585 21.66667
v 1.333333 2.057585 17.33333
v 3 2.057585 22.66667
v 1.333333 2.057585 17.33333
v 0 2.057585 17.33333
v 0.8333334 2.057585 33.33334
v 3 2.057585 25.66667
v 6.666667 2.057585 21.16667
v 11 2.057585 17.33333
v 1.333333 2.057585 17.33333
v 4.5 2.057585 21.66667
v 2.833333 2.057585 32.33334
v 4.166667 2.057585 32.33334
v 4.333333 2.057585 28.16667
v 8 2.057585 21.16667
v 15.33333 2.057585 17.66667
v 11 2.057585 17.33333
v 6.666667 2.057585 21.16667
v 1.333333 2.057585 41
v 1.666667 2.057585 41.16667
v 3 2.057585 41.16667
v 1.333333 2.057585 41
v 1.333333 2.057585 41.16667
v 1.666667 2.057585 41.16667
v 2.833333 2.057585 32.33334
v 4.333333 2.057585 28.16667
v 3.833333 2.057585 27.83333
v 1.333333 2.057585 32.83334
v 13.16667 2.057585 40.5
v 14.33333 2.057585 41.5
v 14.83333 2.057585 41.5
v 14.83333 2.057585 41.5
v 15.83333 2.057585 41.5
v 17.33333 2.057585 40.5
v 13.16667 2.057585 40.5
v 18.33333 2.057585 26.33333
v 18.66667 2.057585 26.16667
v 18 2.057585 23.83333
v 18 2.057585 23.83333
v 18.16667 2.057585 21.5
v 17.83333 2.057585 21.16667
v 11.33333 2.057585 22.83333
v 11.66667 2.057585 24
v 17.33333 2.057585 29.33333
v 18.5 2.057585 28.16667
v 18.33333 2.057585 26.33333
v 17 2.057585 32.66667
v 17.33333 2.057585 32.16667
v 17.33333 2.057585 29.33333
v 11.83333 2.057585 29.5
v 11 2.057585 33
v 11.66667 2.057585 24
v 11.5 2.057585 27.5
v 11.83333 2.057585 27.83333
v 17.33333 2.057585 29.33333
v 18.33333 2.057585 26.33333
v 18 2.057585 23.83333
v 17.83333 2.057585 21.16667
v 9.666667 2.057585 21.5
v 11.33333 2.057585 22.83333
v 9.833334 2.057585 34.83334
v 8.5 2.057585 35.83334
v 16.83333 2.057585 35.83334
v 11 2.057585 33
v 9.833334 2.057585 34.83334
v 16.83333 2.057585 35.83334
v 17 2.057585 32.66667
v 17.83333 2.057585 21.16667
v 8 2.057585 21.16667
v 9.666667 2.057585 21.5
v 11.83333 2.057585 27.83333
v 11.83333 2.057585 29.5
v 17.33333 2.057585 29.33333
v 6.666667 2.057585 22.5
v 6.166667 2.057585 22.66667
v 6 2.057585 23.33333
v 5.166667 2.057585 24
v 4.166667 2.057585 24
v 4.5 2.057585 25.5
v 10.33333 2.057585 25.5
v 10.5 2.057585 24.5
v 10.16667 2.057585 23.33333
v 8.166667 2.057585 25.5
v 8.333334 2.057585 22.5
v 6.666667 2.057585 22.5
v 6 2.057585 23.33333
v 7.333333 2.057585 25.5
v 8.166667 2.057585 25.5
v 10.16667 2.057585 23.33333
v 6 2.057585 23.33333
v 5.166667 2.057585 24
v 4.5 2.057585 25.5
v 7.333333 2.057585 25.5
v 4.5 2.057585 25.5
v 4.833333 2.057585 27
v 5.833333 2.057585 26
v 7.333333 2.057585 25.5
v 4.5 2.057585 25.5
v 5.833333 2.057585 26
v 10.33333 2.057585 25.5
v 8.166667 2.057585 25.5
v 9.833334 2.057585 26.16667
v 10.33333 2.057585 26.16667
v 7.5 2.057585 26.83333
v 6 2.057585 27.83333
v 6.666667 2.057585 28.33333
v 7.833333 2.057585 28.5
v 9.666667 2.057585 27.66667
v 8.333334 2.057585 26.83333
v 8 2.057585 29.83333
v 10.33333 2.057585 29.83333
v 10.16667 2.057585 28.66667
v 5.5 2.057585 29.83333
v 6.5 2.057585 29.83333
v 5.5 2.057585 29.33333
v 6.666667 2.057585 34.16667
v 7.5 2.057585 34.5
v 8.5 2.057585 34.33334
v 5.833333 2.057585 33.16667
v 6.5 2.057585 29.83333
v 5.5 2.057585 29.83333
v 5.333333 2.057585 31.5
v 9.5 2.057585 33
v 10.33333 2.057585 29.83333
v 8 2.057585 29.83333
v 5.333333 2.057585 31.5
v 5.833333 2.057585 33.16667
v 8.5 2.057585 34.33334
v 8 2.057585 29.83333
v 6.5 2.057585 29.83333
v 5.333333 2.057585 31.5
v 4.333333 2.057585 34.16667
v 4.666667 2.057585 33.83334
v 3.666667 2.057585 33.5
v 2.5 2.057585 35.83334
v 3.833333 2.057585 36.5
v 4.5 2.057585 36.16667
v 4.333333 2.057585 34.16667
v 3.666667 2.057585 33.5
v 2.166667 2.057585 34.16667
v 7.5 2.057585 35.83334
v 7.166667 2.057585 35.83334
v 6.833333 2.057585 36.5
v 6.833333 2.057585 36.5
v 6 2.057585 36.5
v 5.5 2.057585 37.16667
v 8.5 2.057585 35.83334
v 7.5 2.057585 35.83334
v 6.833333 2.057585 36.5
v 8.5 2.057585 35.83334
v 6.833333 2.057585 36.5
v 5.5 2.057585 37.16667
v 16.66667 2.057585 37.83334
v 16.83333 2.057585 35.83334
v 4 2.057585 37.83334
v 16.66667 2.057585 37.83334
v 5.5 2.057585 37.16667
v 17 2.057585 40.16667
v 17 2.057585 38.5
v 16.66667 2.057585 37.83334
v 4 2.057585 37.83334
v 10.16667 2.057585 40.5
v 13.16667 2.057585 40.5
v 0.8333334 2.057585 33.33334
v 1.333333 2.057585 32.83334
v 3.833333 2.057585 27.83333
v 3 2.057585 25.66667
v 4 2.057585 37.83334
v 3.166667 2.057585 37.83334
v 0.6666667 2.057585 40.5
v 10.16667 2.057585 40.5
v 13.16667 2.057585 40.5
v 17.33333 2.057585 40.5
v 17 2.057585 40.16667
v 8.833334 2.057585 41
v 9.666667 2.057585 41
v 10.16667 2.057585 40.5
v 8.166667 2.057585 41
v 8.833334 2.057585 41
v 10.16667 2.057585 40.5
v 7 2.057585 41
v 8.166667 2.057585 41
v 10.16667 2.057585 40.5
v 6.166667 2.057585 41
v 7 2.057585 41
v 10.16667 2.057585 40.5
v 6.166667 2.057585 41
v 10.16667 2.057585 40.5
v 0.6666667 2.057585 40.5
v 1.333333 2.057585 41
v 17.66667 2.057585 41.5
v 17.83333 2.057585 40.83334
v 17.33333 2.057585 40.5
v 15.83333 2.057585 41.5
v 0.6666667 2.057585 40.5
v 3.166667 2.057585 37.83334
v 2.333333 2.057585 37.5
v 0 2.057585 40.16667
v 0.6666667 2.057585 40.5
v 2.333333 2.057585 37.5
v 1.333333 2.057585 36.5
v 0 2.057585 40.16667
v 0.8333334 2.057585 35.16667
v 0.8333334 2.057585 33.33334
v 0 2.057585 17.33333
v 0 2.057585 40.16667
v 1.333333 2.057585 36.5
v 0.8333334 2.057585 35.16667
v -40.33334 2.057585 41.33334
v -40.83334 2.057585 41.33334
v -40.5 2.057585 41.66667
v -42.66667 3.724252 0
v -37.33334 3.724252 5.5
v -36.16667 3.724252 5.5
v -20.83333 3.724252 7
v -7.333332 3.724252 7
v 0 3.724252 0
v -42.66667 3.724252 0
v -36.16667 3.724252 5.5
v -4.666668 2.057585 40.66667
v -7.833332 2.057585 41
v -7.666668 2.057585 41.33334
v -9.666668 2.057585 40.66667
v -9.5 2.057585 41
v -7.833332 2.057585 41
v -4.666668 2.057585 40.66667
v -18.66667 2.057585 40.5
v -20.66667 2.057585 40.66667
v -20.5 2.057585 41
v -36.16667 3.724252 5.5
v -35.33334 3.724252 6.5
v -34.66667 3.724252 6.5
v -34.66667 3.724252 6.5
v -34.33334 3.724252 7
v -28.33333 3.724252 7
v -41.66667 3.724252 6.166667
v -40.66667 3.724252 6.166667
v -37.33334 3.724252 5.5
v -34.66667 3.724252 6.5
v -28.33333 3.724252 7
v -27.66667 3.724252 7
v -40.66667 3.724252 6.166667
v -38.16667 3.724252 6.166667
v -37.33334 3.724252 5.5
v -36.16667 3.724252 5.5
v -34.66667 3.724252 6.5
v -27.66667 3.724252 7
v -22 3.724252 7
v -18.66667 2.057585 40.5
v -22.33333 2.057585 40.5
v -20.66667 2.057585 40.66667
v -36.16667 3.724252 5.5
v -22 3.724252 7
v -20.83333 3.724252 7
v -7.333332 3.724252 7
v -6.333332 3.724252 7
v 0 3.724252 0
v -38.16667 3.724252 6.166667
v -40.66667 3.724252 6.166667
v -40 3.724252 7
v -38.5 3.724252 6.666667
v -33.83334 3.724252 7.5
v -34 3.724252 8.333334
v -32.83334 3.724252 8.333334
v -32.83334 3.724252 8.333334
v -32.16667 3.724252 8.833334
v -31.16667 3.724252 8.333334
v -31.16667 3.724252 8.333334
v -29.66667 3.724252 8.333334
v -29.5 3.724252 7.833333
v -34.33334 3.724252 7
v -33.83334 3.724252 7.5
v -32.83334 3.724252 8.333334
v -31.16667 3.724252 8.333334
v -29.5 3.724252 7.833333
v -28.33333 3.724252 7
v -23 3.724252 7.333333
v -22.33333 3.724252 7.333333
v -22 3.724252 7
v -27.66667 3.724252 7
v -27 3.724252 7.333333
v -26.5 3.724252 7.333333
v -27.66667 3.724252 7
v -26.5 3.724252 7.333333
v -25.83333 3.724252 7.333333
v -24.66667 3.724252 7.333333
v -23 3.724252 7.333333
v -22 3.724252 7
v -24.66667 3.724252 7.333333
v -22 3.724252 7
v -27.66667 3.724252 7
v -25.83333 3.724252 7.333333
v -20.83333 3.724252 7
v -20.5 3.724252 7.5
v -17.66667 3.724252 7.5
v -20.83333 3.724252 7
v -17.66667 3.724252 7.5
v -16 3.724252 7.5
v -20.83333 3.724252 7
v -16 3.724252 7.5
v -15.66667 3.724252 7.5
v -20.83333 3.724252 7
v -15.66667 3.724252 7.5
v -14.33333 3.724252 7.5
v -14.33333 3.724252 7.5
v -7.666668 3.724252 7.5
v -7.333332 3.724252 7
v -20.83333 3.724252 7
v -6.333332 3.724252 7
v -6 3.724252 7.833333
v -4.833332 3.724252 7.833333
v -6.333332 3.724252 7
v -4.833332 3.724252 7.833333
v -3.5 3.724252 7.833333
v -42.66667 3.724252 6.666667
v -41.66667 3.724252 6.166667
v -42.66667 3.724252 0
v -22.33333 3.724252 7.333333
v -23 3.724252 7.333333
v -22.5 3.724252 7.833333
v -17.66667 3.724252 7.5
v -20.5 3.724252 7.5
v -20.5 3.724252 8.333334
v -14.33333 3.724252 7.5
v -13.83333 3.724252 8.166667
v -13.16667 3.724252 8.166667
v -7.666668 3.724252 7.5
v -12.83333 3.724252 8.666667
v -7.333332 3.724252 8.666667
v -7.666668 3.724252 8.333334
v -12.83333 3.724252 8.666667
v -7.666668 3.724252 8.333334
v -7.666668 3.724252 7.5
v -13.16667 3.724252 8.166667
v -5.833332 3.724252 8.666667
v -4.833332 3.724252 7.833333
v -6 3.724252 7.833333
v -6.333332 3.724252 8.666667
v -41.66667 3.724252 6.166667
v -37.33334 3.724252 5.5
v -42.66667 3.724252 0
v -6 3.724252 8.833334
v -5.833332 3.724252 8.666667
v -6.333332 3.724252 8.666667
v -7.666668 3.724252 8.833334
v -6 3.724252 8.833334
v -6.333332 3.724252 8.666667
v -7.333332 3.724252 8.666667
v -9.5 3.724252 8.833334
v -7.333332 3.724252 8.666667
v -12.83333 3.724252 8.666667
v -12.66667 3.724252 8.833334
v -9.5 3.724252 8.833334
v -7.666668 3.724252 8.833334
v -7.333332 3.724252 8.666667
v -12.66667 3.724252 9.833334
v -12.33333 3.724252 10.16667
v -11.66667 3.724252 10.16667
v -11.16667 3.724252 9.5
v -12.66667 3.724252 8.833334
v -9.5 3.724252 8.833334
v -12.66667 3.724252 8.833334
v -11.16667 3.724252 9.5
v -10.5 3.724252 9.5
v -42.66667 2.057585 11.33333
v -42.33334 2.057585 11
v -42.66667 2.057585 10.16667
v -39.83334 2.057585 14.16667
v -40.16667 2.057585 13.66667
v -42.66667 2.057585 13.83333
v -37.16667 2.057585 15.66667
v -38.33334 2.057585 14.16667
v -39.83334 2.057585 14.16667
v -6.333332 3.724252 7
v -3.5 3.724252 7.833333
v 0 3.724252 8
v 0 3.724252 0
v -3.5 3.724252 7.833333
v -3.166668 3.724252 8.333334
v 0 3.724252 8
v -17.83333 2.057585 15.16667
v -16 2.057585 15.16667
v -17 2.057585 14.33333
v -31.83333 2.057585 15.5
v -28.66667 2.057585 15.5
v -29.66667 2.057585 14.66667
v -30.83333 2.057585 14.5
v -15 2.057585 15.16667
v -14 2.057585 15.16667
v -14.16667 2.140918 14.5
v -27.5 2.057585 15.5
v -26.33333 2.057585 15.5
v -27 2.057585 15
v -33.83334 2.057585 15.5
v -33.16667 2.057585 15.5
v -33.66667 2.057585 15.16667
v -21 2.057585 16.16667
v -22 2.057585 16.16667
v -22.33333 2.057585 16.5
v -13 2.057585 16.5
v -13 2.057585 16.5
v -14 2.057585 15.16667
v -15 2.057585 15.16667
v -13 2.057585 16.5
v -15 2.057585 15.16667
v -16 2.057585 15.16667
v -13 2.057585 16.5
v -16 2.057585 15.16667
v -17.83333 2.057585 15.16667
v -21 2.057585 16.16667
v -33.16667 2.057585 15.5
v -33.83334 2.057585 15.5
v -34.5 2.057585 16
v -26 2.057585 16
v -26.33333 2.057585 15.5
v -27.5 2.057585 15.5
v -26 2.057585 16
v -27.5 2.057585 15.5
v -28.66667 2.057585 15.5
v -31.83333 2.057585 15.5
v -33.16667 2.057585 15.5
v -34.5 2.057585 16
v -34.5 2.057585 16
v -26 2.057585 16
v -28.66667 2.057585 15.5
v -31.83333 2.057585 15.5
v -3.666668 2.057585 16.16667
v -2.833332 2.057585 16.16667
v -3.166668 2.057585 15.66667
v -29 2.057585 40.33334
v -31.16667 2.057585 40.33334
v -30.5 2.057585 40.66667
v -30.5 2.057585 40.66667
v -30.16667 2.057585 41.33334
v -29.83333 2.057585 41.33334
v -29 2.057585 40.33334
v -32.66667 2.057585 40.33334
v -33.16667 2.057585 40.33334
v -33 2.057585 40.66667
v -23.83333 2.057585 16.66667
v -24.16667 2.057585 16.16667
v -24.83333 2.057585 16.16667
v -23.83333 2.057585 16.66667
v -24.83333 2.057585 16.16667
v -25.66667 2.057585 16.16667
v -31.16667 2.057585 40.33334
v -29 2.057585 40.33334
v -28.66667 2.057585 40.16667
v -33.33334 2.057585 40.16667
v -2 2.057585 16.83333
v -2.833332 2.057585 16.16667
v -3.666668 2.057585 16.16667
v -2 2.057585 16.83333
v -3.666668 2.057585 16.16667
v -5.166668 2.057585 16.16667
v -9.166668 2.057585 16.83333
v -2 2.057585 16.83333
v -5.166668 2.057585 16.16667
v -6.5 2.057585 16.16667
v -11.33333 2.057585 16.66667
v -11.33333 2.057585 16.33333
v -13 2.057585 16.5
v -13 2.057585 16.5
v -22.33333 2.057585 16.5
v -22.66667 2.057585 16.66667
v -11.33333 2.057585 16.66667
v -11 2.057585 17.16667
v -11.33333 2.057585 16.66667
v -22.66667 2.057585 16.66667
v -11 2.057585 17.16667
v -22.66667 2.057585 16.66667
v -23.83333 2.057585 16.66667
v -25.66667 2.057585 16.16667
v -26 2.057585 16
v -34.5 2.057585 16
v -0.3333321 2.057585 17.16667
v -0.5 2.057585 16.83333
v -0.8333321 2.057585 16.83333
v -0.3333321 2.057585 17.16667
v -0.8333321 2.057585 16.83333
v -2 2.057585 16.83333
v -9.833332 2.057585 17.16667
v -0.3333321 2.057585 17.16667
v -2 2.057585 16.83333
v -9.166668 2.057585 16.83333
v -9.833332 2.057585 17.16667
v -11.5 2.057585 21.33333
v -11.33333 2.057585 23.33333
v 0 2.057585 17.33333
v -0.3333321 2.057585 17.16667
v -12.16667 2.057585 20.83333
v -9.833332 2.057585 17.16667
v -11 2.057585 17.16667
v -12.83333 2.057585 20.83333
v -33.33334 2.057585 40.16667
v -32.66667 2.057585 40.33334
v -31.16667 2.057585 40.33334
v -15.5 2.057585 21.66667
v -13.5 2.057585 21.33333
v -12.83333 2.057585 20.83333
v -12.83333 2.057585 20.83333
v -11 2.057585 17.16667
v -23.83333 2.057585 16.66667
v -29.16667 2.057585 24
v -16.83333 2.057585 24
v -15.5 2.057585 21.66667
v -33.33334 2.057585 40.16667
v -33.16667 2.057585 40.33334
v -32.66667 2.057585 40.33334
v -13.66667 2.057585 28
v -14.16667 2.057585 28.5
v -13.5 2.057585 29
v -13.66667 2.057585 27.33333
v -13.66667 2.057585 28
v -13.5 2.057585 29
v -13.33333 2.057585 25.5
v -14.66667 2.057585 26.33333
v -13.66667 2.057585 27.33333
v -13.66667 2.057585 27.33333
v -13.5 2.057585 29
v -13.33333 2.057585 30.16667
v -42.66667 2.057585 41.33334
v -36.66667 2.057585 39.66667
v -35.5 2.057585 39.33334
v -35 2.057585 28.5
v -37.16667 2.057585 15.66667
v -42.66667 2.057585 13.83333
v -29.16667 2.057585 24
v -15.5 2.057585 21.66667
v -12.83333 2.057585 20.83333
v -23.83333 2.057585 16.66667
v -25.66667 2.057585 16.16667
v -33.5 2.057585 25
v -32 2.057585 24.66667
v -30.33333 2.057585 24
v -35 2.057585 16
v -37.16667 2.057585 15.66667
v -25.66667 2.057585 16.16667
v -34.5 2.057585 16
v -35 2.057585 16
v -30.33333 2.057585 24
v -29.16667 2.057585 24
v -10.66667 2.057585 39.83334
v -9.666668 2.057585 40.66667
v -4.666668 2.057585 40.66667
v -2.833332 2.057585 40.16667
v -15 2.057585 33.16667
v -15.66667 2.057585 33.83334
v -13.5 2.057585 39.83334
v -33.5 2.057585 25
v -32.33334 2.057585 25.16667
v -32 2.057585 24.66667
v -32 2.057585 24.66667
v -31 2.057585 24.66667
v -30.33333 2.057585 24
v -9.833332 2.057585 17.16667
v -12.16667 2.057585 20.83333
v -11.5 2.057585 21.33333
v -19.66667 2.057585 26
v -19.33333 2.057585 26
v -19 2.057585 25.5
v -28.16667 2.057585 24.83333
v -28.16667 2.057585 25.33333
v -27.5 2.057585 25.33333
v -20.33333 2.057585 26
v -19.66667 2.057585 26
v -19 2.057585 25.5
v -29.16667 2.057585 24
v -28.16667 2.057585 24.83333
v -27.5 2.057585 25.33333
v -20.33333 2.057585 26
v -19 2.057585 25.5
v -16.83333 2.057585 24
v -19 2.057585 25.5
v -17.83333 2.057585 25.5
v -16.83333 2.057585 24
v -27.5 2.057585 25.33333
v -26.83333 2.057585 26
v -20.33333 2.057585 26
v -34.16667 2.057585 26.66667
v -33.16667 2.057585 26.66667
v -33.83334 2.057585 25.83333
v -33.5 2.057585 31.5
v -32.5 2.057585 30.33333
v -33 2.057585 30
v -34.83334 2.057585 27.33333
v -34.16667 2.057585 26.66667
v -33.83334 2.057585 25.83333
v -33.5 2.057585 31.5
v -33 2.057585 30
v -33 2.057585 29.16667
v -35 2.057585 28.5
v -37.16667 2.057585 15.66667
v -39.83334 2.057585 14.16667
v -42.66667 2.057585 13.83333
v -34.83334 2.057585 27.33333
v -33.83334 2.057585 25.83333
v -33.5 2.057585 25
v -34.83334 2.057585 27.33333
v -33.5 2.057585 25
v -37.16667 2.057585 15.66667
v -42.66667 2.057585 41.33334
v -42.33334 2.057585 41.33334
v -39.66667 2.057585 40.66667
v -36.66667 2.057585 39.66667
v -4 2.057585 40.66667
v -3.333332 2.057585 40.66667
v -2.833332 2.057585 40.16667
v -24.83333 2.057585 30.66667
v -24.5 2.057585 30.66667
v -24.5 2.057585 29.33333
v -25 2.057585 29.33333
v -25.5 2.057585 28
v -23.16667 2.057585 27.83333
v -22.66667 2.057585 27.33333
v -25 2.057585 29.33333
v -24.5 2.057585 29.33333
v -24.16667 2.057585 28.83333
v -24.16667 2.057585 28.83333
v -23.16667 2.057585 28.5
v -23.16667 2.057585 27.83333
v -25.5 2.057585 28
v -25.66667 2.057585 29
v -25 2.057585 29.33333
v -24.16667 2.057585 28.83333
v -23.16667 2.057585 27.83333
v -22.66667 2.057585 27.33333
v -21.33333 2.057585 27.16667
v -21.33333 2.057585 26.83333
v -26.83333 2.057585 26
v -26.66667 2.057585 27.16667
v -25.5 2.057585 28
v -22.66667 2.057585 27.33333
v -21.33333 2.057585 26.83333
v -20.33333 2.057585 26
v -17.16667 2.057585 34.16667
v -18.33333 2.057585 33.16667
v -18.5 2.057585 33.5
v -19.83333 2.057585 34.16667
v -17.16667 2.057585 34.16667
v -18.5 2.057585 33.5
v -19.83333 2.057585 33.66667
v -24.83333 2.057585 34.66667
v -25.16667 2.057585 34
v -25.66667 2.057585 33.83334
v -26.33333 2.057585 34.66667
v -17.16667 2.057585 34.16667
v -19.83333 2.057585 34.16667
v -20 2.057585 36.16667
v -16.66667 2.057585 34.16667
v -17.16667 2.057585 34.16667
v -20 2.057585 36.16667
v -4.666668 2.057585 40.66667
v -4 2.057585 40.66667
v -2.833332 2.057585 40.16667
v -27.83333 2.057585 34.66667
v -27.33333 2.057585 34.66667
v -27.83333 2.057585 34.33334
v -27.33333 2.057585 34.66667
v -27.83333 2.057585 34.66667
v -28.33333 2.057585 35.16667
v -24.5 2.057585 35.16667
v -24.83333 2.057585 34.66667
v -26.33333 2.057585 34.66667
v -28.33333 2.057585 35.16667
v -24.5 2.057585 35.16667
v -26.33333 2.057585 34.66667
v -27.33333 2.057585 34.66667
v -22.5 2.057585 36.83334
v -23.5 2.057585 35.66667
v -24.5 2.057585 35.16667
v -28.33333 2.057585 35.16667
v -18.66667 2.057585 40.5
v -16 2.057585 40.5
v -13.5 2.057585 39.83334
v -23.16667 2.057585 39.83334
v -22.5 2.057585 36.83334
v -28.33333 2.057585 35.16667
v -29.5 2.057585 35.16667
v -42.33334 2.057585 41.33334
v -41.83334 2.057585 41.33334
v -39.66667 2.057585 40.66667
v -33 2.057585 33.16667
v -33.5 2.057585 31.5
v -35 2.057585 28.5
v -35.5 2.057585 39.33334
v -34 2.057585 39.33334
v -23.16667 2.057585 39.83334
v -22.33333 2.057585 40.5
v -18.66667 2.057585 40.5
v -20.83333 2.057585 36.83334
v -22.5 2.057585 36.83334
v -34 2.057585 39.33334
v -40.83334 2.057585 41.33334
v -40.33334 2.057585 41.33334
v -39.66667 2.057585 40.66667
v -34 2.057585 39.33334
v -32.5 2.057585 33.66667
v -33 2.057585 33.16667
v -35 2.057585 28.5
v -34.83334 2.057585 27.33333
v -37.16667 2.057585 15.66667
v -41.83334 2.057585 41.33334
v -40.83334 2.057585 41.33334
v -39.66667 2.057585 40.66667
v -39.66667 2.057585 40.66667
v -37.16667 2.057585 40.66667
v -37.16667 2.057585 40.16667
v -39.66667 2.057585 40.66667
v -37.16667 2.057585 40.16667
v -36.66667 2.057585 39.66667
v -34 2.057585 39.33334
v -22.5 2.057585 36.83334
v -29.5 2.057585 35.16667
v -34 2.057585 39.33334
v -33.83334 2.057585 39.5
v -26.5 2.057585 39.5
v -34 2.057585 39.33334
v -26.5 2.057585 39.5
v -23.5 2.057585 39.5
v -29.5 2.057585 35.16667
v -31.33333 2.057585 33.66667
v -32.5 2.057585 33.66667
v -34 2.057585 39.33334
v -27.5 2.057585 40.16667
v -27 2.057585 40.16667
v -26.5 2.057585 39.5
v -28.66667 2.057585 40.16667
v -27.5 2.057585 40.16667
v -26.5 2.057585 39.5
v -28.66667 2.057585 40.16667
v -26.5 2.057585 39.5
v -33.83334 2.057585 39.5
v -33.33334 2.057585 40.16667
v -23.5 2.057585 39.5
v -23.16667 2.057585 39.83334
v -13.5 2.057585 39.83334
v -20.83333 2.057585 36.83334
v -34 2.057585 39.33334
v -23.5 2.057585 39.5
v -16 2.057585 40.5
v -15.66667 2.057585 40.5
v -13.5 2.057585 39.83334
v -14.66667 2.057585 40.5
v -14.16667 2.057585 40.5
v -13.5 2.057585 39.83334
v -15.66667 2.057585 40.5
v -14.66667 2.057585 40.5
v -13.5 2.057585 39.83334
v -13.33333 2.057585 30.16667
v -15.16667 2.057585 32.16667
v -15 2.057585 33.16667
v -13.5 2.057585 39.83334
v -10.66667 2.057585 39.83334
v -11.33333 2.057585 23.33333
v -13.33333 2.057585 25.5
v -13.66667 2.057585 27.33333
v -20 2.057585 36.16667
v -20.83333 2.057585 36.83334
v -23.5 2.057585 39.5
v -13.5 2.057585 39.83334
v -15.66667 2.057585 33.83334
v -16.66667 2.057585 34.16667
v -11.33333 2.057585 23.33333
v -13.66667 2.057585 27.33333
v -13.33333 2.057585 30.16667
v -10.66667 2.057585 39.83334
v -2.833332 2.057585 40.16667
v 0 2.057585 40.16667
v 0 2.057585 17.33333
v -11.33333 2.057585 23.33333
v -13.33333 2.057585 30.16667
v -48 2.057585 2.666667
v -47.66667 2.057585 2.166667
v -47.83334 2.057585 1.333333
v -53 2.057585 8.166667
v -52 2.057585 8.166667
v -52 2.057585 8.166667
v -48.33334 2.057585 8.166667
v -48 2.057585 2.666667
v -56.5 2.057585 41.16667
v -57.83334 2.057585 41.16667
v -57.33334 2.057585 41.66667
v -56.5 2.057585 41.5
v -44.66667 3.890918 8.333334
v -44.16667 3.890918 8.333334
v -44.66667 3.890918 8.166667
v -44.33334 3.890918 4
v -43.83334 3.890918 4
v -44.33334 3.890918 3.833333
v -44.16667 3.890918 6
v -44.5 3.890918 6.166667
v -44.66667 3.807585 6.333333
v -44.66667 3.890918 6.666667
v -44 3.890918 6.666667
v -44.5 3.890918 4.5
v -44.33334 3.890918 4
v -44.33334 3.890918 3.833333
v -47 2.557585 8.833334
v -44.66667 3.890918 7
v -44.66667 3.890918 6.666667
v -47 2.557585 8.833334
v -44.66667 3.890918 6.666667
v -44.66667 3.807585 6.333333
v -48.33334 2.057585 8.166667
v -44.16667 3.890918 1
v -43.83334 3.890918 0.5
v -44 3.890918 0
v -47.5 2.057585 0
v -44.5 3.890918 4.5
v -44.33334 3.890918 3.833333
v -44.33334 3.890918 3.166667
v -48.33334 2.057585 8.166667
v -48.5 2.057585 9.166667
v -47.33334 2.390918 9.166667
v -47 2.557585 8.833334
v -44.5 3.890918 4.5
v -47.66667 2.057585 2.166667
v -48 2.057585 2.666667
v -48.33334 2.057585 8.166667
v -44.66667 3.807585 6.333333
v -44.5 3.890918 6.166667
v -47.5 2.057585 0
v -47.83334 2.057585 1.333333
v -47.66667 2.057585 2.166667
v -44.5 3.890918 4.5
v -44.33334 3.890918 3.166667
v -44.16667 3.890918 1
v -47 2.557585 8.833334
v -44.66667 3.890918 8.833334
v -44.66667 3.890918 8.333334
v -47 2.557585 8.833334
v -44.66667 3.890918 8.333334
v -44.66667 3.890918 8.166667
v -47 2.557585 8.833334
v -44.66667 3.890918 8.166667
v -44.66667 3.890918 7
v -43.66667 3.890918 0
v -44 3.890918 0
v -43.83334 3.890918 0.5
v -44.33334 3.890918 3.166667
v -43.83334 3.890918 3.166667
v -43.83334 3.890918 2.833333
v -43.5 3.890918 0
v -43.66667 3.890918 0
v -43.83334 3.890918 0.5
v -43.5 3.890918 1
v -64 2.057585 40.66667
v -64.83334 2.057585 40.66667
v -64.33334 2.057585 41
v -64 2.057585 41
v -43.5 3.890918 1
v -43.83334 3.890918 0.5
v -44.16667 3.890918 1
v -43.83334 3.890918 1.833333
v -70.66667 2.057585 40.83334
v -68.83334 2.057585 40.83334
v -67.33334 2.057585 40.66667
v -72.33334 2.057585 40.66667
v -43.83334 3.724252 5
v -43.83334 3.724252 6
v -42.66667 3.724252 6.666667
v -42.66667 3.724252 0
v -43.5 3.807585 1.833333
v -43.66667 3.724252 3.166667
v -43.66667 3.890918 2.333333
v -43.83334 3.890918 1.833333
v -44.16667 3.890918 1
v -44.33334 3.890918 3.166667
v -43.83334 3.890918 2.833333
v -43.66667 3.890918 2.666667
v -43.33334 3.807585 0
v -43.5 3.890918 0
v -43.5 3.890918 1
v -43.83334 3.890918 1.5
v -43.83334 3.890918 1.833333
v -43.5 3.807585 1.833333
v -43.5 3.890918 1
v -68.83334 2.057585 40.83334
v -70.66667 2.057585 40.83334
v -70.33334 2.057585 41.33334
v -43.83334 3.890918 3.166667
v -43.66667 3.724252 3.166667
v -43.83334 3.890918 2.833333
v -44.5 3.890918 4.5
v -44 3.890918 4.5
v -44 3.890918 4.166667
v -44.33334 3.890918 4
v -43.66667 3.724252 3.166667
v -43.83334 3.890918 3.166667
v -43.83334 3.890918 4
v -43.83334 3.890918 4
v -44.33334 3.890918 4
v -44 3.890918 4.166667
v -43.83334 3.890918 4
v -44 3.890918 4.166667
v -43.83334 3.724252 4.5
v -43.83334 3.890918 3.166667
v -44.33334 3.890918 3.166667
v -44.33334 3.890918 3.833333
v -43.83334 3.890918 4
v -48.83334 2.224252 41
v -48.5 2.057585 41.5
v -46.83334 2.057585 41.5
v -44.66667 2.390918 41
v -44 3.890918 4.5
v -43.83334 3.724252 4.5
v -44 3.890918 4.166667
v -44.16667 3.890918 6
v -44 3.890918 6
v -44.16667 3.890918 5
v -44.5 3.890918 6.166667
v -44.16667 3.890918 6
v -44.16667 3.890918 5
v -44.5 3.890918 4.5
v -42.66667 3.724252 0
v -43.33334 3.807585 0
v -43.5 3.890918 1
v -43.5 3.807585 1.833333
v -44 3.890918 4.5
v -44.5 3.890918 4.5
v -44.16667 3.890918 5
v -43.83334 3.724252 5
v -43.5 3.807585 1.833333
v -43.66667 3.890918 2.333333
v -43.66667 3.890918 2.666667
v -43.83334 3.724252 4.5
v -44 3.890918 4.5
v -43.83334 3.724252 5
v -44 3.890918 6
v -43.83334 3.724252 6
v -43.83334 3.724252 5
v -44.16667 3.890918 5
v -44.66667 3.890918 6.666667
v -44.66667 3.890918 7
v -44.16667 3.890918 7
v -44 3.890918 6.666667
v -43.66667 3.724252 3.166667
v -43.83334 3.724252 4.5
v -43.83334 3.724252 5
v -44 3.890918 6.666667
v -44.16667 3.890918 7
v -44 3.890918 7
v -44 3.890918 6
v -44.16667 3.890918 6
v -44 3.890918 6.666667
v -43.83334 3.724252 6
v -44 3.890918 6
v -44 3.890918 6.666667
v -43.5 3.724252 8.166667
v -43.5 3.724252 7.833333
v -44 3.724252 7.833333
v -44.16667 3.890918 8.333334
v -44.66667 3.890918 8.166667
v -44.16667 3.890918 8.333334
v -44 3.724252 7.833333
v -44.16667 3.890918 7
v -44.66667 3.890918 7
v -44 3.724252 7.833333
v -44 3.890918 7
v -44.16667 3.890918 7
v -43.5 3.724252 7.833333
v -43 3.724252 7
v -44 3.890918 7
v -44 3.724252 7.833333
v -54.16667 2.057585 8.333334
v -53.16667 2.057585 8.333334
v -53 2.057585 8.166667
v -54.83334 2.057585 8.333334
v -54.16667 2.057585 8.333334
v -53 2.057585 8.166667
v -46.5 2.057585 42
v -44.66667 2.057585 41.5
v -44.66667 2.390918 41
v -46.83334 2.057585 41.5
v -48.16667 2.057585 9.5
v -47.33334 2.390918 9.166667
v -48.5 2.057585 9.166667
v -48.5 2.057585 9.5
v -49.33334 2.057585 9.5
v -48.5 2.057585 9.166667
v -48.33334 2.057585 8.166667
v -52 2.057585 8.166667
v -50.33334 2.057585 9.5
v -49.33334 2.057585 9.5
v -48.5 2.057585 9.5
v -48.5 2.057585 9.166667
v -43.83334 3.724252 6
v -44 3.890918 6.666667
v -44 3.890918 7
v -43 3.724252 7
v -42.66667 3.724252 6.666667
v -43.66667 3.724252 3.166667
v -43.83334 3.890918 4
v -43.83334 3.724252 4.5
v -66.66667 2.057585 8.666667
v -55.33334 2.057585 8.666667
v -54.83334 2.057585 8.333334
v -68.16667 2.057585 8.666667
v -66.66667 2.057585 8.666667
v -54.83334 2.057585 8.333334
v -43.5 3.807585 1.833333
v -43.66667 3.890918 2.666667
v -43.66667 3.724252 3.166667
v -53.16667 2.057585 8.333334
v -54.16667 2.057585 8.333334
v -53.83334 2.057585 8.833334
v -44.66667 3.890918 8.833334
v -44.16667 3.890918 8.333334
v -44.66667 3.890918 8.333334
v -80.66667 2.057585 9
v -78.83334 2.057585 9.166667
v -77.5 2.057585 8.666667
v -85.33334 2.057585 0
v -77.5 2.057585 8.666667
v -76.16667 2.057585 8.666667
v -69.5 2.057585 9.333334
v -68.66667 2.057585 9.333334
v -68.16667 2.057585 8.666667
v -76.16667 2.057585 8.666667
v -75.83334 2.057585 9.166667
v -74.5 2.057585 9.333334
v -70.66667 2.057585 9.333334
v -68.16667 2.057585 8.666667
v -70.66667 2.057585 9.333334
v -69.5 2.057585 9.333334
v -68.16667 2.057585 8.666667
v -56.16667 2.057585 19.16667
v -56 2.057585 19
v -56.5 2.057585 18.66667
v -61.5 2.057585 17
v -63 2.057585 19.16667
v -56.5 2.057585 15
v -56.33334 2.057585 13.83333
v -56.83334 2.057585 13.5
v -63.33334 2.057585 14.5
v -62.83334 2.057585 15.5
v -62.16667 2.057585 15.5
v -62.83334 2.057585 13.33333
v -65.33334 2.057585 9.5
v -65 2.057585 10.66667
v -64 2.057585 10.66667
v -55.66667 2.057585 9
v -55.33334 2.057585 8.666667
v -56.5 2.057585 17
v -55.83334 2.057585 15.66667
v -56.5 2.057585 15
v -56.5 2.057585 18.66667
v -56.5 2.057585 17
v -56.83334 2.057585 13.5
v -61.66667 2.057585 16
v -61.5 2.057585 17
v -56.83334 2.057585 11.33333
v -55.66667 2.057585 10.16667
v -55.66667 2.057585 9
v -64 2.057585 10.66667
v -62.83334 2.057585 12.16667
v -62.83334 2.057585 13.33333
v -62.16667 2.057585 15.5
v -61.66667 2.057585 16
v -56.83334 2.057585 13.5
v -56.83334 2.057585 11.33333
v -62.83334 2.057585 12.16667
v -56.5 2.057585 17
v -56.5 2.057585 15
v -56.83334 2.057585 13.5
v -55.33334 2.057585 8.666667
v -66.66667 2.057585 8.666667
v -65.33334 2.057585 9.5
v -81.83334 2.057585 12.83333
v -81.66667 2.057585 12.33333
v -82.33334 2.057585 11.5
v -84 2.057585 12.66667
v -83.33334 2.057585 13.33333
v -54.83334 2.057585 8.333334
v -53 2.057585 8.166667
v -47.5 2.057585 0
v -85.33334 2.057585 0
v -76.16667 2.057585 8.666667
v -68.16667 2.057585 8.666667
v -84 2.057585 12.66667
v -82.33334 2.057585 11.5
v -82.33334 2.057585 10.66667
v -53 2.057585 8.166667
v -47.83334 2.057585 1.333333
v -47.5 2.057585 0
v -74.5 2.057585 9.333334
v -74.16667 2.057585 9.833334
v -72 2.057585 9.833334
v -70.66667 2.057585 9.333334
v -68.66667 2.057585 9.333334
v -69.5 2.057585 9.333334
v -69.16667 2.057585 9.833334
v -68.66667 2.057585 9.833334
v -49.33334 2.057585 9.5
v -50.33334 2.057585 9.5
v -50.16667 2.057585 9.833334
v -80.66667 2.057585 9
v -77.5 2.057585 8.666667
v -85.33334 2.057585 0
v -84 2.057585 12.66667
v -82.33334 2.057585 10.66667
v -82.16667 2.057585 10.16667
v -85.33334 2.057585 0
v -85.33334 2.057585 12.66667
v -43.66667 2.057585 10.66667
v -44.33334 2.057585 10.5
v -44.83334 2.057585 11.66667
v -42.66667 2.057585 11.33333
v -43.83334 2.057585 18
v -44 2.057585 19.16667
v -43.5 2.057585 19.5
v -42.66667 2.057585 10.16667
v -43.16667 2.057585 10
v -43.66667 2.057585 10.66667
v -42.66667 2.057585 11.33333
v -43.83334 2.057585 16
v -44.66667 2.057585 16.83333
v -43.83334 2.057585 18
v -82.16667 2.057585 10.16667
v -81.33334 2.057585 9.833334
v -80.66667 2.057585 9
v -85.33334 2.057585 0
v -43.5 3.807585 1.833333
v -43.83334 3.890918 1.833333
v -43.66667 3.890918 2.333333
v -43.66667 3.890918 2.666667
v -43.83334 3.890918 2.833333
v -43.66667 3.724252 3.166667
v -43.83334 2.057585 16
v -43.83334 2.057585 18
v -43.5 2.057585 19.5
v -72.33334 2.057585 40.66667
v -71.83334 2.057585 40.83334
v -70.66667 2.057585 40.83334
v -74.66667 2.057585 14.33333
v -75.5 2.057585 14
v -75.83334 2.057585 15
v -74.16667 2.057585 15.33333
v -74.66667 2.057585 14.33333
v -75.83334 2.057585 15
v -76.5 2.057585 15.5
v -76.5 2.057585 15.5
v -73 2.057585 15.5
v -74.16667 2.057585 15.33333
v -78.83334 2.057585 15.5
v -77.5 2.057585 15.5
v -78.66667 2.057585 15.16667
v -69.5 2.057585 16.16667
v -66.83334 2.057585 16.16667
v -68.83334 2.057585 15.33333
v -78.83334 2.057585 15.5
v -79.33334 2.057585 15.66667
v -79.33334 2.057585 16.16667
v -77.5 2.057585 15.5
v -71.33334 2.057585 16.16667
v -72 2.057585 15.5
v -73 2.057585 15.5
v -71.33334 2.057585 16.16667
v -73 2.057585 15.5
v -76.5 2.057585 15.5
v -79.33334 2.057585 16.16667
v -76.5 2.057585 15.5
v -77.5 2.057585 15.5
v -79.33334 2.057585 16.16667
v -64 2.057585 19.16667
v -66.16667 2.057585 16.16667
v -66.83334 2.057585 16.16667
v -79.33334 2.057585 16.16667
v -81.5 2.057585 18
v -82.33334 2.057585 19.16667
v -64 2.057585 19.16667
v -71.33334 2.057585 16.16667
v -64 2.057585 19.16667
v -66.83334 2.057585 16.16667
v -69.5 2.057585 16.16667
v -64 2.057585 19.16667
v -69.5 2.057585 16.16667
v -71.33334 2.057585 16.16667
v -56 2.057585 20.33333
v -56.16667 2.057585 19.16667
v -63 2.057585 19.16667
v -56 2.057585 20.33333
v -63 2.057585 19.16667
v -64 2.057585 19.16667
v -83.66667 2.057585 20.33333
v -56 2.057585 20.33333
v -64 2.057585 19.16667
v -82.33334 2.057585 19.16667
v -85.33334 2.057585 20.33333
v -84.83334 2.057585 20.33333
v -85.33334 2.057585 20.16667
v -55.16667 2.057585 22.5
v -55.33334 2.057585 21
v -56 2.057585 20.33333
v -83.66667 2.057585 20.33333
v -55.33334 2.057585 32.16667
v -48.66667 2.057585 24.66667
v -54.16667 2.057585 23.16667
v -83.66667 2.057585 20.33333
v -84.66667 2.057585 27.16667
v -56 2.057585 32.16667
v -83.66667 2.057585 20.33333
v -84.83334 2.057585 20.33333
v -85.33334 2.057585 26.5
v -84.66667 2.057585 27.16667
v -50.16667 2.057585 23.16667
v -50.33334 2.057585 23
v -51.16667 2.057585 23
v -52.83334 2.057585 23.16667
v -50.16667 2.057585 23.16667
v -51.16667 2.057585 23
v -52.33334 2.057585 22.83333
v -48.66667 2.057585 24.66667
v -50.16667 2.057585 23.16667
v -52.83334 2.057585 23.16667
v -48.66667 2.057585 24.66667
v -52.83334 2.057585 23.16667
v -54.16667 2.057585 23.16667
v -84.83334 2.057585 20.33333
v -85.33334 2.057585 20.33333
v -85.33334 2.057585 26.5
v -47.33334 2.057585 24.5
v -46.5 2.057585 24.5
v -47 2.057585 24
v -46.5 2.057585 24.5
v -47.33334 2.057585 24.5
v -47.66667 2.057585 24.66667
v -45.5 2.057585 24.5
v -46.5 2.057585 24.5
v -47.66667 2.057585 24.66667
v -72.33334 2.057585 40.66667
v -72.16667 2.057585 40.83334
v -71.83334 2.057585 40.83334
v -84.16667 2.057585 30
v -85.33334 2.057585 30.83333
v -85.33334 2.057585 37
v -84.16667 2.057585 39.5
v -56.33334 2.057585 32.5
v -56 2.057585 32.16667
v -54.16667 2.057585 23.16667
v -55.16667 2.057585 22.5
v -83.66667 2.057585 20.33333
v -78.66667 2.057585 40.5
v -81.33334 2.057585 40.5
v -80.5 2.057585 40.83334
v -85.33334 2.057585 37
v -85 2.057585 39.66667
v -84.16667 2.057585 39.5
v -84.66667 2.057585 27.16667
v -84.16667 2.057585 29.33333
v -56 2.057585 32.16667
v -84.16667 2.057585 29.33333
v -84.16667 2.057585 30
v -56 2.057585 32.16667
v -42.66667 2.057585 13.83333
v -43.83334 2.057585 13.83333
v -43.83334 2.057585 16
v -43.5 2.057585 19.5
v -84.16667 2.057585 39.5
v -56.16667 2.057585 39.5
v -56.33334 2.057585 32.5
v -80.5 2.057585 40.83334
v -80 2.057585 41.66667
v -79.66667 2.057585 41.66667
v -78.66667 2.057585 40.5
v -82.16667 2.057585 40.5
v -83 2.057585 40.5
v -83 2.057585 40.83334
v -76.83334 2.057585 40.33334
v -77.5 2.057585 40.33334
v -77.16667 2.057585 40.66667
v -47.5 2.390918 33.16667
v -44.5 2.307585 33.16667
v -44.16667 2.057585 32.33334
v -55.16667 2.057585 32.33334
v -55 2.390918 33
v -45.5 2.057585 24.5
v -47.66667 2.057585 24.66667
v -44.16667 2.057585 32.33334
v -43.5 2.057585 32.33334
v -48.66667 2.057585 24.66667
v -55.33334 2.057585 32.16667
v -55.16667 2.057585 32.33334
v -44.16667 2.057585 32.33334
v -47.66667 2.057585 24.66667
v -55 2.057585 38.5
v -44.66667 2.057585 38.83334
v -44.66667 2.057585 35.5
v -55 2.057585 35.16667
v -84.16667 2.057585 39.5
v -83.66667 2.057585 39.83334
v -76.33334 2.057585 39.83334
v -84.16667 2.057585 39.5
v -76.33334 2.057585 39.83334
v -73.33334 2.057585 39.83334
v -73.33334 2.057585 39.83334
v -56.16667 2.057585 39.83334
v -56.16667 2.057585 39.5
v -84.16667 2.057585 39.5
v -77.5 2.057585 40.33334
v -76.83334 2.057585 40.33334
v -76.33334 2.057585 39.83334
v -78.33334 2.057585 40.33334
v -77.5 2.057585 40.33334
v -76.33334 2.057585 39.83334
v -78.33334 2.057585 40.33334
v -76.33334 2.057585 39.83334
v -83.66667 2.057585 39.83334
v -83.16667 2.057585 40.33334
v -60.5 2.057585 40.16667
v -56.16667 2.057585 40.16667
v -56.16667 2.057585 39.83334
v -63.5 2.057585 40.16667
v -60.5 2.057585 40.16667
v -56.16667 2.057585 39.83334
v -63.5 2.057585 40.16667
v -56.16667 2.057585 39.83334
v -73.33334 2.057585 39.83334
v -72.83334 2.057585 40.16667
v -64.83334 2.057585 40.66667
v -64 2.057585 40.66667
v -63.5 2.057585 40.16667
v -65.33334 2.057585 40.66667
v -64.83334 2.057585 40.66667
v -63.5 2.057585 40.16667
v -66.83334 2.057585 40.66667
v -65.33334 2.057585 40.66667
v -63.5 2.057585 40.16667
v -67.33334 2.057585 40.66667
v -66.83334 2.057585 40.66667
v -63.5 2.057585 40.16667
v -67.33334 2.057585 40.66667
v -63.5 2.057585 40.16667
v -72.83334 2.057585 40.16667
v -72.33334 2.057585 40.66667
v -57.83334 2.057585 41.16667
v -56.5 2.057585 41.16667
v -56.16667 2.057585 40.16667
v -60.5 2.057585 40.16667
v -59.33334 2.057585 41.16667
v -58.66667 2.057585 41.16667
v -58.66667 2.057585 41.16667
v -57.83334 2.057585 41.16667
v -56.16667 2.057585 40.16667
v -60.5 2.057585 40.16667
v -83.16667 2.057585 40.33334
v -83 2.057585 40.5
v -82.16667 2.057585 40.5
v -83.16667 2.057585 40.33334
v -82.16667 2.057585 40.5
v -81.33334 2.057585 40.5
v -81.33334 2.057585 40.5
v -78.66667 2.057585 40.5
v -78.33334 2.057585 40.33334
v -83.16667 2.057585 40.33334
v -43.5 2.057585 40.83334
v -43.33334 2.057585 41.33334
v -42.66667 2.057585 41.33334
v -43.16667 2.057585 32.66667
v -43.5 2.057585 34.66667
v -43.83334 2.057585 22
v -45 2.057585 22.83333
v -44.83334 2.057585 23.66667
v -43.5 2.057585 20.83333
v -43.83334 2.057585 22
v -43.16667 2.057585 32.66667
v -42.66667 2.057585 13.83333
v -43.5 2.057585 19.5
v -43.5 2.057585 20.83333
v -43.16667 2.057585 32.66667
v -42.66667 2.057585 41.33334
v -45.5 2.057585 24.5
v -43.5 2.057585 32.33334
v -43.16667 2.057585 32.66667
v -44.83334 2.057585 23.66667
v -43.83334 2.057585 22
v -44.83334 2.057585 23.66667
v -43.16667 2.057585 32.66667
v -93.5 2.057585 40.16667
v -93.83333 2.057585 40.16667
v -93.33333 2.057585 40.5
v -122.3333 2.057585 0.5
v -123.3333 2.057585 0.5
v -122.3333 2.057585 6.5
v -121.6667 2.057585 6.5
v -97.66666 2.057585 40.16667
v -100 2.057585 40.16667
v -99.5 2.057585 40.66667
v -107.6667 2.057585 39.66667
v -112.3333 2.057585 39.66667
v -110.6667 2.057585 39.83334
v -107.6667 2.057585 39.66667
v -110.6667 2.057585 39.83334
v -110.3333 2.057585 40.33334
v -122.3333 2.057585 0.5
v -111.8333 2.057585 5.5
v -110.5 2.057585 5.5
v -116.8333 2.057585 39.16667
v -119.5 2.057585 39.16667
v -117.3333 2.057585 39.5
v -120.5 2.057585 39.16667
v -123.5 2.057585 39.33334
v -123.3333 2.057585 39.66667
v -120.5 2.057585 39.16667
v -125.1667 2.057585 39.16667
v -123.5 2.057585 39.33334
v -110.5 2.057585 5.5
v -110.1667 2.057585 5.833333
v -109.6667 2.057585 5.833333
v -110.5 2.057585 5.5
v -109.6667 2.057585 5.833333
v -108.3333 2.057585 5.833333
v -124.5 2.057585 7.833333
v -123.8333 2.057585 7.166667
v -123.3333 2.057585 0.5
v -108.3333 2.057585 5.833333
v -108 2.057585 6.166667
v -106.8333 2.057585 6.166667
v -108.3333 2.057585 5.833333
v -106.8333 2.057585 6.166667
v -105.3333 2.057585 6.166667
v -123.8333 2.057585 7.166667
v -122.3333 2.057585 6.5
v -123.3333 2.057585 0.5
v -106.8333 2.057585 6.166667
v -108 2.057585 6.166667
v -107.5 2.057585 6.833333
v -105.3333 2.057585 6.166667
v -104.5 2.057585 7.166667
v -103.5 2.057585 7.166667
v -105.3333 2.057585 6.166667
v -103.5 2.057585 7.166667
v -102.1667 2.057585 7.166667
v -110.5 2.057585 5.5
v -108.3333 2.057585 5.833333
v -105.3333 2.057585 6.166667
v -126.5 2.057585 13.83333
v -125.8333 2.057585 13.16667
v -126.8333 2.057585 12.5
v -86.33333 2.057585 13.5
v -85.33333 2.057585 12.66667
v -85.33333 2.057585 0
v -100.1667 2.057585 7.666667
v -99.5 2.057585 8.666667
v -105.3333 2.057585 6.166667
v -102.1667 2.057585 7.166667
v -100.1667 2.057585 7.666667
v -85.33333 2.057585 0
v -121.8333 2.057585 0
v -114.1667 2.057585 6.5
v -112.3333 2.057585 6.166667
v -111.8333 2.057585 5.5
v -122.3333 2.057585 0.5
v -121.6667 2.057585 6.5
v -93.83333 2.057585 39
v -103.8333 2.057585 39
v -102.5 2.057585 39.16667
v -102.5 2.057585 39.16667
v -100 2.057585 40.16667
v -97.66666 2.057585 40.16667
v -93.83333 2.057585 39
v -97.66666 2.057585 40.16667
v -95.33333 2.057585 40.16667
v -93.83333 2.057585 39
v -121.6667 2.057585 6.5
v -120.8333 2.057585 7
v -119.6667 2.057585 7
v -121.6667 2.057585 6.5
v -119.6667 2.057585 7
v -118 2.057585 7
v -118 2.057585 7
v -115.6667 2.057585 7
v -114.1667 2.057585 6.5
v -121.6667 2.057585 6.5
v -119.6667 2.057585 7
v -120.8333 2.057585 7
v -120.5 2.057585 7.5
v -115.6667 2.057585 7
v -118 2.057585 7
v -117.3333 2.057585 7.666667
v -115.6667 2.057585 7
v -117.3333 2.057585 7.666667
v -117.3333 2.057585 8.333334
v -103.5 2.057585 7.166667
v -104.5 2.057585 7.166667
v -104.3333 2.057585 7.666667
v -100.1667 2.057585 12.5
v -100.1667 2.057585 13.16667
v -99.83333 2.057585 13.33333
v -99.66666 2.057585 12
v -99.5 2.057585 24.16667
v -99.83333 2.057585 24.33333
v -99.83333 2.057585 25
v -99.5 2.057585 25.66667
v -121.8333 2.057585 0
v -122.3333 2.057585 0.5
v -110.5 2.057585 5.5
v -105.3333 2.057585 6.166667
v -99.5 2.057585 8.666667
v -99.66666 2.057585 12
v -99.33333 2.057585 15
v -86 2.057585 16.83333
v -85.33333 2.057585 16
v -86.33333 2.057585 15.33333
v -85.83333 2.057585 19.83333
v -85.66666 2.057585 18.33333
v -86 2.057585 18.16667
v -123.3333 2.057585 0.5
v -124.3333 2.057585 0
v -128 2.057585 0
v -126.8333 2.057585 11.5
v -124.5 2.057585 7.833333
v -86 2.057585 18.16667
v -86 2.057585 16.83333
v -86.33333 2.057585 15.33333
v -99.66666 2.057585 12
v -99.83333 2.057585 13.33333
v -99.33333 2.057585 15
v -98.5 2.057585 21.16667
v -99.66666 2.057585 22.5
v -99.5 2.057585 24.16667
v -99.33333 2.057585 15
v -99.33333 2.057585 17.83333
v -98.66666 2.057585 18.33333
v -99.33333 2.057585 15
v -98.66666 2.057585 18.33333
v -98.5 2.057585 19
v -85.83333 2.057585 19.83333
v -86 2.057585 18.16667
v -86.33333 2.057585 15.33333
v -87.66666 2.057585 25.66667
v -86.5 2.057585 25.66667
v -98.5 2.057585 21.16667
v -99.5 2.057585 24.16667
v -99.5 2.057585 25.66667
v -87.66666 2.057585 25.66667
v -85.33333 2.057585 20.16667
v -85.83333 2.057585 19.83333
v -86.5 2.057585 25.66667
v -85.33333 2.057585 26.5
v -99.5 2.057585 8.666667
v -99.33333 2.057585 15
v -98.5 2.057585 19
v -87.66666 2.057585 25.66667
v -86.33333 2.057585 15.33333
v -86.33333 2.057585 13.5
v -98.5 2.057585 19
v -98.5 2.057585 21.16667
v -87.66666 2.057585 25.66667
v -114 2.057585 14.66667
v -113 2.057585 14.66667
v -113.5 2.057585 14.33333
v -110.3333 2.057585 15.33333
v -111.3333 2.057585 14.66667
v -111.6667 2.057585 14.66667
v -110.3333 2.057585 15.33333
v -111.6667 2.057585 14.66667
v -113 2.057585 14.66667
v -110.3333 2.057585 15.33333
v -113 2.057585 14.66667
v -114 2.057585 14.66667
v -118 2.057585 15.33333
v -119 2.057585 15.33333
v -119.3333 2.057585 15.33333
v -119.5 2.057585 15.5
v -118 2.057585 15.33333
v -119 2.057585 15.33333
v -119.5 2.057585 15.5
v -110.1667 2.057585 15.5
v -110.3333 2.057585 15.33333
v -118 2.057585 15.33333
v -119.5 2.057585 15.5
v -122.8333 2.057585 16.33333
v -124 2.057585 15.5
v -124.8333 2.057585 15.5
v -102.1667 2.057585 7.166667
v -101.8333 2.057585 7.666667
v -100.1667 2.057585 7.666667
v -126.8333 2.057585 11.5
v -124.3333 2.057585 8.833334
v -124.5 2.057585 7.833333
v -107.6667 2.057585 16.33333
v -107.3333 2.057585 15.5
v -108 2.057585 15.5
v -107.6667 2.057585 16.33333
v -108 2.057585 15.5
v -110.1667 2.057585 15.5
v -120 2.057585 16.16667
v -121.5 2.057585 16.33333
v -110.1667 2.057585 15.5
v -119.5 2.057585 15.5
v -120 2.057585 16.16667
v -104.5 2.057585 29
v -104.8333 2.057585 28.66667
v -105.6667 2.057585 28.66667
v -103.8333 2.057585 31.66667
v -103.8333 2.057585 30
v -108.6667 2.057585 21.33333
v -108 2.057585 21
v -108.3333 2.057585 20.16667
v -108.1667 2.057585 19.16667
v -107.1667 2.057585 18.33333
v -107.6667 2.057585 17.66667
v -108.6667 2.057585 21.33333
v -108.3333 2.057585 20.16667
v -108.1667 2.057585 19.16667
v -122.8333 2.057585 16.33333
v -124.8333 2.057585 15.5
v -125.8333 2.057585 15.5
v -108.1667 2.057585 19.16667
v -107.6667 2.057585 17.66667
v -107.6667 2.057585 16.33333
v -108.6667 2.057585 22.5
v -108.6667 2.057585 21.33333
v -121.5 2.057585 16.33333
v -107.1667 2.057585 27
v -108.1667 2.057585 23
v -108.6667 2.057585 22.5
v -121.5 2.057585 16.33333
v -122.8333 2.057585 16.33333
v -108.6667 2.057585 21.33333
v -108.1667 2.057585 19.16667
v -107.6667 2.057585 16.33333
v -121.5 2.057585 16.33333
v -102.5 2.057585 39.16667
v -100.6667 2.057585 40.16667
v -100 2.057585 40.16667
v -91.16666 2.057585 27.66667
v -89.66666 2.057585 27.83333
v -89.66666 2.057585 27
v -91.16666 2.057585 27.66667
v -89.66666 2.057585 27
v -87.66666 2.057585 25.66667
v -99.5 2.057585 25.66667
v -99.16666 2.057585 27.66667
v -102.5 2.057585 39.16667
v -101.3333 2.057585 40.16667
v -100.6667 2.057585 40.16667
v -102.1667 2.057585 29.16667
v -100.8333 2.057585 29.5
v -101.8333 2.057585 27
v -103.3333 2.057585 27.83333
v -86.66666 2.057585 28.83333
v -86.66666 2.057585 29.66667
v -85.66666 2.057585 29.33333
v -87.5 2.057585 27
v -88.5 2.057585 27.83333
v -88.16666 2.057585 28.33333
v -87 2.057585 28.5
v -86.16666 2.057585 27.33333
v -87 2.057585 28.5
v -86.66666 2.057585 28.83333
v -85.66666 2.057585 29.33333
v -86.16666 2.057585 27.33333
v -99.16666 2.057585 28.66667
v -99.83333 2.057585 30.16667
v -99.66666 2.057585 32
v -93.83333 2.057585 32.5
v -93.5 2.057585 30.5
v -99.66666 2.057585 32
v -100.3333 2.057585 32.5
v -93.83333 2.057585 32.5
v -92.5 2.057585 28.83333
v -91.16666 2.057585 27.66667
v -99.16666 2.057585 27.66667
v -93.5 2.057585 30.5
v -92.5 2.057585 28.83333
v -99.16666 2.057585 27.66667
v -99.16666 2.057585 28.66667
v -89 2.057585 33.5
v -87.83333 2.057585 33.5
v -87.66666 2.057585 32.33334
v -89.5 2.057585 30.16667
v -89.83333 2.057585 29
v -90.66666 2.057585 28.83333
v -92.33333 2.057585 31.16667
v -89 2.057585 33.5
v -87.66666 2.057585 32.33334
v -88 2.057585 31.33333
v -90 2.057585 33.5
v -92.33333 2.057585 31.16667
v -92.66666 2.057585 33.5
v -90 2.057585 33.5
v -88 2.057585 31.33333
v -89.5 2.057585 30.16667
v -86.66666 2.057585 34.33334
v -86.66666 2.057585 35
v -86 2.057585 35.5
v -85.33333 2.057585 30.83333
v -86.5 2.057585 31.16667
v -85.33333 2.057585 37
v -85.33333 2.057585 30.83333
v -86 2.057585 35.5
v -95.33333 2.057585 40.16667
v -94.66666 2.057585 40.16667
v -93.83333 2.057585 39
v -94.66666 2.057585 40.16667
v -93.83333 2.057585 40.16667
v -93.83333 2.057585 39
v -93.83333 2.057585 38.66667
v -93.83333 2.057585 32.5
v -100.3333 2.057585 32.5
v -93.83333 2.057585 38.66667
v -100.3333 2.057585 32.5
v -102.8333 2.057585 32.5
v -113.5 2.057585 38.66667
v -93.83333 2.057585 40.16667
v -93.5 2.057585 40.16667
v -93.83333 2.057585 39
v -90 2.057585 33.5
v -92.66666 2.057585 33.5
v -92.66666 2.057585 34.83334
v -87.83333 2.057585 33.5
v -89 2.057585 33.5
v -88.16666 2.057585 34
v -87.83333 2.057585 34
v -89.83333 2.057585 36.66667
v -88.16666 2.057585 35.5
v -89.83333 2.057585 34.83334
v -91.83333 2.057585 35.83334
v -91.33333 2.057585 36.33334
v -86.66666 2.057585 37.83334
v -87.16666 2.057585 36.33334
v -88 2.057585 37.33334
v -89.33333 2.057585 37.83334
v -86.66666 2.057585 37.83334
v -88 2.057585 37.33334
v -92.5 2.057585 37.83334
v -90.83333 2.057585 37.83334
v -92.5 2.057585 37.33334
v -88.66666 2.057585 40.66667
v -88 2.057585 40.66667
v -88 2.057585 40
v -89.66666 2.057585 39.66667
v -86.33333 2.057585 39.33334
v -86.33333 2.057585 38.33334
v -86.66666 2.057585 37.83334
v -87.5 2.057585 39.5
v -90.83333 2.057585 37.83334
v -92.5 2.057585 37.83334
v -92.33333 2.057585 39.66667
v -89.66666 2.057585 39.66667
v -89.33333 2.057585 37.83334
v -90.83333 2.057585 37.83334
v -89.66666 2.057585 39.66667
v -89.66666 2.057585 39.66667
v -88 2.057585 40
v -87.5 2.057585 39.5
v -86.66666 2.057585 37.83334
v -89.33333 2.057585 37.83334
v -119.5 2.057585 39.16667
v -116.8333 2.057585 39.16667
v -116.3333 2.057585 38.66667
v -120.5 2.057585 39.16667
v -119.5 2.057585 39.16667
v -116.3333 2.057585 38.66667
v -120.5 2.057585 39.16667
v -116.3333 2.057585 38.66667
v -125.6667 2.057585 38.66667
v -125.1667 2.057585 39.16667
v -113.5 2.057585 38.66667
v -113 2.057585 39
v -105.3333 2.057585 39
v -113.5 2.057585 38.66667
v -105.3333 2.057585 39
v -103.8333 2.057585 39
v -103.8333 2.057585 39
v -93.83333 2.057585 39
v -93.83333 2.057585 38.66667
v -113.5 2.057585 38.66667
v -106.6667 2.057585 39.66667
v -106.1667 2.057585 39.66667
v -105.3333 2.057585 39
v -107.6667 2.057585 39.66667
v -106.6667 2.057585 39.66667
v -105.3333 2.057585 39
v -107.6667 2.057585 39.66667
v -105.3333 2.057585 39
v -113 2.057585 39
v -112.3333 2.057585 39.66667
v -126.5 2.057585 14.83333
v -126.5 2.057585 13.83333
v -126.8333 2.057585 12.5
v -128 2.057585 38.16667
v -103.8333 2.057585 31.66667
v -105.6667 2.057585 28.66667
v -107.1667 2.057585 27
v -126.3333 2.057585 38.16667
v -125.6667 2.057585 38.66667
v -116.3333 2.057585 38.66667
v -113.5 2.057585 38.66667
v -102.8333 2.057585 32.5
v -103.8333 2.057585 31.66667
v -126.8333 2.057585 12.5
v -126.8333 2.057585 11.5
v -128 2.057585 0
v -128 2.057585 38.16667
v -126.3333 2.057585 38.16667
v -116.3333 2.057585 38.66667
v -113.5 2.057585 38.66667
v -113.5 2.057585 38.66667
v -103.8333 2.057585 31.66667
v -107.1667 2.057585 27
v -122.8333 2.057585 16.33333
v -125.8333 2.057585 15.5
v -126.3333 2.057585 38.16667
v -128 2.057585 38.16667
v -126.3333 2.057585 38.16667
v -125.8333 2.057585 15.5
v -126.5 2.057585 14.83333
v -148.1667 2.057585 1.833333
v -148.1667 2.057585 0.6666667
v -148.8333 2.057585 0
v -169.5 2.057585 0
v -166.1667 2.057585 3.666667
v -165.1667 2.057585 3.666667
v -169.5 2.057585 1.166667
v -169.8333 2.057585 1.666667
v -169.3333 2.057585 3.666667
v -169.5 2.057585 0
v -169.5 2.057585 1.166667
v -169.3333 2.057585 3.666667
v -166.1667 2.057585 3.666667
v -165.1667 2.057585 3.666667
v -147.3333 2.057585 3.666667
v -148.1667 2.057585 1.833333
v -139.6667 2.057585 1.333333
v -140 2.057585 1.5
v -140 2.057585 2
v -139.3333 2.057585 3.5
v -145 2.057585 39.66667
v -145.1667 2.057585 39.66667
v -144.6667 2.057585 39.83334
v -147 2.057585 39.66667
v -149.5 2.057585 39.83334
v -149.1667 2.057585 40.33334
v -139.8333 2.057585 0
v -139.6667 2.057585 1.333333
v -139.3333 2.057585 3.5
v -128 2.057585 0
v -147 2.057585 39.66667
v -151.3333 2.057585 39.66667
v -149.5 2.057585 39.83334
v -167.3333 2.057585 4
v -166.5 2.057585 4
v -166.1667 2.057585 3.666667
v -169.3333 2.057585 3.666667
v -169.1667 2.057585 6.666667
v -168 2.057585 6.666667
v -168 2.057585 4.666667
v -169.3333 2.057585 3.666667
v -168 2.057585 4.666667
v -167.3333 2.057585 4
v -169.3333 2.057585 3.666667
v -156 2.057585 7.833333
v -155.6667 2.057585 8.166667
v -154.3333 2.057585 8.166667
v -143.8333 2.057585 8.166667
v -143.8333 2.057585 7.333333
v -144.5 2.057585 6.333333
v -146.1667 2.057585 5.666667
v -153.3333 2.057585 8.166667
v -156 2.057585 7.833333
v -154.3333 2.057585 8.166667
v -153.3333 2.057585 8.166667
v -159.1667 2.057585 7
v -158.3333 2.057585 7.666667
v -156 2.057585 7.833333
v -161.6667 2.057585 4.833333
v -159.8333 2.057585 7
v -159.1667 2.057585 7
v -153.3333 2.057585 8.166667
v -146.1667 2.057585 5.666667
v -147.1667 2.057585 4.5
v -165.1667 2.057585 3.666667
v -164.3333 2.057585 4.333333
v -161.6667 2.057585 4.833333
v -147.3333 2.057585 3.666667
v -159.1667 2.057585 7
v -156 2.057585 7.833333
v -153.3333 2.057585 8.166667
v -147.1667 2.057585 4.5
v -147.3333 2.057585 3.666667
v -161.6667 2.057585 4.833333
v -154.3333 2.057585 8.166667
v -155.6667 2.057585 8.166667
v -155.1667 2.057585 8.833334
v -143.8333 2.057585 8.166667
v -153.3333 2.057585 8.166667
v -151.8333 2.057585 9.5
v -143.8333 2.057585 8.166667
v -151.8333 2.057585 9.5
v -151.8333 2.057585 9.833334
v -143.6667 2.057585 9
v -151.8333 2.057585 9.833334
v -142.6667 2.057585 9.833334
v -143.6667 2.057585 9
v -150.8333 2.057585 16.5
v -151.3333 2.057585 16.5
v -150.8333 2.057585 17.16667
v -150.5 2.057585 15.66667
v -150.8333 2.057585 16.5
v -150.8333 2.057585 17.16667
v -150.5 2.057585 13.83333
v -151.3333 2.057585 14.66667
v -150.5 2.057585 15.66667
v -144.5 2.057585 18.83333
v -143.8333 2.057585 18.83333
v -151.8333 2.057585 9.833334
v -151.6667 2.057585 11.16667
v -150.8333 2.057585 11.66667
v -142.6667 2.057585 9.833334
v -150.5 2.057585 15.66667
v -150.8333 2.057585 17.16667
v -150.8333 2.057585 18
v -144.5 2.057585 18.83333
v -150.8333 2.057585 18
v -151.8333 2.057585 18.83333
v -144.5 2.057585 18.83333
v -142.6667 2.057585 9.833334
v -150.5 2.057585 13
v -150.5 2.057585 13.83333
v -143.8333 2.057585 18.83333
v -140.5 2.057585 9.833334
v -142.6667 2.057585 9.833334
v -150.8333 2.057585 11.66667
v -150.5 2.057585 13
v -158.6667 2.057585 39.33334
v -160.5 2.057585 39.33334
v -160.1667 2.057585 39.83334
v -163.6667 2.057585 11
v -162.1667 2.057585 11
v -162.6667 2.057585 10.33333
v -163.1667 2.057585 10.33333
v -162.3333 2.057585 11.66667
v -162.1667 2.057585 11
v -163.6667 2.057585 11
v -163.6667 2.057585 11
v -165.1667 2.057585 10.83333
v -165.1667 2.057585 11.5
v -161.8333 2.057585 12.16667
v -162.3333 2.057585 11.66667
v -163.6667 2.057585 11
v -165.1667 2.057585 11.5
v -166.1667 2.057585 12.16667
v -160.3333 2.057585 13.16667
v -160.3333 2.057585 12.83333
v -161.8333 2.057585 12.16667
v -167 2.057585 12.16667
v -167.3333 2.057585 12.16667
v -169.3333 2.057585 12.5
v -166.1667 2.057585 12.16667
v -167 2.057585 12.16667
v -169.3333 2.057585 12.5
v -158.8333 2.057585 14.33333
v -160.3333 2.057585 13.16667
v -161.8333 2.057585 12.16667
v -166.1667 2.057585 12.16667
v -169.3333 2.057585 12.5
v -169.3333 2.057585 14.33333
v -157.5 2.057585 14.33333
v -156.6667 2.057585 14.33333
v -157.3333 2.057585 14
v -168.8333 2.057585 16.66667
v -169 2.057585 18.33333
v -168.1667 2.057585 19
v -155.1667 2.057585 15.66667
v -156.6667 2.057585 14.33333
v -157.5 2.057585 14.33333
v -154.5 2.057585 18.66667
v -154.5 2.057585 17.66667
v -155.1667 2.057585 15.66667
v -157.5 2.057585 14.33333
v -158.8333 2.057585 14.33333
v -153.8333 2.057585 19.66667
v -154.5 2.057585 18.66667
v -158.8333 2.057585 14.33333
v -168.1667 2.057585 19
v -168.1667 2.057585 19.66667
v -169.3333 2.057585 14.33333
v -168.8333 2.057585 16.66667
v -168.1667 2.057585 19
v -158.8333 2.057585 14.33333
v -145.8333 2.057585 19.66667
v -144.5 2.057585 18.83333
v -151.8333 2.057585 18.83333
v -153 2.057585 19.66667
v -142.6667 2.057585 19.83333
v -142.6667 2.057585 21.5
v -140.5 2.057585 21.5
v -142.6667 2.057585 19.83333
v -140.5 2.057585 21.5
v -139 2.057585 21.5
v -128 2.057585 0
v -139.3333 2.057585 3.5
v -139.1667 2.057585 5.833333
v -147 2.057585 20.5
v -146.1667 2.057585 20.5
v -145.8333 2.057585 19.66667
v -147.5 2.057585 20.5
v -147 2.057585 20.5
v -145.8333 2.057585 19.66667
v -153 2.057585 19.66667
v -168.1667 2.057585 20.5
v -147.5 2.057585 20.5
v -153.8333 2.057585 19.66667
v -168.1667 2.057585 19.66667
v -147.5 2.057585 20.5
v -153 2.057585 19.66667
v -153.8333 2.057585 19.66667
v -149.3333 2.057585 21.5
v -148.3333 2.057585 21.33333
v -147.5 2.057585 20.5
v -169.1667 2.057585 23
v -169.3333 2.057585 25.5
v -167.6667 2.057585 25.5
v -169.1667 2.057585 23
v -167.6667 2.057585 25.5
v -167 2.057585 25.5
v -168.1667 2.057585 22
v -167 2.057585 25.5
v -149.8333 2.057585 22
v -149.3333 2.057585 21.5
v -168.1667 2.057585 20.5
v -168.1667 2.057585 22
v -167 2.057585 25.5
v -149.3333 2.057585 21.5
v -147.5 2.057585 20.5
v -167 2.057585 25.5
v -145.5 2.057585 25.5
v -148.8333 2.057585 24.5
v -167 2.057585 25.5
v -148.8333 2.057585 24.5
v -149.6667 2.057585 23.5
v -167 2.057585 25.5
v -149.6667 2.057585 23.5
v -149.8333 2.057585 22
v -140.5 2.057585 21.5
v -142.6667 2.057585 21.5
v -141.6667 2.057585 22.83333
v -133.6667 2.057585 32
v -133.6667 2.057585 33.5
v -132.6667 2.057585 33.33334
v -135.3333 2.057585 29.33333
v -135.1667 2.057585 30.33333
v -133.6667 2.057585 32
v -139.5 2.057585 9.166667
v -140.5 2.057585 9.833334
v -143.8333 2.057585 18.83333
v -135.8333 2.057585 25.5
v -135.8333 2.057585 28.83333
v -135.3333 2.057585 29.33333
v -139.1667 2.057585 5.833333
v -139.8333 2.057585 7.5
v -139.5 2.057585 9.166667
v -128 2.057585 0
v -160.5 2.057585 39.33334
v -158.6667 2.057585 39.33334
v -157.5 2.057585 39.16667
v -162.1667 2.057585 39.16667
v -169.3333 2.057585 25.5
v -169.1667 2.057585 26.16667
v -168.3333 2.057585 26.16667
v -167.6667 2.057585 25.5
v -168.1667 2.057585 28.83333
v -168.8333 2.057585 28.83333
v -169 2.057585 29.33333
v -169 2.057585 31.16667
v -140.8333 2.057585 30.33333
v -140.1667 2.057585 29.83333
v -140.3333 2.057585 29
v -141.6667 2.057585 28.83333
v -142.3333 2.057585 28.16667
v -144.3333 2.057585 26.16667
v -145.5 2.057585 25.5
v -166.6667 2.057585 26.5
v -167.3333 2.057585 27.16667
v -167.6667 2.057585 28.33333
v -168 2.057585 32
v -168 2.057585 33.66667
v -167.6667 2.057585 34.16667
v -150.1667 2.057585 34.16667
v -166.6667 2.057585 26.5
v -167.6667 2.057585 28.33333
v -149.6667 2.057585 34.16667
v -142.3333 2.057585 28.16667
v -145.5 2.057585 25.5
v -167 2.057585 25.5
v -166.6667 2.057585 26.5
v -150.1667 2.057585 34.16667
v -140.8333 2.057585 30.33333
v -141.6667 2.057585 28.83333
v -142.3333 2.057585 28.16667
v -149.6667 2.057585 34.16667
v -140.3333 2.057585 34.16667
v -140.3333 2.057585 32.33334
v -142.3333 2.057585 28.16667
v -142.8333 2.057585 26.33333
v -144.3333 2.057585 26.16667
v -167.6667 2.057585 28.33333
v -168.1667 2.057585 28.83333
v -169 2.057585 31.16667
v -168 2.057585 32
v -130.5 2.057585 38.66667
v -129.8333 2.057585 38.66667
v -129.3333 2.057585 38.16667
v -131.3333 2.057585 38.66667
v -130.5 2.057585 38.66667
v -129.3333 2.057585 38.16667
v -132.8333 2.057585 37.16667
v -132.8333 2.057585 38.66667
v -131.3333 2.057585 38.66667
v -129.3333 2.057585 38.16667
v -131.8333 2.057585 36.16667
v -139.5 2.057585 9.166667
v -139 2.057585 21.5
v -137.5 2.057585 22.33333
v -143.8333 2.057585 18.83333
v -142.6667 2.057585 19.83333
v -139 2.057585 21.5
v -139.5 2.057585 9.166667
v -152.3333 2.057585 34.33334
v -152 2.057585 34.33334
v -150.1667 2.057585 34.16667
v -152.8333 2.057585 34.33334
v -152.3333 2.057585 34.33334
v -150.1667 2.057585 34.16667
v -152.8333 2.057585 34.33334
v -150.1667 2.057585 34.16667
v -167.6667 2.057585 34.16667
v -167.6667 2.057585 34.33334
v -140.5 2.057585 36.16667
v -140 2.057585 36.16667
v -139.5 2.474252 35.33334
v -140.1667 2.057585 34.83334
v -149.3333 2.057585 34.5
v -149.1667 2.057585 36.16667
v -141 2.057585 36.16667
v -141 2.057585 36.16667
v -140.5 2.057585 36.16667
v -140.1667 2.057585 34.83334
v -140.3333 2.057585 34.16667
v -149.6667 2.057585 34.16667
v -149.3333 2.057585 34.5
v -167.5 2.057585 35.66667
v -167.8333 2.057585 36.5
v -167 2.057585 36.5
v -167 2.057585 36.5
v -166.3333 2.057585 37.5
v -166 2.057585 37.5
v -167 2.057585 36.5
v -166 2.057585 37.5
v -165 2.057585 37.5
v -167.6667 2.057585 34.33334
v -167.5 2.057585 35.66667
v -167 2.057585 36.5
v -165 2.057585 37.5
v -153.1667 2.057585 34.66667
v -152.8333 2.057585 34.33334
v -165 2.057585 37.5
v -153 2.057585 37.5
v -153.1667 2.057585 34.66667
v -149.1667 2.057585 36.16667
v -149.1667 2.057585 36.83334
v -146.1667 2.057585 36.83334
v -149.1667 2.057585 36.16667
v -146.1667 2.057585 36.83334
v -145.1667 2.057585 36.83334
v -145.1667 2.057585 36.83334
v -141.6667 2.057585 36.83334
v -141 2.057585 36.16667
v -149.1667 2.057585 36.16667
v -140 2.057585 36.16667
v -140.5 2.057585 36.16667
v -140.3333 2.057585 36.5
v -140 2.057585 36.5
v -145.1667 2.057585 39.66667
v -145 2.057585 39.66667
v -146.8333 2.057585 38.66667
v -147 2.057585 39.66667
v -145.1667 2.057585 39.66667
v -146.8333 2.057585 38.66667
v -149.3333 2.057585 39.33334
v -151.3333 2.057585 39.33334
v -151.3333 2.057585 39.66667
v -147 2.057585 39.66667
v -147 2.057585 39.66667
v -146.8333 2.057585 38.66667
v -146.8333 2.057585 37.33334
v -149.1667 2.057585 36.83334
v -149 2.057585 39
v -146.8333 2.057585 37.33334
v -146.1667 2.057585 36.83334
v -149.1667 2.057585 36.83334
v -149 2.057585 39
v -149.3333 2.057585 39.33334
v -147 2.057585 39.66667
v -143.5 2.057585 39
v -143.6667 2.057585 39.83334
v -143.3333 2.057585 40
v -142.5 2.057585 39.16667
v -142.5 2.057585 39.16667
v -141.3333 2.057585 38.5
v -141.6667 2.057585 38.16667
v -139.8333 2.057585 39.16667
v -139.8333 2.057585 38.66667
v -141.3333 2.057585 38.5
v -142.5 2.057585 39.16667
v -143.5 2.057585 39
v -142.5 2.057585 39.16667
v -141.6667 2.057585 38.16667
v -141.6667 2.057585 36.83334
v -145.1667 2.057585 36.83334
v -156.5 2.057585 39.16667
v -156 2.057585 39.16667
v -155.5 2.057585 38.66667
v -165 2.057585 37.5
v -164.6667 2.057585 38.16667
v -163.5 2.057585 38.16667
v -157.5 2.057585 39.16667
v -156.5 2.057585 39.16667
v -155.5 2.057585 38.66667
v -155.5 2.057585 38.66667
v -153 2.057585 38.66667
v -153 2.057585 37.5
v -157.5 2.057585 39.16667
v -155.5 2.057585 38.66667
v -153 2.057585 37.5
v -165 2.057585 37.5
v -163.5 2.057585 38.16667
v -163.5 2.057585 38.16667
v -162.1667 2.057585 39.16667
v -157.5 2.057585 39.16667
v -132.8333 2.057585 38.66667
v -133.3333 2.057585 39.16667
v -133 2.057585 40
v -131.3333 2.057585 38.66667
v -129.8333 2.057585 38.66667
v -130.5 2.057585 38.66667
v -130 2.057585 39
v -162.1667 2.057585 39.16667
v -162.1667 2.057585 39.33334
v -161.8333 2.057585 39.33334
v -162.1667 2.057585 39.16667
v -161.8333 2.057585 39.33334
v -160.5 2.057585 39.33334
v -133.6667 2.057585 32
v -132.6667 2.057585 33.33334
v -132 2.057585 34
v -137.5 2.057585 22.33333
v -137.1667 2.057585 24
v -135.8333 2.057585 25.5
v -131.8333 2.057585 36.16667
v -129.3333 2.057585 38.16667
v -128 2.057585 38.16667
v -132 2.057585 34
v -135.3333 2.057585 29.33333
v -133.6667 2.057585 32
v -132 2.057585 34
v -128 2.057585 38.16667
v -135.8333 2.057585 25.5
v -139.5 2.057585 9.166667
v -137.5 2.057585 22.33333
v -135.8333 2.057585 25.5
v -128 2.057585 38.16667
v -128 2.057585 0
v -177.6667 2.057585 24.83333
v -177.6667 2.057585 23.66667
v -178.1667 2.057585 23.33333
v -178.3333 2.057585 10.66667
v -178 2.057585 10.5
v -178 2.057585 9
v -177.6667 2.057585 32.83334
v -176.6667 2.057585 31.83333
v -177.1667 2.057585 31.16667
v -178 2.057585 9
v -177 2.057585 8.166667
v -177.5 2.057585 7.333333
v -177.3333 2.057585 5.5
v -176.1667 2.057585 4.833333
v -177.1667 2.057585 3.666667
v -178.1667 2.057585 21.83333
v -177.6667 2.057585 21.5
v -177.8333 2.057585 20
v -177.8333 2.057585 20
v -176.8333 2.057585 19
v -177.3333 2.057585 18.16667
v -177.6667 2.057585 13.66667
v -177.6667 2.057585 12.5
v -178.3333 2.057585 11.83333
v -177.1667 2.057585 29.66667
v -175.8333 2.057585 28.5
v -176.8333 2.057585 27.5
v -178 2.057585 1.166667
v -178.1667 2.057585 0
v -180.1667 2.057585 0
v -177.1667 2.057585 3.666667
v -177.1667 2.057585 2.833333
v -178 2.057585 1.166667
v -176.8333 2.057585 27.5
v -176.8333 2.057585 26.66667
v -177.6667 2.057585 24.83333
v -180.1667 2.057585 35.83334
v -176.6667 2.057585 35.83334
v -177.6667 2.057585 34
v -177.3333 2.057585 16.83333
v -176.8333 2.057585 16
v -177.6667 2.057585 13.66667
v -177.6667 2.057585 32.83334
v -177.1667 2.057585 31.16667
v -177.1667 2.057585 29.66667
v -177.8333 2.057585 20
v -177.3333 2.057585 18.16667
v -177.3333 2.057585 16.83333
v -178 2.057585 9
v -177.5 2.057585 7.333333
v -177.3333 2.057585 5.5
v -180.1667 2.057585 35.83334
v -177.6667 2.057585 34
v -177.6667 2.057585 32.83334
v -176.8333 2.057585 27.5
v -177.6667 2.057585 24.83333
v -178.1667 2.057585 23.33333
v -180.1667 2.057585 35.83334
v -177.6667 2.057585 32.83334
v -177.1667 2.057585 29.66667
v -177.3333 2.057585 5.5
v -177.1667 2.057585 3.666667
v -178 2.057585 1.166667
v -180.1667 2.057585 0
v -178.3333 2.057585 10.66667
v -178 2.057585 9
v -178.1667 2.057585 21.83333
v -177.8333 2.057585 20
v -177.3333 2.057585 16.83333
v -177.6667 2.057585 13.66667
v -178.3333 2.057585 11.83333
v -178.1667 2.057585 23.33333
v -178.1667 2.057585 21.83333
v -178.3333 2.057585 11.83333
v -180.1667 2.057585 0
v -180.1667 2.057585 35.83334
v -178.3333 2.057585 11.83333
v -178.3333 2.057585 10.66667
v -180.1667 2.057585 0
v -175 2.057585 39.5
v -174.1667 2.057585 39.5
v -175.1667 2.057585 38.16667
v -176 2.057585 40
v -175 2.057585 39.5
v -175.1667 2.057585 38.16667
v -175.1667 2.057585 38.16667
v -175.5 2.057585 35.66667
v -176.6667 2.057585 35.83334
v -176.8333 2.057585 40.83334
v -176 2.057585 40
v -175.1667 2.057585 38.16667
v -176.6667 2.057585 35.83334
v -180.1667 2.057585 35.83334
v -180.1667 2.057585 42.66667
v -180.1667 2.057585 42.66667
v -177 2.057585 42.66667
v -176.8333 2.057585 40.83334
v -174 2.057585 42.66667
v -173.8333 2.057585 40.66667
v -175.6667 2.057585 41.33334
v -175.8333 2.057585 42.66667
v 51 2.057585 -11.5
v 51.66667 2.057585 -11.83333
v 51.33334 2.057585 -12.5
v 51.16667 2.057585 -32.5
v 51.16667 2.057585 -33.33334
v 50.66667 2.057585 -33.83334
v 51 2.057585 -22.66667
v 51.33334 2.057585 -22.83333
v 51.16667 2.057585 -24.16667
v 44.33334 2.057585 -27.33333
v 44 2.057585 -27
v 51.5 2.057585 -19.83333
v 51.5 2.057585 -20.83333
v 51 2.057585 -21.33333
v 51 2.057585 -37
v 52.16667 2.057585 -38.16667
v 51.66667 2.057585 -38.66667
v 50.66667 2.057585 -35.16667
v 51.33334 2.057585 -35.5
v 51 2.057585 -37
v 51.83334 2.057585 -16.16667
v 52.33334 2.057585 -17
v 52.33334 2.057585 -18
v 51.5 2.057585 -19.83333
v 51.83334 2.057585 -27.66667
v 53.16667 2.057585 -28.5
v 52 2.057585 -29.66667
v 51.16667 2.057585 -24.16667
v 52.16667 2.057585 -25.16667
v 51.66667 2.057585 -26.16667
v 51 2.057585 -11.5
v 51.33334 2.057585 -12.5
v 51.5 2.057585 -13.66667
v 51.83334 2.057585 -16.16667
v 51.5 2.057585 -13.66667
v 52.33334 2.057585 -14.33333
v 51.83334 2.057585 -16.16667
v 51.5 2.057585 -40
v 52.83334 2.057585 -41.83334
v 52.66667 2.057585 -42.66667
v 42.66667 2.057585 -42.66667
v 52 2.057585 -29.66667
v 52 2.057585 -30.66667
v 51.16667 2.057585 -32.5
v 51 2.057585 -37
v 51.66667 2.057585 -38.66667
v 51.5 2.057585 -40
v 51.66667 2.057585 -26.16667
v 51.83334 2.057585 -27.66667
v 52 2.057585 -29.66667
v 42.66667 2.057585 -5
v 43.66667 2.057585 -3.166668
v 45.66667 2.057585 -5
v 45.66667 2.057585 -6.666668
v 44.5 2.057585 -8
v 42.66667 2.057585 -6
v 52 2.057585 -29.66667
v 51.16667 2.057585 -32.5
v 50.66667 2.057585 -33.83334
v 50.66667 2.057585 -33.83334
v 50.66667 2.057585 -35.16667
v 44 2.057585 -31.16667
v 44.33334 2.057585 -28.83333
v 50.66667 2.057585 -35.16667
v 51 2.057585 -37
v 51.5 2.057585 -40
v 42.66667 2.057585 -42.66667
v 42.66667 2.057585 -32.16667
v 44 2.057585 -31.16667
v 51.83334 2.057585 -16.16667
v 51.5 2.057585 -19.83333
v 51 2.057585 -21.33333
v 51.16667 2.057585 -24.16667
v 51.66667 2.057585 -26.16667
v 52 2.057585 -29.66667
v 50.66667 2.057585 -33.83334
v 44.33334 2.057585 -28.83333
v 44.33334 2.057585 -27.33333
v 44.83334 2.057585 -11
v 51 2.057585 -11
v 51 2.057585 -11.5
v 43.66667 2.057585 -11
v 44.83334 2.057585 -11
v 51 2.057585 -11.5
v 43.66667 2.057585 -3.166668
v 45.16667 2.057585 -3.833332
v 45.66667 2.057585 -5
v 51 2.057585 -21.33333
v 51 2.057585 -22.66667
v 44 2.057585 -27
v 58.66667 2.057585 -41.83334
v 58.66667 2.057585 -41.33334
v 59 2.057585 -41.33334
v 59.5 2.057585 -42.66667
v 58.66667 2.057585 -41.83334
v 59 2.057585 -41.33334
v 60 2.057585 -40.16667
v 60.16667 2.057585 -26.5
v 59.83334 2.057585 -25.83333
v 60.83334 2.057585 -25.16667
v 60 2.057585 -40.16667
v 59.83334 2.057585 -38.66667
v 60.66667 2.057585 -38.16667
v 59.83334 2.057585 -32.5
v 59.33334 2.057585 -32
v 60 2.057585 -30.33333
v 60.16667 2.057585 -8.666668
v 59.66667 2.057585 -8.166668
v 60.33334 2.057585 -6.5
v 60 2.057585 -19.66667
v 59.66667 2.057585 -19.16667
v 60.33334 2.057585 -17.33333
v 61.16667 2.057585 -1.5
v 61.16667 2.057585 0
v 68.66667 2.057585 0
v 60.66667 2.057585 -35
v 59.66667 2.057585 -34
v 59.83334 2.057585 -32.5
v 60.83334 2.057585 -22.16667
v 59.83334 2.057585 -21.16667
v 60 2.057585 -19.66667
v 60.33334 2.057585 -17.33333
v 61 2.057585 -14.5
v 61 2.057585 -11.33333
v 60 2.057585 -10.33333
v 60.16667 2.057585 -8.666668
v 60.33334 2.057585 -17.33333
v 60.16667 2.057585 -15
v 61 2.057585 -14.5
v 59.5 2.057585 -42.66667
v 60 2.057585 -40.16667
v 60.66667 2.057585 -38.16667
v 68.66667 2.057585 -42.66667
v 60.66667 2.057585 -35
v 59.83334 2.057585 -32.5
v 60 2.057585 -30.33333
v 60.83334 2.057585 -22.16667
v 61 2.057585 -14.5
v 61.16667 2.057585 -12.33333
v 60.83334 2.057585 -25.16667
v 61 2.057585 -11.33333
v 60.16667 2.057585 -8.666668
v 60.33334 2.057585 -6.5
v 60.33334 2.057585 -6.5
v 60.33334 2.057585 -2.166668
v 61.16667 2.057585 -1.5
v 68.66667 2.057585 0
v 61.16667 2.057585 -12.33333
v 61 2.057585 -11.33333
v 60 2.057585 -30.33333
v 60.16667 2.057585 -26.5
v 60.83334 2.057585 -25.16667
v 60.83334 2.057585 -36
v 60.66667 2.057585 -35
v 68.66667 2.057585 -42.66667
v 60.83334 2.057585 -36
v 60.83334 2.057585 -25.16667
v 61.16667 2.057585 -12.33333
v 68.66667 2.057585 0
v 68.66667 2.057585 -42.66667
v 60.66667 2.057585 -38.16667
v 60.83334 2.057585 -36
v 44.5 2.057585 -8
v 43.83334 2.057585 -8.5
v 42.66667 2.057585 -9.333332
v 42.66667 2.057585 -6
v 51.66667 2.057585 -0.8333321
v 52.66667 2.057585 -1.5
v 52 2.057585 -2.5
v 52.16667 2.057585 -4
v 53.33334 2.057585 -4.833332
v 52.33334 2.057585 -6
v 44.16667 2.057585 -2
v 42.66667 2.057585 -2
v 42.66667 2.057585 0
v 51.66667 2.057585 -0.8333321
v 52 2.057585 -2.5
v 52.16667 2.057585 -4
v 45.66667 2.057585 -2.666668
v 44.16667 2.057585 -2
v 42.66667 2.057585 0
v 51.5 2.057585 0
v 51.5 2.057585 0
v 51.66667 2.057585 -0.8333321
v 52.16667 2.057585 -4
v 46.83334 2.057585 -4.5
v 45.66667 2.057585 -2.666668
v 51 2.057585 -11
v 44.83334 2.057585 -11
v 45.83334 2.057585 -9.833332
v 51 2.057585 -11
v 45.83334 2.057585 -9.833332
v 46.83334 2.057585 -7.5
v 52.33334 2.057585 -6
v 51 2.057585 -11
v 46.83334 2.057585 -7.5
v 46.83334 2.057585 -4.5
v 52.16667 2.057585 -4
v 43.83334 2.057585 -8.5
v 43.66667 2.057585 -9.5
v 42.66667 2.057585 -9.333332
v 45.66667 2.057585 -6.666668
v 45.16667 2.057585 -8
v 44.5 2.057585 -8
v 42.66667 2.057585 -5
v 42.66667 2.057585 -3.166668
v 43.66667 2.057585 -3.166668
v 43.66667 2.057585 -11
v 51 2.057585 -11.5
v 51.83334 2.057585 -16.16667
v 51 2.057585 -21.33333
v 44 2.057585 -27
v 42.66667 2.057585 -27
v 42.66667 2.057585 -10.66667
v 43.66667 2.057585 -11
v 51.83334 2.057585 -16.16667
v 17.5 3.724252 -41
v 18.16667 3.724252 -41
v 18 3.724252 -42.66667
v 16.83333 3.724252 -41
v 17.5 3.724252 -41
v 18 3.724252 -42.66667
v 42.66667 2.057585 0
v 40.66667 2.057585 -1.333332
v 36.66667 2.057585 -1.333332
v 32.16667 2.057585 -34.83334
v 33.16667 2.057585 -35.5
v 33 2.057585 -37.16667
v 30.83333 2.057585 -37.66667
v 24.83333 2.057585 -36.83334
v 24.33333 2.057585 -36.33334
v 25 2.057585 -34.33334
v 25.66667 2.057585 -39.33334
v 24.66667 2.057585 -38.33334
v 24.83333 2.057585 -36.83334
v 30.16667 2.057585 -40.16667
v 25.66667 2.057585 -42.33334
v 25.66667 2.057585 -39.33334
v 30.16667 2.057585 -38.5
v 35.5 2.057585 -30.16667
v 33.66667 2.057585 -32.33334
v 32.83334 2.057585 -32.33334
v 25 2.057585 -30.16667
v 32.16667 2.057585 -34.83334
v 30.83333 2.057585 -37.66667
v 30.16667 2.057585 -38.5
v 25.66667 2.057585 -39.33334
v 24.83333 2.057585 -36.83334
v 25 2.057585 -34.33334
v 32.33334 2.057585 -32.83334
v 32.16667 2.057585 -34.83334
v 30.16667 2.057585 -38.5
v 30.16667 2.057585 -40.16667
v 33.5 2.057585 -42.66667
v 25.33333 2.057585 -42.66667
v 25.66667 2.057585 -42.33334
v 32.33334 2.057585 -32.83334
v 25 2.057585 -34.33334
v 25 2.057585 -30.16667
v 32.83334 2.057585 -32.33334
v 15.66667 3.724252 -38
v 15.66667 3.724252 -39
v 0 3.724252 -42.66667
v 39 2.057585 -41.83334
v 38.5 2.057585 -41.83334
v 38.16667 2.057585 -41.5
v 39.66667 2.057585 -41.83334
v 39 2.057585 -41.83334
v 38.16667 2.057585 -41.5
v 42.66667 2.057585 -42.66667
v 40.66667 2.057585 -42.66667
v 39.66667 2.057585 -41.83334
v 39.66667 2.057585 -39.16667
v 40.66667 2.057585 -36.5
v 42.66667 2.057585 -32.16667
v 37.33334 2.057585 -41.5
v 37 2.057585 -41.5
v 36.83334 2.057585 -41.33334
v 37.33334 2.057585 -41.5
v 36.83334 2.057585 -41.33334
v 38.16667 2.057585 -41
v 38.16667 2.057585 -41.5
v 16.33333 3.724252 -40.5
v 16.83333 3.724252 -41
v 18 3.724252 -42.66667
v 0 3.724252 -42.66667
v 15.66667 3.724252 -39
v 16.33333 3.724252 -39.66667
v 16.33333 3.724252 -40.5
v 0 3.724252 -42.66667
v 40.66667 2.057585 -36.5
v 40.33334 2.057585 -35.5
v 40.83334 2.057585 -35.16667
v 38.66667 2.057585 -40.33334
v 38.66667 2.057585 -39.66667
v 39.66667 2.057585 -39.16667
v 40.66667 2.057585 -36.5
v 40.83334 2.057585 -35.16667
v 42.66667 2.057585 -32.16667
v 39.66667 2.057585 -39.16667
v 39.83334 2.057585 -37.5
v 40.66667 2.057585 -36.5
v 40.83334 2.057585 -35.16667
v 40.83334 2.057585 -33.66667
v 42.66667 2.057585 -32.16667
v 17.83333 3.724252 -28.5
v 18.16667 3.724252 -28.5
v 18.16667 3.724252 -29.83333
v 0 3.724252 0
v 16 3.724252 -14.33333
v 16 3.724252 -15.33333
v 17.83333 3.724252 -28.5
v 18.16667 3.724252 -29.83333
v 17.5 3.724252 -30.16667
v 17 3.724252 -28.5
v 26.5 2.057585 -1.333332
v 26.33333 2.057585 -0.3333321
v 27.66667 2.057585 0
v 42.66667 2.057585 0
v 36.66667 2.057585 -1.333332
v 17.5 3.724252 -31.5
v 19 3.724252 -32
v 17.16667 3.724252 -33.66667
v 17 3.724252 -34.66667
v 17.83333 3.724252 -35.66667
v 17 3.724252 -37
v 15.66667 3.724252 -38
v 17 3.724252 -28.5
v 17.5 3.724252 -30.16667
v 17.5 3.724252 -31.5
v 17.5 3.724252 -31.5
v 17.16667 3.724252 -33.66667
v 17 3.724252 -34.66667
v 16 3.724252 -15.33333
v 16 3.724252 -25.5
v 15.66667 3.724252 -38
v 0 3.724252 -42.66667
v 0 3.724252 0
v 19.33333 3.724252 -3
v 18.16667 4.057585 -3
v 18.66667 3.724252 -2.166668
v 19.33333 3.724252 -1.666668
v 20 3.724252 -1.833332
v 19.83333 3.724252 -2.666668
v 18.16667 3.724252 -41
v 17.5 3.724252 -41
v 18.33333 3.724252 -40.33334
v 18.33333 3.724252 -40.33334
v 18.5 3.724252 -39.66667
v 18.83333 3.724252 -39.66667
v 18.16667 3.724252 -41
v 18.33333 3.724252 -40.33334
v 18.83333 3.724252 -39.66667
v 38.66667 2.057585 -30.16667
v 39.66667 2.057585 -30.16667
v 39.16667 2.057585 -30.83333
v 36.66667 2.057585 -30.16667
v 37.66667 2.057585 -30.16667
v 37 2.057585 -30.66667
v 40.16667 2.057585 -29.16667
v 40 2.057585 -30
v 39.66667 2.057585 -30.16667
v 38.66667 2.057585 -30.16667
v 41.16667 2.057585 -27.83333
v 41 2.057585 -28.5
v 40.16667 2.057585 -29.16667
v 36.66667 2.057585 -30.16667
v 35.5 2.057585 -30.16667
v 25.16667 2.057585 -13
v 24.66667 2.057585 -12.66667
v 25.16667 2.057585 -11.33333
v 16 3.724252 -25.5
v 16 3.724252 -26.66667
v 15.66667 3.724252 -38
v 40.16667 2.057585 -29.16667
v 38.66667 2.057585 -30.16667
v 37.66667 2.057585 -30.16667
v 25.33333 2.057585 -21.33333
v 25.16667 2.057585 -19.33333
v 26 2.057585 -18.66667
v 25.83333 2.057585 -26.5
v 26 2.057585 -15.66667
v 25 2.057585 -14.66667
v 25.16667 2.057585 -13
v 25.83333 2.057585 -26.5
v 24.83333 2.057585 -25.5
v 24.66667 2.057585 -23.33333
v 25.33333 2.057585 -21.33333
v 40.16667 2.057585 -29.16667
v 37.66667 2.057585 -30.16667
v 36.66667 2.057585 -30.16667
v 26 2.057585 -15.66667
v 25.16667 2.057585 -13
v 25.16667 2.057585 -11.33333
v 32.83334 2.057585 -11.33333
v 26 2.057585 -15.66667
v 32.83334 2.057585 -11.33333
v 34 2.057585 -11.33333
v 26 2.057585 -18.66667
v 35.5 2.057585 -30.16667
v 25.83333 2.057585 -29.5
v 25.83333 2.057585 -26.5
v 35.5 2.057585 -30.16667
v 25.83333 2.057585 -26.5
v 26 2.057585 -18.66667
v 34 2.057585 -11.33333
v 42.66667 2.057585 -10.66667
v 42 2.057585 -27
v 42 2.057585 -27
v 41.16667 2.057585 -27.83333
v 35.5 2.057585 -30.16667
v 35.5 2.057585 -30.16667
v 25 2.057585 -30.16667
v 25.83333 2.057585 -29.5
v 17.33333 3.724252 -22.33333
v 18.16667 3.724252 -23.16667
v 17.66667 3.724252 -23.5
v 18.16667 4.057585 -3
v 19.33333 3.724252 -3
v 18.5 3.724252 -4.5
v 16.66667 3.724252 -16.83333
v 17.66667 3.724252 -17.16667
v 17.66667 3.724252 -18
v 16 3.724252 -15.33333
v 16.66667 3.724252 -15.83333
v 16.66667 3.724252 -16.83333
v 38.16667 2.057585 -41.5
v 38.16667 2.057585 -41
v 38.66667 2.057585 -40.33334
v 39.66667 2.057585 -39.16667
v 39.66667 2.057585 -41.83334
v 17.66667 4.057585 -3
v 18.16667 4.057585 -3
v 18.5 3.724252 -4.5
v 18.33333 3.724252 -6
v 17.66667 3.724252 -18
v 18.33333 3.724252 -18.33333
v 18.33333 3.724252 -19.66667
v 18.5 3.724252 -6.666668
v 19.33333 3.724252 -7.333332
v 19.33333 3.724252 -8.333332
v 17.66667 3.724252 -9.666668
v 18.33333 3.724252 -19.66667
v 18.66667 3.724252 -19.83333
v 17.33333 3.724252 -21.33333
v 17.33333 3.724252 -22.33333
v 17.66667 3.724252 -23.5
v 17.33333 3.724252 -24.5
v 16 3.724252 -25.5
v 18.66667 3.724252 -2.166668
v 18.66667 3.724252 -0.6666679
v 19.33333 3.724252 -1.666668
v 42.66667 2.057585 -10.66667
v 42.66667 2.057585 -27
v 42 2.057585 -27
v 16.66667 3.724252 -16.83333
v 17.66667 3.724252 -18
v 18.33333 3.724252 -19.66667
v 17.33333 3.724252 -21.33333
v 34 2.057585 -11.33333
v 35 2.057585 -10
v 40.66667 2.057585 -10
v 42.66667 2.057585 -10.66667
v 17.33333 3.724252 -11
v 18.16667 3.724252 -12
v 16 3.724252 -14.33333
v 18.33333 3.724252 -6
v 18.5 3.724252 -6.666668
v 17.66667 3.724252 -9.666668
v 17.33333 3.724252 -21.33333
v 17.33333 3.724252 -22.33333
v 16 3.724252 -25.5
v 16 3.724252 -26.66667
v 16.66667 3.724252 -28.16667
v 17.5 3.724252 -31.5
v 17 3.724252 -34.66667
v 15.66667 3.724252 -38
v 16.66667 3.724252 -28.16667
v 17 3.724252 -28.5
v 17.5 3.724252 -31.5
v 32.5 2.057585 -3.666668
v 32.5 2.057585 -4.833332
v 31.5 2.057585 -5.166668
v 26.16667 2.057585 -5.666668
v 26.16667 2.057585 -4
v 26.66667 2.057585 -2.833332
v 29.83333 2.057585 -7.666668
v 29.83333 2.057585 -9
v 26.16667 2.057585 -5.666668
v 31.5 2.057585 -5.166668
v 31.5 2.057585 -5.666668
v 29.83333 2.057585 -7.666668
v 26.16667 2.057585 -5.666668
v 25.16667 2.057585 -11.33333
v 25.33333 2.057585 -6.333332
v 26.16667 2.057585 -5.666668
v 29.83333 2.057585 -9
v 30.16667 2.057585 -9.666668
v 31.16667 2.057585 -10.66667
v 32.83334 2.057585 -11.33333
v 25.16667 2.057585 -11.33333
v 30.16667 2.057585 -9.666668
v 31.16667 2.057585 -10.66667
v 25.16667 2.057585 -11.33333
v 32.5 2.057585 -3.666668
v 26.66667 2.057585 -2.833332
v 26.5 2.057585 -1.333332
v 33.66667 2.057585 -2.333332
v 26.5 2.057585 -1.333332
v 36.66667 2.057585 -1.333332
v 33.66667 2.057585 -2.333332
v 16 3.724252 -15.33333
v 16.66667 3.724252 -16.83333
v 17.33333 3.724252 -21.33333
v 16 3.724252 -25.5
v 35 2.057585 -10
v 35.33334 2.057585 -8.333332
v 39.5 2.057585 -8.833332
v 40.66667 2.057585 -10
v 31.16667 2.057585 -8.5
v 31.66667 2.057585 -7.333332
v 32 2.057585 -7.666668
v 31.5 2.057585 -9.333332
v 34 2.057585 -7.666668
v 34.16667 2.057585 -8.166668
v 33.66667 2.057585 -9.666668
v 33.16667 2.057585 -10
v 31.5 2.057585 -9.333332
v 32 2.057585 -7.666668
v 42.66667 2.057585 -9.333332
v 40.83334 2.057585 -8.5
v 42 2.057585 -7.5
v 42.66667 2.057585 -6
v 42.66667 2.057585 -9.333332
v 42 2.057585 -7.5
v 34 2.057585 -5.5
v 33.66667 2.057585 -4.333332
v 34.33334 2.057585 -3.5
v 38.66667 2.057585 -2.5
v 39.83334 2.057585 -2.833332
v 38.33334 2.057585 -5
v 38.33334 2.057585 -5
v 38.5 2.057585 -7.5
v 36.5 2.057585 -7.333332
v 36.5 2.057585 -7.333332
v 35 2.057585 -6.666668
v 34 2.057585 -5.5
v 36.16667 2.057585 -2.666668
v 38.66667 2.057585 -2.5
v 38.33334 2.057585 -5
v 36.5 2.057585 -7.333332
v 34 2.057585 -5.5
v 34.33334 2.057585 -3.5
v 40.66667 2.057585 -6.833332
v 40 2.057585 -7.166668
v 39.66667 2.057585 -6.5
v 40.83334 2.057585 -6.166668
v 40.83334 2.057585 -6.166668
v 39.66667 2.057585 -6.5
v 39.66667 2.057585 -5.333332
v 40.83334 2.057585 -3.666668
v 41.33334 2.057585 -4.666668
v 41.33334 2.057585 -5.833332
v 42.66667 2.057585 -3.166668
v 42.66667 2.057585 -5
v 42.33334 2.057585 -3.833332
v 42.33334 2.057585 -3.166668
v 16 3.724252 -26.66667
v 16.66667 3.724252 -27.16667
v 16.66667 3.724252 -28.16667
v 17.33333 4.224252 -2.666668
v 17.66667 4.057585 -3
v 18.33333 3.724252 -6
v 17.66667 3.724252 -9.666668
v 17.33333 3.724252 -11
v 16 3.724252 -14.33333
v 17.33333 5.224252 0
v 17.33333 4.224252 -2.666668
v 16 3.724252 -14.33333
v 0 3.724252 0
v 42.66667 2.057585 -2
v 41.5 2.057585 -2
v 40.66667 2.057585 -1.333332
v 42.66667 2.057585 0
v -42.66667 2.057585 -41.83334
v -42 2.057585 -42.66667
v -42.66667 2.057585 -42.66667
v -42.66667 2.057585 -17.83333
v -42.5 2.057585 -17.83333
v -42 2.057585 -19.5
v -42.66667 2.057585 -33.33334
v -39.66667 2.057585 -38
v -40.33334 2.057585 -37.5
v -40.33334 2.057585 -36.33334
v -39.5 2.057585 -24.66667
v -39.16667 2.057585 -24.66667
v -38.66667 2.057585 -26.33333
v -41.33334 2.057585 -34.33334
v -42.66667 2.057585 -33.33334
v -42 2.057585 -19.5
v -41 2.057585 -20.83333
v -41 2.057585 -21.5
v -41 2.057585 -21.5
v -39.66667 2.224252 -23.66667
v -39.5 2.057585 -24.66667
v -23 2.057585 -39.66667
v -20.33333 2.057585 -41.66667
v -21 2.057585 -42.66667
v -42 2.057585 -19.5
v -41 2.057585 -21.5
v -39.5 2.057585 -24.66667
v -42.66667 2.057585 -33.33334
v -36 2.057585 -42.66667
v -37.33334 2.057585 -41.5
v -39.66667 2.057585 -38
v -40.33334 2.057585 -36.33334
v -29 2.057585 -33.66667
v -23 2.057585 -39.66667
v -21 2.057585 -42.66667
v -36 2.057585 -42.66667
v -36 2.057585 -42.66667
v -40.33334 2.057585 -36.33334
v -41.33334 2.057585 -34.33334
v -38.66667 2.057585 -26.33333
v -38.16667 2.057585 -26.5
v -29 2.057585 -33.66667
v -38.16667 2.057585 -26.5
v -34.33334 2.057585 -26.5
v -29 2.057585 -33.66667
v -19.5 3.474252 -42.66667
v -19.33333 3.724252 -42.33334
v -19 3.890918 -42.33334
v -19 3.890918 -42.33334
v -18.33333 3.890918 -42.16667
v -18.33333 3.890918 -42.66667
v -19.5 3.474252 -42.66667
v -18.16667 3.890918 -42.66667
v -18.33333 3.890918 -42.66667
v -18.33333 3.890918 -42.16667
v -18.33333 3.890918 -42.16667
v -19 3.890918 -42.33334
v -19 3.890918 -42.16667
v -17.83333 3.724252 -41
v -38.33334 3.724252 -12.33333
v -40.33334 3.724252 -7.166668
v -41 3.724252 -3.166668
v -18.16667 3.890918 -42.66667
v -18.33333 3.890918 -42.16667
v -17.83333 3.724252 -41
v 0 3.724252 -42.66667
v -30 3.724252 -28
v -31.66667 3.724252 -25.5
v -31.83333 3.724252 -24.5
v -17.83333 3.724252 -40.16667
v -23.33333 3.724252 -35.66667
v -26.33333 3.724252 -32.33334
v -26.33333 3.724252 -32.33334
v -26.66667 3.724252 -32.33334
v -30 3.724252 -28
v 0 3.724252 -42.66667
v -17.83333 3.724252 -41
v -17.83333 3.724252 -40.16667
v -19 3.890918 -42.16667
v -19 3.890918 -42.33334
v -19.33333 3.724252 -42.33334
v -37.83334 2.307585 -26.33333
v -38.16667 2.057585 -26.5
v -38.66667 2.057585 -26.33333
v -37.33334 2.640918 -25.5
v -37.33334 2.557585 -26
v -41 2.057585 -20.83333
v -42 2.057585 -19.5
v -42.5 2.057585 -17.83333
v -38.5 3.890918 -17.83333
v -36.5 3.890918 -22
v -35.83334 3.890918 -22.33333
v -35.83334 3.890918 -22.83333
v -39.16667 2.057585 -24.66667
v -39.5 2.057585 -24.66667
v -39.66667 2.224252 -23.66667
v -35.83334 3.890918 -22.83333
v -35.16667 3.890918 -23.83333
v -35.33334 3.890918 -24
v -38.5 3.890918 -17.83333
v -38.33334 3.890918 -18
v -36.83334 3.890918 -21.16667
v -36.5 3.890918 -22
v -39.66667 2.224252 -23.66667
v -41 2.057585 -20.83333
v -35.33334 3.890918 -24
v -35.66667 3.474252 -24.66667
v -36.83334 3.057585 -25
v -37.33334 2.640918 -25.5
v -38.66667 2.057585 -26.33333
v -39.16667 2.057585 -24.66667
v -36.83334 3.057585 -25
v -36.5 3.890918 -22
v -35.83334 3.890918 -22.83333
v -35.33334 3.890918 -24
v -36.83334 3.057585 -25
v -39.16667 2.057585 -24.66667
v -39.66667 2.224252 -23.66667
v -39.66667 2.224252 -23.66667
v -41 2.057585 -21.5
v -41 2.057585 -20.83333
v -38.16667 2.057585 -26.5
v -37.83334 2.307585 -26.33333
v -37 2.057585 -26.33333
v -38.16667 2.057585 -26.5
v -37 2.057585 -26.33333
v -36.5 2.057585 -26.33333
v -36.5 2.057585 -26.33333
v -34.5 2.057585 -26.33333
v -34.33334 2.057585 -26.5
v -38.16667 2.057585 -26.5
v -37.33334 2.557585 -26
v -37 2.057585 -26.33333
v -37.83334 2.307585 -26.33333
v -34.5 2.057585 -26.33333
v -36.5 2.057585 -26.33333
v -35.16667 2.057585 -25.5
v -34.83334 2.057585 -25.5
v -35.83334 3.890918 -22.83333
v -33.66667 3.724252 -22.83333
v -35.16667 3.890918 -23.83333
v -35.83334 3.890918 -22.83333
v -35.83334 3.890918 -22.33333
v -35.66667 3.890918 -22.16667
v -33.66667 3.724252 -22.83333
v -36.5 3.890918 -22
v -36.83334 3.890918 -21.16667
v -36.5 3.890918 -21.16667
v -36.5 3.890918 -22
v -36.5 3.890918 -21.16667
v -36.33334 3.890918 -21.16667
v -35.66667 3.890918 -22.16667
v -35.83334 3.890918 -22.33333
v -33.16667 3.724252 -22.83333
v -33.66667 3.724252 -22.83333
v -35.66667 3.890918 -22.16667
v -41.5 3.724252 -2.666668
v -42.66667 3.724252 -2.833332
v -42.66667 3.724252 0
v -37 3.890918 -19.66667
v -37.33334 3.890918 -20
v -37.66667 3.890918 -19.83333
v -37.66667 3.890918 -19.16667
v -38.33334 3.807585 -16.66667
v -39.16667 3.890918 -16.5
v -39.33334 3.890918 -15.16667
v -38.66667 3.724252 -13.5
v -38.33334 3.724252 -13.16667
v -37.66667 3.890918 -19.16667
v -38.33334 3.890918 -18
v -37.83334 3.890918 -18.16667
v -37 3.890918 -19.66667
v -38 3.890918 -17.66667
v -38.66667 3.890918 -17.5
v -38.33334 3.807585 -16.66667
v -36.83334 3.890918 -21.16667
v -37.33334 3.890918 -20
v -37 3.890918 -20
v -36.5 3.890918 -21.16667
v -42.66667 2.057585 -8.833332
v -41.33334 2.057585 -12.66667
v -42.66667 2.057585 -13.33333
v -39.16667 3.890918 -16.5
v -39.5 3.890918 -15.33333
v -39.33334 3.890918 -15.16667
v -36.33334 3.890918 -21.16667
v -36.5 3.890918 -21.16667
v -37 3.890918 -20
v -37 3.890918 -19.66667
v -39.33334 3.890918 -15.16667
v -39.5 3.890918 -15.33333
v -40 3.890918 -14.5
v -39.83334 3.890918 -13.83333
v -38.66667 3.724252 -13.5
v -40.83334 3.474252 -13.66667
v -40 3.890918 -14.5
v -39.5 3.890918 -15.83333
v -37 3.890918 -19.66667
v -38 3.890918 -17.66667
v -38.33334 3.807585 -16.66667
v -38.33334 3.724252 -13.16667
v -37 3.890918 -19.66667
v -37.83334 3.890918 -18.16667
v -38 3.890918 -17.66667
v -31.83333 3.724252 -24.5
v -33.16667 3.724252 -22.83333
v -38.33334 3.724252 -12.33333
v -37.33334 3.890918 -20
v -37 3.890918 -19.66667
v -37 3.890918 -20
v -42.5 2.057585 -17.83333
v -42.66667 2.057585 -17.83333
v -42.66667 2.057585 -17.5
v -37.83334 3.807585 -17.83333
v -37.83334 3.890918 -18.16667
v -38.33334 3.890918 -18
v -38.5 3.890918 -17.83333
v -38.66667 3.890918 -17.5
v -42.5 2.057585 -17.83333
v -42.66667 2.057585 -17.5
v -42.66667 2.557585 -14.5
v -40.83334 3.474252 -13.66667
v -39.5 3.890918 -15.83333
v -38.66667 3.890918 -17.5
v -38.5 3.890918 -17.83333
v -42.5 2.057585 -17.83333
v -38.66667 3.890918 -17.5
v -39 3.890918 -16.66667
v -38.33334 3.807585 -16.66667
v -38.66667 3.890918 -17.5
v -40.83334 3.474252 -13.66667
v -39.83334 3.890918 -13.83333
v -40 3.890918 -14.5
v -39.5 3.890918 -15.83333
v -39 3.890918 -16.66667
v -38.66667 3.890918 -17.5
v -35.66667 3.890918 -22.16667
v -36.33334 3.890918 -21.16667
v -37 3.890918 -19.66667
v -38.33334 3.724252 -13.16667
v -38.33334 3.724252 -12.33333
v -33.16667 3.724252 -22.83333
v -41 3.724252 -3.166668
v -41.5 3.724252 -2.666668
v -42.66667 3.724252 0
v 0 3.724252 0
v -31.83333 3.724252 -24.5
v -38.33334 3.724252 -12.33333
v -41 3.724252 -3.166668
v 0 3.724252 0
v 0 3.724252 -42.66667
v -17.83333 3.724252 -40.16667
v -79.66667 2.057585 -42.66667
v -81 2.057585 -42.66667
v -80.5 2.057585 -42
v -79.66667 2.057585 -42
v -43.5 2.057585 -40.66667
v -42.66667 2.057585 -41.83334
v -42.66667 2.057585 -42.66667
v -74.66667 2.057585 -42.66667
v -62.5 2.057585 -40.66667
v -74.66667 2.057585 -42.66667
v -73.83334 2.057585 -40.66667
v -66 2.057585 -40.66667
v -74.66667 2.057585 -42.66667
v -66 2.057585 -40.66667
v -65.33334 2.057585 -40.66667
v -74.66667 2.057585 -42.66667
v -65.33334 2.057585 -40.66667
v -63.33334 2.057585 -40.66667
v -74.66667 2.057585 -42.66667
v -63.33334 2.057585 -40.66667
v -62.5 2.057585 -40.66667
v -43.66667 3.890918 0
v -43.5 3.890918 0
v -43.33334 3.890918 -0.1666679
v -83.66667 2.057585 -40
v -83.83334 2.057585 -41
v -85.33334 2.057585 -41.83334
v -43.5 3.890918 0
v -43.33334 3.807585 0
v -43.33334 3.890918 -0.1666679
v -67.5 2.057585 -40.5
v -66.33334 2.057585 -40.5
v -66 2.057585 -40.66667
v -68.16667 2.057585 -40.5
v -67.5 2.057585 -40.5
v -66 2.057585 -40.66667
v -68.16667 2.057585 -40.5
v -66 2.057585 -40.66667
v -73.83334 2.057585 -40.66667
v -73.83334 2.057585 -40.5
v -63.33334 2.057585 -40.66667
v -65.33334 2.057585 -40.66667
v -64.83334 2.057585 -40.16667
v -62.5 2.057585 -40.66667
v -61.66667 2.057585 -39.83334
v -61.16667 2.057585 -39.83334
v -62.5 2.057585 -40.66667
v -61.16667 2.057585 -39.83334
v -60.16667 2.057585 -39.83334
v -60.16667 2.057585 -39.83334
v -44 2.057585 -39.83334
v -43.5 2.057585 -40.66667
v -62.5 2.057585 -40.66667
v -67.33334 2.057585 -38.33334
v -67.5 2.057585 -39.16667
v -68.33334 2.057585 -39.16667
v -67.83334 2.057585 -37.83334
v -68.66667 2.057585 -39.5
v -68.66667 2.057585 -40
v -73.83334 2.057585 -40.5
v -75.16667 2.057585 -38.66667
v -67.83334 2.057585 -37.83334
v -68.33334 2.057585 -39.16667
v -68.66667 2.057585 -39.5
v -75.16667 2.057585 -38.66667
v -78.33334 2.057585 -37.83334
v -75.16667 2.057585 -38.66667
v -76.66667 2.057585 -38.66667
v -78.33334 2.057585 -37.83334
v -68.66667 2.057585 -40
v -68.16667 2.057585 -40.5
v -73.83334 2.057585 -40.5
v -66.33334 2.057585 -40.5
v -67.5 2.057585 -40.5
v -67.16667 2.057585 -39.83334
v -61.16667 2.057585 -39.83334
v -61.66667 2.057585 -39.83334
v -61.66667 2.057585 -39.33334
v -59.16667 2.057585 -31.5
v -59.5 2.057585 -30.33333
v -59 2.057585 -30
v -58.66667 2.057585 -36.66667
v -58.83334 2.057585 -35.16667
v -58.5 2.057585 -35
v -46.66667 2.057585 -35.33334
v -46.66667 2.057585 -36.16667
v -58.66667 2.057585 -33.5
v -59.5 2.057585 -32
v -59.16667 2.057585 -31.5
v -45.5 2.057585 -38.33334
v -44.66667 2.057585 -38.66667
v -44 2.057585 -39.83334
v -60.16667 2.057585 -39.83334
v -59.16667 2.057585 -38.83334
v -59.16667 2.057585 -38.83334
v -59.16667 2.057585 -37.5
v -58.66667 2.057585 -36.66667
v -46.66667 2.057585 -36.16667
v -45.5 2.057585 -38.33334
v -58.66667 2.057585 -33.5
v -59.16667 2.057585 -31.5
v -59 2.057585 -30
v -58.5 2.057585 -35
v -58.66667 2.057585 -33.5
v -59 2.057585 -30
v -46 2.057585 -34.16667
v -46.66667 2.057585 -35.33334
v -46 2.057585 -34.16667
v -59 2.057585 -30
v -59.33334 2.057585 -29
v -79.5 2.057585 -37.83334
v -78.83334 2.057585 -37.83334
v -79.33334 2.057585 -38.16667
v -78.83334 2.057585 -37.83334
v -79.5 2.057585 -37.83334
v -80 2.057585 -37
v -78.33334 2.057585 -37.83334
v -78.83334 2.057585 -37.83334
v -80 2.057585 -37
v -68.16667 2.057585 -37
v -67.83334 2.057585 -37.83334
v -78.33334 2.057585 -37.83334
v -80 2.057585 -37
v -68.33334 2.057585 -34.16667
v -67.83334 2.057585 -34.66667
v -68.5 2.057585 -35.16667
v -67.66667 2.057585 -30.83333
v -67.66667 2.057585 -31.83333
v -68.33334 2.057585 -32.83334
v -80 2.057585 -37
v -68.33334 2.057585 -32.83334
v -68.33334 2.057585 -34.16667
v -68.5 2.057585 -35.16667
v -68.33334 2.057585 -32.83334
v -68.5 2.057585 -35.16667
v -68.66667 2.057585 -36.16667
v -80 2.057585 -37
v -47.5 2.057585 0
v -47.5 2.057585 -0.3333321
v -72.33334 2.057585 -0.3333321
v -85.33334 2.057585 0
v -73 2.057585 -19
v -72 2.057585 -21
v -67.66667 2.057585 -30.83333
v -80 2.057585 -37
v -81.16667 2.057585 -37
v -68.66667 2.057585 -36.16667
v -68.16667 2.057585 -37
v -80 2.057585 -37
v -65.66667 2.057585 -29.83333
v -64.83334 2.057585 -29.83333
v -65.16667 2.057585 -30.33333
v -62.66667 2.057585 -29.5
v -61.33334 2.057585 -29.5
v -62.33334 2.057585 -30
v -64.16667 2.057585 -29.16667
v -64.83334 2.057585 -29.83333
v -65.66667 2.057585 -29.83333
v -64.16667 2.057585 -29.16667
v -65.66667 2.057585 -29.83333
v -66.66667 2.057585 -29.83333
v -72.33334 2.057585 -0.3333321
v -73.33334 2.057585 -0.3333321
v -85.33334 2.057585 0
v -60.33334 2.057585 -29.16667
v -60.5 2.057585 -29.66667
v -61.33334 2.057585 -29.5
v -61.33334 2.057585 -29.5
v -62.66667 2.057585 -29.5
v -63.5 2.057585 -29.16667
v -60.33334 2.057585 -29.16667
v -60.16667 2.057585 -29
v -60.33334 2.057585 -29.16667
v -63.5 2.057585 -29.16667
v -60.16667 2.057585 -29
v -63.5 2.057585 -29.16667
v -64.16667 2.057585 -29.16667
v -44 3.890918 0
v -43.66667 3.890918 0
v -43.33334 3.890918 -0.1666679
v -43.5 3.890918 -0.6666679
v -85.33334 2.057585 0
v -73.33334 2.057585 -0.3333321
v -74.33334 2.057585 -1.333332
v -44.16667 2.057585 -14.83333
v -46 2.057585 -34.16667
v -59.33334 2.057585 -29
v -67.16667 2.057585 -18.66667
v -69.5 2.057585 -4.166668
v -47 2.057585 -4.166668
v -60.16667 2.057585 -29
v -70.83334 2.057585 -21.66667
v -70.16667 2.057585 -21.66667
v -59.33334 2.057585 -29
v -74 2.057585 -14.5
v -73.5 2.057585 -15.16667
v -73.5 2.057585 -16.33333
v -73.5 2.057585 -16.33333
v -72.66667 2.057585 -18.16667
v -73 2.057585 -19
v -74 2.057585 -14.5
v -73.5 2.057585 -16.33333
v -73 2.057585 -19
v -84.33334 2.057585 -14.5
v -70.83334 2.057585 -21.66667
v -64.16667 2.057585 -29.16667
v -66.66667 2.057585 -29.83333
v -70.83334 2.057585 -21.66667
v -60.16667 2.057585 -29
v -64.16667 2.057585 -29.16667
v -43.16667 2.057585 -13.66667
v -43.16667 2.390918 -14.16667
v -44.16667 2.057585 -14.5
v -67.83334 2.057585 -17.33333
v -68.5 2.057585 -16.83333
v -69.33334 2.057585 -14.83333
v -70.16667 2.057585 -11
v -46.66667 2.140918 -4.166668
v -45.5 2.057585 -4.166668
v -43.66667 2.057585 -4.333332
v -47 2.057585 -4.166668
v -46.66667 2.140918 -4.166668
v -43.66667 2.057585 -4.333332
v -42.66667 2.057585 -8.833332
v -43.16667 2.057585 -13.66667
v -44.16667 2.057585 -14.5
v -44.16667 2.057585 -14.83333
v -42.66667 2.057585 -17.5
v -42.66667 2.057585 -17.83333
v -42.66667 2.057585 -8.833332
v -42.66667 2.057585 -13.33333
v -43.16667 2.057585 -13.66667
v -73 2.057585 -19
v -81.16667 2.057585 -37
v -82.5 2.057585 -37.83334
v -70.83334 2.057585 -21.66667
v -66.66667 2.057585 -29.83333
v -67.66667 2.057585 -30.83333
v -72 2.057585 -21
v -47 2.057585 -4.166668
v -44.16667 2.057585 -14.5
v -44.16667 2.057585 -14.83333
v -70.16667 2.057585 -11
v -70.16667 2.057585 -5
v -69.5 2.057585 -4.166668
v -82.5 2.057585 -37.83334
v -83.66667 2.057585 -40
v -85.33334 2.057585 -41.83334
v -85.33334 2.057585 -14.33333
v -84.33334 2.057585 -14.5
v -73 2.057585 -19
v -67.16667 2.057585 -18.66667
v -67.83334 2.057585 -17.33333
v -70.16667 2.057585 -11
v -82.5 2.057585 -37.83334
v -82.83334 2.057585 -39
v -83.66667 2.057585 -40
v -44.16667 2.057585 -14.83333
v -44.16667 2.057585 -14.5
v -43.16667 2.390918 -14.16667
v -42.66667 2.557585 -14.5
v -42.66667 2.057585 -17.5
v -83.33334 2.057585 -13.66667
v -83.33334 2.057585 -13
v -82.66667 2.057585 -13
v -74 2.057585 -14.5
v -82.33334 2.057585 -10.66667
v -83.5 2.057585 -9.833332
v -74.66667 2.057585 -9.833332
v -82 2.057585 -12.33333
v -82.33334 2.057585 -10.66667
v -74.66667 2.057585 -9.833332
v -82 2.057585 -12.33333
v -74.66667 2.057585 -9.833332
v -74 2.057585 -14.5
v -82.66667 2.057585 -13
v -74 2.057585 -14.5
v -84.33334 2.057585 -14.5
v -83.33334 2.057585 -13.66667
v -84 2.057585 -9.833332
v -84.5 2.057585 -9.833332
v -85.33334 2.057585 -9.666668
v -83.5 2.057585 -9.833332
v -84 2.057585 -9.833332
v -85.33334 2.057585 -9.666668
v -42.66667 2.057585 -17.83333
v -42.66667 2.057585 -33.33334
v -46 2.057585 -34.16667
v -44.16667 2.057585 -14.83333
v -67.16667 2.057585 -18.66667
v -70.16667 2.057585 -11
v -69.5 2.057585 -4.166668
v -74.66667 2.057585 -5.666668
v -74.66667 2.057585 -9.833332
v -83.5 2.057585 -9.833332
v -59.33334 2.057585 -29
v -67.16667 2.057585 -19.83333
v -67.16667 2.057585 -18.66667
v -69.33334 2.057585 -1.333332
v -72.33334 2.057585 -0.3333321
v -47.5 2.057585 -0.3333321
v -69.16667 2.057585 -3
v -69.33334 2.057585 -1.333332
v -47.5 2.057585 -0.3333321
v -47 2.057585 -4.166668
v -69.5 2.057585 -4.166668
v -69.16667 2.057585 -3
v -47.5 2.057585 -0.3333321
v -43.5 3.890918 -0.6666679
v -43.33334 3.890918 -0.1666679
v -43.16667 3.890918 -1.166668
v -43.5 3.890918 -0.6666679
v -43.16667 3.890918 -1.166668
v -43.66667 3.890918 -1.166668
v -44 3.890918 0
v -43.66667 3.890918 -2.166668
v -43.33334 3.890918 -2.833332
v -43.83334 3.474252 -3.166668
v -47.5 2.057585 -0.3333321
v -47.5 2.057585 0
v -44 3.890918 0
v -45.33334 2.974252 -3.166668
v -47 2.057585 -4.166668
v -45.66667 2.640918 -4
v -46.66667 2.140918 -4.166668
v -47 2.057585 -4.166668
v -45.33334 2.974252 -3.166668
v -43.66667 3.890918 -2.166668
v -43.83334 3.474252 -3.166668
v -45.33334 2.974252 -3.166668
v -44 3.890918 0
v -43.66667 3.890918 -1.166668
v -45.66667 2.640918 -4
v -45.5 2.057585 -4.166668
v -46.66667 2.140918 -4.166668
v -43.33334 3.890918 -2.333332
v -43.16667 3.890918 -2.833332
v -43.33334 3.890918 -2.833332
v -43.66667 3.890918 -2.166668
v -85.33334 2.057585 0
v -74.33334 2.057585 -1.333332
v -74.66667 2.057585 -2.666668
v -74.66667 2.057585 -2.666668
v -74.33334 2.057585 -4.333332
v -74.66667 2.057585 -5.666668
v -83.5 2.057585 -9.833332
v -85.33334 2.057585 -9.666668
v -85.33334 2.057585 0
v -43 3.890918 -2.333332
v -43.33334 3.890918 -2.333332
v -43.66667 3.890918 -2.166668
v -43 3.890918 -2.333332
v -43 3.890918 -2.833332
v -43.16667 3.890918 -2.833332
v -43.33334 3.890918 -2.333332
v -59.33334 2.057585 -29
v -70.16667 2.057585 -21.66667
v -67.16667 2.057585 -19.83333
v -42.66667 3.724252 -2.833332
v -43 3.890918 -2.833332
v -43 3.890918 -2.333332
v -43.33334 3.890918 -0.1666679
v -43.33334 3.807585 0
v -42.66667 3.724252 0
v -43.16667 3.890918 -1.166668
v -43.66667 3.890918 -2.166668
v -43.66667 3.890918 -1.166668
v -43.16667 3.890918 -1.166668
v -43 3.890918 -2.333332
v -42.66667 3.724252 -2.833332
v -43 3.890918 -2.333332
v -43.16667 3.890918 -1.166668
v -42.66667 3.724252 0
v -98.5 2.057585 -41.83334
v -85.33333 2.057585 -41.83334
v -85.83333 2.057585 -42.66667
v -99.5 2.057585 -41.83334
v -98.5 2.057585 -41.83334
v -85.83333 2.057585 -42.66667
v -124.1667 2.057585 -26.16667
v -123 2.057585 -32.16667
v -123 2.057585 -33.33334
v -128 2.057585 -42.66667
v -111.1667 2.057585 -38.83334
v -101.8333 2.057585 -38.83334
v -100.6667 2.057585 -41.16667
v -111.1667 2.057585 -38.83334
v -100.6667 2.057585 -41.16667
v -99.5 2.057585 -41.83334
v -112.5 2.057585 -38.83334
v -120.3333 2.057585 -0.1666679
v -121.1667 2.057585 -0.1666679
v -121.8333 2.057585 0
v -89.33333 2.057585 -33.16667
v -89.33333 2.057585 -32.66667
v -88.83333 2.057585 -32.33334
v -112.5 2.057585 -38.83334
v -99.5 2.057585 -41.83334
v -128 2.057585 -42.66667
v -87.5 2.057585 -14.33333
v -85.5 2.057585 -14.33333
v -89.66666 2.057585 -25.16667
v -88.83333 2.057585 -32.33334
v -87.83333 2.057585 -30.16667
v -87 2.057585 -29.83333
v -89.33333 2.057585 -33.16667
v -88.83333 2.057585 -32.33334
v -87 2.057585 -29.83333
v -85.33333 2.057585 -41.83334
v -97.16666 2.057585 -41.16667
v -96.5 2.057585 -40
v -93.66666 2.057585 -38.16667
v -85.33333 2.057585 -41.83334
v -85.33333 2.057585 -41.83334
v -98.5 2.057585 -41.83334
v -97.16666 2.057585 -41.16667
v -115.8333 2.057585 -37.83334
v -112.8333 2.057585 -38.16667
v -112.5 2.057585 -38.83334
v -128 2.057585 -42.66667
v -85.33333 2.057585 -41.83334
v -93.66666 2.057585 -38.16667
v -91.16666 2.057585 -35.66667
v -85.33333 2.057585 -41.83334
v -91.16666 2.057585 -35.66667
v -89.33333 2.057585 -33.16667
v -85.33333 2.057585 -41.83334
v -87 2.057585 -29.83333
v -86.33333 2.057585 -28
v -117 2.057585 -36.16667
v -116.1667 2.057585 -36.16667
v -116.1667 2.057585 -37.5
v -118.6667 2.057585 -35.5
v -117.3333 2.057585 -35.5
v -117 2.057585 -36.16667
v -119.8333 2.057585 -35.5
v -118.6667 2.057585 -35.5
v -117 2.057585 -36.16667
v -116.1667 2.057585 -37.5
v -99.5 2.057585 -41.83334
v -85.83333 2.057585 -42.66667
v -128 2.057585 -42.66667
v -121.1667 2.057585 -0.1666679
v -121.8333 2.057585 -0.1666679
v -121.8333 2.057585 0
v -110 2.057585 -38
v -110 2.057585 -36.66667
v -107.8333 2.057585 -36.66667
v -110 2.057585 -38
v -107.8333 2.057585 -36.66667
v -107 2.057585 -36.66667
v -101.6667 2.057585 -37.66667
v -101.8333 2.057585 -38.83334
v -111.1667 2.057585 -38.83334
v -107 2.057585 -36.66667
v -100.1667 2.057585 -36.66667
v -101.6667 2.057585 -37.66667
v -97.33333 2.057585 -36.83334
v -96.83333 2.057585 -36.33334
v -96.33333 2.057585 -36.33334
v -95.16666 2.057585 -37.5
v -96.5 2.057585 -38.66667
v -97.5 2.057585 -37.83334
v -95.16666 2.057585 -35.66667
v -95.16666 2.057585 -35.16667
v -94.5 2.057585 -34.33334
v -92.83333 2.057585 -35.33334
v -94 2.057585 -36.83334
v -107.8333 2.057585 -36.66667
v -110 2.057585 -36.66667
v -108.6667 2.057585 -35.83334
v -108.1667 2.057585 -36
v -98.33333 2.057585 -35
v -97 2.057585 -35
v -98.66666 2.057585 -36.5
v -106.1667 2.057585 -34.83334
v -107.3333 2.057585 -34.16667
v -106.5 2.057585 -33.16667
v -106.5 2.057585 -32
v -107.3333 2.057585 -31.33333
v -107.3333 2.057585 -30.33333
v -102.3333 2.057585 -29.5
v -102.3333 2.057585 -30.83333
v -99.83333 2.057585 -33.83334
v -98.66666 2.057585 -34.16667
v -98.33333 2.057585 -35
v -98.66666 2.057585 -36.5
v -100.1667 2.057585 -36.66667
v -107.3333 2.057585 -30.33333
v -108.1667 2.057585 -29.5
v -102.3333 2.057585 -29.5
v -102.3333 2.057585 -30.83333
v -101.6667 2.057585 -31.16667
v -100.8333 2.057585 -33
v -106.1667 2.057585 -35.66667
v -106.1667 2.057585 -34.83334
v -100.8333 2.057585 -33
v -99.83333 2.057585 -33.83334
v -100.1667 2.057585 -36.66667
v -107 2.057585 -36.66667
v -106.1667 2.057585 -35.66667
v -106.1667 2.057585 -34.83334
v -106.5 2.057585 -33.16667
v -106.5 2.057585 -32
v -102.3333 2.057585 -30.83333
v -122 2.057585 -28.83333
v -121.3333 2.474252 -29.5
v -121.6667 2.390918 -29.83333
v -122.6667 2.057585 -22.5
v -122.5 2.057585 -23.66667
v -123.5 2.057585 -24
v -103 2.057585 -16
v -104.3333 2.057585 -15
v -88.5 2.057585 -14.33333
v -123.5 2.057585 -26.83333
v -122.3333 2.057585 -27
v -122 2.057585 -28.83333
v -123 2.057585 -33.33334
v -122 2.057585 -34.5
v -128 2.057585 -42.66667
v -122 2.057585 -28.83333
v -121.6667 2.390918 -29.83333
v -121.6667 2.057585 -31.5
v -123 2.057585 -32.16667
v -124.1667 2.057585 -26.16667
v -123.5 2.057585 -26.83333
v -122 2.057585 -28.83333
v -85.33333 2.057585 -14.33333
v -86.66666 2.057585 -26.5
v -89.66666 2.057585 -25.16667
v -85.5 2.057585 -14.33333
v -124.1667 2.057585 -26.16667
v -122 2.057585 -28.83333
v -123 2.057585 -32.16667
v -92.83333 2.057585 -3.833332
v -116 2.057585 -2
v -117.3333 2.057585 -0.6666679
v -119.8333 2.057585 -35.5
v -116.1667 2.057585 -37.5
v -115.8333 2.057585 -37.83334
v -128 2.057585 -42.66667
v -122 2.057585 -34.5
v -92.83333 2.057585 -3.833332
v -116 2.057585 -3.333332
v -116 2.057585 -2
v -117.3333 2.057585 -35.5
v -118.6667 2.057585 -35.5
v -117.8333 2.057585 -34.5
v -117.3333 2.057585 -34.5
v -92.66666 2.057585 -32
v -90.83333 2.057585 -32.83334
v -92 2.057585 -34.5
v -93.5 2.057585 -33.33334
v -89.83333 2.057585 -31.33333
v -90.5 2.057585 -31.5
v -91.5 2.057585 -30.66667
v -91 2.057585 -29.33333
v -89.16666 2.057585 -30.16667
v -114 2.057585 -30
v -113.5 2.057585 -30
v -114 2.057585 -30.5
v -113.5 2.057585 -30
v -114 2.057585 -30
v -114.1667 2.057585 -29.83333
v -113.6667 2.057585 -29.33333
v -113.6667 2.057585 -29.33333
v -111 2.057585 -29.33333
v -112 2.057585 -30.16667
v -113.5 2.057585 -30
v -110 2.057585 -29.5
v -109.3333 2.057585 -29.5
v -109.8333 2.057585 -29.83333
v -91.66666 2.057585 -28.16667
v -92.66666 2.057585 -29.83333
v -92.66666 2.057585 -29.33333
v -91.66666 2.057585 -28.16667
v -92.66666 2.057585 -29.33333
v -93.33333 2.057585 -29
v -93.83333 2.057585 -27.66667
v -95.16666 2.057585 -26.33333
v -96.33333 2.057585 -26
v -96.66666 2.057585 -25.16667
v -90.5 2.057585 -25.16667
v -91.33333 2.057585 -26
v -91.33333 2.057585 -26
v -91.66666 2.057585 -28.16667
v -93.83333 2.057585 -27.66667
v -95.16666 2.057585 -26.33333
v -109.3333 2.057585 -29.5
v -110 2.057585 -29.5
v -110.5 2.057585 -29.33333
v -108.1667 2.057585 -29.5
v -109.3333 2.057585 -29.5
v -110.5 2.057585 -29.33333
v -102.3333 2.057585 -29.33333
v -102.3333 2.057585 -29.5
v -108.1667 2.057585 -29.5
v -110.5 2.057585 -29.33333
v -101.1667 2.057585 -27.83333
v -101.6667 2.057585 -29
v -102.3333 2.057585 -29.33333
v -110.5 2.057585 -29.33333
v -113.6667 2.057585 -28.33333
v -114.1667 2.057585 -27.83333
v -111 2.057585 -29.33333
v -113.6667 2.057585 -29.33333
v -113.6667 2.057585 -28.33333
v -110.5 2.057585 -29.33333
v -111 2.057585 -29.33333
v -113.6667 2.057585 -28.33333
v -114.1667 2.057585 -27.83333
v -115.3333 2.057585 -27.83333
v -115.1667 2.057585 -26.83333
v -106.3333 2.057585 -26.5
v -100 2.057585 -26.5
v -101.1667 2.057585 -27.83333
v -107 2.057585 -26.5
v -106.3333 2.057585 -26.5
v -101.1667 2.057585 -27.83333
v -114.1667 2.057585 -27.83333
v -115.1667 2.057585 -26.83333
v -115.5 2.057585 -26.5
v -107 2.057585 -26.5
v -115.1667 2.057585 -26.83333
v -107.3333 2.057585 -26.33333
v -107 2.057585 -26.5
v -115.5 2.057585 -26.5
v -115.6667 2.057585 -26.33333
v -106.3333 2.057585 -26.5
v -105.8333 2.057585 -25.83333
v -104.8333 2.057585 -25.83333
v -106.3333 2.057585 -26.5
v -104.8333 2.057585 -25.83333
v -103.8333 2.057585 -25.83333
v -103.8333 2.057585 -25.83333
v -98.66666 2.057585 -25.83333
v -100 2.057585 -26.5
v -106.3333 2.057585 -26.5
v -108.8333 2.057585 -26
v -107.8333 2.057585 -26
v -107.3333 2.057585 -26.33333
v -116.8333 2.057585 -26.33333
v -118.3333 2.057585 -26.33333
v -118.3333 2.057585 -26
v -116.5 2.057585 -26.33333
v -116.8333 2.057585 -26.33333
v -118.3333 2.057585 -26
v -110 2.057585 -26
v -108.8333 2.057585 -26
v -107.3333 2.057585 -26.33333
v -115.6667 2.057585 -26.33333
v -116.5 2.057585 -26.33333
v -118.3333 2.057585 -26
v -110 2.057585 -26
v -107.3333 2.057585 -26.33333
v -115.6667 2.057585 -26.33333
v -118.3333 2.057585 -26
v -120 2.057585 -22.33333
v -120.8333 2.057585 -22.16667
v -121 2.057585 -21.83333
v -111.8333 2.057585 -21.83333
v -111.3333 2.057585 -23.33333
v -111 2.057585 -23.5
v -111.3333 2.057585 -24.83333
v -111.8333 2.057585 -21.83333
v -111.3333 2.057585 -23.33333
v -111.3333 2.057585 -24.83333
v -118.3333 2.057585 -26
v -119.3333 2.057585 -23.16667
v -111.3333 2.057585 -24.83333
v -110 2.057585 -26
v -118.3333 2.057585 -26
v -111.8333 2.057585 -21.83333
v -119.3333 2.057585 -23.16667
v -120 2.057585 -22.33333
v -107.8333 2.057585 -26
v -108.8333 2.057585 -26
v -108.3333 2.057585 -25.5
v -104.8333 2.057585 -25.83333
v -105.8333 2.057585 -25.83333
v -105.5 2.057585 -25.16667
v -103.1667 2.057585 -25.16667
v -98.33333 2.057585 -25.16667
v -98.66666 2.057585 -25.83333
v -103.8333 2.057585 -25.83333
v -102.1667 2.057585 -21.5
v -102.6667 2.057585 -20.83333
v -102 2.057585 -20.5
v -102.8333 2.057585 -24.83333
v -103 2.057585 -23.83333
v -102.1667 2.057585 -22.83333
v -98.33333 2.057585 -25.16667
v -102.1667 2.057585 -22.83333
v -102.1667 2.057585 -21.5
v -102 2.057585 -20.5
v -102.1667 2.057585 -22.83333
v -102 2.057585 -20.5
v -101.8333 2.057585 -19.5
v -96.66666 2.057585 -25.16667
v -98.33333 2.057585 -25.16667
v -85.33333 2.057585 -14.33333
v -86.33333 2.057585 -28
v -86.66666 2.057585 -26.5
v -98.33333 2.057585 -25.16667
v -103.1667 2.057585 -25.16667
v -102.8333 2.057585 -24.83333
v -121.8333 2.057585 -0.1666679
v -121.1667 2.057585 -0.1666679
v -121.6667 2.057585 -0.5
v -92.83333 2.057585 -3.833332
v -116.3333 2.057585 -3.833332
v -116 2.057585 -3.333332
v -127 2.057585 -8.5
v -126.5 2.057585 -9.333332
v -126.1667 2.057585 -11.83333
v -111.3333 2.057585 -16.83333
v -111.1667 2.057585 -17.83333
v -111.8333 2.057585 -18.83333
v -121 2.057585 -21.83333
v -122 2.057585 -34.5
v -120.8333 2.057585 -34.5
v -119.8333 2.057585 -35.5
v -85.33333 2.057585 -14.33333
v -85.33333 2.057585 -41.83334
v -86.33333 2.057585 -28
v -111.8333 2.057585 -18.83333
v -111.8333 2.057585 -21.83333
v -121 2.057585 -21.83333
v -109.5 2.057585 -15.66667
v -108.6667 2.057585 -15.66667
v -109 2.057585 -16.16667
v -108.1667 2.057585 -15
v -108.6667 2.057585 -15.66667
v -109.5 2.057585 -15.66667
v -108.1667 2.057585 -15
v -109.5 2.057585 -15.66667
v -110.1667 2.057585 -15.66667
v -88.5 2.057585 -14.33333
v -87.5 2.057585 -14.33333
v -89.66666 2.057585 -25.16667
v -90.5 2.057585 -25.16667
v -107 2.057585 -15
v -105.3333 2.057585 -15
v -106.1667 2.057585 -15.66667
v -127.1667 2.057585 -7.333332
v -127 2.057585 -8.5
v -128 2.057585 -42.66667
v -117.3333 2.057585 -0.6666679
v -119.1667 2.057585 -0.6666679
v -120.3333 2.057585 -0.1666679
v -92.83333 2.057585 -3.833332
v -94 2.057585 -4.666668
v -97.16666 2.057585 -5
v -116.5 2.057585 -5
v -116.3333 2.057585 -3.833332
v -101.8333 2.057585 -19.5
v -103.1667 2.057585 -17.33333
v -103 2.057585 -16
v -88.5 2.057585 -14.33333
v -90.5 2.057585 -25.16667
v -96.66666 2.057585 -25.16667
v -88.5 2.057585 -14.33333
v -104.3333 2.057585 -15
v -105.3333 2.057585 -15
v -88.5 2.057585 -14.33333
v -105.3333 2.057585 -15
v -107 2.057585 -15
v -88.5 2.057585 -14.33333
v -107 2.057585 -15
v -108.1667 2.057585 -15
v -94 2.057585 -4.666668
v -96.33333 2.057585 -5
v -97.16666 2.057585 -5
v -94 2.057585 -4.666668
v -94 2.057585 -5
v -96.33333 2.057585 -5
v -116.5 2.057585 -5
v -97.16666 2.057585 -5
v -98 2.057585 -6
v -116.8333 2.057585 -5.5
v -85.5 2.057585 -14.33333
v -87.5 2.057585 -14.33333
v -86.66666 2.057585 -13.33333
v -86.33333 2.057585 -13.33333
v -90 2.057585 -13.66667
v -88.5 2.057585 -14.33333
v -108.1667 2.057585 -15
v -123.8333 2.057585 -13.66667
v -124.8333 2.057585 -13.66667
v -123.8333 2.057585 -13.66667
v -121.6667 2.057585 -21.83333
v -122.6667 2.057585 -22.5
v -108.1667 2.057585 -15
v -110.1667 2.057585 -15.66667
v -123.8333 2.057585 -13.66667
v -128 2.057585 0
v -124.3333 2.057585 0
v -125.6667 2.057585 -2.5
v -111.3333 2.057585 -16.83333
v -121 2.057585 -21.83333
v -121.6667 2.057585 -21.83333
v -123.8333 2.057585 -13.66667
v -110.1667 2.057585 -15.66667
v -125.6667 2.057585 -2.5
v -126.3333 2.057585 -5
v -127.1667 2.057585 -5.666668
v -128 2.057585 0
v -118.8333 2.057585 -6
v -118.1667 2.057585 -5.5
v -116.8333 2.057585 -5.5
v -98 2.057585 -6
v -91.33333 2.057585 -13.33333
v -90.16666 2.057585 -13.33333
v -90 2.057585 -13.66667
v -92.5 2.057585 -13.33333
v -91.33333 2.057585 -13.33333
v -90 2.057585 -13.66667
v -92.5 2.057585 -13.33333
v -90 2.057585 -13.66667
v -123.8333 2.057585 -13.66667
v -123.5 2.057585 -13.33333
v -93.83333 2.057585 -12.83333
v -93 2.057585 -12.83333
v -92.5 2.057585 -13.33333
v -95.16666 2.057585 -12.83333
v -93.83333 2.057585 -12.83333
v -92.5 2.057585 -13.33333
v -95.16666 2.057585 -12.83333
v -92.5 2.057585 -13.33333
v -123.5 2.057585 -13.33333
v -122.5 2.057585 -12.83333
v -90.16666 2.057585 -13.33333
v -91.33333 2.057585 -13.33333
v -90.66666 2.057585 -12.33333
v -90 2.057585 -12.33333
v -97 2.057585 -12.33333
v -95.66666 2.057585 -12.16667
v -95.16666 2.057585 -12.83333
v -97 2.057585 -12.33333
v -95.16666 2.057585 -12.83333
v -122.5 2.057585 -12.83333
v -122.5 2.057585 -12.33333
v -93 2.057585 -12.83333
v -93.83333 2.057585 -12.83333
v -93.5 2.057585 -12.5
v -93 2.057585 -12.5
v -123 2.057585 -7
v -123.6667 2.057585 -6.166668
v -122.1667 2.057585 -6
v -120.8333 2.057585 -6
v -98 2.057585 -6.833332
v -97.16666 2.057585 -7.666668
v -98.16666 2.057585 -8.333332
v -98.33333 2.057585 -9.666668
v -97.83333 2.057585 -10
v -97.83333 2.057585 -11.5
v -118.8333 2.057585 -6
v -98 2.057585 -6
v -98 2.057585 -6.833332
v -98.16666 2.057585 -8.333332
v -98.33333 2.057585 -9.666668
v -118.8333 2.057585 -6
v -122.8333 2.057585 -11.83333
v -123.3333 2.057585 -11.83333
v -123 2.057585 -7
v -122.5 2.057585 -12.33333
v -122.8333 2.057585 -11.83333
v -123 2.057585 -7
v -118.8333 2.057585 -6
v -97.83333 2.057585 -11.5
v -97 2.057585 -12.33333
v -123 2.057585 -7
v -120.8333 2.057585 -6
v -118.8333 2.057585 -6
v -87 2.057585 -8
v -88 2.057585 -7.333332
v -87.83333 2.057585 -6
v -85.33333 2.057585 -9.666668
v -87.33333 2.057585 -9.333332
v -87 2.057585 -8
v -126.1667 2.057585 -11.83333
v -124.1667 2.057585 -24.66667
v -124.1667 2.057585 -26.16667
v -128 2.057585 -42.66667
v -127 2.057585 -8.5
v -125.8333 2.057585 -12.66667
v -124.8333 2.057585 -13.66667
v -122.6667 2.057585 -22.5
v -128 2.057585 0
v -127.1667 2.057585 -5.666668
v -127.1667 2.057585 -7.333332
v -128 2.057585 -42.66667
v -94 2.057585 -5
v -94 2.057585 -5.666668
v -94.83333 2.057585 -5.666668
v -96.33333 2.057585 -5
v -94 2.057585 -5
v -94.83333 2.057585 -5.666668
v -95.66666 2.057585 -6.166668
v -120.8333 2.057585 -6
v -122.1667 2.057585 -6
v -121.6667 2.057585 -5.333332
v -127.1667 2.057585 -7.333332
v -126.8333 2.057585 -7.5
v -127 2.057585 -8.5
v -122.6667 2.057585 -22.5
v -123.5 2.057585 -24
v -124.1667 2.057585 -24.66667
v -126.1667 2.057585 -11.83333
v -125.8333 2.057585 -12.66667
v -88.5 2.057585 -5.333332
v -90.83333 2.057585 -4.833332
v -91.33333 2.057585 -3.833332
v -85.33333 2.057585 0
v -85.33333 2.057585 -9.666668
v -87 2.057585 -8
v -87.83333 2.057585 -6
v -85.33333 2.057585 0
v -120.3333 2.057585 -0.1666679
v -121.8333 2.057585 0
v -85.33333 2.057585 0
v -85.33333 2.057585 0
v -87.83333 2.057585 -6
v -88.5 2.057585 -5.333332
v -85.33333 2.057585 0
v -91.33333 2.057585 -3.833332
v -92.83333 2.057585 -3.833332
v -117.3333 2.057585 -0.6666679
v -120.3333 2.057585 -0.1666679
v -150.1667 2.057585 -42
v -149.5 2.057585 -42.33334
v -149.5 2.057585 -42.66667
v -170 2.057585 -42.66667
v -155.3333 2.057585 -34
v -154.5 2.057585 -33.83334
v -154.5 2.057585 -34.66667
v -150.8333 2.057585 -37
v -150.5 2.057585 -37.16667
v -150.3333 2.057585 -38.33334
v -154.5 2.057585 -34.66667
v -153.5 2.057585 -35
v -153.1667 2.057585 -35.5
v -150.3333 2.057585 -38.33334
v -149.6667 2.057585 -38.66667
v -150.1667 2.057585 -40
v -153.1667 2.057585 -35.5
v -150.6667 2.057585 -35.83334
v -150.8333 2.057585 -37
v -150.8333 2.057585 -37
v -150.3333 2.057585 -38.33334
v -150.1667 2.057585 -40
v -150.1667 2.057585 -42
v -154.5 2.057585 -34.66667
v -153.1667 2.057585 -35.5
v -169.1667 2.057585 -37
v -170.3333 2.057585 -35.66667
v -170.1667 2.057585 -34
v -155.3333 2.057585 -34
v -170 2.057585 -42.66667
v -170 2.057585 -40.33334
v -169.1667 2.057585 -39.5
v -155.3333 2.057585 -34
v -154.5 2.057585 -34.66667
v -150.1667 2.057585 -42
v -169.1667 2.057585 -39.5
v -169.1667 2.057585 -37
v -155.3333 2.057585 -34
v -144.8333 2.057585 -36.33334
v -144.6667 2.057585 -35.83334
v -144.1667 2.057585 -35.83334
v -144.5 2.057585 -37.33334
v -143.1667 2.057585 -38.16667
v -143.5 2.057585 -35.16667
v -143.5 2.057585 -33
v -128 2.057585 -42.66667
v -145.8333 2.057585 -29
v -145.8333 2.057585 -27.83333
v -145 2.057585 -27.5
v -145 2.057585 -30.66667
v -145 2.057585 -30.66667
v -146.6667 2.057585 -29.66667
v -145.8333 2.057585 -29
v -158.3333 2.057585 -7
v -168.5 2.057585 -4.666668
v -168.5 2.057585 -1.833332
v -144.5 2.057585 -37.33334
v -144.1667 2.057585 -35.83334
v -143.5 2.057585 -35.16667
v -143.1667 2.057585 -38.16667
v -145.1667 2.057585 -42.66667
v -145.1667 2.057585 -40.5
v -144 2.057585 -40.5
v -143.5 2.057585 -33
v -144.3333 2.057585 -32.33334
v -145 2.057585 -30.66667
v -145 2.057585 -27.5
v -144.8333 2.057585 -26.66667
v -148.8333 2.057585 0
v -148.8333 2.057585 -1.166668
v -150.6667 2.057585 -7
v -156.5 2.057585 -7
v -169.3333 2.057585 -7
v -169.5 2.057585 -5.5
v -168.5 2.057585 -4.666668
v -158.3333 2.057585 -7
v -145.1667 2.057585 -42.66667
v -144 2.057585 -40.5
v -143.3333 2.057585 -39.83334
v -128 2.057585 -42.66667
v -128 2.057585 -42.66667
v -143.3333 2.057585 -39.83334
v -143.1667 2.057585 -38.16667
v -156.5 2.057585 -33.66667
v -155.6667 2.057585 -33.66667
v -155.3333 2.057585 -34
v -157.1667 2.057585 -33.66667
v -156.5 2.057585 -33.66667
v -155.3333 2.057585 -34
v -157.1667 2.057585 -33.66667
v -155.3333 2.057585 -34
v -170.1667 2.057585 -34
v -170.5 2.057585 -33.66667
v -154.6667 2.057585 -28.16667
v -157.3333 2.057585 -31.16667
v -158.1667 2.057585 -31.5
v -169.8333 2.057585 -31
v -169.8333 2.057585 -28.16667
v -169.8333 2.057585 -31
v -158.1667 2.057585 -31.5
v -158.1667 2.057585 -32.5
v -158.1667 2.057585 -32.5
v -157.1667 2.057585 -33.66667
v -170.5 2.057585 -33.66667
v -169.8333 2.057585 -31
v -155.6667 2.057585 -33.66667
v -156.5 2.057585 -33.66667
v -156.1667 2.057585 -33.33334
v -153.6667 2.057585 -28.16667
v -153.6667 2.057585 -28.5
v -154 2.057585 -28.5
v -154.1667 2.057585 -28.16667
v -153.6667 2.057585 -27.66667
v -153.6667 2.057585 -28.16667
v -154.1667 2.057585 -28.16667
v -153.6667 2.057585 -27.66667
v -154.1667 2.057585 -28.16667
v -154.6667 2.057585 -28.16667
v -153.1667 2.057585 -26.5
v -153.1667 2.057585 -27.33333
v -153.6667 2.057585 -27.66667
v -154.6667 2.057585 -28.16667
v -153.3333 2.057585 -24.66667
v -169.8333 2.057585 -28.16667
v -170 2.057585 -27.5
v -169.1667 2.057585 -27
v -154.6667 2.057585 -28.16667
v -153.3333 2.057585 -24.66667
v -152.5 2.057585 -25.83333
v -153.1667 2.057585 -26.5
v -154.6667 2.057585 -28.16667
v -169.1667 2.057585 -27
v -168.6667 2.057585 -24.5
v -168.6667 2.057585 -22.5
v -152.1667 2.057585 -22.5
v -153.3333 2.057585 -24
v -153.3333 2.057585 -24
v -153.3333 2.057585 -24.66667
v -154.6667 2.057585 -28.16667
v -168.6667 2.057585 -24.5
v -168.6667 2.057585 -22.5
v -149 2.057585 -21.33333
v -151 2.057585 -22.5
v -151.3333 2.057585 -22.5
v -149 2.057585 -21.33333
v -151.3333 2.057585 -22.5
v -152.1667 2.057585 -22.5
v -168.8333 2.057585 -21.33333
v -149 2.057585 -21.33333
v -152.1667 2.057585 -22.5
v -168.6667 2.057585 -22.5
v -147.5 2.057585 -22
v -146.8333 2.057585 -22
v -147.3333 2.057585 -22.33333
v -146.8333 2.057585 -22
v -147.5 2.057585 -22
v -148.1667 2.057585 -21.33333
v -146.1667 2.057585 -22
v -146.8333 2.057585 -22
v -148.1667 2.057585 -21.33333
v -148 2.057585 -4.833332
v -148 2.057585 -6.5
v -148.3333 2.057585 -7
v -150.6667 2.057585 -7
v -148.5 2.057585 -3.166668
v -169 2.057585 -19
v -169.8333 2.057585 -17
v -151.8333 2.057585 -17
v -149 2.057585 -21.33333
v -168.8333 2.057585 -21.33333
v -169 2.057585 -19
v -151.8333 2.057585 -17
v -151.3333 2.057585 -17
v -168.5 2.057585 -1.833332
v -169.6667 2.057585 -0.6666679
v -169.5 2.057585 0
v -148.8333 2.057585 0
v -156.5 2.057585 -7
v -158.3333 2.057585 -7
v -148.1667 2.057585 -21.33333
v -149 2.057585 -21.33333
v -151.3333 2.057585 -17
v -158.8333 2.057585 -12
v -158.3333 2.057585 -12.5
v -158.3333 2.057585 -13.33333
v -161.1667 2.057585 -11.33333
v -159.5 2.057585 -11.5
v -169.6667 2.057585 -9.333332
v -170.6667 2.057585 -8.5
v -170.6667 2.057585 -8.166668
v -169.5 2.057585 -7.166668
v -154.1667 2.057585 -16.16667
v -153.1667 2.057585 -16.16667
v -152.6667 2.057585 -16.83333
v -169.5 2.057585 -7.166668
v -161.3333 2.057585 -7.166668
v -161.8333 2.057585 -8
v -169.6667 2.057585 -10.5
v -161.6667 2.057585 -10.83333
v -161.1667 2.057585 -11.33333
v -156.8333 2.057585 -15
v -155.8333 2.057585 -15.16667
v -154.1667 2.057585 -16.16667
v -169.8333 2.057585 -17
v -170.6667 2.057585 -16.16667
v -170.6667 2.057585 -14.16667
v -169.6667 2.057585 -10.5
v -169.6667 2.057585 -9.333332
v -169.5 2.057585 -7.166668
v -161.8333 2.057585 -8
v -161.6667 2.057585 -10.83333
v -152.6667 2.057585 -16.83333
v -151.8333 2.057585 -17
v -169.8333 2.057585 -17
v -170.6667 2.057585 -14.16667
v -170.3333 2.057585 -11.16667
v -169.6667 2.057585 -10.5
v -156.8333 2.057585 -15
v -154.1667 2.057585 -16.16667
v -152.6667 2.057585 -16.83333
v -169.8333 2.057585 -17
v -161.1667 2.057585 -11.33333
v -158.3333 2.057585 -13.33333
v -156.8333 2.057585 -15
v -169.8333 2.057585 -17
v -170.6667 2.057585 -14.16667
v -169.6667 2.057585 -10.5
v -151.3333 2.057585 -17
v -151 2.057585 -16.66667
v -150.3333 2.057585 -16.66667
v -151.3333 2.057585 -17
v -150.3333 2.057585 -16.66667
v -149.1667 2.057585 -16.66667
v -148.8333 2.057585 -1.166668
v -148.1667 2.057585 -1.5
v -148.5 2.057585 -3.166668
v -150.6667 2.057585 -7
v -150.3333 2.057585 -16.66667
v -151 2.057585 -16.66667
v -150.8333 2.057585 -16.33333
v -149.1667 2.057585 -16.66667
v -148.8333 2.057585 -16.33333
v -147.5 2.057585 -16.33333
v -149.1667 2.057585 -16.66667
v -147.5 2.057585 -16.33333
v -145.8333 2.057585 -16.33333
v -148.1667 2.057585 -21.33333
v -151.3333 2.057585 -17
v -149.1667 2.057585 -16.66667
v -146.1667 2.057585 -22
v -147.5 2.057585 -16.33333
v -148.8333 2.057585 -16.33333
v -148.3333 2.057585 -15.83333
v -145.8333 2.057585 -16.33333
v -145.1667 2.057585 -15.5
v -144.1667 2.057585 -15.5
v -145.8333 2.057585 -16.33333
v -144.1667 2.057585 -15.5
v -142.8333 2.057585 -15.5
v -144.8333 2.057585 -25
v -145.3333 2.057585 -22.83333
v -145.8333 2.057585 -16.33333
v -145.1667 2.057585 -15.5
v -145.1667 2.057585 -15
v -144.6667 2.057585 -15
v -144.1667 2.057585 -15.5
v -142.3333 2.057585 -15
v -142.3333 2.057585 -13
v -141.5 2.057585 -12.5
v -139.6667 2.057585 -7.166668
v -139.6667 2.057585 -5
v -138.8333 2.057585 -4.333332
v -143.5 2.057585 -33
v -144.8333 2.057585 -26.66667
v -144.8333 2.057585 -25
v -140.8333 2.057585 -11.33333
v -140.6667 2.057585 -9.666668
v -139.6667 2.057585 -7.166668
v -146.1667 2.057585 -22
v -149.1667 2.057585 -16.66667
v -145.8333 2.057585 -16.33333
v -145.3333 2.057585 -22.83333
v -138.8333 2.057585 -1.333332
v -139.8333 2.057585 0
v -128 2.057585 0
v -138.8333 2.057585 -4.333332
v -138.8333 2.057585 -1.333332
v -128 2.057585 0
v -144.8333 2.057585 -25
v -145.5 2.057585 -24.16667
v -145.3333 2.057585 -22.83333
v -154.3333 2.057585 -7.666668
v -153.5 2.057585 -7.666668
v -154 2.057585 -8
v -150.6667 2.057585 -7
v -151.6667 2.057585 -7.666668
v -152.3333 2.057585 -7.666668
v -150.6667 2.057585 -7
v -152.3333 2.057585 -7.666668
v -153.5 2.057585 -7.666668
v -156.5 2.057585 -7
v -150.6667 2.057585 -7
v -153.5 2.057585 -7.666668
v -154.3333 2.057585 -7.666668
v -160.1667 2.057585 -7.166668
v -159 2.057585 -7.166668
v -159.8333 2.057585 -7.5
v -158.3333 2.057585 -7
v -159 2.057585 -7.166668
v -160.1667 2.057585 -7.166668
v -158.3333 2.057585 -7
v -160.1667 2.057585 -7.166668
v -161.3333 2.057585 -7.166668
v -169.3333 2.057585 -7
v -158.3333 2.057585 -7
v -161.3333 2.057585 -7.166668
v -169.5 2.057585 -7.166668
v -148 2.057585 -6.5
v -147.6667 2.057585 -7
v -148.3333 2.057585 -7
v -148.5 2.057585 -3.166668
v -147.5 2.057585 -4.166668
v -148 2.057585 -4.833332
v -142.3333 2.057585 -15
v -141.5 2.057585 -12.5
v -140.8333 2.057585 -11.33333
v -140.8333 2.057585 -11.33333
v -139.6667 2.057585 -7.166668
v -138.8333 2.057585 -4.333332
v -128 2.057585 0
v -144.8333 2.057585 -25
v -145.8333 2.057585 -16.33333
v -142.8333 2.057585 -15.5
v -144.8333 2.057585 -25
v -142.8333 2.057585 -15.5
v -142.3333 2.057585 -15
v -144.8333 2.057585 -25
v -142.3333 2.057585 -15
v -140.8333 2.057585 -11.33333
v -128 2.057585 0
v -128 2.057585 -42.66667
v -143.5 2.057585 -33
v -178.3333 2.057585 -42
v -177.8333 2.057585 -42.5
v -178 2.057585 -42.66667
v -180.1667 2.057585 -42.66667
v -178.8333 2.057585 -39
v -177.8333 2.057585 -39.83334
v -178.3333 2.057585 -40.5
v -178.8333 2.057585 -25.66667
v -177.6667 2.057585 -27
v -178.1667 2.057585 -27.5
v -178.1667 2.057585 -29.33333
v -177.8333 2.057585 -31.33333
v -178.6667 2.057585 -33.83334
v -178.1667 2.057585 -29.33333
v -176.8333 2.057585 -30.16667
v -177.8333 2.057585 -31.33333
v -178.6667 2.057585 -33.83334
v -178.6667 2.057585 -35
v -179.3333 2.057585 -35.83334
v -180.1667 2.057585 -22.83333
v -177.6667 2.057585 -22.83333
v -178.5 2.057585 -24.16667
v -179.3333 2.057585 -36.83334
v -178.6667 2.057585 -37.16667
v -178.8333 2.057585 -39
v -180.1667 2.057585 -42.66667
v -178.3333 2.057585 -40.5
v -178.3333 2.057585 -42
v -180.1667 2.057585 -42.66667
v -178.8333 2.057585 -39
v -180.1667 2.057585 -22.83333
v -178.5 2.057585 -24.16667
v -178.8333 2.057585 -25.66667
v -178.8333 2.057585 -25.66667
v -178.1667 2.057585 -27.5
v -178.1667 2.057585 -29.33333
v -178.6667 2.057585 -33.83334
v -179.3333 2.057585 -35.83334
v -180.1667 2.057585 -22.83333
v -179.3333 2.057585 -35.83334
v -179.3333 2.057585 -36.83334
v -180.1667 2.057585 -42.66667
v -180.1667 2.057585 -22.83333
v -177 2.057585 -21.66667
v -176.5 2.057585 -21.66667
v -176.5 2.057585 -22.83333
v -177 2.057585 -22.83333
v -180.1667 2.057585 0
v -178.5 2.057585 -1.833332
v -178.1667 2.057585 -3.833332
v -177 2.057585 -21.66667
v -177 2.057585 -22.83333
v -177.6667 2.057585 -22.83333
v -177.5 2.057585 -21.16667
v -178.1667 2.057585 -11.66667
v -178.5 2.057585 -17.83333
v -180.1667 2.057585 -22.83333
v -180.1667 2.057585 0
v -178.1667 2.057585 0
v -178.5 2.057585 -0.3333321
v -178.1667 2.057585 -3.833332
v -177.1667 2.057585 -4.666668
v -177.6667 2.057585 -5.5
v -177.5 2.057585 -7.333332
v -176.6667 2.057585 -7.833332
v -176.3333 2.057585 -8.666668
v -176.5 2.057585 -9.666668
v -177.6667 2.057585 -10.5
v -178.5 2.057585 -1.833332
v -178 2.057585 -2.166668
v -178.1667 2.057585 -3.833332
v -177.6667 2.057585 -6.833332
v -177.5 2.057585 -7.333332
v -177.6667 2.057585 -10.5
v -178.1667 2.057585 -11.66667
v -180.1667 2.057585 0
v -178.5 2.057585 -0.3333321
v -178.5 2.057585 -1.833332
v -178.1667 2.057585 -3.833332
v -177.6667 2.057585 -5.5
v -177.6667 2.057585 -6.833332
v -178.1667 2.057585 -11.66667
v -180.1667 2.057585 -22.83333
v -180.1667 2.057585 0
v -177.5 2.057585 -21.16667
v -177.6667 2.057585 -22.83333
v -180.1667 2.057585 -22.83333
v -178.5 2.057585 -17.83333
v -177.5 2.057585 -19.5
v -171.5 2.057585 -20
v -173.3333 2.057585 -19.5
v -172.6667 2.057585 -18.83333
v -172.6667 2.057585 -18.83333
v -172.6667 2.057585 -18
v -171.5 2.057585 -17.16667
v -171.5 2.057585 -20
v -176 2.057585 -16
v -174.8333 2.057585 -16.33333
v -175.1667 2.057585 -18
v -176.6667 2.057585 -18.66667
v -170.6667 2.057585 -14.16667
v -170.6667 2.057585 -16.16667
v -171 2.057585 -16
v 51.16667 2.057585 -73.16667
v 51.5 2.057585 -73.16667
v 50.83334 2.057585 -74
v 51 2.057585 -84
v 51.33334 2.057585 -84
v 50.66667 2.057585 -84.83334
v 50.33334 2.057585 -72.16667
v 51.16667 2.057585 -73.16667
v 50.83334 2.057585 -74
v 50.16667 2.057585 -83
v 51 2.057585 -84
v 50.66667 2.057585 -84.83334
v 50 2.057585 -70.16667
v 50.5 2.057585 -70.5
v 50.33334 2.057585 -72.16667
v 50.5 2.057585 -78.5
v 50.5 2.057585 -79.66667
v 49.83334 2.057585 -80.5
v 50.16667 2.057585 -83
v 50.66667 2.057585 -84.83334
v 50.66667 2.057585 -85.33334
v 42.66667 2.057585 -85.33334
v 50.83334 2.057585 -74
v 51.33334 2.057585 -76.66667
v 50.5 2.057585 -78.5
v 50.33334 2.057585 -72.16667
v 49.83334 2.057585 -80.5
v 50.16667 2.057585 -83
v 42.66667 2.057585 -85.33334
v 42.66667 2.057585 -69.16667
v 50 2.057585 -69
v 50 2.057585 -70.16667
v 42.66667 2.057585 -69.16667
v 50 2.057585 -70.16667
v 50.33334 2.057585 -72.16667
v 50.5 2.057585 -78.5
v 49.83334 2.057585 -80.5
v 42.66667 2.057585 -85.33334
v 59.16667 2.057585 -85.33334
v 58.83334 2.057585 -84.66667
v 59.83334 2.057585 -84
v 68.66667 2.057585 -85.33334
v 59.5 2.057585 -61.5
v 59.16667 2.057585 -61
v 60.16667 2.057585 -60.16667
v 59 2.057585 -67.33334
v 58.66667 2.057585 -66.83334
v 59.33334 2.057585 -65
v 59.16667 2.057585 -62.5
v 59.5 2.057585 -61.5
v 60.16667 2.057585 -60.16667
v 59.33334 2.057585 -65
v 59.33334 2.057585 -75.66667
v 59.16667 2.057585 -73.83334
v 60 2.057585 -73.16667
v 59.83334 2.057585 -81
v 60.16667 2.057585 -60.16667
v 60.16667 2.057585 -58.5
v 60.66667 2.057585 -57.33334
v 60 2.057585 -70.16667
v 59 2.057585 -69.16667
v 59 2.057585 -67.33334
v 59.33334 2.057585 -65
v 60.16667 2.057585 -60.16667
v 60.66667 2.057585 -57.33334
v 59.83334 2.057585 -81
v 58.83334 2.057585 -80
v 58.66667 2.057585 -77.83334
v 59.33334 2.057585 -75.66667
v 68.66667 2.057585 -85.33334
v 59.83334 2.057585 -84
v 59.83334 2.057585 -81
v 60 2.057585 -73.16667
v 60 2.057585 -51.5
v 59.5 2.057585 -44
v 59.5 2.057585 -42.66667
v 68.66667 2.057585 -42.66667
v 60.66667 2.057585 -57.33334
v 59.16667 2.057585 -50
v 58.33334 2.057585 -49.33334
v 58.83334 2.057585 -44.66667
v 60 2.057585 -73.16667
v 60 2.057585 -70.16667
v 60.66667 2.057585 -57.33334
v 68.66667 2.057585 -42.66667
v 68.66667 2.057585 -85.33334
v 59.16667 2.057585 -50
v 58.83334 2.057585 -44.66667
v 59.5 2.057585 -44
v 60 2.057585 -51.5
v 42.66667 2.057585 -57.16667
v 43.33334 2.307585 -57.5
v 43.33334 2.390918 -59.83334
v 43.16667 2.307585 -67.83334
v 42.66667 2.057585 -67.83334
v 45.5 2.057585 -57.5
v 49 2.057585 -57.5
v 48.83334 2.057585 -67.83334
v 45.33334 2.057585 -67.83334
v 50.66667 2.057585 -49.66667
v 43.5 2.057585 -49.66667
v 43.83334 2.057585 -49.33334
v 52.83334 2.057585 -56
v 52.66667 2.057585 -56.16667
v 52.16667 2.057585 -56.16667
v 52.83334 2.057585 -56
v 52.16667 2.057585 -56.16667
v 51 2.057585 -56.16667
v 43.66667 2.057585 -56
v 52.83334 2.057585 -56
v 51 2.057585 -56.16667
v 43.83334 2.057585 -56.16667
v 52.16667 2.057585 -55
v 52.83334 2.057585 -55
v 52.83334 2.057585 -56
v 51.66667 2.057585 -54.5
v 52.16667 2.057585 -55
v 52.83334 2.057585 -56
v 43.66667 2.057585 -56
v 50.83334 2.057585 -51.5
v 51.83334 2.057585 -53
v 51.66667 2.057585 -54.5
v 43.83334 2.057585 -49.33334
v 43.83334 2.057585 -48.5
v 44.16667 2.057585 -44.83334
v 50.83334 2.057585 -47.5
v 50.66667 2.057585 -49.66667
v 43.5 2.057585 -49.66667
v 50.66667 2.057585 -49.66667
v 50.83334 2.057585 -51.5
v 43.66667 2.057585 -56
v 43 2.057585 -56
v 43 2.057585 -49.66667
v 43.5 2.057585 -49.66667
v 50.83334 2.057585 -51.5
v 51.66667 2.057585 -54.5
v 57.66667 2.057585 -53.33334
v 56 2.057585 -52.83334
v 56.5 2.057585 -52.33334
v 56.5 2.057585 -51.5
v 57.83334 2.057585 -50.5
v 57.66667 2.057585 -53.33334
v 56.5 2.057585 -52.33334
v 53.16667 2.057585 -49.5
v 54.33334 2.057585 -49.66667
v 54.5 2.057585 -50.16667
v 53.83334 2.057585 -51.5
v 52.66667 2.057585 -52
v 43.83334 2.057585 -48.5
v 43.83334 2.057585 -48
v 44.16667 2.057585 -44.83334
v 43.83334 2.057585 -48.5
v 43.5 2.057585 -48.16667
v 43.83334 2.057585 -48
v 43.66667 2.057585 -44.16667
v 42.66667 2.057585 -44
v 42.66667 2.057585 -43.5
v 52.66667 2.057585 -42.66667
v 52.66667 2.057585 -43.16667
v 51.66667 2.057585 -43.66667
v 44.16667 2.057585 -44.83334
v 43.66667 2.057585 -44.16667
v 42.66667 2.057585 -42.66667
v 43.66667 2.057585 -44.16667
v 42.66667 2.057585 -43.5
v 42.66667 2.057585 -42.66667
v 51.66667 2.057585 -43.66667
v 51.16667 2.057585 -44.66667
v 44.16667 2.057585 -44.83334
v 51.16667 2.057585 -44.66667
v 51.16667 2.057585 -47
v 50.83334 2.057585 -47.5
v 44.16667 2.057585 -44.83334
v 42.66667 2.057585 -49.33334
v 43 2.057585 -49.66667
v 43 2.057585 -56
v 42.66667 2.057585 -56.33334
v 20 2.057585 -82.83334
v 20 2.057585 -85.33334
v 4.833333 2.057585 -85.33334
v 4.5 2.057585 -83.5
v 3.5 2.057585 -82.83334
v 20 2.057585 -82.83334
v 4.5 2.057585 -83.5
v 28 2.057585 -81
v 28 2.057585 -80.33334
v 30 2.057585 -78.5
v 26.66667 2.057585 -85.33334
v 26.5 2.057585 -82.16667
v 27.5 2.057585 -81.66667
v 27.5 2.057585 -81.66667
v 28 2.057585 -81
v 30 2.057585 -78.5
v 26.66667 2.057585 -85.33334
v 40.66667 2.057585 -42.66667
v 42.66667 2.057585 -42.66667
v 42 2.057585 -42.83334
v 42.66667 2.057585 -42.66667
v 42.66667 2.057585 -43.5
v 42 2.057585 -42.83334
v 40.16667 2.057585 -50.33334
v 37.33334 2.057585 -50.33334
v 38.16667 2.057585 -49.33334
v 40 2.057585 -49.5
v 30.66667 2.057585 -77.33334
v 30.66667 2.057585 -76.16667
v 42.66667 2.057585 -69.16667
v 42.66667 2.057585 -85.33334
v 26.66667 2.057585 -85.33334
v 30 2.057585 -78.5
v 30.66667 2.057585 -77.33334
v 42.66667 2.057585 -85.33334
v 30.66667 2.057585 -76.16667
v 30 2.057585 -75.16667
v 27.66667 2.057585 -69.16667
v 42.66667 2.057585 -69.16667
v 19.83333 2.057585 -81.5
v 20 2.057585 -82.83334
v 3.5 2.057585 -82.83334
v 23.5 2.057585 -79.66667
v 23.5 2.057585 -80.16667
v 23.16667 2.057585 -80.16667
v 22.5 2.057585 -79.66667
v 23.83333 2.057585 -78.33334
v 23.5 2.057585 -79.66667
v 22.5 2.057585 -79.66667
v 23 2.057585 -77.5
v 23.83333 2.057585 -78.33334
v 22.5 2.057585 -79.66667
v 21.33333 2.057585 -79.66667
v 23 2.057585 -76
v 23 2.057585 -77.5
v 21.33333 2.057585 -79.66667
v 35 2.057585 -49.5
v 35.5 2.057585 -50
v 23.83333 2.057585 -50.33334
v 25.5 2.057585 -75.16667
v 27.16667 2.057585 -75.16667
v 26.33333 2.057585 -76
v 24.5 2.057585 -48.16667
v 24.5 2.057585 -46.83334
v 24.83333 2.057585 -44.66667
v 25.33333 2.057585 -42.66667
v 33.16667 2.057585 -43.66667
v 33 2.057585 -46.66667
v 33.16667 2.057585 -43.66667
v 33.16667 2.057585 -44.5
v 33 2.057585 -46.66667
v 27.66667 2.057585 -69.16667
v 30 2.057585 -75.16667
v 28.83333 2.057585 -75.16667
v 27.66667 2.057585 -69.16667
v 28.83333 2.057585 -75.16667
v 28.33333 2.057585 -75.16667
v 27.66667 2.057585 -69.16667
v 28.33333 2.057585 -75.16667
v 27.16667 2.057585 -75.16667
v 26.16667 2.057585 -69.16667
v 27.66667 2.057585 -69.16667
v 27.16667 2.057585 -75.16667
v 25.5 2.057585 -75.16667
v 26.16667 2.057585 -69.16667
v 25.5 2.057585 -75.16667
v 24.16667 2.057585 -75.16667
v 25.5 2.057585 -68.83334
v 25.83333 2.057585 -68.83334
v 26.16667 2.057585 -69.16667
v 24.66667 2.057585 -68.83334
v 25.5 2.057585 -68.83334
v 26.16667 2.057585 -69.16667
v 22.33333 2.057585 -68.83334
v 24.66667 2.057585 -68.83334
v 26.16667 2.057585 -69.16667
v 20.5 2.057585 -68.83334
v 22.33333 2.057585 -68.83334
v 26.16667 2.057585 -69.16667
v 26.16667 2.057585 -69.16667
v 24.16667 2.057585 -75.16667
v 23 2.057585 -76
v 31.16667 2.057585 -66.16667
v 30.66667 2.057585 -65.66667
v 31.33333 2.057585 -65.16667
v 29 2.057585 -57.33334
v 27.83333 2.057585 -57.33334
v 27 2.057585 -56.5
v 42.66667 2.057585 -56.5
v 31.16667 2.057585 -67.33334
v 31.16667 2.057585 -66.16667
v 31.33333 2.057585 -65.16667
v 42.33334 2.057585 -68.83334
v 28.5 2.057585 -69
v 29.5 2.057585 -67.83334
v 30.66667 2.057585 -67.83334
v 42.66667 2.057585 -69.16667
v 31.33333 2.057585 -64
v 29.5 2.057585 -62.33334
v 29.83333 2.057585 -61.5
v 31.33333 2.057585 -64
v 29.83333 2.057585 -61.5
v 29.66667 2.057585 -57.83334
v 42.66667 2.057585 -56.5
v 42.66667 2.057585 -57.16667
v 42.33334 2.057585 -68.83334
v 42.66667 2.057585 -57.16667
v 42.66667 2.057585 -67.83334
v 42.33334 2.057585 -68.83334
v 31.16667 2.057585 -67.33334
v 42.33334 2.057585 -68.83334
v 42.66667 2.057585 -69.16667
v 30.66667 2.057585 -67.83334
v 31.33333 2.057585 -65.16667
v 31.33333 2.057585 -64
v 42.33334 2.057585 -68.83334
v 29.66667 2.057585 -57.83334
v 29 2.057585 -57.33334
v 42.66667 2.057585 -56.5
v 42.66667 2.057585 -69.16667
v 27.66667 2.057585 -69.16667
v 28.5 2.057585 -69
v 20.5 2.057585 -68.83334
v 26.16667 2.057585 -69.16667
v 23 2.057585 -76
v 17.16667 2.057585 -67.5
v 18 2.057585 -67.33334
v 18.83333 2.057585 -68.33334
v 23 2.057585 -76
v 21.33333 2.057585 -79.66667
v 19.83333 2.057585 -81.5
v 24.66667 2.057585 -68.83334
v 22.33333 2.057585 -68.83334
v 23.5 2.057585 -68
v 3 2.057585 -56.33334
v 3.5 2.557585 -56.66667
v 3.333333 2.057585 -57.83334
v 14.83333 2.057585 -60.5
v 16.66667 2.057585 -62.33334
v 16.16667 2.057585 -64.5
v 0 2.057585 -52.83334
v 3.333333 2.057585 -53.83334
v 3 2.057585 -56.33334
v 17.16667 2.057585 -67.5
v 18.83333 2.057585 -68.33334
v 23 2.057585 -76
v 14.83333 2.057585 -60.5
v 16.16667 2.057585 -64.5
v 16.16667 2.057585 -66.66667
v 3.333333 2.057585 -57.83334
v 18.83333 2.057585 -68.33334
v 20.16667 2.057585 -68.33334
v 20.5 2.057585 -68.83334
v 23 2.057585 -76
v 3.333333 2.057585 -57.83334
v 15.16667 2.057585 -59.33334
v 14.83333 2.057585 -60.5
v 15.66667 3.890918 -55.5
v 15.83333 3.890918 -55.5
v 16.16667 3.224252 -57
v 15.33333 2.807585 -57.66667
v 15.66667 2.307585 -59
v 15.16667 2.057585 -59.33334
v 3.333333 2.057585 -57.83334
v 3.5 2.557585 -56.66667
v 4.166667 2.807585 -56.33334
v 14.66667 3.890918 -55.5
v 15.33333 2.807585 -57.66667
v 15.16667 2.057585 -59.33334
v 14.66667 3.890918 -55.5
v 15.66667 3.890918 -55.5
v 16.16667 3.224252 -57
v 15.33333 2.807585 -57.66667
v 4.166667 2.807585 -56.33334
v 4.333333 3.140918 -55.5
v 14.66667 3.890918 -55.5
v 21.83333 2.057585 -56.16667
v 23.66667 2.057585 -56.16667
v 22.5 2.057585 -56.83334
v 27 2.057585 -56.5
v 25.83333 2.057585 -56.66667
v 25.5 2.057585 -56.16667
v 42.66667 2.057585 -56.33334
v 42.66667 2.057585 -56.5
v 27 2.057585 -56.5
v 16.16667 2.057585 -66.66667
v 0.8333334 2.057585 -82.83334
v 0 2.057585 -83.16667
v 3.333333 2.057585 -57.83334
v 21.83333 2.057585 -56.16667
v 21 2.057585 -56.16667
v 21.16667 2.057585 -55.16667
v 21.83333 2.057585 -56.16667
v 21.16667 2.057585 -55.16667
v 22 2.057585 -54.83334
v 23.66667 2.057585 -56.16667
v 16.16667 2.057585 -66.66667
v 17.16667 2.057585 -67.5
v 23 2.057585 -76
v 19.83333 2.057585 -81.5
v 3.5 2.057585 -82.83334
v 0.8333334 2.057585 -82.83334
v 23.66667 2.057585 -56.16667
v 22 2.057585 -54.83334
v 23.16667 2.057585 -53.5
v 25.5 2.057585 -56.16667
v 0 2.057585 -52.83334
v 3 2.057585 -56.33334
v 3.333333 2.057585 -57.83334
v 0 2.057585 -83.16667
v 0.8333334 2.057585 -82.83334
v 0.6666667 2.057585 -83.16667
v 0 2.057585 -83.16667
v 13 3.890918 -55.33334
v 14.66667 3.890918 -55.5
v 4.333333 3.140918 -55.5
v 4.333333 3.140918 -55.33334
v 13 3.890918 -55.33334
v 12.33333 3.890918 -55
v 13.16667 3.890918 -55
v 13 3.890918 -55.33334
v 13.16667 3.890918 -55
v 13.5 3.890918 -55
v 14.66667 3.890918 -55
v 15.66667 3.890918 -55
v 15.66667 3.890918 -55.16667
v 14.66667 3.890918 -55
v 15.66667 3.890918 -55.16667
v 15.66667 3.890918 -55.5
v 14.66667 3.890918 -55.5
v 14.16667 3.890918 -55
v 13 3.890918 -55.33334
v 13.5 3.890918 -55
v 14.16667 3.890918 -55
v 14.66667 3.890918 -55.5
v 15.66667 3.890918 -55.16667
v 15.83333 3.890918 -55.5
v 15.66667 3.890918 -55.5
v 11.83333 3.890918 -54.66667
v 12.5 3.890918 -54.66667
v 12.33333 3.890918 -55
v 11.83333 3.890918 -55.16667
v 11.5 3.890918 -55.16667
v 13 3.890918 -55.33334
v 4.333333 3.140918 -55.33334
v 4.333333 3.224252 -55.16667
v 11.83333 3.890918 -55.16667
v 12.33333 3.890918 -55
v 13 3.890918 -55.33334
v 11.5 3.890918 -55.16667
v 11.83333 3.890918 -55.16667
v 13 3.890918 -55.33334
v 9.5 3.890918 -54.83334
v 10.33333 3.890918 -54.66667
v 10.33333 3.890918 -55
v 10.33333 3.890918 -55
v 11.5 3.890918 -55
v 11.5 3.890918 -55.16667
v 4.333333 3.224252 -55.16667
v 4.333333 3.224252 -55.16667
v 4.333333 3.307585 -54.83334
v 9.5 3.890918 -54.83334
v 10.33333 3.890918 -55
v 11.83333 3.890918 -55.16667
v 11.5 3.890918 -55.16667
v 11.5 3.890918 -55
v 11.66667 3.890918 -54.5
v 11.83333 3.890918 -54.66667
v 12.5 3.890918 -54.66667
v 11.83333 3.890918 -54.66667
v 11.66667 3.890918 -54.5
v 13.16667 3.724252 -54.66667
v 12.5 3.890918 -54.66667
v 11.66667 3.890918 -54.5
v 13.16667 3.890918 -55
v 12.33333 3.890918 -55
v 12.5 3.890918 -54.66667
v 13.16667 3.890918 -54.83334
v 15.66667 3.724252 -54.5
v 15.66667 3.724252 -54.66667
v 13.16667 3.724252 -54.66667
v 11.66667 3.890918 -54.5
v 13.16667 3.724252 -54.66667
v 13.16667 3.890918 -54.83334
v 12.5 3.890918 -54.66667
v 10.33333 3.890918 -54.66667
v 9.5 3.890918 -54.83334
v 9.5 3.890918 -54.33334
v 11.5 3.890918 -55
v 10.33333 3.890918 -55
v 10.33333 3.890918 -54.66667
v 11.66667 3.890918 -54.5
v 11.5 3.890918 -55
v 10.33333 3.890918 -54.66667
v 9.5 3.890918 -54.33334
v 15.66667 3.724252 -54.33334
v 15.66667 3.724252 -54.5
v 11.66667 3.890918 -54.5
v 9.5 3.890918 -54.33334
v 13.16667 3.890918 -54.83334
v 13.5 3.890918 -55
v 13.16667 3.890918 -55
v 13.5 3.890918 -55
v 13.16667 3.890918 -54.83334
v 13.16667 3.724252 -54.66667
v 14.66667 3.724252 -54.83334
v 14.16667 3.890918 -55
v 15.66667 3.724252 -54.66667
v 15.66667 3.724252 -54.83334
v 14.66667 3.724252 -54.83334
v 13.16667 3.724252 -54.66667
v 14.66667 3.724252 -54.83334
v 14.66667 3.890918 -55
v 14.16667 3.890918 -55
v 14.66667 3.724252 -54.83334
v 15.66667 3.724252 -54.83334
v 15.66667 3.890918 -55
v 14.66667 3.890918 -55
v 9.166667 3.890918 -54.66667
v 9.166667 3.890918 -54.33334
v 9.5 3.890918 -54.33334
v 9.5 3.890918 -54.83334
v 8.333334 3.890918 -54.66667
v 9.5 3.890918 -54.83334
v 4.333333 3.307585 -54.83334
v 4.5 3.474252 -54.66667
v 8.333334 3.890918 -54.66667
v 9.166667 3.890918 -54.66667
v 9.5 3.890918 -54.83334
v 7 3.890918 -54
v 7.833333 3.890918 -54
v 7.833333 3.890918 -54.5
v 6.833333 3.890918 -54.33334
v 6.833333 3.890918 -54.33334
v 7.833333 3.890918 -54.5
v 8.333334 3.890918 -54.66667
v 4.5 3.474252 -54.66667
v 5.166667 3.724252 -54.33334
v 8.333334 3.890918 -54.66667
v 7.833333 3.890918 -54.5
v 7.833333 3.890918 -54
v 9.166667 3.890918 -54.33334
v 9.166667 3.890918 -54.66667
v 9.5 3.890918 -54.33334
v 9.166667 3.890918 -54.33334
v 7.833333 3.890918 -54
v 15.83333 3.724252 -54
v 15.66667 3.724252 -54.33334
v 9.5 3.890918 -54.33334
v 7.833333 3.890918 -54
v 6.166667 3.890918 -53.83334
v 6.333333 3.890918 -53.83334
v 6.833333 3.890918 -54.33334
v 5.166667 3.724252 -54.33334
v 5.5 3.890918 -54
v 7 3.890918 -54
v 6.833333 3.890918 -54.33334
v 6.333333 3.890918 -53.83334
v 7.833333 3.890918 -54
v 7 3.890918 -54
v 6.333333 3.890918 -53.83334
v 15.83333 3.724252 -53.83334
v 15.83333 3.724252 -54
v 7.833333 3.890918 -54
v 6.333333 3.890918 -53.83334
v 5.5 3.890918 -53.83334
v 6.166667 3.890918 -53.83334
v 5.5 3.890918 -54
v 18.83333 3.724252 -43.83334
v 18.83333 3.724252 -44.33334
v 17.83333 3.724252 -44.33334
v 18 3.724252 -43.33334
v 5 3.724252 -51.5
v 0 3.724252 -49.83334
v 0 3.724252 -42.66667
v 6.166667 3.890918 -53.83334
v 5.5 3.890918 -53.83334
v 5.166667 3.890918 -53.33334
v 17.83333 3.724252 -46.33334
v 18.66667 3.724252 -46.33334
v 18.83333 3.724252 -47
v 17.16667 3.724252 -47.5
v 6.333333 3.890918 -53.83334
v 6.166667 3.890918 -53.83334
v 5.166667 3.890918 -53.33334
v 18 3.724252 -42.66667
v 17.5 3.724252 -44.66667
v 16 3.724252 -49.33334
v 5.333333 3.724252 -51.83334
v 5 3.724252 -51.5
v 0 3.724252 -42.66667
v 18 3.724252 -43.33334
v 17.83333 3.724252 -44.33334
v 17.5 3.724252 -44.66667
v 18 3.724252 -42.66667
v 17.5 3.724252 -46
v 17.83333 3.724252 -46.33334
v 17.16667 3.724252 -47.5
v 17.5 3.724252 -44.66667
v 16.33333 3.724252 -48.5
v 16 3.724252 -49.33334
v 6.333333 3.890918 -53.83334
v 5.166667 3.890918 -53.33334
v 5.333333 3.724252 -51.83334
v 16 3.724252 -49.33334
v 16.16667 3.724252 -52.66667
v 15.83333 3.724252 -53.83334
v 17.5 3.724252 -46
v 17.16667 3.724252 -47.5
v 16.33333 3.724252 -48.5
v 17.5 3.724252 -44.66667
v 37.33334 2.057585 -50.33334
v 40.16667 2.057585 -50.33334
v 40.5 2.057585 -51.16667
v 36.66667 2.057585 -50.33334
v 37.33334 2.057585 -50.33334
v 40.5 2.057585 -51.16667
v 36.66667 2.057585 -50.33334
v 40.5 2.057585 -51.16667
v 23.66667 2.057585 -51.16667
v 23.83333 2.057585 -50.33334
v 40.5 2.057585 -51.16667
v 41.16667 2.057585 -51.16667
v 42.66667 2.057585 -56.33334
v 27 2.057585 -56.5
v 25.5 2.057585 -56.16667
v 23.16667 2.057585 -53.5
v 23.66667 2.057585 -51.16667
v 40.5 2.057585 -51.16667
v 42.66667 2.057585 -56.33334
v 25 2.057585 -43.5
v 24.66667 2.057585 -43
v 25.33333 2.057585 -42.66667
v 33.16667 2.057585 -44.5
v 33.83334 2.057585 -45.16667
v 33.16667 2.057585 -45.5
v 33.5 2.057585 -42.66667
v 34 2.057585 -43
v 33.16667 2.057585 -43.66667
v 25.33333 2.057585 -42.66667
v 24.5 2.057585 -46.83334
v 23.66667 2.057585 -46.16667
v 23.66667 2.057585 -45.66667
v 24.83333 2.057585 -44.66667
v 24.83333 2.057585 -44.66667
v 25 2.057585 -43.5
v 25.33333 2.057585 -42.66667
v 33.16667 2.057585 -44.5
v 33.16667 2.057585 -45.5
v 33 2.057585 -46.66667
v 35.5 2.057585 -50
v 36.66667 2.057585 -50.33334
v 23.83333 2.057585 -50.33334
v 23.83333 2.057585 -50.33334
v 23.83333 2.057585 -48.83334
v 24.5 2.057585 -48.16667
v 33 2.057585 -46.66667
v 35.16667 2.057585 -48.66667
v 35 2.057585 -49.5
v 42.16667 2.057585 -49.16667
v 42.5 2.057585 -49
v 42.66667 2.057585 -49.33334
v 42.33334 2.057585 -50.33334
v 42.66667 2.057585 -56.33334
v 42.33334 2.057585 -50.33334
v 42.66667 2.057585 -49.33334
v 42.66667 2.057585 -56.33334
v 41.16667 2.057585 -51.16667
v 42.33334 2.057585 -50.33334
v -39.83334 2.057585 -83.83334
v -39.33334 2.057585 -84.33334
v -39.83334 2.057585 -85.33334
v -41.66667 2.057585 -85.33334
v -18.33333 3.890918 -42.66667
v -16.66667 3.890918 -44
v -20.5 2.807585 -44
v -19.5 3.474252 -42.66667
v -18.33333 3.890918 -42.66667
v -18.16667 3.890918 -42.66667
v -16.66667 3.890918 -44
v -35.33334 2.057585 -84.33334
v -35.83334 2.057585 -83.5
v -35.83334 2.057585 -82.5
v -18.66667 2.057585 -82.5
v -18.66667 2.057585 -82.5
v -17.66667 2.057585 -82.33334
v -14.83333 2.057585 -84
v -18.66667 2.057585 -82.5
v -14.83333 2.057585 -84
v -11.5 2.057585 -85.33334
v -35.5 2.057585 -85.33334
v -35.33334 2.057585 -84.33334
v -13.66667 2.057585 -79.33334
v -14.66667 2.057585 -79.16667
v -15.66667 2.057585 -77.83334
v -38.66667 2.057585 -77.5
v -31.66667 2.057585 -71.5
v -31 2.057585 -71.5
v -18.83333 2.057585 -76.66667
v -19.66667 2.057585 -77.5
v -38.66667 2.057585 -77.5
v -39.33334 2.057585 -77.5
v -42.66667 2.057585 -72.66667
v -41.66667 2.057585 -71.5
v -31.66667 2.057585 -71.5
v -34.66667 2.057585 -44
v -36 2.057585 -43
v -36 2.057585 -42.66667
v -21 2.057585 -42.66667
v -27.83333 2.057585 -44
v -20.5 2.057585 -81.33334
v -18.66667 2.057585 -82.5
v -35.83334 2.057585 -82.5
v -21.33333 2.057585 -80.16667
v -20.5 2.057585 -81.33334
v -35.83334 2.057585 -82.5
v -21.33333 2.057585 -79.33334
v -21.33333 2.057585 -80.16667
v -35.83334 2.057585 -82.5
v -37.33334 2.057585 -78.5
v -38.66667 2.057585 -77.5
v -19.66667 2.057585 -77.5
v -21.33333 2.057585 -79.33334
v -37.33334 2.057585 -78.5
v -21 2.057585 -42.66667
v -21.33333 2.057585 -43.16667
v -27.16667 2.057585 -44
v -27.83333 2.057585 -44
v -39.33334 2.057585 -77.5
v -40 2.057585 -78.16667
v -42.66667 2.057585 -72.66667
v -15.16667 3.890918 -44.83334
v -15.16667 3.890918 -44.5
v -14.83333 3.890918 -44.5
v -14.83333 3.890918 -44.83334
v -21.83333 2.057585 -45.16667
v -26.83333 2.057585 -45.16667
v -26.83333 2.057585 -44.33334
v -18.33333 2.057585 -76.66667
v -18.83333 2.057585 -76.66667
v -31 2.057585 -71.5
v -27.16667 2.057585 -44
v -21.33333 2.390918 -44
v -21.83333 2.057585 -45.16667
v -26.83333 2.057585 -44.33334
v -21.33333 2.057585 -43.16667
v -21.16667 2.557585 -43.83334
v -21.33333 2.390918 -44
v -27.16667 2.057585 -44
v -33.66667 2.057585 -71.33334
v -32.16667 2.057585 -71.33334
v -31.66667 2.057585 -71.5
v -34.83334 2.057585 -71.33334
v -33.66667 2.057585 -71.33334
v -31.66667 2.057585 -71.5
v -36.16667 2.057585 -71.33334
v -34.83334 2.057585 -71.33334
v -31.66667 2.057585 -71.5
v -41.66667 2.057585 -71.5
v -41.66667 2.057585 -71.33334
v -36.83334 2.057585 -71.33334
v -36.83334 2.057585 -71.33334
v -36.16667 2.057585 -71.33334
v -31.66667 2.057585 -71.5
v -41.66667 2.057585 -71.5
v -31 2.057585 -71.5
v -30.33333 2.057585 -70.66667
v -29.5 2.057585 -70.66667
v -31 2.057585 -71.5
v -29.5 2.057585 -70.66667
v -28.83333 2.057585 -70.66667
v -39.83334 2.057585 -83.83334
v -41.66667 2.057585 -85.33334
v -42.66667 2.057585 -85.16667
v -42.66667 2.057585 -72.66667
v -40 2.057585 -78.16667
v -39.66667 2.057585 -81.5
v -36.83334 2.057585 -65
v -36.33334 2.057585 -65.5
v -37 2.057585 -65.83334
v -41.5 2.057585 -67.66667
v -41.83334 2.057585 -67.33334
v -41.83334 2.057585 -66.5
v -37.16667 2.057585 -67
v -41.5 2.057585 -70.16667
v -42 2.057585 -69
v -41.66667 2.057585 -68.83334
v -35.83334 2.057585 -69.33334
v -36.16667 2.057585 -69.83334
v -37.16667 2.057585 -70.16667
v -18.33333 2.057585 -76.66667
v -28.83333 2.057585 -70.66667
v -27.66667 2.057585 -69.5
v -36.83334 2.057585 -63.5
v -36.83334 2.057585 -65
v -37 2.057585 -65.83334
v -41.5 2.057585 -70.16667
v -41.66667 2.057585 -68.83334
v -41.5 2.057585 -67.66667
v -37.16667 2.057585 -67
v -35.83334 2.057585 -69.33334
v -37.16667 2.057585 -70.16667
v -37.16667 2.057585 -70.16667
v -37.16667 2.057585 -71
v -41.5 2.057585 -70.16667
v -36.83334 2.057585 -63.5
v -37 2.057585 -65.83334
v -37.16667 2.057585 -67
v -41.83334 2.057585 -66.5
v -42.66667 2.057585 -65.83334
v -37.16667 2.057585 -71
v -36.83334 2.057585 -71.33334
v -41.66667 2.057585 -71.33334
v -41.5 2.057585 -70.16667
v -18.33333 2.057585 -76.66667
v -31 2.057585 -71.5
v -28.83333 2.057585 -70.66667
v -34.83334 2.057585 -71.33334
v -36.16667 2.057585 -71.33334
v -35.66667 2.057585 -70.66667
v -32.16667 2.057585 -71.33334
v -33.66667 2.057585 -71.33334
v -33.16667 2.057585 -70.83334
v -29.5 2.057585 -70.66667
v -30.33333 2.057585 -70.66667
v -30.16667 2.057585 -70.16667
v -27.66667 2.057585 -61.5
v -28 2.057585 -61.33334
v -27.66667 2.057585 -60.16667
v -21.83333 2.057585 -45.16667
v -21.33333 2.057585 -45.5
v -27.16667 2.057585 -45.5
v -26.83333 2.057585 -45.16667
v -21.83333 2.057585 -45.16667
v -21.33333 2.057585 -45.16667
v -21.33333 2.057585 -45.5
v -27 2.057585 -64.83334
v -28 2.057585 -62.83334
v -27.66667 2.057585 -62.16667
v -27 2.057585 -64.83334
v -27.66667 2.057585 -62.16667
v -27.66667 2.057585 -61.5
v -42.66667 2.057585 -42.66667
v -42 2.057585 -42.66667
v -37 2.057585 -48.16667
v -35 2.057585 -60.5
v -36.16667 2.057585 -61.5
v -42.66667 2.057585 -65.83334
v -17 2.057585 -77
v -27 2.057585 -65.66667
v -27 2.057585 -64.83334
v -27.83333 2.057585 -44
v -28.16667 2.057585 -44.33334
v -33.16667 2.057585 -45.5
v -34.66667 2.057585 -44
v -28.16667 2.057585 -44.33334
v -28.16667 2.057585 -45.16667
v -33.16667 2.057585 -45.5
v -34.33334 2.057585 -60.5
v -33.33334 2.057585 -60.5
v -33.83334 2.057585 -61
v -28.83333 2.057585 -60
v -29 2.057585 -60.33334
v -30.16667 2.057585 -60.33334
v -31.83333 2.057585 -60
v -31.83333 2.057585 -60
v -30.16667 2.057585 -60.33334
v -30.83333 2.057585 -60.83334
v -32.83334 2.057585 -60
v -33.33334 2.057585 -60.5
v -34.33334 2.057585 -60.5
v -32.83334 2.057585 -60
v -34.33334 2.057585 -60.5
v -35 2.057585 -60.5
v -27 2.057585 -64.83334
v -27.66667 2.057585 -60.16667
v -28.33333 2.057585 -54.66667
v -28.66667 2.057585 -59.83334
v -28.83333 2.057585 -60
v -31.83333 2.057585 -60
v -28.66667 2.057585 -59.83334
v -31.83333 2.057585 -60
v -32.83334 2.057585 -60
v -27.66667 2.057585 -60.16667
v -28 2.057585 -59.83334
v -28.33333 2.057585 -54.66667
v -27 2.057585 -64.83334
v -27.66667 2.057585 -61.5
v -27.66667 2.057585 -60.16667
v -11.33333 2.057585 -80.66667
v -13.66667 2.057585 -79.33334
v -15.66667 2.057585 -77.83334
v 0 2.057585 -83.16667
v -3.666668 2.057585 -82.83334
v -28.66667 2.057585 -59.83334
v -28.83333 2.057585 -54.66667
v -28.33333 2.057585 -54.66667
v -28 2.057585 -59.83334
v -35.5 2.057585 -49.5
v -35 2.057585 -49.5
v -34.33334 2.057585 -50.5
v -28.83333 2.057585 -54.66667
v -32.83334 2.057585 -60
v -35 2.057585 -60.5
v -34.33334 2.057585 -50.5
v -31.66667 2.057585 -52.16667
v -31.66667 2.057585 -52.83334
v -28.83333 2.057585 -54.66667
v -28.66667 2.057585 -59.83334
v -32.83334 2.057585 -60
v -36.16667 2.057585 -61.5
v -36.16667 2.057585 -62.66667
v -36.83334 2.057585 -63.5
v -42.66667 2.057585 -65.83334
v -27.33333 2.057585 -68
v -27.33333 2.057585 -65.83334
v -27 2.057585 -65.66667
v -17 2.057585 -77
v -18.33333 2.057585 -76.66667
v -28.33333 2.057585 -54.66667
v -28.16667 2.057585 -54.33334
v -27.5 2.057585 -54.5
v -31.16667 2.057585 -53.33334
v -28.83333 2.057585 -54.66667
v -35 2.057585 -60.5
v -27 2.057585 -64.83334
v -28.33333 2.057585 -54.66667
v -27.5 2.057585 -54.5
v -34.33334 2.057585 -50.5
v -31.66667 2.057585 -52.83334
v -31.16667 2.057585 -53.33334
v -35 2.057585 -60.5
v -35.5 2.057585 -49.5
v -37 2.057585 -48.16667
v -36.66667 2.057585 -48.16667
v -35.5 2.057585 -49.5
v -35 2.057585 -60.5
v -19.33333 2.057585 -46.83334
v -18.66667 2.224252 -47
v -18.66667 2.057585 -47.33334
v -18.66667 2.057585 -47.33334
v -18 2.057585 -47.5
v -17.66667 2.057585 -48
v -26.5 2.057585 -52.33334
v -21.33333 2.057585 -45.5
v -20.16667 2.057585 -46
v -19.33333 2.057585 -46.83334
v -21.33333 2.057585 -45.5
v -19.33333 2.057585 -46.83334
v -18.66667 2.057585 -47.33334
v -26.5 2.057585 -52.33334
v -26.16667 2.057585 -51.5
v -29.66667 2.057585 -48.33334
v -33.16667 2.057585 -45.5
v -27.83333 2.057585 -45.5
v -28.5 2.057585 -48.5
v -17.66667 2.057585 -48
v -11 2.057585 -52.33334
v -26.5 2.057585 -52.33334
v -28.5 2.057585 -48.5
v -27.83333 2.057585 -45.5
v -27.16667 2.057585 -45.5
v -26.5 2.057585 -49.83334
v -26.16667 2.057585 -51.5
v -26.16667 2.057585 -50.33334
v -21.33333 2.057585 -45.5
v -26.16667 2.057585 -50.33334
v -26.5 2.057585 -49.83334
v -27.16667 2.057585 -45.5
v -21.33333 2.057585 -45.5
v -13.66667 3.890918 -46
v -13 3.890918 -45.83334
v -13 3.890918 -46.33334
v -18 2.057585 -47.5
v -18.66667 2.057585 -47.33334
v -18.66667 2.224252 -47
v -13.66667 3.890918 -46
v -11.33333 3.890918 -47.33334
v -10.5 3.890918 -47.33334
v -10.5 3.890918 -47.66667
v -10.33333 2.557585 -51.33334
v -10.83333 2.057585 -52.33334
v -11 2.057585 -52.33334
v -10.5 2.974252 -50.5
v -10.5 3.890918 -47.66667
v -9.666668 3.890918 -48.16667
v -9.333332 3.724252 -49
v -10.5 2.974252 -50.5
v -11.33333 3.890918 -47.33334
v -18.66667 2.224252 -47
v -19.33333 2.057585 -46.83334
v -20.16667 2.057585 -46
v -13.66667 3.890918 -46
v -13.66667 3.890918 -46
v -13 3.890918 -46.33334
v -11.33333 3.890918 -47.33334
v -13 3.890918 -46.33334
v -12.16667 3.890918 -46.66667
v -11.33333 3.890918 -47.33334
v -13.66667 3.890918 -46
v -11.33333 3.890918 -47.33334
v -10.5 2.974252 -50.5
v -11 2.057585 -52.33334
v -17.66667 2.057585 -48
v -18 2.057585 -47.5
v -10.83333 2.057585 -52.33334
v -10.33333 2.557585 -51.33334
v -9.666668 2.057585 -51.5
v -4 2.057585 -51.5
v -1.833332 2.057585 -52.33334
v -10.83333 2.057585 -52.33334
v -9.666668 2.057585 -51.5
v -4 2.057585 -51.5
v -9.666668 2.057585 -51.5
v -8.333332 2.057585 -49.5
v -27 2.057585 -64.83334
v -26.5 2.057585 -52.33334
v -11 2.057585 -52.33334
v 0 2.057585 -52.83334
v 0 2.057585 -83.16667
v -15.66667 2.057585 -77.83334
v -9.666668 3.890918 -48.16667
v -10.5 3.890918 -47.66667
v -10.5 3.890918 -47.33334
v -9 3.890918 -47.83334
v -8.333332 3.724252 -46.66667
v -9 3.890918 -47.83334
v -10.5 3.890918 -47.33334
v -12.16667 3.890918 -46.66667
v -10.5 3.890918 -47.33334
v -11.33333 3.890918 -47.33334
v -12.16667 3.890918 -46.66667
v -15.16667 3.890918 -44.5
v -15.16667 3.890918 -44.83334
v -15.5 3.890918 -44.83334
v -15.5 3.890918 -44.33334
v -14.83333 3.890918 -44.5
v -7.666668 3.724252 -46.66667
v -14.33333 3.807585 -44.83334
v -14.83333 3.890918 -44.5
v -15.16667 3.890918 -44.5
v -15.5 3.890918 -44.33334
v -12.16667 3.890918 -46.66667
v -13 3.890918 -46.33334
v -13 3.890918 -45.83334
v -8.333332 3.724252 -46.66667
v -13.66667 3.890918 -46
v -14.33333 3.890918 -45.5
v -14.33333 3.807585 -44.83334
v -13 3.890918 -45.83334
v -14.83333 3.890918 -44.83334
v -14.83333 3.890918 -44.5
v -14.33333 3.807585 -44.83334
v -14.83333 3.890918 -44.5
v -15.5 3.890918 -44.33334
v -16.66667 3.890918 -44
v -18.16667 3.890918 -42.66667
v -14.33333 3.807585 -44.83334
v -15.16667 3.890918 -44.83334
v -14.83333 3.890918 -44.83334
v -15.66667 2.057585 -77.83334
v -17 2.057585 -77
v -27 2.057585 -64.83334
v -7.666668 3.724252 -46.66667
v -8.333332 3.724252 -46.66667
v -13 3.890918 -45.83334
v -14.33333 3.807585 -44.83334
v -21.33333 2.390918 -44
v -21.16667 2.557585 -43.83334
v -20.5 2.807585 -44
v -21.33333 2.057585 -45.16667
v -21.83333 2.057585 -45.16667
v -15.16667 3.890918 -45
v -14.33333 3.807585 -44.83334
v -14.33333 3.890918 -45.5
v -16.66667 3.890918 -44
v -15.5 3.890918 -44.33334
v -15.5 3.890918 -44.83334
v -20.16667 2.057585 -46
v -21.33333 2.057585 -45.16667
v -20.5 2.807585 -44
v -15.5 3.890918 -44.83334
v -15.16667 3.890918 -45
v -14.33333 3.890918 -45.5
v -13.66667 3.890918 -46
v -20.16667 2.057585 -46
v -20.16667 2.057585 -46
v -21.33333 2.057585 -45.5
v -21.33333 2.057585 -45.16667
v -28.16667 2.057585 -45.16667
v -27.83333 2.057585 -45.5
v -33.16667 2.057585 -45.5
v -27.66667 2.057585 -69.5
v -27.83333 2.057585 -68.5
v -27.33333 2.057585 -68
v -18.33333 2.057585 -76.66667
v -10.83333 2.057585 -52.33334
v -1.833332 2.057585 -52.33334
v 0 2.057585 -52.83334
v -11 2.057585 -52.33334
v -10.83333 2.057585 -52.33334
v 0 2.057585 -52.83334
v -27 2.057585 -64.83334
v -27.5 2.057585 -54.5
v -26.5 2.057585 -52.33334
v 0 3.724252 -42.66667
v 0 3.724252 -49.83334
v -3.833332 3.724252 -48.5
v -7.666668 3.724252 -46.66667
v -7.666668 3.724252 -46.66667
v -14.83333 3.890918 -44.5
v -18.16667 3.890918 -42.66667
v 0 3.724252 -42.66667
v -46.83334 2.057585 -57.5
v -47.66667 2.057585 -57.5
v -48.16667 2.057585 -57
v -49.83334 2.057585 -54
v -50 2.057585 -53
v -58.5 2.057585 -83.16667
v -44 2.057585 -85.33334
v -79.5 2.057585 -85.33334
v -81.33334 2.057585 -83.16667
v -58.5 2.057585 -83.16667
v -57.33334 2.057585 -83.16667
v -44 2.057585 -85.33334
v -63.5 2.057585 -81.16667
v -59.83334 2.057585 -81.16667
v -59.66667 2.057585 -82.16667
v -63.5 2.057585 -81.16667
v -59.66667 2.057585 -82.16667
v -58.5 2.057585 -83.16667
v -65.16667 2.057585 -81.16667
v -65.16667 2.057585 -81.16667
v -58.5 2.057585 -83.16667
v -81.33334 2.057585 -83.16667
v -83.33334 2.057585 -81.16667
v -57.33334 2.057585 -83.16667
v -56.33334 2.057585 -82.16667
v -53.5 2.057585 -82.16667
v -57.33334 2.057585 -83.16667
v -53.5 2.057585 -82.16667
v -52.5 2.057585 -82.16667
v -44.33334 2.057585 -60.16667
v -45.5 2.057585 -59.33334
v -45.5 2.057585 -58.83334
v -56.33334 2.057585 -80.83334
v -54.83334 2.057585 -80
v -54.33334 2.057585 -81.5
v -56.33334 2.057585 -82.16667
v -53.5 2.057585 -82.16667
v -56.33334 2.057585 -82.16667
v -54.33334 2.057585 -81.5
v -44.33334 2.057585 -73.66667
v -44.33334 2.057585 -72.83334
v -44 2.057585 -72.5
v -42.66667 2.057585 -72.66667
v -48.16667 2.057585 -79
v -48.16667 2.057585 -78.16667
v -47.66667 2.057585 -77.66667
v -79.66667 2.057585 -43.16667
v -78.83334 2.057585 -43.83334
v -81.83334 2.057585 -43.83334
v -81 2.057585 -42.66667
v -81 2.057585 -42.66667
v -79.66667 2.057585 -42.66667
v -79.66667 2.057585 -43.16667
v -53.5 2.057585 -49.83334
v -59 2.057585 -48.5
v -60.16667 2.057585 -47.33334
v -47.66667 2.057585 -77.66667
v -47.66667 2.057585 -76.33334
v -44.33334 2.057585 -73.66667
v -67.66667 2.057585 -79.83334
v -67.33334 2.057585 -79.83334
v -66.16667 2.057585 -81
v -83.33334 2.057585 -81.16667
v -83.66667 2.057585 -81.16667
v -84.83334 2.057585 -79.83334
v -68.33334 2.057585 -79.83334
v -66.16667 2.057585 -81
v -68.33334 2.057585 -79.83334
v -67.66667 2.057585 -79.83334
v -66.16667 2.057585 -81
v -66.16667 2.057585 -81
v -65.16667 2.057585 -81.16667
v -83.33334 2.057585 -81.16667
v -60.83334 2.057585 -80.5
v -59.66667 2.057585 -80.5
v -59.83334 2.057585 -81.16667
v -59.83334 2.057585 -81.16667
v -63.5 2.057585 -81.16667
v -61.66667 2.057585 -80
v -60.83334 2.057585 -80.5
v -44 2.057585 -85.33334
v -57.33334 2.057585 -83.16667
v -52.5 2.057585 -82.16667
v -48.16667 2.057585 -79
v -47.66667 2.057585 -77.66667
v -44.33334 2.057585 -73.66667
v -42.66667 2.057585 -72.66667
v -42.66667 2.057585 -85.16667
v -44 2.057585 -85.33334
v -70 2.057585 -78.5
v -68.33334 2.057585 -79.83334
v -84.83334 2.057585 -79.83334
v -70 2.057585 -77.33334
v -70 2.057585 -78.5
v -84.83334 2.057585 -79.83334
v -58.83334 2.057585 -76.16667
v -56.83334 2.057585 -76.16667
v -57.66667 2.057585 -76.66667
v -58.5 2.057585 -76.66667
v -56.33334 2.057585 -76.16667
v -54.5 2.057585 -76.16667
v -55.5 2.057585 -76.5
v -63.16667 2.057585 -75.66667
v -63.16667 2.057585 -76.16667
v -63.66667 2.057585 -76.16667
v -65 2.057585 -76.16667
v -65.66667 2.057585 -76.16667
v -66.66667 2.057585 -75.83334
v -67.33334 2.057585 -75.16667
v -62.66667 2.057585 -75.16667
v -63.16667 2.057585 -75.66667
v -63.16667 2.057585 -75.66667
v -63.66667 2.057585 -76.16667
v -65 2.057585 -76.16667
v -58.83334 2.057585 -76.16667
v -59.16667 2.057585 -76.16667
v -59.83334 2.057585 -75.16667
v -59.83334 2.057585 -75.16667
v -61 2.057585 -75.16667
v -61.33334 2.057585 -74.83334
v -53.5 2.057585 -74.83334
v -53.5 2.057585 -74.83334
v -54.5 2.057585 -76.16667
v -56.33334 2.057585 -76.16667
v -56.83334 2.057585 -76.16667
v -58.83334 2.057585 -76.16667
v -59.83334 2.057585 -75.16667
v -53.5 2.057585 -74.83334
v -56.33334 2.057585 -76.16667
v -56.83334 2.057585 -76.16667
v -59.83334 2.057585 -75.16667
v -62.16667 2.057585 -74.83334
v -62.66667 2.057585 -75.16667
v -67.33334 2.057585 -75.16667
v -62.16667 2.057585 -74.83334
v -67.33334 2.057585 -75.16667
v -68.33334 2.057585 -75.16667
v -51 2.057585 -81.83334
v -50.5 2.057585 -80.83334
v -48.16667 2.057585 -79
v -44 2.057585 -85.33334
v -53.83334 2.057585 -74.5
v -53.5 2.057585 -74.83334
v -61.33334 2.057585 -74.83334
v -53.83334 2.057585 -74.5
v -61.33334 2.057585 -74.83334
v -62.16667 2.057585 -74.83334
v -70.66667 2.057585 -74.5
v -52.5 2.057585 -82.16667
v -52.33334 2.057585 -81.83334
v -51 2.057585 -81.83334
v -44 2.057585 -85.33334
v -72 2.057585 -74.5
v -70.66667 2.057585 -74.5
v -62.16667 2.057585 -74.83334
v -75.5 2.057585 -67.16667
v -75.16667 2.057585 -67.5
v -75.5 2.057585 -67.66667
v -72 2.057585 -74.5
v -68.33334 2.057585 -75.16667
v -69.16667 2.057585 -76.16667
v -75.5 2.057585 -64.33334
v -75.16667 2.057585 -65.66667
v -75.5 2.057585 -66
v -77 2.057585 -64
v -77.66667 2.057585 -59.83334
v -77.16667 2.057585 -60.66667
v -77.83334 2.057585 -61.5
v -72 2.057585 -74.5
v -62.16667 2.057585 -74.83334
v -68.33334 2.057585 -75.16667
v -74.33334 2.057585 -72.83334
v -73.5 2.057585 -73.83334
v -84.83334 2.057585 -79.83334
v -77.5 2.057585 -63.5
v -77 2.057585 -64
v -75.5 2.057585 -66
v -75.5 2.057585 -67.16667
v -75.16667 2.057585 -69.5
v -74.16667 2.057585 -70.66667
v -74.33334 2.057585 -72.83334
v -75.5 2.057585 -68.33334
v -75.16667 2.057585 -69.5
v -74.33334 2.057585 -72.83334
v -77.5 2.057585 -63.5
v -75.5 2.057585 -67.16667
v -75.5 2.057585 -67.66667
v -69.16667 2.057585 -76.16667
v -69.16667 2.057585 -76.66667
v -70 2.057585 -77.33334
v -77.5 2.057585 -63.5
v -75.5 2.057585 -67.66667
v -75.5 2.057585 -68.33334
v -72 2.057585 -74.5
v -69.16667 2.057585 -76.16667
v -70 2.057585 -77.33334
v -84.83334 2.057585 -79.83334
v -73.5 2.057585 -73.83334
v -53 2.057585 -72.33334
v -53.33334 2.724252 -73
v -54 2.724252 -73.33334
v -69.5 2.057585 -72.33334
v -53.83334 2.057585 -74.5
v -70.66667 2.057585 -74.5
v -69.83334 2.057585 -74
v -69.5 2.057585 -72.33334
v -54 2.724252 -73.33334
v -53.83334 2.057585 -74.5
v -69.83334 2.057585 -74
v -52 2.057585 -71.66667
v -52 2.057585 -72.5
v -53 2.057585 -72.33334
v -51.33334 2.057585 -70.83334
v -52 2.057585 -71.66667
v -53 2.057585 -72.33334
v -69.5 2.057585 -72.33334
v -69.66667 2.057585 -70.83334
v -50.66667 2.807585 -70.33334
v -50.66667 2.807585 -71
v -51.33334 2.057585 -70.83334
v -51.66667 2.057585 -70.5
v -69.66667 2.057585 -70.83334
v -69.5 2.057585 -70.5
v -51.66667 2.057585 -70.5
v -51.33334 2.057585 -70.83334
v -52 2.057585 -70.16667
v -51.66667 2.057585 -70.5
v -69.5 2.057585 -70.5
v -69.5 2.057585 -69.66667
v -51.66667 2.057585 -69.16667
v -52 2.057585 -70.16667
v -69.5 2.057585 -69.66667
v -70 2.057585 -69.16667
v -50.83334 2.057585 -69.16667
v -49.66667 2.057585 -69.16667
v -50.5 2.890918 -70.16667
v -71.33334 2.057585 -61.5
v -71 2.057585 -61.16667
v -70.16667 2.057585 -61.16667
v -49.66667 2.057585 -68.66667
v -49.66667 2.057585 -69.16667
v -50.83334 2.057585 -69.16667
v -70 2.057585 -69.16667
v -71.16667 2.057585 -69
v -70.66667 2.057585 -68
v -72.16667 2.057585 -64.5
v -72.16667 2.057585 -63.33334
v -71.83334 2.057585 -63.16667
v -71.33334 2.057585 -65.83334
v -72 2.057585 -65.83334
v -70.66667 2.057585 -67
v -71.33334 2.057585 -65.83334
v -71.83334 2.057585 -63.16667
v -49.5 2.057585 -61.66667
v -48.66667 2.057585 -61.66667
v -48.5 2.057585 -63.33334
v -49.66667 2.057585 -68.66667
v -50.83334 2.057585 -69.16667
v -51.66667 2.057585 -69.16667
v -49 2.057585 -67.83334
v -70 2.057585 -69.16667
v -70.66667 2.057585 -68
v -70.66667 2.057585 -67
v -71.83334 2.057585 -63.16667
v -71.33334 2.057585 -61.5
v -70.16667 2.057585 -61.16667
v -68.5 2.057585 -61.16667
v -50 2.057585 -61.16667
v -49.5 2.057585 -61.66667
v -48.5 2.057585 -63.33334
v -47.16667 2.057585 -65.83334
v -47.66667 2.057585 -67.83334
v -49 2.057585 -67.83334
v -71.83334 2.057585 -63.16667
v -68.5 2.057585 -61.16667
v -68 2.057585 -61.16667
v -48.5 2.057585 -63.33334
v -47.5 2.057585 -64
v -47.16667 2.057585 -65.83334
v -49 2.057585 -67.83334
v -51.66667 2.057585 -69.16667
v -50 2.057585 -61.16667
v -48.5 2.057585 -63.33334
v -51.66667 2.057585 -69.16667
v -70 2.057585 -69.16667
v -71.83334 2.057585 -63.16667
v -68 2.057585 -61.16667
v -70 2.057585 -69.16667
v -70.66667 2.057585 -67
v -71.83334 2.057585 -63.16667
v -44 2.057585 -62.83334
v -44.33334 2.057585 -62.66667
v -44 2.057585 -62.16667
v -84.83334 2.057585 -49.66667
v -77.83334 2.057585 -61.5
v -77.5 2.057585 -63.5
v -43.83334 2.057585 -65.5
v -44.33334 2.057585 -64.66667
v -44 2.057585 -64
v -83 2.057585 -50.5
v -76.66667 2.057585 -57.16667
v -77.66667 2.057585 -58.66667
v -83.83334 2.057585 -50.5
v -42.66667 2.057585 -65.83334
v -43.83334 2.057585 -65.5
v -44 2.057585 -64
v -44 2.057585 -62.83334
v -85.33334 2.057585 -48
v -84.83334 2.057585 -49.66667
v -85.33334 2.057585 -79.33334
v -42.66667 2.057585 -65.83334
v -44 2.057585 -62.83334
v -44 2.057585 -62.16667
v -70.66667 2.057585 -51.16667
v -73.83334 2.057585 -55.5
v -76.66667 2.057585 -57.16667
v -83 2.057585 -50.5
v -77.5 2.057585 -63.5
v -75.5 2.057585 -68.33334
v -74.33334 2.057585 -72.83334
v -84.83334 2.057585 -79.83334
v -85.33334 2.057585 -79.33334
v -84.83334 2.057585 -49.66667
v -68.83334 2.057585 -59.66667
v -68.5 2.057585 -59.66667
v -69 2.057585 -60.16667
v -70.16667 2.057585 -61.16667
v -69 2.057585 -60.66667
v -68.5 2.057585 -61.16667
v -70.16667 2.057585 -61.16667
v -69 2.057585 -60.16667
v -69 2.057585 -60.66667
v -70.16667 2.057585 -61.16667
v -51 2.057585 -60.16667
v -50 2.057585 -60.83334
v -50 2.057585 -61.16667
v -68 2.057585 -61.16667
v -67.5 2.057585 -60.66667
v -67.5 2.057585 -60.66667
v -67.83334 2.057585 -59.66667
v -51 2.057585 -59.66667
v -51 2.057585 -60.16667
v -68.5 2.057585 -59.66667
v -68.83334 2.057585 -59.66667
v -68.16667 2.057585 -58.16667
v -67.83334 2.057585 -59.66667
v -68.5 2.057585 -59.66667
v -68.16667 2.057585 -58.16667
v -67.16667 2.307585 -58
v -56 2.057585 -57.5
v -51 2.057585 -59
v -51 2.057585 -59.66667
v -57 2.140918 -57.5
v -49.66667 2.057585 -57.5
v -50 2.057585 -58.33334
v -51 2.057585 -59
v -56 2.057585 -57.5
v -67.83334 2.057585 -59.66667
v -67.16667 2.307585 -58
v -66.83334 2.390918 -57.5
v -57 2.140918 -57.5
v -51 2.057585 -59.66667
v -65.83334 2.057585 -55.66667
v -64.83334 2.557585 -54.83334
v -64.5 2.557585 -54.83334
v -66.83334 2.390918 -57.5
v -66.66667 2.057585 -55.66667
v -65.83334 2.057585 -55.66667
v -65.83334 2.057585 -55.66667
v -64.5 2.557585 -54.83334
v -63.66667 2.057585 -54.83334
v -60.66667 2.057585 -56.66667
v -60.33334 2.307585 -57
v -66.83334 2.390918 -57.5
v -63.66667 2.057585 -54.83334
v -60.5 2.057585 -54.83334
v -60.66667 2.057585 -56.66667
v -60.33334 2.307585 -57
v -57 2.140918 -57.5
v -66.83334 2.390918 -57.5
v -55.66667 2.057585 -57
v -49.33334 2.057585 -57
v -49.66667 2.057585 -57.5
v -56 2.057585 -57.5
v -74.83334 2.057585 -56.5
v -75 2.057585 -57.16667
v -75.5 2.057585 -57.16667
v -70.66667 2.057585 -51.16667
v -70.66667 2.057585 -52
v -71.16667 2.057585 -52.33334
v -71.16667 2.057585 -52.33334
v -71.33334 2.057585 -53.83334
v -71.66667 2.057585 -53.83334
v -74.83334 2.057585 -56.5
v -75.5 2.057585 -57.16667
v -76.66667 2.057585 -57.16667
v -71.66667 2.057585 -53.83334
v -72.66667 2.057585 -55
v -73.83334 2.057585 -55.5
v -71.16667 2.057585 -52.33334
v -73.83334 2.057585 -55.5
v -74.83334 2.057585 -56.5
v -76.66667 2.057585 -57.16667
v -83 2.057585 -50.5
v -70 2.057585 -50.5
v -70.66667 2.057585 -51.16667
v -70.66667 2.057585 -51.16667
v -71.16667 2.057585 -52.33334
v -73.83334 2.057585 -55.5
v -73.5 2.057585 -73.83334
v -72.83334 2.057585 -73.83334
v -72 2.057585 -74.5
v -60.16667 2.057585 -47.33334
v -61.33334 2.057585 -47.33334
v -77.16667 2.057585 -43.83334
v -55.66667 2.057585 -57
v -55.5 2.057585 -56.33334
v -52.83334 2.057585 -56.33334
v -49.33334 2.057585 -57
v -55.66667 2.057585 -57
v -52.83334 2.057585 -56.33334
v -51.66667 2.057585 -56.33334
v -81.66667 2.057585 -45.16667
v -78.83334 2.057585 -43.83334
v -77.16667 2.057585 -43.83334
v -61.33334 2.057585 -47.33334
v -82.16667 2.057585 -47.33334
v -48.16667 2.057585 -57
v -49.33334 2.057585 -57
v -51.66667 2.057585 -56.33334
v -55.5 2.057585 -55
v -54.83334 2.057585 -55
v -54.5 2.057585 -55.5
v -55.5 2.057585 -56.33334
v -52.83334 2.057585 -56.33334
v -55.5 2.057585 -56.33334
v -54.5 2.057585 -55.5
v -53.83334 2.057585 -55.5
v -50 2.057585 -53
v -50.66667 2.057585 -52.66667
v -50.33334 2.057585 -52.33334
v -45.5 2.057585 -58.83334
v -46.83334 2.057585 -57.5
v -50 2.057585 -53
v -77.66667 2.057585 -58.66667
v -77.66667 2.057585 -59.83334
v -77.83334 2.057585 -61.5
v -84.83334 2.057585 -49.66667
v -83.83334 2.057585 -50.5
v -48.16667 2.057585 -57
v -51.66667 2.057585 -56.33334
v -50.66667 2.057585 -55.66667
v -81.66667 2.057585 -45.16667
v -81.83334 2.057585 -43.83334
v -78.83334 2.057585 -43.83334
v -82.16667 2.057585 -47.33334
v -61.33334 2.057585 -47.33334
v -66.33334 2.057585 -48.16667
v -82.33334 2.057585 -48.16667
v -61.5 2.057585 -54.16667
v -60 2.057585 -54.16667
v -60.5 2.057585 -54.83334
v -61.5 2.057585 -54.16667
v -60.5 2.057585 -54.83334
v -63.66667 2.057585 -54.83334
v -63.33334 2.224252 -54.16667
v -59.16667 2.140918 -54.16667
v -58.83334 2.057585 -54.16667
v -58.66667 2.224252 -54.33334
v -60 2.057585 -54.16667
v -61.5 2.057585 -54.16667
v -61.33334 2.057585 -53.83334
v -59.16667 2.140918 -54.16667
v -60 2.057585 -54.16667
v -61.33334 2.057585 -53.83334
v -58.83334 2.057585 -54.16667
v -59.16667 2.140918 -54.16667
v -61.33334 2.057585 -53.83334
v -57.83334 2.057585 -50.16667
v -59.16667 2.057585 -50.16667
v -59 2.057585 -49.83334
v -55.5 2.057585 -49.83334
v -55.5 2.057585 -49.83334
v -57.5 2.057585 -50.66667
v -57.83334 2.057585 -50.16667
v -51.83334 2.057585 -50.66667
v -52.16667 2.057585 -50.66667
v -53.5 2.057585 -49.83334
v -51.16667 2.057585 -50.66667
v -51.83334 2.057585 -50.66667
v -53.5 2.057585 -49.83334
v -50.66667 2.057585 -55.66667
v -50.5 2.057585 -54.33334
v -49.83334 2.057585 -54
v -48.16667 2.057585 -57
v -61.33334 2.057585 -47.33334
v -65.16667 2.057585 -48.16667
v -66.33334 2.057585 -48.16667
v -61.33334 2.057585 -47.33334
v -62.33334 2.057585 -48.16667
v -65.16667 2.057585 -48.16667
v -67.66667 2.057585 -48.33334
v -68.5 2.057585 -49.66667
v -70 2.057585 -50.5
v -82.5 2.057585 -49.83334
v -82.33334 2.057585 -48.16667
v -70 2.057585 -50.5
v -83 2.057585 -50.5
v -82.5 2.057585 -49.83334
v -82.33334 2.057585 -48.16667
v -66.33334 2.057585 -48.16667
v -67.66667 2.057585 -48.33334
v -62.5 2.057585 -49.66667
v -64.16667 2.057585 -50.33334
v -64.33334 2.057585 -49
v -62.33334 2.057585 -48.16667
v -62.5 2.057585 -49.66667
v -64.33334 2.057585 -49
v -65.16667 2.057585 -48.16667
v -55.5 2.057585 -49.83334
v -59 2.057585 -49.83334
v -59 2.057585 -48.5
v -54.66667 2.057585 -49.83334
v -55.5 2.057585 -49.83334
v -59 2.057585 -48.5
v -54.33334 2.057585 -49.83334
v -54.66667 2.057585 -49.83334
v -59 2.057585 -48.5
v -53.5 2.057585 -49.83334
v -54.33334 2.057585 -49.83334
v -59 2.057585 -48.5
v -50 2.057585 -53
v -50.33334 2.057585 -52.33334
v -50.33334 2.057585 -51.5
v -42.66667 2.057585 -42.66667
v -44.33334 2.057585 -60.16667
v -45.5 2.057585 -58.83334
v -77.16667 2.057585 -43.83334
v -77 2.057585 -43.5
v -75 2.057585 -43.5
v -60.16667 2.057585 -47.33334
v -42.66667 2.057585 -65.83334
v -44 2.057585 -62.16667
v -44 2.057585 -60.83334
v -42.66667 2.057585 -42.66667
v -60.16667 2.057585 -47.33334
v -75 2.057585 -43.5
v -74.66667 2.057585 -42.66667
v -42.66667 2.057585 -42.66667
v -51.16667 2.057585 -50.66667
v -53.5 2.057585 -49.83334
v -60.16667 2.057585 -47.33334
v -42.66667 2.057585 -42.66667
v -50.33334 2.057585 -51.5
v -51.16667 2.057585 -50.66667
v -42.66667 2.057585 -42.66667
v -44 2.057585 -60.83334
v -44.33334 2.057585 -60.16667
v -42.66667 2.057585 -42.66667
v -126 3.724252 -82.33334
v -125 3.724252 -82.66667
v -125 3.724252 -83.16667
v -126.8333 3.890918 -81.16667
v -126 3.890918 -81.16667
v -126 3.724252 -82.33334
v -126 3.724252 -82.33334
v -125 3.724252 -83.16667
v -124.5 3.724252 -83.66667
v -128 3.724252 -85.33334
v -128 3.724252 -81
v -128 3.724252 -81
v -126.8333 3.890918 -81.16667
v -126 3.724252 -82.33334
v -124.5 3.724252 -83.66667
v -121 3.724252 -84.5
v -119.3333 3.724252 -85.33334
v -128 3.724252 -85.33334
v -112.3333 2.557585 -82.16667
v -111.8333 2.057585 -81.16667
v -111.6667 2.057585 -81.16667
v -110.6667 2.057585 -81.66667
v -108.1667 2.057585 -83.16667
v -112 2.807585 -83
v -112 3.724252 -85.33334
v -112.5 3.724252 -84.66667
v -112 2.807585 -83
v -108.1667 2.057585 -83.16667
v -105.8333 2.057585 -84.5
v -104.6667 2.057585 -85.33334
v -112.5 3.724252 -84.66667
v -113 3.724252 -84.66667
v -112 2.807585 -83
v -104.5 2.057585 -85.33334
v -104.6667 2.057585 -85.33334
v -105.8333 2.057585 -84.5
v -92.16666 2.057585 -84.5
v -86.5 2.057585 -84.5
v -85.5 2.057585 -85.33334
v -92.83333 2.057585 -84.5
v -92.16666 2.057585 -84.5
v -85.5 2.057585 -85.33334
v -92.83333 2.057585 -84.5
v -85.5 2.057585 -85.33334
v -104.5 2.057585 -85.33334
v -105.8333 2.057585 -84.5
v -93.16666 2.057585 -84.16667
v -92.83333 2.057585 -84.5
v -105.8333 2.057585 -84.5
v -92.83333 2.057585 -83.16667
v -93.16666 2.057585 -84.16667
v -105.8333 2.057585 -84.5
v -108.1667 2.057585 -83.16667
v -91.83333 2.057585 -84.16667
v -92.16666 2.057585 -83.16667
v -88 2.057585 -83.16667
v -88 2.057585 -83.16667
v -86.5 2.057585 -84.5
v -92.16666 2.057585 -84.5
v -91.83333 2.057585 -84.16667
v -111.8333 2.057585 -81.16667
v -112.3333 2.557585 -82.16667
v -112.8333 2.057585 -82.16667
v -122 2.057585 -81.16667
v -113.5 2.057585 -82.83334
v -114.3333 2.057585 -84.16667
v -122 2.057585 -81.16667
v -122 2.057585 -81.16667
v -112.8333 2.057585 -82.16667
v -113.5 2.057585 -82.83334
v -89.83333 2.057585 -81.66667
v -89 2.057585 -82
v -88 2.057585 -83.16667
v -92.16666 2.057585 -83.16667
v -102.1667 2.057585 -81.66667
v -89.83333 2.057585 -81.66667
v -92.83333 2.057585 -83.16667
v -108.1667 2.057585 -83.16667
v -89.83333 2.057585 -81.66667
v -92.16666 2.057585 -83.16667
v -92.83333 2.057585 -83.16667
v -108.1667 2.057585 -83.16667
v -110.6667 2.057585 -81.66667
v -103.5 2.057585 -81.66667
v -108.1667 2.057585 -83.16667
v -103.5 2.057585 -81.66667
v -102.1667 2.057585 -81.66667
v -103.8333 2.057585 -81.16667
v -103.5 2.057585 -81.66667
v -110.6667 2.057585 -81.66667
v -111.6667 2.057585 -81.16667
v -92.33333 2.057585 -80.33334
v -91.5 2.057585 -80.33334
v -89.83333 2.057585 -81.66667
v -102.1667 2.057585 -81.66667
v -101.8333 2.057585 -81
v -100 2.057585 -79.5
v -92.33333 2.057585 -80.33334
v -89.83333 2.057585 -81.66667
v -100 2.057585 -78
v -101.8333 2.057585 -76.5
v -102.1667 2.057585 -75.83334
v -94.33333 2.057585 -75.83334
v -94.83333 2.057585 -77.16667
v -100 2.057585 -78
v -94.83333 2.057585 -77.16667
v -94.5 2.057585 -79
v -100 2.057585 -79.5
v -100 2.057585 -79.5
v -94.5 2.057585 -79
v -92.33333 2.057585 -80.33334
v -128 3.724252 -81
v -128 3.890918 -80.83334
v -127.6667 3.890918 -80.66667
v -127.3333 3.890918 -80.83334
v -126.8333 3.890918 -81.16667
v -124.3333 2.807585 -78.83334
v -126.6667 3.890918 -80.5
v -127.6667 3.890918 -80.33334
v -128 2.057585 -76.83334
v -128 2.057585 -76.66667
v -124 2.057585 -77.33334
v -127.6667 3.890918 -80.33334
v -128 3.890918 -80.33334
v -128 2.057585 -76.83334
v -127.1667 3.890918 -80.5
v -127.3333 3.890918 -80.83334
v -127.6667 3.890918 -80.66667
v -127.6667 3.890918 -80.33334
v -124.3333 2.807585 -78.83334
v -124.5 3.474252 -80.5
v -126.6667 3.890918 -80.5
v -126.6667 3.890918 -80.5
v -127.1667 3.890918 -80.5
v -127.6667 3.890918 -80.33334
v -124 2.057585 -77.33334
v -123.5 2.057585 -77.16667
v -123.5 2.557585 -78.5
v -124.3333 2.807585 -78.83334
v -126.3333 3.890918 -80.66667
v -125.6667 3.890918 -80.83334
v -126 3.890918 -81.16667
v -126.6667 3.890918 -80.5
v -126.3333 3.890918 -80.66667
v -126 3.890918 -81.16667
v -126.8333 3.890918 -81.16667
v -127.3333 3.890918 -80.83334
v -127.1667 3.890918 -80.5
v -123.1667 2.057585 -78.83334
v -123.5 2.557585 -78.5
v -123.5 2.057585 -77.16667
v -122 2.057585 -81.16667
v -123.3333 2.057585 -81
v -123.1667 2.057585 -78.83334
v -122 2.057585 -81.16667
v -123.1667 2.057585 -78.83334
v -123.5 2.057585 -77.16667
v -104.8333 2.057585 -77.16667
v -105.8333 2.057585 -78
v -111.8333 2.057585 -81.16667
v -105.8333 2.057585 -79.5
v -103.8333 2.057585 -81.16667
v -111.6667 2.057585 -81.16667
v -105.8333 2.057585 -79.5
v -111.6667 2.057585 -81.16667
v -111.8333 2.057585 -81.16667
v -105.8333 2.057585 -78
v -128 3.890918 -80.33334
v -127.6667 3.890918 -80.33334
v -127.6667 3.890918 -80.66667
v -128 3.890918 -80.83334
v -126.3333 3.890918 -80.66667
v -125.5 3.724252 -80.66667
v -125.6667 3.890918 -80.83334
v -124.5 3.474252 -80.5
v -124.5 3.724252 -80.83334
v -125.5 3.724252 -80.66667
v -125.5 3.724252 -80.66667
v -126.3333 3.890918 -80.66667
v -126.6667 3.890918 -80.5
v -124.5 3.474252 -80.5
v -85.33333 2.057585 -79.33334
v -86 2.057585 -79.16667
v -87 2.057585 -78
v -87 2.057585 -78
v -89.16666 2.057585 -76.66667
v -90 2.057585 -75.33334
v -85.83333 2.057585 -42.66667
v -85.83333 2.057585 -43.16667
v -121 2.057585 -43.16667
v -128 2.057585 -42.66667
v -121 2.057585 -43.16667
v -124.6667 2.057585 -43.16667
v -128 2.057585 -42.66667
v -123.5 2.057585 -77.16667
v -128 2.057585 -76.66667
v -127 2.057585 -71.16667
v -93.16666 2.057585 -71.16667
v -92.83333 2.057585 -74.16667
v -103.6667 2.057585 -75.83334
v -90 2.057585 -75.33334
v -92 2.057585 -74.16667
v -89.5 2.057585 -71.16667
v -94 2.057585 -74.83334
v -94.33333 2.057585 -75.83334
v -102.1667 2.057585 -75.83334
v -92.83333 2.057585 -74.16667
v -94 2.057585 -74.83334
v -102.1667 2.057585 -75.83334
v -103.6667 2.057585 -75.83334
v -85.83333 2.057585 -43.16667
v -85.66666 2.057585 -44.16667
v -115.8333 2.057585 -44.16667
v -121 2.057585 -43.16667
v -103.6667 2.057585 -75.83334
v -104.8333 2.057585 -77.16667
v -123.5 2.057585 -77.16667
v -128 2.057585 -69
v -125 2.057585 -47.83334
v -124 2.057585 -48.33334
v -93.16666 2.057585 -71.16667
v -92.66666 2.057585 -71.16667
v -92.83333 2.057585 -74.16667
v -90.33333 2.057585 -71.16667
v -89.5 2.057585 -71.16667
v -92 2.057585 -74.16667
v -92.66666 2.057585 -71.16667
v -90.33333 2.057585 -71.16667
v -92 2.057585 -74.16667
v -92.83333 2.057585 -74.16667
v -94.66666 2.057585 -71
v -93.33333 2.057585 -71
v -93.16666 2.057585 -71.16667
v -95.33333 2.057585 -71
v -94.66666 2.057585 -71
v -93.16666 2.057585 -71.16667
v -95.33333 2.057585 -71
v -93.16666 2.057585 -71.16667
v -127 2.057585 -71.16667
v -127 2.057585 -71
v -90.33333 2.057585 -71.16667
v -92.66666 2.057585 -71.16667
v -92 2.057585 -70.66667
v -89.5 2.057585 -71.16667
v -88.83333 2.057585 -70.33334
v -88.16666 2.057585 -70.33334
v -128 2.057585 -76.66667
v -128 2.057585 -72.33334
v -127 2.057585 -71.16667
v -123.5 2.057585 -77.16667
v -124 2.057585 -77.33334
v -128 2.057585 -76.66667
v -95.5 2.057585 -64.5
v -94.83333 2.057585 -65.16667
v -95.66666 2.057585 -65.83334
v -94.5 2.057585 -68.66667
v -94.66666 2.057585 -69.66667
v -95.66666 2.057585 -70
v -127 2.057585 -69.83334
v -95.66666 2.057585 -66.83334
v -85.33333 2.057585 -79.33334
v -86.16666 2.057585 -69.16667
v -85.83333 2.057585 -67.5
v -95.5 2.057585 -63.5
v -95.5 2.057585 -64.5
v -95.66666 2.057585 -65.83334
v -127 2.057585 -69.83334
v -86.16666 2.057585 -60.5
v -86.5 2.057585 -59.5
v -85.33333 2.057585 -48
v -95.66666 2.057585 -65.83334
v -95.66666 2.057585 -66.83334
v -127 2.057585 -69.83334
v -95.66666 2.057585 -70
v -95.33333 2.057585 -71
v -127 2.057585 -71
v -127 2.057585 -69.83334
v -93.33333 2.057585 -71
v -94.66666 2.057585 -71
v -94.33333 2.057585 -70.33334
v -88.16666 2.057585 -70.33334
v -88.83333 2.057585 -70.33334
v -88.83333 2.057585 -70
v -86.33333 2.057585 -61.16667
v -86.66666 2.057585 -60.83334
v -86.16666 2.057585 -60.5
v -86.16666 2.057585 -63
v -86.66666 2.057585 -62.5
v -86.33333 2.057585 -62
v -103.1667 2.057585 -54.5
v -94.83333 2.057585 -61.33334
v -95.5 2.057585 -63.5
v -105 2.057585 -53.33334
v -89.5 2.057585 -71.16667
v -88.16666 2.057585 -70.33334
v -87.33333 2.057585 -70.33334
v -85.33333 2.057585 -79.33334
v -85.5 2.057585 -65.33334
v -85.33333 2.057585 -48
v -116.3333 2.057585 -44.16667
v -120.6667 2.057585 -43.66667
v -121 2.057585 -43.16667
v -115.8333 2.057585 -44.16667
v -116.3333 2.057585 -44.16667
v -116.6667 2.057585 -44.16667
v -120.6667 2.057585 -43.66667
v -100.1667 2.057585 -49.83334
v -85.66666 2.057585 -44.16667
v -85.33333 2.057585 -48
v -99.16666 2.057585 -51.16667
v -92.83333 2.057585 -60.16667
v -91.83333 2.057585 -60.16667
v -92.33333 2.057585 -60.83334
v -87.33333 2.057585 -59.66667
v -87.5 2.057585 -60
v -88.66666 2.057585 -60
v -90.5 2.057585 -59.66667
v -90.5 2.057585 -59.66667
v -88.66666 2.057585 -60
v -89.5 2.057585 -60.5
v -91.33333 2.057585 -59.66667
v -91.83333 2.057585 -60.16667
v -92.83333 2.057585 -60.16667
v -91.33333 2.057585 -59.66667
v -92.83333 2.057585 -60.16667
v -93.5 2.057585 -60.16667
v -85.33333 2.057585 -79.33334
v -85.83333 2.057585 -67.5
v -85.5 2.057585 -65.33334
v -87.16666 2.057585 -59.5
v -87.33333 2.057585 -59.66667
v -90.5 2.057585 -59.66667
v -87.16666 2.057585 -59.5
v -90.5 2.057585 -59.66667
v -91.33333 2.057585 -59.66667
v -86.33333 2.057585 -62
v -86.33333 2.057585 -61.16667
v -86.16666 2.057585 -60.5
v -85.33333 2.057585 -79.33334
v -87 2.057585 -78
v -90 2.057585 -75.33334
v -87.33333 2.057585 -70.33334
v -86.16666 2.057585 -69.16667
v -103.1667 2.057585 -54.5
v -91.33333 2.057585 -59.66667
v -93.5 2.057585 -60.16667
v -90 2.057585 -75.33334
v -89.5 2.057585 -71.16667
v -87.33333 2.057585 -70.33334
v -103.1667 2.057585 -54.5
v -101.5 2.057585 -54.5
v -87.16666 2.057585 -59.5
v -107.5 2.057585 -51.66667
v -105.8333 2.057585 -52.16667
v -105 2.057585 -53.33334
v -121.1667 2.057585 -48.33334
v -119.5 2.057585 -48.33334
v -116.8333 2.057585 -48.5
v -109.1667 2.057585 -50.66667
v -107.5 2.057585 -51.66667
v -105 2.057585 -53.33334
v -116.8333 2.057585 -48.5
v -124 2.057585 -48.33334
v -121.1667 2.057585 -48.33334
v -116.8333 2.057585 -48.5
v -103.1667 2.057585 -54.5
v -93.5 2.057585 -60.16667
v -94.83333 2.057585 -61.33334
v -101.8333 2.057585 -48.83334
v -103 2.057585 -48.83334
v -108 2.057585 -46.33334
v -85.66666 2.057585 -44.16667
v -103.1667 2.057585 -54.5
v -87.16666 2.057585 -59.5
v -91.33333 2.057585 -59.66667
v -94.83333 2.057585 -61.33334
v -94.66666 2.057585 -62.33334
v -95.5 2.057585 -63.5
v -85.83333 2.057585 -67.5
v -86 2.057585 -65.66667
v -85.5 2.057585 -65.33334
v -85.66666 2.057585 -44.16667
v -100.1667 2.057585 -49.83334
v -101.8333 2.057585 -48.83334
v -115.8333 2.057585 -44.16667
v -85.66666 2.057585 -44.16667
v -108 2.057585 -46.33334
v -124 2.057585 -48.33334
v -116.8333 2.057585 -48.5
v -105 2.057585 -53.33334
v -95.5 2.057585 -63.5
v -127 2.057585 -69.83334
v -128 2.057585 -69
v -87.16666 2.057585 -59.5
v -99.16666 2.057585 -52
v -99.16666 2.057585 -51.16667
v -85.33333 2.057585 -48
v -86.5 2.057585 -59.5
v -87.16666 2.057585 -59.5
v -101.5 2.057585 -54.5
v -99.16666 2.057585 -52
v -86.16666 2.057585 -69.16667
v -86.33333 2.057585 -68.16667
v -85.83333 2.057585 -67.5
v -86.16666 2.057585 -63
v -86.33333 2.057585 -62
v -86.16666 2.057585 -60.5
v -85.5 2.057585 -65.33334
v -86.16666 2.057585 -63
v -86.16666 2.057585 -60.5
v -85.33333 2.057585 -48
v -128 2.057585 -42.66667
v -124.6667 2.057585 -43.16667
v -125.5 2.057585 -44
v -128 2.057585 -42.66667
v -125.5 2.057585 -44
v -125.5 2.057585 -45.16667
v -128 2.057585 -42.66667
v -125.5 2.057585 -45.16667
v -125 2.057585 -47.83334
v -128 2.057585 -69
v -170.6667 2.057585 -85.33334
v -170.6667 2.057585 -84
v -169.3333 2.057585 -84
v -170.6667 2.057585 -85.33334
v -169.3333 2.057585 -84
v -168.8333 2.057585 -83.66667
v -159.3333 2.057585 -83.66667
v -156.5 2.057585 -83.66667
v -143.8333 2.057585 -85.33334
v -170.6667 2.057585 -85.33334
v -159.3333 2.057585 -83.66667
v -156.5 2.057585 -83.66667
v -143.5 2.057585 -83.66667
v -143.8333 2.057585 -85.33334
v -128.5 3.890918 -80.83334
v -128.3333 3.890918 -80.83334
v -128 3.724252 -81
v -136 3.724252 -81.5
v -135.8333 3.724252 -81.16667
v -134.8333 3.724252 -81.16667
v -136 3.724252 -85.33334
v -129.8333 3.724252 -80.83334
v -128.5 3.890918 -80.83334
v -128 3.724252 -81
v -136 3.724252 -85.33334
v -134.8333 3.724252 -81.16667
v -134.5 3.724252 -80.83334
v -129.8333 3.724252 -80.83334
v -128 3.724252 -81
v -128 3.724252 -85.33334
v -160.3333 2.057585 -83
v -160 2.057585 -83
v -159.3333 2.057585 -83.66667
v -168.8333 2.057585 -83.66667
v -168.1667 2.057585 -83
v -167.1667 2.057585 -83
v -161.5 2.057585 -83
v -160.3333 2.057585 -83
v -159.3333 2.057585 -83.66667
v -168.8333 2.057585 -83.66667
v -167.1667 2.057585 -83
v -166.6667 2.057585 -83
v -161.8333 2.057585 -83
v -161.5 2.057585 -83
v -159.3333 2.057585 -83.66667
v -168.8333 2.057585 -83.66667
v -166.6667 2.057585 -83
v -164.5 2.057585 -83
v -164.5 2.057585 -83
v -161.8333 2.057585 -83
v -159.3333 2.057585 -83.66667
v -168.8333 2.057585 -83.66667
v -146.3333 2.057585 -83.5
v -143.5 2.057585 -83.5
v -143.5 2.057585 -83.66667
v -148.3333 2.057585 -83.5
v -146.3333 2.057585 -83.5
v -143.5 2.057585 -83.66667
v -148.3333 2.057585 -83.5
v -143.5 2.057585 -83.66667
v -156.5 2.057585 -83.66667
v -156.1667 2.057585 -83.5
v -149.6667 2.057585 -82.83334
v -149 2.057585 -82.83334
v -148.3333 2.057585 -83.5
v -150.5 2.057585 -82.83334
v -149.6667 2.057585 -82.83334
v -148.3333 2.057585 -83.5
v -150.5 2.057585 -82.83334
v -148.3333 2.057585 -83.5
v -156.1667 2.057585 -83.5
v -155.5 2.057585 -82.83334
v -144.3333 2.057585 -82.16667
v -143.3333 2.057585 -82.33334
v -143.5 2.057585 -83.5
v -145.5 2.057585 -83.33334
v -143.5 2.057585 -83.5
v -146.3333 2.057585 -83.5
v -145.5 2.057585 -83.33334
v -164.5 2.057585 -83
v -166.6667 2.057585 -83
v -166.1667 2.057585 -82.5
v -155.5 2.057585 -82.83334
v -155.3333 2.057585 -82.5
v -153.5 2.057585 -82.5
v -150.5 2.057585 -82.83334
v -150.5 2.057585 -82.83334
v -153.5 2.057585 -82.5
v -153.3333 2.057585 -82.16667
v -128.3333 3.890918 -80.83334
v -128 3.890918 -80.83334
v -128 3.724252 -81
v -131.8333 3.724252 -80.66667
v -131.1667 3.724252 -80.5
v -129.8333 3.724252 -80.83334
v -131.8333 3.724252 -80.66667
v -129.8333 3.724252 -80.83334
v -134.5 3.724252 -80.83334
v -134.5 3.724252 -80.66667
v -129.1667 3.890918 -80.5
v -128.5 3.890918 -80.83334
v -129.8333 3.724252 -80.83334
v -131.1667 3.724252 -80.5
v -131.5 3.890918 -80.33334
v -132.8333 3.890918 -80.16667
v -132 3.807585 -79.83334
v -131.5 3.890918 -80.33334
v -131.8333 3.724252 -80.66667
v -134.5 3.724252 -80.33334
v -134.5 3.724252 -80.16667
v -132.8333 3.890918 -80.16667
v -131.8333 3.724252 -80.66667
v -131.1667 3.724252 -80.5
v -131.8333 3.724252 -80.66667
v -131.5 3.890918 -80.33334
v -128 3.890918 -80.33334
v -128 3.890918 -80.83334
v -128.3333 3.890918 -80.83334
v -128 3.890918 -80.33334
v -128.3333 3.890918 -80.83334
v -128.5 3.890918 -80.83334
v -129.1667 3.890918 -80.5
v -129.1667 3.890918 -80.5
v -131.5 3.890918 -80.33334
v -132 3.807585 -79.83334
v -128 3.890918 -80.33334
v -132.8333 3.890918 -80.16667
v -134.5 3.890918 -79.83334
v -134.8333 3.890918 -79.33334
v -132 3.807585 -79.83334
v -134.8333 3.890918 -79.33334
v -128 3.890918 -80.33334
v -132 3.807585 -79.83334
v -134.5 3.724252 -80.33334
v -131.8333 3.724252 -80.66667
v -134.5 3.724252 -80.66667
v -136.1667 2.807585 -77.33334
v -136.6667 2.557585 -77
v -136.6667 2.307585 -76.16667
v -136.1667 2.057585 -75.83334
v -134.8333 3.890918 -79.33334
v -136.1667 2.807585 -77.33334
v -136.1667 2.057585 -75.83334
v -128.8333 2.057585 -76.5
v -128 2.057585 -76.83334
v -128 3.890918 -80.33334
v -134.8333 3.890918 -79.33334
v -136 3.474252 -79
v -136.1667 2.807585 -77.33334
v -134.5 3.890918 -79.83334
v -132.8333 3.890918 -80.16667
v -134.5 3.724252 -80.16667
v -128 2.057585 -76.66667
v -128 2.057585 -76.83334
v -128.8333 2.057585 -76.5
v -144.8333 2.057585 -54.33334
v -145.5 2.057585 -51.33334
v -146 2.057585 -43.5
v -136.1667 2.057585 -75.83334
v -136 2.057585 -73.5
v -130.6667 2.057585 -73.5
v -128.8333 2.057585 -76.5
v -130.6667 2.057585 -73.5
v -129.1667 2.057585 -73.5
v -128.8333 2.057585 -76.5
v -164.1667 2.057585 -75
v -165.1667 2.057585 -75
v -165.6667 2.057585 -74.66667
v -162 2.057585 -74.66667
v -162 2.057585 -74.66667
v -163 2.057585 -76
v -164.1667 2.057585 -75
v -160.1667 2.057585 -74.66667
v -159.5 2.057585 -74.66667
v -159.8333 2.057585 -75.16667
v -149.6667 2.057585 -74.33334
v -148.5 2.057585 -74.33334
v -149 2.057585 -74.83334
v -158.6667 2.057585 -74
v -159.5 2.057585 -74.66667
v -160.1667 2.057585 -74.66667
v -165.6667 2.057585 -74.66667
v -167.8333 2.057585 -74.33334
v -168 2.057585 -74
v -158.6667 2.057585 -74
v -162 2.057585 -74.66667
v -158.6667 2.057585 -74
v -160.1667 2.057585 -74.66667
v -162 2.057585 -74.66667
v -152.8333 2.057585 -74.33334
v -150.8333 2.057585 -74.33334
v -151.3333 2.057585 -74.66667
v -152.3333 2.057585 -74.66667
v -147.6667 2.057585 -73.66667
v -148.5 2.057585 -74.33334
v -149.6667 2.057585 -74.33334
v -152.8333 2.057585 -74.33334
v -155 2.057585 -74
v -155.1667 2.057585 -73.66667
v -147.6667 2.057585 -73.66667
v -150.8333 2.057585 -74.33334
v -147.6667 2.057585 -73.66667
v -149.6667 2.057585 -74.33334
v -150.8333 2.057585 -74.33334
v -170 2.057585 -73.83334
v -169.6667 2.057585 -73.83334
v -170 2.057585 -74.16667
v -147 2.057585 -73.66667
v -145.6667 2.057585 -73.66667
v -145.8333 2.057585 -74.16667
v -157 2.057585 -73.83334
v -157.1667 2.057585 -74
v -157.5 2.057585 -74
v -157 2.057585 -73.83334
v -157.5 2.057585 -74
v -158.6667 2.057585 -74
v -168.3333 2.057585 -73.83334
v -157 2.057585 -73.83334
v -158.6667 2.057585 -74
v -168 2.057585 -74
v -169.6667 2.057585 -73.83334
v -170 2.057585 -73.83334
v -169.8333 2.057585 -73.5
v -168.3333 2.057585 -73.83334
v -169.6667 2.057585 -73.83334
v -169.8333 2.057585 -73.5
v -156.6667 2.057585 -73.5
v -157 2.057585 -73.83334
v -168.3333 2.057585 -73.83334
v -169.8333 2.057585 -73.5
v -145.5 2.057585 -73.5
v -145.6667 2.057585 -73.66667
v -147 2.057585 -73.66667
v -145.5 2.057585 -73.5
v -147 2.057585 -73.66667
v -147.6667 2.057585 -73.66667
v -155.3333 2.057585 -73.5
v -145.5 2.057585 -73.5
v -147.6667 2.057585 -73.66667
v -155.1667 2.057585 -73.66667
v -169.8333 2.057585 -73.5
v -170 2.057585 -72.16667
v -169.3333 2.057585 -71.83334
v -144.6667 2.057585 -71.83334
v -156.6667 2.057585 -73.5
v -144.6667 2.057585 -71.83334
v -145.5 2.057585 -73.5
v -155.3333 2.057585 -73.5
v -144.6667 2.057585 -71.83334
v -155.3333 2.057585 -73.5
v -156.6667 2.057585 -73.5
v -132.1667 2.057585 -69.33334
v -132.1667 2.057585 -69.66667
v -132.8333 2.057585 -70
v -137.1667 2.057585 -69.83334
v -137.8333 2.057585 -69.33334
v -136.3333 2.057585 -72.33334
v -137.1667 2.057585 -71.66667
v -137.1667 2.057585 -69.83334
v -132.8333 2.057585 -70
v -132.8333 2.057585 -71.33334
v -132.8333 2.057585 -71.33334
v -132.1667 2.057585 -71.66667
v -130.6667 2.057585 -73.5
v -136 2.057585 -73.5
v -136.3333 2.057585 -72.33334
v -148.1667 2.057585 -48
v -149 2.057585 -47.33334
v -147.6667 2.140918 -43.83334
v -141 2.057585 -69.16667
v -143.6667 2.057585 -71.83334
v -144 2.057585 -71.83334
v -141 2.057585 -69.16667
v -144 2.057585 -71.83334
v -144.6667 2.057585 -71.83334
v -168.8333 2.057585 -69.16667
v -141 2.057585 -69.16667
v -144.6667 2.057585 -71.83334
v -169.3333 2.057585 -71.83334
v -140 2.057585 -69.33334
v -138.6667 2.057585 -69.33334
v -139.5 2.057585 -70.16667
v -138.6667 2.057585 -69.33334
v -140 2.057585 -69.33334
v -140.3333 2.057585 -69.16667
v -137.8333 2.057585 -69.33334
v -138.6667 2.057585 -69.33334
v -140.3333 2.057585 -69.16667
v -132 2.057585 -69.16667
v -132.1667 2.057585 -69.33334
v -137.8333 2.057585 -69.33334
v -140.3333 2.057585 -69.16667
v -168.8333 2.057585 -69.16667
v -168.8333 2.057585 -68.16667
v -161.5 2.057585 -68.16667
v -168.8333 2.057585 -69.16667
v -161.5 2.057585 -68.16667
v -160.1667 2.057585 -68.16667
v -131 2.057585 -68.16667
v -132 2.057585 -69.16667
v -140.3333 2.057585 -69.16667
v -131 2.057585 -68.16667
v -140.3333 2.057585 -69.16667
v -141 2.057585 -69.16667
v -160.1667 2.057585 -68.16667
v -131 2.057585 -68.16667
v -141 2.057585 -69.16667
v -168.8333 2.057585 -69.16667
v -129.1667 2.057585 -73.5
v -128.8333 2.057585 -72.83334
v -128 2.057585 -72.33334
v -128 2.057585 -76.66667
v -128.8333 2.057585 -76.5
v -165 2.057585 -59.5
v -164.1667 2.057585 -60
v -164.1667 2.057585 -60.33334
v -165.1667 2.057585 -61
v -162.3333 2.057585 -67.16667
v -161.5 2.057585 -68.16667
v -168.8333 2.057585 -68.16667
v -165.6667 2.057585 -54.5
v -164.8333 2.057585 -55.5
v -165.6667 2.057585 -56.16667
v -170.1667 2.057585 -54.66667
v -163.5 2.057585 -65.33334
v -162.3333 2.057585 -65.83334
v -162.3333 2.057585 -67.16667
v -164.8333 2.057585 -51.33334
v -164.5 2.057585 -52.16667
v -165.6667 2.057585 -53.66667
v -170.6667 2.057585 -57.5
v -170.6667 2.057585 -57
v -170.1667 2.057585 -54.66667
v -169.1667 2.057585 -64
v -169.5 2.057585 -63.33334
v -169.5 2.057585 -60.66667
v -165.1667 2.057585 -61
v -164.6667 2.057585 -64.16667
v -169.5 2.057585 -60.66667
v -170.6667 2.057585 -59.33334
v -170.6667 2.057585 -57.5
v -170.1667 2.057585 -54.66667
v -165.6667 2.057585 -56.16667
v -165.6667 2.057585 -57.5
v -165.6667 2.057585 -57.5
v -165 2.057585 -59.5
v -165.1667 2.057585 -61
v -169.5 2.057585 -60.66667
v -164.6667 2.057585 -64.16667
v -163.5 2.057585 -65.33334
v -162.3333 2.057585 -67.16667
v -168.8333 2.057585 -68.16667
v -169.1667 2.057585 -64
v -170.1667 2.057585 -54.66667
v -170.3333 2.057585 -51.33334
v -169.5 2.057585 -50.66667
v -165.6667 2.057585 -53.66667
v -165.6667 2.057585 -54.5
v -164.6667 2.057585 -49.66667
v -164.8333 2.057585 -51.33334
v -165.6667 2.057585 -53.66667
v -169.5 2.057585 -50.66667
v -169.3333 2.057585 -48.5
v -169.3333 2.057585 -48.5
v -162.6667 2.057585 -48.5
v -163.8333 2.057585 -48.83334
v -169.3333 2.057585 -48.5
v -163.8333 2.057585 -48.83334
v -164.6667 2.057585 -49.66667
v -160.1667 2.057585 -68.16667
v -160 2.057585 -68
v -158.1667 2.057585 -68
v -160.1667 2.057585 -68.16667
v -158.1667 2.057585 -68
v -156.6667 2.057585 -68
v -160.1667 2.057585 -68.16667
v -156.6667 2.057585 -68
v -151.5 2.057585 -68
v -160.1667 2.057585 -68.16667
v -151.5 2.057585 -68
v -150.5 2.057585 -68
v -150.5 2.057585 -68
v -131 2.057585 -68
v -131 2.057585 -68.16667
v -160.1667 2.057585 -68.16667
v -158.1667 2.057585 -68
v -160 2.057585 -68
v -159.1667 2.057585 -66.66667
v -154 2.057585 -64.66667
v -153.5 2.057585 -64.66667
v -152.8333 2.057585 -65.33334
v -153 2.057585 -67.33334
v -156.6667 2.057585 -68
v -151.5 2.057585 -68
v -156.6667 2.057585 -68
v -153 2.057585 -67.33334
v -150.5 2.057585 -68
v -150.1667 2.057585 -67.83334
v -149.1667 2.057585 -67.83334
v -150.5 2.057585 -68
v -149.1667 2.057585 -67.83334
v -147.8333 2.057585 -67.83334
v -147.8333 2.057585 -67.83334
v -130.8333 2.057585 -67.83334
v -131 2.057585 -68
v -150.5 2.057585 -68
v -149.1667 2.057585 -67.83334
v -150.1667 2.057585 -67.83334
v -150 2.057585 -67.5
v -146.8333 2.057585 -67.66667
v -130.6667 2.057585 -67.66667
v -130.8333 2.057585 -67.83334
v -147.8333 2.057585 -67.83334
v -145 2.057585 -56
v -145.8333 2.057585 -55.33334
v -144.8333 2.057585 -54.33334
v -144.5 2.057585 -61.83334
v -145.1667 2.057585 -61
v -144.1667 2.057585 -60.16667
v -147.1667 2.057585 -49.83334
v -148 2.057585 -49.66667
v -148.1667 2.057585 -48
v -145 2.057585 -57
v -145 2.057585 -56
v -144.8333 2.057585 -54.33334
v -144.5 2.057585 -63
v -144.5 2.057585 -61.83334
v -144.1667 2.057585 -60.16667
v -130.6667 2.057585 -67.66667
v -145.5 2.057585 -66.33334
v -145.6667 2.057585 -64.33334
v -144.5 2.057585 -63
v -130.6667 2.057585 -67.66667
v -149.5 2.057585 -43.16667
v -148.8333 2.057585 -43.83334
v -170.1667 2.057585 -43.83334
v -170 2.057585 -42.66667
v -147.6667 2.140918 -43.83334
v -147.3333 2.224252 -43.33334
v -146 2.057585 -43.5
v -130.6667 2.057585 -67.66667
v -146.8333 2.057585 -67.66667
v -146.1667 2.057585 -67.33334
v -130.6667 2.057585 -67.66667
v -146.1667 2.057585 -67.33334
v -145.5 2.057585 -66.33334
v -170 2.057585 -42.66667
v -149.5 2.057585 -42.66667
v -149.5 2.057585 -43.16667
v -149 2.057585 -47.33334
v -150.1667 2.057585 -47.33334
v -148.8333 2.057585 -43.83334
v -147.6667 2.140918 -43.83334
v -130.6667 2.057585 -67.66667
v -144.1667 2.057585 -60.16667
v -144.1667 2.057585 -59.16667
v -129.1667 2.057585 -67.66667
v -146.6667 2.057585 -65.33334
v -146.8333 2.057585 -66.16667
v -147.3333 2.057585 -66.5
v -149.8333 2.057585 -66.33334
v -149.8333 2.057585 -66
v -156 2.057585 -51.16667
v -156.6667 2.057585 -51.33334
v -157.5 2.057585 -50.5
v -157.3333 2.057585 -48.66667
v -154 2.057585 -48.16667
v -158.8333 2.057585 -48.16667
v -154 2.057585 -48.16667
v -157.3333 2.057585 -48.66667
v -163.5 2.057585 -51.16667
v -163.5 2.057585 -50.16667
v -162.8333 2.057585 -49.83334
v -161.8333 2.057585 -49.66667
v -160.5 2.057585 -50
v -150.5 2.057585 -47.66667
v -151.3333 2.057585 -48.83334
v -152 2.057585 -47.83334
v -152.6667 2.057585 -47.66667
v -150.5 2.057585 -47.66667
v -152 2.057585 -47.83334
v -159.8333 2.057585 -48.16667
v -160.3333 2.057585 -48.5
v -160.8333 2.057585 -48.5
v -159.8333 2.057585 -48.16667
v -160.8333 2.057585 -48.5
v -162.6667 2.057585 -48.5
v -169.3333 2.057585 -48.16667
v -159.8333 2.057585 -48.16667
v -162.6667 2.057585 -48.5
v -169.3333 2.057585 -48.5
v -153.5 2.057585 -47.66667
v -154 2.057585 -48.16667
v -158.8333 2.057585 -48.16667
v -153.5 2.057585 -47.66667
v -158.8333 2.057585 -48.16667
v -159.8333 2.057585 -48.16667
v -169.5 2.057585 -47.66667
v -153.5 2.057585 -47.66667
v -159.8333 2.057585 -48.16667
v -169.3333 2.057585 -48.16667
v -150.1667 2.057585 -47.33334
v -150.5 2.057585 -47.66667
v -152.6667 2.057585 -47.66667
v -150.1667 2.057585 -47.33334
v -152.6667 2.057585 -47.66667
v -153.5 2.057585 -47.66667
v -169.6667 2.057585 -47.33334
v -150.1667 2.057585 -47.33334
v -153.5 2.057585 -47.66667
v -169.5 2.057585 -47.66667
v -170.5 2.057585 -46.5
v -170.5 2.057585 -44.33334
v -170.1667 2.057585 -43.83334
v -148.8333 2.057585 -43.83334
v -150.1667 2.057585 -47.33334
v -169.6667 2.057585 -47.33334
v -145.5 2.057585 -51.33334
v -147.1667 2.057585 -49.83334
v -148.1667 2.057585 -48
v -147.6667 2.140918 -43.83334
v -146 2.057585 -43.5
v -144.1667 2.057585 -59.16667
v -145 2.057585 -57
v -144.8333 2.057585 -54.33334
v -144.8333 2.057585 -54.33334
v -146 2.057585 -43.5
v -145.1667 2.057585 -42.66667
v -128 2.057585 -42.66667
v -129.1667 2.057585 -67.66667
v -144.1667 2.057585 -59.16667
v -128 2.057585 -69
v -129.1667 2.057585 -67.66667
v -128 2.057585 -42.66667
v -173.1667 2.057585 -83.33334
v -172.8333 2.057585 -83.33334
v -172.1667 2.057585 -84
v -172.1667 2.057585 -84
v -170.6667 2.057585 -84
v -170.6667 2.057585 -85.33334
v -174.5 2.057585 -83.33334
v -173.1667 2.057585 -83.33334
v -172.1667 2.057585 -84
v -174.5 2.057585 -83.33334
v -172.1667 2.057585 -84
v -170.6667 2.057585 -85.33334
v -180.1667 2.057585 -85.33334
v -180.1667 2.057585 -83.33334
v -176.8333 2.057585 -83
v -174.8333 2.057585 -83
v -174.5 2.057585 -83.33334
v -180.1667 2.057585 -83.33334
v -180.1667 2.057585 -83
v -177.5 2.057585 -83
v -177.5 2.057585 -83
v -176.8333 2.057585 -83
v -174.5 2.057585 -83.33334
v -180.1667 2.057585 -83.33334
v -178.1667 2.057585 -66.5
v -177.1667 2.057585 -66.66667
v -177.1667 2.057585 -67.16667
v -178.3333 2.057585 -68.33334
v -178 2.057585 -53.66667
v -177.1667 2.057585 -53.83334
v -178.1667 2.057585 -55
v -178.8333 2.057585 -45.5
v -178.8333 2.057585 -46.33334
v -179.3333 2.057585 -46.83334
v -180.1667 2.057585 -42.66667
v -179 2.057585 -49.83334
v -178 2.057585 -50.66667
v -178.5 2.057585 -51.33334
v -179.1667 2.057585 -62.66667
v -178.1667 2.057585 -63.5
v -178.6667 2.057585 -64.16667
v -179.1667 2.057585 -81.66667
v -177.5 2.057585 -83
v -180.1667 2.057585 -83
v -179.3333 2.057585 -48.16667
v -179 2.057585 -48.33334
v -179 2.057585 -49.83334
v -180.1667 2.057585 -42.66667
v -179.6667 2.057585 -59.5
v -179.6667 2.057585 -60.5
v -178.5 2.057585 -53
v -178 2.057585 -53.66667
v -178.1667 2.057585 -55
v -179 2.057585 -57.5
v -179 2.057585 -57.5
v -179 2.057585 -58.66667
v -179.6667 2.057585 -59.5
v -179.6667 2.057585 -60.5
v -179 2.057585 -61
v -179.1667 2.057585 -62.66667
v -180.1667 2.057585 -42.66667
v -178 2.057585 -42.66667
v -178 2.057585 -43.66667
v -178.8333 2.057585 -45.5
v -178.6667 2.057585 -65.83334
v -178.1667 2.057585 -66.5
v -178.3333 2.057585 -68.33334
v -179.6667 2.057585 -60.5
v -179.6667 2.057585 -75.16667
v -180.1667 2.057585 -83
v -180.1667 2.057585 -42.66667
v -179 2.057585 -49.83334
v -178.5 2.057585 -51.33334
v -178.5 2.057585 -53
v -179.1667 2.057585 -62.66667
v -178.6667 2.057585 -64.16667
v -178.6667 2.057585 -65.83334
v -180.1667 2.057585 -42.66667
v -179.3333 2.057585 -46.83334
v -179.3333 2.057585 -48.16667
v -179.6667 2.057585 -59.5
v -179.5 2.057585 -76.83334
v -179.1667 2.057585 -81.66667
v -180.1667 2.057585 -83
v -179.6667 2.057585 -75.16667
v -178.6667 2.057585 -65.83334
v -178.3333 2.057585 -68.33334
v -179.1667 2.057585 -70.33334
v -179.6667 2.057585 -60.5
v -179.1667 2.057585 -62.66667
v -179.5 2.057585 -76.83334
v -178.5 2.057585 -78.33334
v -179.1667 2.057585 -81.66667
v -179.1667 2.057585 -70.33334
v -179.1667 2.057585 -72.5
v -179.6667 2.057585 -75.16667
v -179.6667 2.057585 -60.5
v -179.3333 2.057585 -48.16667
v -179 2.057585 -49.83334
v -178.5 2.057585 -53
v -179 2.057585 -57.5
v -179.6667 2.057585 -59.5
v -176.8333 2.057585 -83
v -176.3333 2.057585 -82.16667
v -175.5 2.057585 -82.16667
v -174.8333 2.057585 -83
v 49 2.057585 -110.3333
v 49.83334 2.057585 -110.3333
v 50.16667 2.057585 -111.1667
v 50.83334 2.057585 -123.6667
v 50.83334 2.057585 -124.6667
v 50.33334 2.057585 -125.1667
v 50.16667 2.057585 -115.1667
v 50.83334 2.057585 -115.5
v 50.5 2.057585 -116.8333
v 51.16667 2.057585 -120
v 51.66667 2.057585 -120.6667
v 51.66667 2.057585 -121.6667
v 50.83334 2.057585 -123.6667
v 50.33334 2.057585 -126.3333
v 50.83334 2.057585 -126.6667
v 50.83334 2.057585 -128
v 42.66667 2.057585 -128
v 50.83334 2.057585 -111.6667
v 50.66667 2.057585 -113.3333
v 50.16667 2.057585 -113.6667
v 48 2.057585 -110.3333
v 49 2.057585 -110.3333
v 50.16667 2.057585 -111.1667
v 50.5 2.057585 -116.8333
v 51.66667 2.057585 -118
v 51.16667 2.057585 -118.8333
v 48 2.057585 -110.3333
v 50.16667 2.057585 -113.6667
v 50.16667 2.057585 -115.1667
v 50.33334 2.057585 -125.1667
v 50.33334 2.057585 -126.3333
v 42.66667 2.057585 -128
v 50.5 2.057585 -116.8333
v 51.16667 2.057585 -118.8333
v 51.16667 2.057585 -120
v 48 2.057585 -110.3333
v 50.16667 2.057585 -115.1667
v 50.5 2.057585 -116.8333
v 47.66667 2.057585 -100
v 42.83334 2.057585 -100
v 43 2.057585 -98
v 51.16667 2.057585 -120
v 50.83334 2.057585 -123.6667
v 50.33334 2.057585 -125.1667
v 59.16667 2.057585 -112
v 58.83334 2.057585 -111.8333
v 59.33334 2.057585 -110.1667
v 58.66667 2.057585 -91
v 58.33334 2.057585 -90.83333
v 59 2.057585 -88.66666
v 60 2.057585 -105
v 60 2.057585 -103.3333
v 60.5 2.057585 -102.1667
v 59.66667 2.057585 -120.5
v 59.5 2.057585 -118.3333
v 60.33334 2.057585 -117.6667
v 68.66667 2.057585 -128
v 60.33334 2.057585 -125.6667
v 59.66667 2.057585 -93.83333
v 58.66667 2.057585 -92.83333
v 58.66667 2.057585 -91
v 59 2.057585 -88.66666
v 60 2.057585 -97
v 59.66667 2.057585 -96.5
v 59.66667 2.057585 -93.83333
v 59 2.057585 -88.66666
v 58.83334 2.057585 -86.16666
v 59.16667 2.057585 -85.33333
v 59.66667 2.057585 -93.83333
v 60.33334 2.057585 -115.1667
v 59.16667 2.057585 -113.6667
v 59.16667 2.057585 -112
v 59.33334 2.057585 -110.1667
v 60 2.057585 -105
v 60.5 2.057585 -102.1667
v 60.33334 2.057585 -125.6667
v 59.16667 2.057585 -124.5
v 59.16667 2.057585 -122.1667
v 59.66667 2.057585 -120.5
v 60 2.057585 -97
v 59.66667 2.057585 -93.83333
v 59.16667 2.057585 -85.33333
v 68.66667 2.057585 -128
v 60.33334 2.057585 -117.6667
v 60.33334 2.057585 -115.1667
v 60.5 2.057585 -102.1667
v 68.66667 2.057585 -85.33333
v 59.33334 2.057585 -110.1667
v 59.16667 2.057585 -105.5
v 60 2.057585 -105
v 68.66667 2.057585 -128
v 60.33334 2.057585 -128
v 60.33334 2.057585 -125.6667
v 60 2.057585 -97
v 59.16667 2.057585 -85.33333
v 68.66667 2.057585 -85.33333
v 60.5 2.057585 -102.1667
v 49.66667 2.057585 -92.5
v 49.66667 2.057585 -94
v 47.66667 2.057585 -100
v 47.66667 2.057585 -100
v 43 2.057585 -98
v 42.66667 2.057585 -97.5
v 42.66667 2.057585 -85.33333
v 50.66667 2.057585 -85.33333
v 49.66667 2.057585 -92.5
v 49.83334 2.057585 -110.3333
v 49 2.057585 -110.3333
v 49.66667 2.057585 -109.8333
v 47.83334 2.057585 -103.6667
v 49.16667 2.057585 -103.6667
v 48.5 2.057585 -104.6667
v 47.16667 2.057585 -109
v 46 2.057585 -108.3333
v 46.33334 2.057585 -107.5
v 47.83334 2.057585 -103.6667
v 48.5 2.057585 -104.6667
v 48.5 2.057585 -105.3333
v 47.5 2.057585 -106.3333
v 49.66667 2.057585 -108.3333
v 49.16667 2.057585 -108.8333
v 47.16667 2.057585 -109
v 46.33334 2.057585 -107.5
v 47.5 2.057585 -106.3333
v 49.83334 2.057585 -106
v 47.5 2.057585 -106.3333
v 48.5 2.057585 -105.3333
v 49.16667 2.057585 -106
v 47.5 2.057585 -106.3333
v 49.16667 2.057585 -106
v 49.83334 2.057585 -106
v 44.83334 2.057585 -104.3333
v 45.83334 2.057585 -103.5
v 46.33334 2.057585 -103.8333
v 46.33334 2.057585 -105.8333
v 45.16667 2.057585 -107.1667
v 44.83334 2.057585 -106.8333
v 42.66667 2.057585 -102.5
v 43.16667 2.057585 -101.6667
v 44.83334 2.057585 -102.6667
v 43.5 2.057585 -103.8333
v 42.66667 2.057585 -106.6667
v 42.66667 2.057585 -102.5
v 43.5 2.057585 -103.8333
v 43.66667 2.057585 -107
v 43.83334 2.057585 -100.5
v 42.83334 2.057585 -100.3333
v 42.83334 2.057585 -100
v 47.66667 2.057585 -100
v 46.66667 2.057585 -100.1667
v 46.66667 2.057585 -100.1667
v 45.83334 2.057585 -101.5
v 45.5 2.057585 -101.5
v 43.83334 2.057585 -100.5
v 51.33334 2.057585 -100
v 52.16667 2.057585 -100.1667
v 51.83334 2.057585 -101
v 48.66667 2.057585 -100
v 50.16667 2.057585 -91
v 50.16667 2.057585 -92.16666
v 49.66667 2.057585 -92.5
v 49.66667 2.057585 -94
v 50.16667 2.057585 -94.33333
v 50 2.057585 -95.83333
v 47.66667 2.057585 -100
v 50 2.057585 -95.83333
v 51 2.057585 -96.83333
v 50.5 2.057585 -97.66666
v 50.83334 2.057585 -86.5
v 52 2.057585 -87.33333
v 51 2.057585 -88.5
v 50.5 2.057585 -98.83333
v 51.33334 2.057585 -100
v 48.66667 2.057585 -100
v 51 2.057585 -88.5
v 51 2.057585 -89.33333
v 50.16667 2.057585 -91
v 50.66667 2.057585 -85.33333
v 50.83334 2.057585 -86.5
v 50.5 2.057585 -97.66666
v 50.5 2.057585 -98.83333
v 48.66667 2.057585 -100
v 47.66667 2.057585 -100
v 50 2.057585 -95.83333
v 50.66667 2.057585 -85.33333
v 50.16667 2.057585 -91
v 49.66667 2.057585 -92.5
v 42.66667 2.057585 -108.5
v 44.66667 2.057585 -108.8333
v 46.66667 2.057585 -110.1667
v 46.66667 2.057585 -110.1667
v 48 2.057585 -110.3333
v 50.5 2.057585 -116.8333
v 50.5 2.057585 -116.8333
v 51.16667 2.057585 -120
v 50.33334 2.057585 -125.1667
v 42.66667 2.057585 -128
v 42.66667 2.057585 -108.5
v 46.66667 2.057585 -110.1667
v 19 2.057585 -117.6667
v 19 2.057585 -118.3333
v 18.5 2.057585 -118.8333
v 6.333333 2.057585 -119
v 5 2.057585 -117.6667
v 7.5 2.057585 -124.1667
v 7.166667 2.057585 -123.8333
v 7.333333 2.057585 -122.8333
v 18 2.057585 -120.3333
v 18 2.057585 -123
v 17.16667 2.057585 -123.5
v 6.166667 2.057585 -128
v 6.666667 2.057585 -126.3333
v 7.5 2.057585 -125.6667
v 17 2.057585 -126.5
v 18 2.057585 -128
v 17 2.057585 -124.3333
v 17 2.057585 -126.5
v 7.5 2.057585 -125.6667
v 7.5 2.057585 -124.1667
v 7.333333 2.057585 -122.8333
v 6.833333 2.057585 -122
v 6.333333 2.057585 -119
v 18.5 2.057585 -118.8333
v 18 2.057585 -120.3333
v 17.16667 2.057585 -123.5
v 17 2.057585 -124.3333
v 7.5 2.057585 -124.1667
v 26.66667 2.057585 -124.8333
v 25.66667 2.057585 -123.8333
v 26.33333 2.057585 -123
v 27 2.057585 -126.8333
v 26.5 2.057585 -126.5
v 26.66667 2.057585 -124.8333
v 28.83333 2.057585 -121.1667
v 26.33333 2.057585 -123
v 26 2.057585 -121.1667
v 27.5 2.057585 -121.1667
v 26.33333 2.057585 -123
v 27.5 2.057585 -121.1667
v 28.83333 2.057585 -121.1667
v 26.66667 2.057585 -124.8333
v 35 2.057585 -121.1667
v 36.33334 2.057585 -121.1667
v 42.66667 2.057585 -128
v 21.5 2.057585 -88.16666
v 4.166667 2.057585 -88.16666
v 5 2.057585 -87.33333
v 20.83333 2.057585 -87.5
v 27 2.057585 -128
v 27 2.057585 -126.8333
v 28.83333 2.057585 -121.1667
v 35 2.057585 -121.1667
v 42.66667 2.057585 -128
v 3.333333 2.057585 -124.3333
v 4 2.057585 -125.1667
v 2.5 2.057585 -125.3333
v 1.166667 2.057585 -125.3333
v 2.5 2.057585 -125.3333
v 2 2.057585 -126
v 1.166667 2.057585 -125.3333
v 2.666667 2.057585 -120.3333
v 3.5 2.057585 -120.3333
v 3.333333 2.057585 -124.3333
v 40.16667 2.057585 -117.6667
v 39.83334 2.057585 -117.1667
v 42.66667 2.057585 -108.5
v 20 2.057585 -85.83333
v 20.66667 2.057585 -86.33333
v 20.83333 2.057585 -87.5
v 5 2.057585 -87.33333
v 27.5 2.057585 -121.1667
v 26 2.057585 -121.1667
v 26 2.057585 -120.8333
v 28.83333 2.057585 -121.1667
v 29.83333 2.057585 -120.5
v 30.83333 2.057585 -120.5
v 28.83333 2.057585 -121.1667
v 30.83333 2.057585 -120.5
v 31.5 2.057585 -120.5
v 31.5 2.057585 -120.5
v 32.66667 2.057585 -120.5
v 35 2.057585 -121.1667
v 28.83333 2.057585 -121.1667
v 36.33334 2.057585 -121.1667
v 37.33334 2.057585 -121
v 38.33334 2.057585 -121
v 5 2.057585 -87.33333
v 4.833333 2.057585 -85.33333
v 20 2.057585 -85.33333
v 20 2.057585 -85.83333
v 38.33334 2.057585 -121
v 39.5 2.057585 -121
v 36.33334 2.057585 -121.1667
v 38.33334 2.057585 -121
v 37.33334 2.057585 -121
v 37.66667 2.057585 -120.6667
v 37.83334 2.057585 -116.6667
v 37.16667 2.057585 -116.1667
v 36.66667 2.057585 -115.6667
v 36.33334 2.057585 -114.3333
v 39 2.057585 -116.6667
v 32.5 2.057585 -112
v 31.33333 2.057585 -111.8333
v 30.66667 2.057585 -111.1667
v 42.66667 2.057585 -128
v 39.5 2.057585 -121
v 40.16667 2.057585 -120
v 42.66667 2.057585 -128
v 40.16667 2.057585 -120
v 40.16667 2.057585 -117.6667
v 42.66667 2.057585 -108.5
v 35 2.057585 -113
v 34.16667 2.057585 -113
v 32.5 2.057585 -112
v 2.333333 2.057585 -120
v 2.666667 2.057585 -120.3333
v 3.333333 2.057585 -124.3333
v 35 2.057585 -113
v 32.5 2.057585 -112
v 30.66667 2.057585 -111.1667
v 38.16667 2.057585 -104.6667
v 40.33334 2.057585 -107.1667
v 42.66667 2.057585 -128
v 36.33334 2.057585 -121.1667
v 39.5 2.057585 -121
v 30.83333 2.057585 -120.5
v 29.83333 2.057585 -120.5
v 30 2.057585 -120.1667
v 32.66667 2.057585 -120.5
v 31.5 2.057585 -120.5
v 31.83333 2.057585 -120.1667
v 37 2.057585 -119
v 36.83334 2.057585 -119.6667
v 36.16667 2.057585 -119
v 34.66667 2.057585 -118.3333
v 35.16667 2.057585 -117.3333
v 35.83334 2.057585 -117
v 37 2.057585 -119
v 36.16667 2.057585 -119
v 3.666667 2.057585 -118.1667
v 3.666667 2.057585 -119.1667
v 2.666667 2.057585 -119
v 5 2.057585 -117.6667
v 4.166667 2.057585 -117.6667
v 0.6666667 2.057585 -108.3333
v 2.333333 2.057585 -106.1667
v 21.16667 2.057585 -112.5
v 20.5 2.057585 -113.3333
v 20.5 2.057585 -113.3333
v 20.66667 2.057585 -114.8333
v 19.33333 2.057585 -116.1667
v 5 2.057585 -117.6667
v 39.83334 2.057585 -117.1667
v 39 2.057585 -116.6667
v 36.33334 2.057585 -114.3333
v 35 2.057585 -113
v 40.33334 2.057585 -107.1667
v 42.66667 2.057585 -108.5
v 3.333333 2.057585 -124.3333
v 1.166667 2.057585 -125.3333
v 0 2.057585 -125.3333
v 2.333333 2.057585 -120
v 19.33333 2.057585 -116.1667
v 19 2.057585 -117.6667
v 5 2.057585 -117.6667
v 23.5 2.057585 -112.5
v 23.5 2.057585 -113
v 23 2.057585 -113
v 22.5 2.057585 -112.5
v 24.16667 2.057585 -111.6667
v 23.5 2.057585 -112.5
v 22.5 2.057585 -112.5
v 24.16667 2.057585 -111.6667
v 22.5 2.057585 -112.5
v 21.16667 2.057585 -112.5
v 28.16667 2.057585 -90
v 27.33333 2.057585 -89.16666
v 27 2.057585 -87.33333
v 26.66667 2.057585 -85.33333
v 25.83333 2.057585 -111.6667
v 27.16667 2.057585 -111.6667
v 26.5 2.057585 -112.3333
v 27.83333 2.057585 -111.3333
v 27.16667 2.057585 -111.6667
v 25.83333 2.057585 -111.6667
v 27.83333 2.057585 -111.3333
v 25.83333 2.057585 -111.6667
v 24.16667 2.057585 -111.6667
v 0.5 2.057585 -88.16666
v 0.8333334 2.057585 -96.33333
v 0 2.057585 -96.16666
v 0 2.057585 -87.66666
v 29.5 2.057585 -111.3333
v 29.33333 2.057585 -111.6667
v 28.83333 2.057585 -111.6667
v 28.5 2.057585 -111.3333
v 29.66667 2.057585 -111.1667
v 29.5 2.057585 -111.3333
v 28.5 2.057585 -111.3333
v 29.66667 2.057585 -111.1667
v 28.5 2.057585 -111.3333
v 27.83333 2.057585 -111.3333
v 28.16667 2.057585 -93.83333
v 27.66667 2.057585 -92.33333
v 28.33333 2.057585 -91.83333
v 29 2.057585 -95.16666
v 0.5 2.057585 -102.3333
v 0 2.390918 -101.5
v 0 2.474252 -101
v 0.6666667 2.057585 -108.3333
v 0.6666667 2.057585 -107
v 1.333333 2.057585 -107
v 37.5 2.057585 -103
v 37.83334 2.057585 -103.1667
v 38.16667 2.057585 -104.6667
v 29.5 2.057585 -99.66666
v 30 2.057585 -99.66666
v 1.666667 2.057585 -104
v 0.5 2.057585 -103.8333
v 0.5 2.057585 -102.3333
v 37.5 2.057585 -99.66666
v 37.83334 2.057585 -101.6667
v 37.5 2.057585 -102
v 30 2.057585 -99.66666
v 0.5 2.057585 -102.3333
v 0 2.474252 -101
v 0.3333333 2.057585 -99.66666
v 29.5 2.057585 -99.66666
v 2.333333 2.057585 -104.6667
v 1.666667 2.057585 -104
v 28.16667 2.057585 -93.83333
v 27.66667 2.057585 -93.33333
v 27.66667 2.057585 -92.33333
v 26.5 2.057585 -86.83333
v 25.83333 2.057585 -85.66666
v 26.66667 2.057585 -85.33333
v 27 2.057585 -87.33333
v 30 2.057585 -99.66666
v 37.5 2.057585 -102
v 37.5 2.057585 -103
v 41.83334 2.057585 -97
v 39.16667 2.057585 -97
v 31.5 2.057585 -96.33333
v 38.16667 2.057585 -104.6667
v 30.66667 2.057585 -111.1667
v 29.66667 2.057585 -111.1667
v 2.333333 2.057585 -106.1667
v 2.333333 2.057585 -104.6667
v 29.5 2.057585 -99.66666
v 39.16667 2.057585 -97
v 32.16667 2.057585 -97
v 31.5 2.057585 -96.33333
v 39.33334 2.057585 -104
v 39.83334 2.057585 -103.6667
v 40.83334 2.057585 -103.6667
v 40.33334 2.057585 -105.5
v 42.66667 2.057585 -106.6667
v 41.5 2.057585 -106.3333
v 40.33334 2.057585 -105.5
v 40.83334 2.057585 -103.6667
v 42.66667 2.057585 -102.5
v 38.66667 2.057585 -99.33333
v 40 2.057585 -99.33333
v 38.83334 2.057585 -100.1667
v 0.3333333 2.057585 -99.66666
v 0.3333333 2.057585 -99.16666
v 1.333333 2.057585 -98.83333
v 25.16667 2.057585 -98.83333
v 29.5 2.057585 -99.66666
v 26.16667 2.057585 -98.83333
v 28.5 2.057585 -98.83333
v 29.5 2.057585 -99.66666
v 25.16667 2.057585 -98.83333
v 26.16667 2.057585 -98.83333
v 29.5 2.057585 -99.66666
v 37.5 2.057585 -99.66666
v 30 2.057585 -99.66666
v 32.16667 2.057585 -97.83333
v 37.5 2.057585 -98.16666
v 32.16667 2.057585 -97
v 38.5 2.057585 -97.16666
v 37.5 2.057585 -98.16666
v 32.16667 2.057585 -97.83333
v 32.16667 2.057585 -97
v 39.16667 2.057585 -97
v 38.5 2.057585 -97.16666
v 41.33334 2.057585 -98.33333
v 41.66667 2.057585 -99.33333
v 41.33334 2.057585 -99.33333
v 40 2.057585 -99.33333
v 38.66667 2.057585 -99.33333
v 38.66667 2.057585 -99
v 39.83334 2.057585 -98.16666
v 40 2.057585 -99.33333
v 39.83334 2.057585 -98.16666
v 41.33334 2.057585 -98.33333
v 41.33334 2.057585 -99.33333
v 24.16667 2.057585 -98.33333
v 24.83333 2.057585 -98.33333
v 25.16667 2.057585 -98.83333
v 1.333333 2.057585 -98.83333
v 21.5 2.057585 -92.33333
v 22.16667 2.057585 -92.83333
v 22.16667 2.057585 -93.33333
v 21.16667 2.057585 -93.83333
v 1.333333 2.057585 -98.83333
v 1.666667 2.057585 -98.5
v 21.33333 2.057585 -95.66666
v 22.16667 2.057585 -96.66666
v 22.16667 2.057585 -96.66666
v 23.5 2.057585 -97
v 23.5 2.057585 -97.66666
v 22.16667 2.057585 -96.66666
v 23.5 2.057585 -97.66666
v 24.16667 2.057585 -98.33333
v 1.333333 2.057585 -98.83333
v 21.83333 2.057585 -90
v 21.5 2.057585 -92.33333
v 21.16667 2.057585 -93.83333
v 4.166667 2.057585 -88.16666
v 21.5 2.057585 -88.16666
v 1.666667 2.057585 -98.5
v 1.666667 2.057585 -97.33333
v 4.166667 2.057585 -88.16666
v 21.16667 2.057585 -93.83333
v 21.33333 2.057585 -95.66666
v 2.333333 2.057585 -106.1667
v 27.83333 2.057585 -111.3333
v 24.16667 2.057585 -111.6667
v 0.8333334 2.057585 -96.33333
v 0.5 2.057585 -88.16666
v 4.166667 2.057585 -88.16666
v 1.666667 2.057585 -97.33333
v 28.5 2.057585 -98.83333
v 26.16667 2.057585 -98.83333
v 27.16667 2.057585 -98
v 28.33333 2.057585 -98.33333
v 24.16667 2.057585 -111.6667
v 21.16667 2.057585 -112.5
v 2.333333 2.057585 -106.1667
v 28.16667 2.057585 -93.83333
v 27.33333 2.057585 -93.66666
v 27.66667 2.057585 -93.33333
v 26.5 2.057585 -86.83333
v 25.83333 2.057585 -86.83333
v 25.5 2.057585 -86.33333
v 25.83333 2.057585 -85.66666
v 29 2.057585 -95.16666
v 28.33333 2.057585 -91.83333
v 28.16667 2.057585 -90
v 31.5 2.057585 -96.33333
v 4.166667 2.057585 -117.6667
v 3.666667 2.057585 -118.1667
v 2.666667 2.057585 -119
v 0 2.057585 -108.8333
v 0.6666667 2.057585 -108.3333
v 0.6666667 2.057585 -108.3333
v 1.333333 2.057585 -107
v 2.333333 2.057585 -106.1667
v 2.666667 2.057585 -119
v 2.333333 2.057585 -120
v 0 2.057585 -125.3333
v 0 2.057585 -108.8333
v 2.333333 2.057585 -106.1667
v 29.66667 2.057585 -111.1667
v 27.83333 2.057585 -111.3333
v 42.66667 2.057585 -85.33333
v 42.66667 2.057585 -97.5
v 41.83334 2.057585 -97
v 31.5 2.057585 -96.33333
v 28.16667 2.057585 -90
v 26.66667 2.057585 -85.33333
v 42.66667 2.057585 -85.33333
v 41.83334 2.057585 -97
v -25 2.057585 -124.8333
v -24.33333 2.057585 -124.8333
v -24.5 2.057585 -126
v -24 2.057585 -126.5
v -23.33333 2.057585 -126.5
v -23.16667 2.057585 -128
v -24.5 2.057585 -126
v -24 2.057585 -126.5
v -23.16667 2.057585 -128
v -27.33333 2.057585 -124.8333
v -25 2.057585 -124.8333
v -24.5 2.057585 -126
v -27.66667 2.057585 -124.8333
v -27.33333 2.057585 -124.8333
v -24.5 2.057585 -126
v -29 2.057585 -124.8333
v -27.66667 2.057585 -124.8333
v -24.5 2.057585 -126
v -23.16667 2.057585 -128
v -37.33334 2.057585 -128
v -37.5 2.057585 -125.1667
v -37.5 2.057585 -125.1667
v -37.83334 2.057585 -124.8333
v -29 2.057585 -124.8333
v -17 2.057585 -128
v -16.83333 2.057585 -127.1667
v -14.83333 2.057585 -127.1667
v -17 2.057585 -128
v -14.83333 2.057585 -127.1667
v -14 2.057585 -127.1667
v -14 2.057585 -127.1667
v -3.166668 2.057585 -127.1667
v -3.666668 2.057585 -128
v -17 2.057585 -128
v -14.83333 2.057585 -127.1667
v -16.83333 2.057585 -127.1667
v -15.66667 2.057585 -126.3333
v -13.33333 2.057585 -125.3333
v -14.33333 2.057585 -124.5
v -13.5 2.057585 -123.6667
v -13.5 2.057585 -122.6667
v -14.33333 2.057585 -122
v -14.33333 2.057585 -120.8333
v -3.166668 2.057585 -126.3333
v -41.66667 2.057585 -85.33333
v -39.83334 2.057585 -85.33333
v -41.16667 2.057585 -85.83333
v -13.33333 2.057585 -125.3333
v -13.5 2.057585 -123.6667
v -13.5 2.057585 -122.6667
v -3.166668 2.057585 -126.3333
v -40.5 2.057585 -86.5
v -41.16667 2.057585 -86.5
v -41.16667 2.057585 -85.83333
v -39.83334 2.057585 -85.33333
v -3.166668 2.057585 -126.3333
v -13.33333 2.057585 -126.5
v -13.33333 2.057585 -125.3333
v -11.5 2.057585 -85.33333
v -6 2.057585 -86.83333
v -9.833332 2.057585 -91.33333
v -23.33333 2.057585 -91.33333
v -3.166668 2.057585 -127.1667
v -14 2.057585 -127.1667
v -13.33333 2.057585 -126.5
v -3.166668 2.057585 -126.3333
v -29 2.057585 -121
v -29 2.057585 -121.8333
v -30 2.057585 -122.5
v -37.83334 2.057585 -124.8333
v -38.16667 2.057585 -124.6667
v -39 2.057585 -120.1667
v -39 2.057585 -120.1667
v -28.16667 2.057585 -120.1667
v -29 2.057585 -121
v -30 2.057585 -123.6667
v -29 2.057585 -124.8333
v -37.83334 2.057585 -124.8333
v -30 2.057585 -122.5
v -30 2.057585 -123.6667
v -37.83334 2.057585 -124.8333
v -24.33333 2.057585 -124.8333
v -25 2.057585 -124.8333
v -24.16667 2.057585 -124.6667
v -21.66667 2.057585 -121.1667
v -22.33333 2.057585 -121.5
v -22.16667 2.057585 -120.1667
v -21.5 2.057585 -120.5
v -22.5 2.057585 -119.8333
v -20.66667 2.057585 -119.8333
v -21.5 2.057585 -120.5
v -22.16667 2.057585 -120.1667
v -25.5 2.057585 -120.1667
v -25.83333 2.057585 -121
v -26.16667 2.057585 -121
v -27 2.057585 -120.1667
v -18.5 2.057585 -120
v -18.83333 2.057585 -120.5
v -19.5 2.057585 -120.5
v -20 2.057585 -120
v -17 2.057585 -120
v -16 2.057585 -120
v -16.83333 2.057585 -120.3333
v -24.66667 2.057585 -119.6667
v -25.5 2.057585 -120.1667
v -27 2.057585 -120.1667
v -24.66667 2.057585 -119.6667
v -27 2.057585 -120.1667
v -28.16667 2.057585 -120.1667
v -39 2.057585 -119.6667
v -24.66667 2.057585 -119.6667
v -28.16667 2.057585 -120.1667
v -39 2.057585 -120.1667
v -18.5 2.057585 -120
v -20 2.057585 -120
v -20.16667 2.057585 -119.8333
v -17 2.057585 -120
v -18.5 2.057585 -120
v -20.16667 2.057585 -119.8333
v -16 2.057585 -120
v -17 2.057585 -120
v -20.16667 2.057585 -119.8333
v -15.33333 2.057585 -120
v -16 2.057585 -120
v -20.16667 2.057585 -119.8333
v -6 2.057585 -86.83333
v -8.5 2.057585 -91.33333
v -9.833332 2.057585 -91.33333
v -20.66667 2.057585 -119.8333
v -22.5 2.057585 -119.8333
v -23.83333 2.057585 -119.6667
v -20.16667 2.057585 -119.8333
v -20.66667 2.057585 -119.8333
v -23.83333 2.057585 -119.6667
v -24 2.057585 -91.33333
v -39 2.057585 -91.33333
v -37.83334 2.057585 -90.66666
v -41.33334 2.057585 -113.3333
v -42.66667 2.057585 -111.1667
v -35.5 2.057585 -107.1667
v -32.83334 2.057585 -108.1667
v -40 2.057585 -116.8333
v -17 2.057585 -116.8333
v -24.66667 2.057585 -119.6667
v -39 2.057585 -119.6667
v -14.16667 2.057585 -116.8333
v -13.33333 2.057585 -116.8333
v -23.83333 2.057585 -119.6667
v -16.33333 2.057585 -116.8333
v -14.16667 2.057585 -116.8333
v -23.83333 2.057585 -119.6667
v -17 2.057585 -116.8333
v -16.33333 2.057585 -116.8333
v -23.83333 2.057585 -119.6667
v -24.66667 2.057585 -119.6667
v -18.5 2.057585 -116.6667
v -17.33333 2.057585 -116.6667
v -17 2.057585 -116.8333
v -19.16667 2.057585 -116.6667
v -18.5 2.057585 -116.6667
v -17 2.057585 -116.8333
v -19.16667 2.057585 -116.6667
v -17 2.057585 -116.8333
v -40 2.057585 -116.8333
v -40 2.057585 -116.6667
v -14.16667 2.057585 -116.8333
v -16.33333 2.057585 -116.8333
v -15.66667 2.057585 -116.3333
v -13.33333 2.057585 -116.8333
v -12.66667 2.057585 -116
v -12 2.057585 -116
v -13.33333 2.057585 -116.8333
v -12 2.057585 -116
v -11 2.057585 -116
v -20.16667 2.057585 -119.8333
v -23.83333 2.057585 -119.6667
v -13.33333 2.057585 -116.8333
v -15.33333 2.057585 -120
v -18.5 2.057585 -114.8333
v -18.5 2.057585 -115.3333
v -19.5 2.057585 -115.6667
v -25.33333 2.057585 -108.3333
v -23.66667 2.057585 -108.3333
v -19.5 2.057585 -112.5
v -19.33333 2.057585 -110.1667
v -18.66667 2.057585 -110.8333
v -19.5 2.057585 -111.5
v -23.66667 2.057585 -108.3333
v -19.5 2.057585 -112.5
v -18.16667 2.057585 -114.6667
v -18.5 2.057585 -114.8333
v -23.66667 2.057585 -108.3333
v -19.5 2.057585 -111.5
v -19.5 2.057585 -112.5
v -23.66667 2.057585 -108.3333
v -19 2.057585 -108.3333
v -19.33333 2.057585 -110.1667
v -9.666668 2.057585 -113.1667
v -1 2.057585 -108.8333
v 0 2.057585 -108.8333
v 0 2.057585 -125.3333
v -0.6666679 2.057585 -125.3333
v -10 2.057585 -114.8333
v -9.666668 2.057585 -113.1667
v -2.333332 2.057585 -107.8333
v -1 2.057585 -108.8333
v -17.33333 2.057585 -116.6667
v -18.5 2.057585 -116.6667
v -18.16667 2.057585 -116
v -12 2.057585 -116
v -12.66667 2.057585 -116
v -12.5 2.057585 -115.6667
v -10.16667 2.057585 -106.8333
v -10.5 2.057585 -106.5
v -10 2.057585 -106.1667
v -10.16667 2.057585 -107.8333
v -10.16667 2.057585 -106.8333
v -10 2.057585 -106.1667
v -9.5 2.057585 -109.8333
v -14.33333 2.057585 -120.8333
v -15.33333 2.057585 -120
v -13.33333 2.057585 -116.8333
v -9.5 2.057585 -109.8333
v -10.5 2.057585 -108.1667
v -10.16667 2.057585 -107.8333
v -9.666668 2.057585 -113.1667
v -9.833332 2.057585 -111.3333
v -9.333332 2.057585 -111
v -2.333332 2.057585 -107.8333
v -37.83334 2.057585 -90.66666
v -37 2.057585 -88.33333
v -35.5 2.057585 -85.33333
v -11.5 2.057585 -85.33333
v -23.33333 2.057585 -91.33333
v -24 2.057585 -91.33333
v -9.333332 2.057585 -111
v -9.5 2.057585 -109.8333
v -10 2.057585 -106.1667
v -3 2.057585 -106.5
v -2.333332 2.057585 -107.8333
v -10 2.057585 -106.1667
v -10.33333 2.057585 -105.1667
v -3.166668 2.057585 -105.1667
v -3 2.057585 -106.5
v -37 2.057585 -88.33333
v -36.83334 2.057585 -86.66666
v -35.5 2.057585 -85.33333
v -32.16667 2.057585 -108.1667
v -25.5 2.057585 -108.1667
v -25.33333 2.057585 -108.3333
v -32.83334 2.057585 -108.1667
v -32.16667 2.057585 -108.1667
v -25.33333 2.057585 -108.3333
v -2.666668 2.057585 -125.8333
v -3.166668 2.057585 -126.3333
v -14.33333 2.057585 -120.8333
v -18.66667 2.057585 -107
v -18.5 2.057585 -108
v -19 2.057585 -108.3333
v -21.83333 2.057585 -107
v -21 2.057585 -106
v -23.66667 2.057585 -108.3333
v -23.16667 2.057585 -107.5
v -21.83333 2.057585 -107
v -19 2.057585 -108.3333
v -21 2.057585 -106
v -17.66667 2.057585 -106
v -18.66667 2.057585 -107
v -33.33334 2.057585 -100
v -33.33334 2.057585 -100.5
v -33.83334 2.057585 -100.8333
v -33.83334 2.057585 -100.8333
v -34.83334 2.057585 -103
v -35.66667 2.057585 -103.3333
v -25.66667 2.057585 -92.16666
v -26.33333 2.057585 -93.33333
v -28.33333 2.057585 -94.5
v -39 2.057585 -91.33333
v -14.33333 2.057585 -120.8333
v -13.33333 2.057585 -116.8333
v -11 2.057585 -116
v -0.6666679 2.057585 -125.3333
v -1.333332 2.057585 -125.8333
v -2.666668 2.057585 -125.8333
v -14.33333 2.057585 -120.8333
v -11 2.057585 -116
v -10 2.057585 -114.8333
v -10 2.057585 -114.8333
v -10.16667 2.057585 -113.8333
v -9.666668 2.057585 -113.1667
v -37.83334 2.057585 -90.66666
v -37.5 2.057585 -89
v -37 2.057585 -88.33333
v -42.66667 2.057585 -111.1667
v -35.66667 2.057585 -103.3333
v -36.33334 2.057585 -105.1667
v -28.33333 2.057585 -94.5
v -31 2.057585 -97
v -39 2.057585 -91.33333
v -39 2.057585 -91.33333
v -24 2.057585 -91.33333
v -25.66667 2.057585 -92.16666
v -33.33334 2.057585 -100
v -40.16667 2.057585 -91.33333
v -39 2.057585 -91.33333
v -31 2.057585 -97
v -26.16667 2.057585 -98.66666
v -25.33333 2.057585 -98.66666
v -25.66667 2.057585 -99.33333
v -26.66667 2.057585 -99.66666
v -29.66667 2.057585 -102.5
v -29.33333 2.057585 -102.6667
v -29.33333 2.057585 -104.3333
v -31 2.057585 -105
v -28.16667 2.057585 -100.5
v -26.16667 2.057585 -98.66666
v -26.66667 2.057585 -99.66666
v -28 2.057585 -100.8333
v -29.33333 2.057585 -104.3333
v -28.66667 2.057585 -104.6667
v -28 2.057585 -106.1667
v -31 2.057585 -105
v -27 2.057585 -107.1667
v -25.83333 2.057585 -107.5
v -25.5 2.057585 -108.1667
v -32.16667 2.057585 -108.1667
v -31.33333 2.057585 -107.1667
v -29.66667 2.057585 -102.5
v -28.16667 2.057585 -100.5
v -28 2.057585 -100.8333
v -28.66667 2.057585 -102.3333
v -29.33333 2.057585 -102.6667
v -31.33333 2.057585 -107.1667
v -31 2.057585 -105
v -28 2.057585 -106.1667
v -27 2.057585 -107.1667
v -16.5 2.057585 -106
v -15.66667 2.057585 -106
v -16.16667 2.057585 -106.5
v -13.66667 2.057585 -105.6667
v -12.33333 2.057585 -105.6667
v -13.33333 2.057585 -106.1667
v -15.16667 2.057585 -105.3333
v -15.66667 2.057585 -106
v -16.5 2.057585 -106
v -15.16667 2.057585 -105.3333
v -16.5 2.057585 -106
v -17.66667 2.057585 -106
v -20.66667 2.057585 -105.3333
v -15.16667 2.057585 -105.3333
v -17.66667 2.057585 -106
v -21 2.057585 -106
v -11.16667 2.057585 -105.3333
v -11.33333 2.057585 -105.8333
v -12.33333 2.057585 -105.6667
v -12.33333 2.057585 -105.6667
v -13.66667 2.057585 -105.6667
v -14.33333 2.057585 -105.3333
v -11.16667 2.057585 -105.3333
v -11 2.057585 -105.1667
v -11.16667 2.057585 -105.3333
v -14.33333 2.057585 -105.3333
v -11 2.057585 -105.1667
v -14.33333 2.057585 -105.3333
v -15.16667 2.057585 -105.3333
v -20.5 2.057585 -105.1667
v -11 2.057585 -105.1667
v -15.16667 2.057585 -105.3333
v -20.66667 2.057585 -105.3333
v -4.833332 2.057585 -104.1667
v -3.333332 2.057585 -104.1667
v -3.166668 2.057585 -105.1667
v -5.333332 2.057585 -104.1667
v -4.833332 2.057585 -104.1667
v -3.166668 2.057585 -105.1667
v -6 2.057585 -104.1667
v -5.333332 2.057585 -104.1667
v -3.166668 2.057585 -105.1667
v -10.33333 2.057585 -105.1667
v -19.66667 2.057585 -104.1667
v -6 2.057585 -104.1667
v -11 2.057585 -105.1667
v -20.5 2.057585 -105.1667
v -6 2.057585 -104.1667
v -10.33333 2.057585 -105.1667
v -11 2.057585 -105.1667
v -7.333332 2.057585 -102.5
v -6.333332 2.057585 -102.5
v -6.5 2.057585 -103.6667
v -10.16667 2.057585 -100.6667
v -7.666668 2.057585 -100.6667
v -8 2.057585 -101
v -8 2.057585 -102
v -7.333332 2.057585 -102.5
v -6.5 2.057585 -103.6667
v -11.16667 2.057585 -100.6667
v -10.16667 2.057585 -100.6667
v -19.66667 2.057585 -102.6667
v -20.5 2.057585 -102.1667
v -21.16667 2.057585 -100.6667
v -11.16667 2.057585 -100.6667
v -10.16667 2.057585 -100.6667
v -8 2.057585 -101
v -8 2.057585 -102
v -11.16667 2.057585 -100.6667
v -6.5 2.057585 -103.6667
v -6 2.057585 -104.1667
v -19.66667 2.057585 -104.1667
v -19.66667 2.057585 -102.6667
v -4.833332 2.057585 -104.1667
v -5.333332 2.057585 -104.1667
v -5.166668 2.057585 -103.8333
v -32.83334 2.057585 -101.8333
v -31.83333 2.057585 -101.8333
v -31.33333 2.057585 -102.3333
v -31.66667 2.057585 -103.8333
v -33.5 2.057585 -103
v 0 2.474252 -101
v 0 2.390918 -101.5
v -0.3333321 2.474252 -101.3333
v -31.83333 2.057585 -100.3333
v -30.83333 2.057585 -98.83333
v -29.33333 2.057585 -99.83333
v -30.16667 2.057585 -101.3333
v -12.33333 2.057585 -100.5
v -11.5 2.057585 -100.5
v -11.16667 2.057585 -100.6667
v -13.16667 2.057585 -100.5
v -12.33333 2.057585 -100.5
v -11.16667 2.057585 -100.6667
v -13.16667 2.057585 -100.5
v -11.16667 2.057585 -100.6667
v -21.16667 2.057585 -100.6667
v -21.33333 2.057585 -100.5
v -7.833332 2.057585 -100.1667
v -7.333332 2.057585 -100.1667
v -7.666668 2.057585 -100.6667
v -7.666668 2.057585 -100.6667
v -10.16667 2.057585 -100.6667
v -9.5 2.057585 -100
v -7.833332 2.057585 -100.1667
v -22 2.057585 -99.83333
v -23.16667 2.057585 -99.5
v -23.66667 2.057585 -98.66666
v -14.16667 2.057585 -98.66666
v -14 2.057585 -99.83333
v -13.16667 2.057585 -100.5
v -21.33333 2.057585 -100.5
v -14.16667 2.057585 -98.66666
v -14 2.057585 -99.83333
v -21.33333 2.057585 -100.5
v -22 2.057585 -99.83333
v -11.5 2.057585 -100.5
v -12.33333 2.057585 -100.5
v -11.83333 2.057585 -100.1667
v -7.333332 2.057585 -100.1667
v -7.833332 2.057585 -100.1667
v -7.5 2.057585 -99.66666
v -28.66667 2.057585 -96.5
v -28.33333 2.057585 -96.5
v -27.5 2.057585 -97.66666
v -28.16667 2.057585 -99
v -29.83333 2.057585 -97.83333
v -15 2.057585 -95
v -13.83333 2.057585 -95.83333
v -14.83333 2.057585 -96.83333
v -25.33333 2.057585 -98.66666
v -26.16667 2.057585 -98.66666
v -24 2.057585 -96.83333
v -23.66667 2.057585 -98.66666
v -25.33333 2.057585 -98.66666
v -24 2.057585 -96.83333
v -23 2.057585 -96.83333
v -20.83333 2.057585 -94.33333
v -15 2.057585 -94.33333
v -15 2.057585 -95
v -15 2.057585 -95
v -14.83333 2.057585 -96.83333
v -14.83333 2.057585 -97.83333
v -21.16667 2.057585 -95.66666
v -20.83333 2.057585 -94.33333
v -23.66667 2.057585 -98.66666
v -23 2.057585 -96.83333
v -21.16667 2.057585 -95.66666
v -14.83333 2.057585 -97.83333
v -14.16667 2.057585 -98.66666
v -21.5 2.057585 -93.16666
v -14 2.057585 -93.16666
v -15 2.057585 -94.33333
v -20.83333 2.057585 -94.33333
v -27.5 2.057585 -95.83333
v -27.5 2.057585 -95.5
v -26.66667 2.057585 -95.16666
v -25.33333 2.057585 -95.33333
v -25.33333 2.057585 -96.5
v -26 2.057585 -97
v -26.66667 2.057585 -95.16666
v -26.16667 2.057585 -94.5
v -25.33333 2.057585 -95.33333
v -33.33334 2.057585 -100
v -33.83334 2.057585 -100.8333
v -35.66667 2.057585 -103.3333
v -42.66667 2.057585 -111.1667
v -42.66667 2.057585 -90.83333
v -40.16667 2.057585 -91.33333
v -3.833332 2.057585 -95.16666
v -2.666668 2.057585 -95.16666
v -3.333332 2.057585 -96
v -3.833332 2.057585 -96
v -4.166668 2.057585 -94.33333
v -4.833332 2.057585 -94.33333
v -4.833332 2.057585 -93
v -2.666668 2.057585 -95.16666
v -3.833332 2.057585 -95.16666
v -4.166668 2.057585 -94.33333
v -1.333332 2.057585 -95.16666
v -2.666668 2.057585 -95.16666
v -4.166668 2.057585 -94.33333
v -4.833332 2.057585 -93
v -42.66667 2.057585 -111.1667
v -36.33334 2.057585 -105.1667
v -36 2.057585 -106.6667
v -42.66667 2.057585 -90.83333
v -41.16667 2.057585 -90.83333
v -40.16667 2.057585 -91.33333
v -11.16667 2.057585 -93.16666
v -11.16667 2.057585 -93.5
v -11.83333 2.057585 -93.5
v -13.33333 2.057585 -93.16666
v -13.33333 2.057585 -93.16666
v -11.83333 2.057585 -93.5
v -12.66667 2.057585 -94.16666
v -11 2.057585 -92
v -11.16667 2.057585 -93.16666
v -13.33333 2.057585 -93.16666
v -11 2.057585 -92
v -13.33333 2.057585 -93.16666
v -14 2.057585 -93.16666
v -22.66667 2.057585 -91.5
v -23.33333 2.057585 -91.33333
v -9.833332 2.057585 -91.33333
v -14 2.057585 -93.16666
v -21.5 2.057585 -93.16666
v -22.66667 2.057585 -91.5
v -41.16667 2.057585 -90.83333
v -40.66667 2.057585 -90.5
v -40.16667 2.057585 -91.33333
v -42.66667 2.057585 -111.1667
v -36 2.057585 -106.6667
v -35.5 2.057585 -107.1667
v -25.33333 2.057585 -108.3333
v -19.5 2.057585 -115.6667
v -19.16667 2.057585 -116.6667
v -40 2.057585 -116.6667
v -41.33334 2.057585 -113.3333
v -32.83334 2.057585 -108.1667
v 0 2.057585 -96.16666
v -0.5 2.057585 -96.16666
v -1.333332 2.057585 -95.16666
v 0 2.057585 -87.66666
v -5.333332 2.057585 -92.5
v -8.166668 2.057585 -92.16666
v -8.5 2.057585 -91.33333
v -6 2.057585 -86.83333
v -1.333332 2.057585 -95.16666
v -4.833332 2.057585 -93
v -5.333332 2.057585 -92.5
v -6 2.057585 -86.83333
v 0 2.057585 -87.66666
v -84.83334 3.807585 -111.6667
v -84.16667 3.890918 -111.5
v -84.16667 3.890918 -112.3333
v -85.16667 3.724252 -113.1667
v -85 3.724252 -114
v -84.33334 3.724252 -114.6667
v -84.66667 3.724252 -115.1667
v -85.33334 3.890918 -110
v -84.66667 3.890918 -110.6667
v -85.16667 3.807585 -111.3333
v -82.66667 3.724252 -120.1667
v -81.33334 3.724252 -124.1667
v -81.33334 3.724252 -125.3333
v -85.33334 3.724252 -128
v -84.66667 3.724252 -116.1667
v -85.16667 3.807585 -111.3333
v -84.83334 3.807585 -111.6667
v -85.16667 3.724252 -113.1667
v -85 3.724252 -114
v -84.66667 3.724252 -115.1667
v -84.66667 3.724252 -116.1667
v -85.16667 3.724252 -113.1667
v -85 3.724252 -114
v -84.66667 3.724252 -116.1667
v -85.33334 3.724252 -128
v -85.33334 3.890918 -110
v -85.16667 3.807585 -111.3333
v -85.16667 3.724252 -113.1667
v -85.33334 3.724252 -128
v -81.33334 3.724252 -125.3333
v -80.5 3.724252 -128
v -85.33334 3.724252 -128
v -80.33334 2.057585 -113.1667
v -80.33334 2.390918 -112.6667
v -79.83334 2.224252 -112.3333
v -80.33334 2.057585 -113.1667
v -79.83334 2.224252 -112.3333
v -79.5 2.057585 -111.8333
v -79.5 2.057585 -119.8333
v -77.33334 2.057585 -106.5
v -75.83334 2.057585 -104.5
v -75.16667 2.057585 -104.1667
v -79.5 2.057585 -111.8333
v -83 2.057585 -106.5
v -78.83334 2.057585 -106.5
v -79.5 2.057585 -111.8333
v -78.83334 2.057585 -106.5
v -77.33334 2.057585 -106.5
v -79.5 2.057585 -119.8333
v -82.16667 2.057585 -114.5
v -81 2.057585 -113.8333
v -79.5 2.057585 -119.8333
v -81 2.057585 -113.8333
v -80.33334 2.057585 -113.1667
v -44.5 2.057585 -117.3333
v -43.33334 2.057585 -120.6667
v -42.66667 2.057585 -123.8333
v -42.66667 2.057585 -128
v -50.5 2.057585 -107.8333
v -47.83334 2.057585 -110.6667
v -46.33334 2.057585 -113.1667
v -44.5 2.057585 -117.3333
v -50.5 2.057585 -107.8333
v -44.5 2.057585 -117.3333
v -42.66667 2.057585 -128
v -74.5 2.057585 -128
v -75.16667 2.057585 -104.1667
v -75.16667 2.057585 -103.6667
v -76.33334 2.057585 -128
v -76.83334 2.057585 -128
v -79.5 2.057585 -119.8333
v -79.5 2.057585 -111.8333
v -77.33334 2.057585 -106.5
v -75.16667 2.057585 -104.1667
v -74.5 2.057585 -128
v -76.33334 2.057585 -128
v -79.5 2.057585 -119.8333
v -75.16667 2.057585 -103.6667
v -48.16667 2.057585 -103.6667
v -50.66667 2.057585 -106.5
v -75.16667 2.057585 -103.6667
v -50.66667 2.057585 -106.5
v -50.5 2.057585 -107.8333
v -83.5 3.724252 -112.3333
v -81.16667 2.807585 -112.3333
v -82.83334 3.724252 -113.5
v -80.66667 2.557585 -112.3333
v -79.83334 2.224252 -112.3333
v -80.33334 2.390918 -112.6667
v -84.16667 3.890918 -111.5
v -84.83334 3.807585 -111.6667
v -85.16667 3.807585 -111.3333
v -84.66667 3.890918 -110.6667
v -81.16667 2.807585 -112.3333
v -83.5 3.724252 -112.3333
v -84.66667 3.890918 -110.6667
v -85.33334 3.307585 -108
v -83 2.057585 -106.5
v -79.5 2.057585 -111.8333
v -83.5 3.724252 -112.3333
v -84.16667 3.890918 -112.3333
v -84.16667 3.890918 -111.5
v -84.66667 3.890918 -110.6667
v -85.33334 3.890918 -110
v -85.33334 3.890918 -109.6667
v -79.5 2.057585 -111.8333
v -79.83334 2.224252 -112.3333
v -80.66667 2.557585 -112.3333
v -79.5 2.057585 -111.8333
v -80.66667 2.557585 -112.3333
v -81.16667 2.807585 -112.3333
v -83.5 3.724252 -112.3333
v -84.16667 3.890918 -111.5
v -84.66667 3.890918 -110.6667
v -84.66667 3.890918 -110.6667
v -85.33334 3.890918 -109.6667
v -85.33334 3.307585 -108
v -85.33334 3.307585 -108
v -85.33334 3.224252 -107.8333
v -83 2.057585 -106.5
v -45.83334 2.057585 -86
v -57 2.057585 -86.33333
v -57.83334 2.057585 -86.33333
v -45.83334 2.057585 -86
v -46.16667 2.057585 -86.33333
v -57 2.057585 -86.33333
v -44 2.057585 -85.33333
v -44.5 2.057585 -85.83333
v -45.83334 2.057585 -86
v -57.83334 2.057585 -86.33333
v -78.66667 2.057585 -86.33333
v -79.5 2.057585 -85.33333
v -78.66667 2.057585 -86.33333
v -57.83334 2.057585 -86.33333
v -61.83334 2.057585 -86.5
v -78.66667 2.057585 -86.5
v -65.83334 2.057585 -97.83333
v -63.83334 2.057585 -98
v -77.33334 2.057585 -100.6667
v -81 2.057585 -104.3333
v -80.33334 2.057585 -104.6667
v -78.83334 2.057585 -106.5
v -83 2.057585 -106.5
v -77.5 2.057585 -95.33333
v -66.16667 2.057585 -96.83333
v -65.83334 2.057585 -97.83333
v -77.33334 2.057585 -100.6667
v -78.83334 2.057585 -100.6667
v -78.5 2.057585 -95.33333
v -57.83334 2.057585 -86.33333
v -58 2.057585 -86.5
v -61.16667 2.057585 -86.5
v -57.83334 2.057585 -86.33333
v -61.16667 2.057585 -86.5
v -61.83334 2.057585 -86.5
v -48.16667 2.057585 -103.6667
v -75.16667 2.057585 -103.6667
v -75.16667 2.057585 -102.8333
v -58.83334 2.057585 -86.83333
v -60.5 2.057585 -86.83333
v -61.16667 2.057585 -86.5
v -58 2.057585 -86.5
v -46.66667 2.057585 -103.8333
v -47.5 2.057585 -103.6667
v -56.66667 2.057585 -96
v -45.16667 2.057585 -90.66666
v -61.16667 2.057585 -98
v -60 2.057585 -98
v -77.33334 2.057585 -100.6667
v -77.33334 2.057585 -100.6667
v -63.83334 2.057585 -98
v -62.83334 2.057585 -98
v -77.33334 2.057585 -100.6667
v -62.83334 2.057585 -98
v -61.16667 2.057585 -98
v -58 2.057585 -86.5
v -58.16667 2.057585 -87
v -58.83334 2.057585 -86.83333
v -65.16667 2.057585 -97.83333
v -64 2.057585 -97.83333
v -63.83334 2.057585 -98
v -65.83334 2.057585 -97.83333
v -65.16667 2.057585 -97.83333
v -63.83334 2.057585 -98
v -75.16667 2.057585 -102.8333
v -77 2.057585 -101.3333
v -77.33334 2.057585 -100.6667
v -61.16667 2.057585 -98
v -62.83334 2.057585 -98
v -62.33334 2.057585 -97.5
v -60 2.057585 -98
v -59.33334 2.057585 -97.16666
v -58.83334 2.057585 -97.16666
v -60 2.057585 -98
v -58.83334 2.057585 -97.16666
v -57.66667 2.057585 -97.16666
v -78.66667 2.057585 -86.5
v -61.83334 2.057585 -86.5
v -64.33334 2.057585 -87.16666
v -78.16667 2.057585 -87.16666
v -65.33334 2.057585 -95.33333
v -65 2.057585 -95.66666
v -65.16667 2.057585 -96.5
v -66.16667 2.057585 -96.83333
v -77.5 2.057585 -95.33333
v -75.16667 2.057585 -102.8333
v -77.33334 2.057585 -100.6667
v -60 2.057585 -98
v -48.16667 2.057585 -103.6667
v -81 2.057585 -102.8333
v -81 2.057585 -104.3333
v -83 2.057585 -106.5
v -64 2.057585 -97.83333
v -65.16667 2.057585 -97.83333
v -64.83334 2.057585 -97.33333
v -58.83334 2.057585 -97.16666
v -59.33334 2.057585 -97.16666
v -59.33334 2.057585 -96.66666
v -56.33334 2.057585 -94.16666
v -56.5 2.057585 -92.5
v -56.16667 2.057585 -92.33333
v -45.16667 2.057585 -90.66666
v -56.66667 2.057585 -96
v -56.83334 2.057585 -95
v -56.33334 2.057585 -94.16666
v -45.16667 2.057585 -90.66666
v -78.83334 2.057585 -100.6667
v -80.33334 2.057585 -102.5
v -81 2.057585 -102.8333
v -78.5 2.057585 -95.33333
v -56.16667 2.057585 -92.33333
v -56.16667 2.057585 -91.33333
v -45.16667 2.057585 -90.66666
v -56.16667 2.057585 -91.33333
v -56.5 2.057585 -90.66666
v -45.16667 2.057585 -90.66666
v -81.33334 2.057585 -90.66666
v -80.66667 2.057585 -91.16666
v -80.66667 2.057585 -92.33333
v -82.83334 2.057585 -88.16666
v -81.33334 2.057585 -90.66666
v -80.66667 2.057585 -92.33333
v -42.66667 2.057585 -111.1667
v -43 2.057585 -110
v -42.66667 2.057585 -90.83333
v -48.16667 2.057585 -103.6667
v -57.66667 2.057585 -97.16666
v -56.66667 2.057585 -96
v -47.5 2.057585 -103.6667
v -48.16667 2.057585 -103.6667
v -60 2.057585 -98
v -57.66667 2.057585 -97.16666
v -66 2.057585 -91.5
v -65.5 2.057585 -92.16666
v -66.33334 2.057585 -92.83333
v -65.33334 2.057585 -88.16666
v -65.16667 2.057585 -89.16666
v -66 2.057585 -90.16666
v -74.33334 2.057585 -92.5
v -75.33334 2.057585 -90.66666
v -66 2.057585 -90.16666
v -66 2.057585 -91.5
v -66.33334 2.057585 -92.83333
v -74.33334 2.057585 -92.5
v -75.33334 2.057585 -90.66666
v -76.5 2.057585 -89.83333
v -78.16667 2.057585 -87.16666
v -64.33334 2.057585 -87.16666
v -65.33334 2.057585 -88.16666
v -65.33334 2.057585 -95.33333
v -77.5 2.057585 -95.33333
v -74.83334 2.057585 -94.5
v -66.33334 2.057585 -93.5
v -66.33334 2.057585 -93.5
v -74.5 2.057585 -94.16666
v -74.33334 2.057585 -92.5
v -66.33334 2.057585 -92.83333
v -66.33334 2.057585 -93.5
v -74.83334 2.057585 -94.5
v -74.5 2.057585 -94.16666
v -56.83334 2.057585 -89.5
v -57.16667 2.057585 -89.33333
v -56.83334 2.057585 -89
v -56.83334 2.057585 -89
v -57.16667 2.057585 -87.66666
v -56.66667 2.057585 -87.33333
v -56.5 2.057585 -90.66666
v -56.83334 2.057585 -89.5
v -56.83334 2.057585 -89
v -56.66667 2.057585 -87.33333
v -46.66667 2.057585 -88.33333
v -46.66667 2.057585 -89.16666
v -46.16667 2.057585 -86.33333
v -46.16667 2.057585 -87.66666
v -46.66667 2.057585 -88.33333
v -56.66667 2.057585 -87.33333
v -57 2.057585 -86.33333
v -46.66667 2.057585 -89.16666
v -45.16667 2.057585 -90.66666
v -56.5 2.057585 -90.66666
v -63.33334 2.057585 -87.16666
v -62.33334 2.057585 -87.16666
v -62.83334 2.057585 -87.66666
v -60.5 2.057585 -86.83333
v -58.83334 2.057585 -86.83333
v -60 2.057585 -87.5
v -61.83334 2.057585 -86.5
v -62.33334 2.057585 -87.16666
v -63.33334 2.057585 -87.16666
v -61.83334 2.057585 -86.5
v -63.33334 2.057585 -87.16666
v -64.33334 2.057585 -87.16666
v -45.16667 2.057585 -90.66666
v -43.5 2.057585 -90.5
v -42.66667 2.057585 -90.83333
v -44.83334 2.057585 -106.1667
v -46.66667 2.057585 -103.8333
v -43 2.057585 -110
v -44.83334 2.057585 -107.3333
v -44.83334 2.057585 -106.1667
v -42.66667 2.057585 -90.83333
v -82.83334 2.057585 -88.16666
v -80.66667 2.057585 -92.33333
v -80.16667 2.057585 -93.33333
v -85.33334 2.057585 -85.5
v -81 2.057585 -102.8333
v -83 2.057585 -106.5
v -85.33334 3.224252 -107.8333
v -85.33334 2.057585 -85.5
v -80.16667 2.057585 -93.33333
v -79.5 2.057585 -94.5
v -79.5 2.057585 -94.5
v -78.5 2.057585 -95.33333
v -81 2.057585 -102.8333
v -122.3333 4.224252 -127
v -122.3333 4.140918 -127.6667
v -122.8333 4.140918 -128
v -124.1667 4.140918 -128
v -123.8333 4.474252 -127
v -110.6667 3.890918 -86.33333
v -109.6667 3.890918 -87.16666
v -112.6667 3.724252 -87.16666
v -112 3.890918 -85.83333
v -85.33333 3.724252 -128
v -118.5 4.557585 -128
v -118.5 4.557585 -127.1667
v -113.3333 3.724252 -87.16666
v -114.3333 3.724252 -87.16666
v -114.1667 3.724252 -86.83333
v -118.5 4.557585 -127.1667
v -119.5 4.557585 -125.3333
v -119.5 4.557585 -124.5
v -85.33333 3.724252 -128
v -110.6667 3.890918 -86.33333
v -112 3.890918 -85.83333
v -112 3.724252 -85.33333
v -124.1667 4.557585 -123.3333
v -125.5 4.557585 -123.6667
v -125.8333 4.557585 -123.6667
v -104.6667 2.057585 -85.33333
v -107.1667 3.890918 -88.33333
v -107.6667 3.890918 -88
v -104.6667 2.057585 -85.33333
v -104.5 2.057585 -85.33333
v -100.5 2.057585 -87.66666
v -101.5 2.557585 -88.66666
v -106.6667 3.890918 -88.66666
v -107.1667 3.890918 -88.33333
v -120.6667 4.557585 -123.6667
v -121 4.557585 -123.6667
v -122.3333 4.557585 -123.3333
v -120.1667 4.307585 -123.6667
v -120.6667 4.557585 -123.6667
v -122.3333 4.557585 -123.3333
v -97.5 2.057585 -94.66666
v -100.3333 2.057585 -88
v -85.5 2.057585 -85.33333
v -85.33333 2.057585 -85.5
v -88 2.057585 -101.5
v -85.66666 3.890918 -109.8333
v -85.66666 3.890918 -109.5
v -85.33333 3.890918 -109.6667
v -85.33333 3.890918 -110
v -100.5 2.057585 -87.66666
v -100.3333 2.057585 -88
v -100.8333 2.390918 -88.83333
v -101.5 2.557585 -88.66666
v -86 3.890918 -109.8333
v -85.66666 3.890918 -109.8333
v -85.33333 3.890918 -110
v -108.6667 3.890918 -87.5
v -109.6667 3.890918 -87.16666
v -110.6667 3.890918 -86.33333
v -107.6667 3.890918 -88
v -108.6667 3.890918 -87.5
v -110.6667 3.890918 -86.33333
v -112 3.724252 -85.33333
v -104.6667 2.057585 -85.33333
v -85.33333 3.224252 -107.8333
v -85.33333 3.307585 -108
v -86.16666 3.724252 -108.3333
v -86.16666 3.724252 -108.3333
v -85.66666 3.890918 -109.5
v -86 3.890918 -109.5
v -108.6667 3.890918 -87.5
v -109.5 3.890918 -87.5
v -109.6667 3.890918 -87.16666
v -86.16666 3.724252 -108.3333
v -89.33333 3.724252 -105.6667
v -88.5 3.890918 -105
v -90.16666 3.724252 -105.6667
v -89.33333 3.724252 -105.6667
v -86.16666 3.724252 -108.3333
v -85.66666 3.890918 -109.5
v -85.66666 3.890918 -109.8333
v -86 3.890918 -109.8333
v -86 3.890918 -109.5
v -85.66666 3.890918 -109.5
v -86.16666 3.724252 -108.3333
v -85.33333 3.307585 -108
v -85.33333 3.890918 -109.6667
v -91.5 3.724252 -105.1667
v -90.66666 3.724252 -105
v -90.16666 3.724252 -105.6667
v -86 3.890918 -109.8333
v -85.33333 3.890918 -110
v -85.33333 3.724252 -128
v -85.33333 3.224252 -107.8333
v -87.66666 2.807585 -102.3333
v -88 2.057585 -101.5
v -85.33333 2.057585 -85.5
v -91.5 3.724252 -105.1667
v -86 3.890918 -109.8333
v -85.33333 3.724252 -128
v -119.5 4.557585 -124.5
v -120.1667 4.307585 -123.6667
v -91.5 3.724252 -105.1667
v -90.16666 3.724252 -105.6667
v -86 3.890918 -109.8333
v -107.6667 3.890918 -88
v -107.1667 3.890918 -88.33333
v -107.3333 3.890918 -88.66666
v -109.5 3.890918 -87.5
v -108.6667 3.890918 -87.5
v -105.5 3.807585 -89.83333
v -104.5 3.890918 -90
v -104.5 3.890918 -90.33333
v -105.1667 3.724252 -91.16666
v -99.5 3.724252 -97
v -99.16666 3.724252 -97
v -95.5 3.724252 -100.8333
v -105.1667 3.724252 -91.83333
v -104.1667 3.724252 -92.5
v -104.3333 3.724252 -93.16666
v -106.6667 3.890918 -88.66666
v -105.5 3.890918 -89.33333
v -105.5 3.807585 -89.83333
v -104.3333 3.724252 -93.16666
v -102.5 3.724252 -94.66666
v -95.5 3.724252 -100.8333
v -105.5 3.807585 -89.83333
v -105.1667 3.724252 -91.16666
v -105.1667 3.724252 -91.83333
v -107.3333 3.890918 -88.66666
v -106.6667 3.890918 -88.66666
v -86.16666 3.724252 -108.3333
v -86 3.890918 -109.5
v -86 3.890918 -109.8333
v -90.16666 3.724252 -105.6667
v -95.5 3.724252 -100.8333
v -95 3.724252 -101
v -91.5 3.724252 -105.1667
v -112.6667 3.724252 -87.16666
v -109.6667 3.890918 -87.16666
v -109.5 3.890918 -87.5
v -102.5 3.724252 -94.66666
v -101.6667 3.724252 -94.83333
v -99.5 3.724252 -97
v -102.5 3.724252 -94.66666
v -99.5 3.724252 -97
v -95.5 3.724252 -100.8333
v -113.3333 3.724252 -87.16666
v -112.6667 3.724252 -87.16666
v -109.5 3.890918 -87.5
v -114.3333 3.724252 -87.16666
v -113.3333 3.724252 -87.16666
v -109.5 3.890918 -87.5
v -107.3333 3.890918 -88.66666
v -105.1667 3.724252 -91.83333
v -104.3333 3.724252 -93.16666
v -115 3.724252 -87.16666
v -114.3333 3.724252 -87.16666
v -109.5 3.890918 -87.5
v -90.83333 2.057585 -101.5
v -88.5 2.057585 -101.5
v -90.16666 2.057585 -102.5
v -100.6667 2.057585 -89.66666
v -100.8333 2.390918 -88.83333
v -100.3333 2.057585 -88
v -101 2.057585 -91.83333
v -101.8333 2.057585 -91.5
v -100.6667 2.057585 -89.66666
v -101 2.057585 -91.83333
v -100.6667 2.057585 -89.66666
v -100.3333 2.057585 -88
v -97.5 2.057585 -94.66666
v -100.3333 2.057585 -88
v -100.5 2.057585 -87.66666
v -85.5 2.057585 -85.33333
v -88.5 2.057585 -101.5
v -90.83333 2.057585 -101.5
v -97.5 2.057585 -94.66666
v -88 2.057585 -101.5
v -88.5 2.057585 -101.5
v -97.5 2.057585 -94.66666
v -88.5 3.890918 -105
v -89.16666 3.474252 -103.1667
v -87.66666 2.807585 -102.3333
v -85.33333 3.224252 -107.8333
v -86.16666 3.724252 -108.3333
v -100.5 2.057585 -87.66666
v -104.5 2.057585 -85.33333
v -85.5 2.057585 -85.33333
v -103.6667 3.724252 -90.33333
v -104.5 3.890918 -90.33333
v -104.5 3.890918 -90
v -104.5 3.890918 -90
v -105.5 3.807585 -89.83333
v -105.5 3.890918 -89.33333
v -103.6667 3.724252 -90.33333
v -104.5 3.890918 -90
v -105.5 3.890918 -89.33333
v -101.5 2.557585 -88.66666
v -102.8333 3.724252 -90.83333
v -103.6667 3.724252 -90.33333
v -106.6667 3.890918 -88.66666
v -101.5 2.557585 -88.66666
v -103.6667 3.724252 -90.33333
v -105.5 3.890918 -89.33333
v -106.6667 3.890918 -88.66666
v -107.3333 3.890918 -88.66666
v -107.1667 3.890918 -88.33333
v -124.1667 4.557585 -123.3333
v -125.8333 4.557585 -123.6667
v -126.3333 4.307585 -123.6667
v -123.8333 4.307585 -122.6667
v -104.3333 3.724252 -93.16666
v -123.3333 4.307585 -122.6667
v -123.8333 4.307585 -122.6667
v -120.1667 4.307585 -123.6667
v -122.3333 4.557585 -123.3333
v -123.3333 4.307585 -122.6667
v -104.3333 3.724252 -93.16666
v -95.5 3.724252 -100.8333
v -91.5 3.724252 -105.1667
v -127 4.557585 -124.5
v -127 4.557585 -125.3333
v -128 4.557585 -127.1667
v -128 3.724252 -85.33333
v -128 3.724252 -85.33333
v -119.3333 3.724252 -85.33333
v -115 3.724252 -87.16666
v -104.3333 3.724252 -93.16666
v -123.8333 4.307585 -122.6667
v -126.3333 4.307585 -123.6667
v -128 3.724252 -85.33333
v -126.3333 4.307585 -123.6667
v -127 4.557585 -124.5
v -143.8333 2.057585 -85.33333
v -143.8333 2.057585 -86
v -144.5 2.057585 -86.66666
v -170.6667 2.057585 -85.33333
v -145 2.057585 -91.16666
v -144.6667 2.057585 -91.83333
v -145.6667 2.057585 -92.5
v -144.5 2.057585 -87.83333
v -143.5 2.057585 -88.66666
v -143.5 2.057585 -89
v -144.8333 2.057585 -90.16666
v -146 2.057585 -119.1667
v -145.3333 2.057585 -124.6667
v -145.3333 2.057585 -128
v -170.6667 2.057585 -128
v -145.3333 2.057585 -113.8333
v -145.1667 2.057585 -115.6667
v -146 2.057585 -116.1667
v -144.8333 2.057585 -90.16666
v -145 2.057585 -91.16666
v -145.6667 2.057585 -92.5
v -170.6667 2.057585 -85.33333
v -144.5 2.057585 -86.66666
v -144.5 2.057585 -87.83333
v -144.6667 2.057585 -98.33333
v -144.3333 2.057585 -98.5
v -145 2.057585 -101
v -145 2.057585 -122
v -144.6667 2.057585 -122.1667
v -145.3333 2.057585 -124.6667
v -146 2.057585 -119.1667
v -145 2.057585 -120.1667
v -145 2.057585 -122
v -145.3333 2.057585 -124.6667
v -145.6667 2.057585 -95.33333
v -144.6667 2.057585 -96.5
v -144.6667 2.057585 -98.33333
v -145 2.057585 -101
v -145.8333 2.057585 -105.5
v -145.8333 2.057585 -108.3333
v -144.6667 2.057585 -109.5
v -144.6667 2.057585 -111.5
v -145.3333 2.057585 -113.8333
v -146 2.057585 -116.1667
v -146 2.057585 -119.1667
v -170.6667 2.057585 -128
v -145 2.057585 -101
v -144.8333 2.057585 -104.6667
v -145.8333 2.057585 -105.5
v -145.6667 2.057585 -92.5
v -145.8333 2.057585 -105.5
v -146 2.057585 -116.1667
v -170.6667 2.057585 -128
v -170.6667 2.057585 -85.33333
v -145.8333 2.057585 -105.5
v -145.8333 2.057585 -108.3333
v -146 2.057585 -116.1667
v -145.6667 2.057585 -92.5
v -145.6667 2.057585 -95.33333
v -145.8333 2.057585 -105.5
v -145.8333 2.057585 -108.3333
v -145.3333 2.057585 -113.8333
v -146 2.057585 -116.1667
v -138.5 3.724252 -128
v -139.3333 3.724252 -127.5
v -139.1667 3.724252 -127.1667
v -137.6667 3.724252 -127.1667
v -138.3333 3.724252 -128
v -128 4.557585 -127.1667
v -128 4.557585 -128
v -136.5 3.724252 -128
v -137 3.724252 -127.1667
v -137.3333 3.724252 -112.5
v -138 3.724252 -112
v -138 3.724252 -111.5
v -135.8333 3.724252 -109
v -137.3333 3.724252 -123.8333
v -137.8333 3.724252 -123.5
v -138 3.724252 -122.6667
v -136 3.724252 -120.5
v -139.1667 3.724252 -127.1667
v -139.1667 3.724252 -126.5
v -138.3333 3.724252 -126
v -137.6667 3.724252 -127.1667
v -137 3.724252 -93
v -138 3.724252 -90.33333
v -137.6667 3.724252 -90
v -136.3333 3.724252 -94.16666
v -136 3.724252 -119.3333
v -136.6667 3.724252 -118.8333
v -136.6667 3.724252 -118
v -137 3.724252 -127.1667
v -137.6667 3.724252 -127.1667
v -138.3333 3.724252 -126
v -137.3333 3.724252 -124.6667
v -137 3.724252 -100.1667
v -137.8333 3.724252 -99.16666
v -135.6667 3.724252 -96.83333
v -138.3333 3.724252 -115.1667
v -138.6667 3.724252 -115
v -137.3333 3.724252 -113.5
v -137.6667 3.724252 -89
v -137.1667 3.724252 -87.33333
v -136.5 3.724252 -86.66666
v -137.6667 3.724252 -90
v -137.1667 3.724252 -117.5
v -137.6667 3.724252 -117.5
v -138.3333 3.724252 -115.1667
v -136.6667 3.724252 -118
v -137.1667 3.724252 -117.5
v -138.3333 3.724252 -115.1667
v -137.3333 3.724252 -113.5
v -137 3.724252 -127.1667
v -137.3333 3.724252 -124.6667
v -137.3333 3.724252 -123.8333
v -136 3.724252 -120.5
v -128 4.557585 -127.1667
v -137.3333 3.724252 -113.5
v -137.3333 3.724252 -112.5
v -135.8333 3.724252 -109
v -136 3.724252 -119.3333
v -136.6667 3.724252 -118
v -137.5 3.724252 -103.3333
v -137.8333 3.724252 -103
v -137 3.724252 -101
v -138.1667 3.724252 -106.3333
v -137.8333 3.724252 -106.3333
v -138.1667 3.724252 -106.6667
v -138.8333 3.724252 -103
v -138.8333 3.724252 -102.6667
v -138.5 3.724252 -102.6667
v -137.8333 3.724252 -103
v -137.6667 3.724252 -90
v -136.5 3.724252 -86.66666
v -136 3.724252 -85.33333
v -128 3.724252 -85.33333
v -135.6667 3.724252 -95.66666
v -136.3333 3.724252 -94.16666
v -138.8333 3.724252 -90.83333
v -138.8333 3.724252 -90.33333
v -138 3.724252 -90.33333
v -137 3.724252 -93
v -137.8333 3.724252 -106.3333
v -138.1667 3.724252 -106.3333
v -138 3.724252 -105
v -136.3333 3.724252 -94.16666
v -136.8333 3.724252 -93.83333
v -137 3.724252 -93
v -137.6667 3.724252 -89
v -138.6667 3.724252 -88.66666
v -138.6667 3.724252 -87.83333
v -137.1667 3.724252 -87.33333
v -135.6667 3.724252 -95.66666
v -136.3333 3.724252 -95.16666
v -136.3333 3.724252 -94.16666
v -137 3.724252 -106.3333
v -137.8333 3.724252 -106.3333
v -138 3.724252 -105
v -137.5 3.724252 -104.6667
v -137.8333 3.724252 -103
v -138.5 3.724252 -102.6667
v -137 3.724252 -101
v -137 3.724252 -101
v -137 3.724252 -100.1667
v -135.6667 3.724252 -96.83333
v -135.8333 3.724252 -108.3333
v -136.6667 3.724252 -107.5
v -136.6667 3.724252 -106.6667
v -136.6667 3.724252 -106.6667
v -137 3.724252 -106.3333
v -137.5 3.724252 -104.6667
v -136.6667 3.724252 -106.6667
v -137.5 3.724252 -104.6667
v -137.5 3.724252 -103.3333
v -137 3.724252 -101
v -135.6667 3.724252 -96.83333
v -135.8333 3.724252 -108.3333
v -135.6667 3.724252 -96.83333
v -135.6667 3.724252 -95.66666
v -128 3.724252 -85.33333
v -135.8333 3.724252 -109
v -135.8333 3.724252 -108.3333
v -135.6667 3.724252 -96.83333
v -128 3.724252 -85.33333
v -128 4.557585 -127.1667
v -128 4.557585 -127.1667
v -136 3.724252 -120.5
v -136 3.724252 -119.3333
v -135.8333 3.724252 -109
v -180.1667 2.057585 -85.33333
v -170.6667 2.057585 -85.33333
v -170.6667 2.057585 -128
v -180.1667 2.057585 -128
v 51.16667 2.057585 -161.6667
v 52 2.057585 -161.6667
v 52.16667 2.057585 -162.1667
v 51.83334 2.057585 -162.8333
v 47.16667 2.057585 -168.8333
v 46.83334 2.057585 -169.1667
v 44.16667 2.057585 -170.6667
v 42.66667 2.057585 -170.6667
v 46.83334 2.057585 -170
v 46.16667 2.057585 -170.6667
v 45.66667 2.057585 -170.6667
v 51.16667 2.057585 -161.6667
v 51.83334 2.057585 -162.8333
v 51 2.057585 -163.3333
v 50.83334 2.057585 -161.3333
v 49.66667 2.057585 -159.8333
v 50.5 2.057585 -159.8333
v 50.83334 2.057585 -161.3333
v 46.83334 2.057585 -169.1667
v 46.83334 2.057585 -170
v 45.66667 2.057585 -170.6667
v 44.16667 2.057585 -170.6667
v 61.5 2.057585 -134
v 60.33334 2.057585 -128.6667
v 60.33334 2.057585 -128
v 68.66667 2.057585 -128
v 68.66667 2.057585 -134
v 50 2.057585 -165.6667
v 50.16667 2.057585 -167.5
v 49.16667 2.057585 -167.5
v 48 2.057585 -157.5
v 48.83334 2.057585 -158.3333
v 49.16667 2.057585 -159.3333
v 49.16667 2.057585 -167.5
v 48.33334 2.057585 -168.8333
v 47.16667 2.057585 -168.8333
v 50 2.057585 -165.6667
v 49.16667 2.057585 -159.3333
v 49.66667 2.057585 -159.8333
v 50.83334 2.057585 -161.3333
v 51 2.057585 -163.3333
v 50 2.057585 -165.6667
v 61.5 2.057585 -134
v 61 2.057585 -134
v 60.16667 2.057585 -133
v 60.16667 2.057585 -132.3333
v 58.83334 2.057585 -141.6667
v 58.83334 2.057585 -141.1667
v 59.5 2.057585 -140.5
v 59.83334 2.057585 -142.8333
v 59.5 2.057585 -168
v 59.16667 2.057585 -167.3333
v 60.16667 2.057585 -166.6667
v 58.83334 2.057585 -153
v 58.33334 2.057585 -152.3333
v 59 2.057585 -150.8333
v 59.5 2.057585 -140.5
v 59.33334 2.057585 -139
v 60.33334 2.057585 -138.3333
v 59.83334 2.057585 -142.8333
v 68.66667 2.057585 -170.6667
v 60.16667 2.057585 -166.6667
v 60.5 2.057585 -162.5
v 59.66667 2.057585 -155.6667
v 58.66667 2.057585 -154.6667
v 58.83334 2.057585 -153
v 60.33334 2.057585 -138.3333
v 60.33334 2.057585 -135.3333
v 61 2.057585 -135.3333
v 60.33334 2.057585 -138.3333
v 61 2.057585 -135.3333
v 61.5 2.057585 -135.3333
v 59.33334 2.057585 -170.6667
v 59.5 2.057585 -168
v 60.16667 2.057585 -166.6667
v 68.66667 2.057585 -170.6667
v 59.83334 2.057585 -145.8333
v 60.33334 2.057585 -138.3333
v 68.66667 2.057585 -135.3333
v 68.66667 2.057585 -170.6667
v 60.5 2.057585 -162.5
v 59.66667 2.057585 -155.6667
v 59.66667 2.057585 -155.6667
v 58.83334 2.057585 -153
v 59 2.057585 -150.8333
v 59 2.057585 -150.8333
v 59 2.057585 -146.3333
v 59.83334 2.057585 -145.8333
v 59.66667 2.057585 -155.6667
v 60.5 2.057585 -162.5
v 59.66667 2.057585 -158.1667
v 59.66667 2.057585 -155.6667
v 59.83334 2.057585 -145.8333
v 59.83334 2.057585 -142.8333
v 60.33334 2.057585 -138.3333
v 60.33334 2.057585 -138.3333
v 61.5 2.057585 -135.3333
v 68.66667 2.057585 -135.3333
v 50 2.057585 -156.6667
v 50 2.057585 -157.1667
v 49.66667 2.057585 -157.1667
v 49.16667 2.057585 -156.6667
v 49.66667 2.057585 -155.6667
v 50.33334 2.057585 -156.1667
v 50 2.057585 -156.6667
v 49.16667 2.057585 -156.6667
v 60.16667 2.057585 -132.3333
v 59.66667 2.057585 -132
v 59.5 2.057585 -131.1667
v 50 2.057585 -143.5
v 50.33334 2.057585 -143.5
v 50.16667 2.057585 -144.6667
v 50.16667 2.057585 -153
v 50.16667 2.057585 -154
v 49.66667 2.057585 -154.3333
v 51.33334 2.057585 -148.8333
v 52.16667 2.057585 -149
v 51 2.057585 -150.3333
v 49.66667 2.057585 -155.6667
v 49.16667 2.057585 -156.6667
v 48.33334 2.057585 -156.6667
v 49.66667 2.057585 -154.3333
v 50.16667 2.057585 -144.6667
v 51.33334 2.057585 -145.8333
v 50.83334 2.057585 -146.3333
v 48.66667 2.057585 -143.5
v 50 2.057585 -143.5
v 50.16667 2.057585 -144.6667
v 50.66667 2.057585 -147.6667
v 51.33334 2.057585 -148.8333
v 51 2.057585 -150.3333
v 42.66667 2.057585 -144.6667
v 44.33334 2.057585 -143.5
v 48.66667 2.057585 -143.5
v 51 2.057585 -150.3333
v 51 2.057585 -151.1667
v 50.16667 2.057585 -153
v 50.66667 2.057585 -147.6667
v 50.16667 2.057585 -144.6667
v 50.83334 2.057585 -146.3333
v 50.66667 2.057585 -147.6667
v 48.66667 2.057585 -143.5
v 50.16667 2.057585 -153
v 49.66667 2.057585 -154.3333
v 48.33334 2.057585 -156.6667
v 47.5 2.057585 -143.3333
v 48 2.057585 -143.3333
v 48.66667 2.057585 -143.5
v 46.66667 2.057585 -143.3333
v 47.5 2.057585 -143.3333
v 48.66667 2.057585 -143.5
v 46.66667 2.057585 -143.3333
v 48.66667 2.057585 -143.5
v 44.33334 2.057585 -143.5
v 44.33334 2.057585 -143.3333
v 50.33334 2.057585 -143.5
v 50 2.057585 -143.5
v 50.5 2.057585 -142.8333
v 44.16667 2.057585 -142.5
v 44.5 2.057585 -142.1667
v 45.16667 2.057585 -142.1667
v 46 2.057585 -143.1667
v 44.33334 2.057585 -143.3333
v 46.66667 2.057585 -143.3333
v 44.33334 2.057585 -143.3333
v 46 2.057585 -143.1667
v 49.33334 2.057585 -135.8333
v 47.83334 2.057585 -135.3333
v 51 2.057585 -135.3333
v 49.83334 2.057585 -136.3333
v 49.33334 2.057585 -135.8333
v 51 2.057585 -135.3333
v 50.33334 2.057585 -138.3333
v 49.83334 2.057585 -138.3333
v 49.83334 2.057585 -136.3333
v 51 2.057585 -135.3333
v 50.66667 2.057585 -147.6667
v 50.16667 2.057585 -153
v 48.33334 2.057585 -156.6667
v 50 2.057585 -165.6667
v 47.16667 2.057585 -168.8333
v 42.66667 2.057585 -170.6667
v 42.66667 2.057585 -144.6667
v 48 2.057585 -157.5
v 51.83334 2.057585 -131.8333
v 52.66667 2.057585 -132
v 51.66667 2.057585 -133.3333
v 50.83334 2.057585 -128
v 51.83334 2.057585 -128.8333
v 51.33334 2.057585 -129.5
v 51.66667 2.057585 -133.3333
v 51.5 2.057585 -134.6667
v 51 2.057585 -135.3333
v 47.83334 2.057585 -135.3333
v 51.33334 2.057585 -131.1667
v 51.83334 2.057585 -131.8333
v 51.33334 2.057585 -131.1667
v 47.83334 2.057585 -135.3333
v 47 2.057585 -135.3333
v 42.66667 2.057585 -144.6667
v 48.66667 2.057585 -143.5
v 50.66667 2.057585 -147.6667
v 48.33334 2.057585 -156.6667
v 48 2.057585 -157.5
v 60.66667 2.057585 -135
v 61 2.057585 -135.3333
v 60.33334 2.057585 -135.3333
v 61 2.057585 -134
v 60.66667 2.057585 -135
v 60.33334 2.057585 -135.3333
v 59.33334 2.057585 -134.3333
v 59.5 2.057585 -134
v 68.66667 2.057585 -135.3333
v 61.5 2.057585 -135.3333
v 61.83334 2.057585 -135
v 68.66667 2.057585 -134
v 68.66667 2.057585 -135.3333
v 61.83334 2.057585 -135
v 61.5 2.057585 -134
v 59.5 2.057585 -134
v 59.5 2.057585 -133.3333
v 60.16667 2.057585 -133
v 61 2.057585 -134
v 59.5 2.057585 -131.1667
v 59.5 2.057585 -129.3333
v 60.33334 2.057585 -128.6667
v 61.5 2.057585 -134
v 60.16667 2.057585 -132.3333
v 48 2.057585 -157.5
v 49.16667 2.057585 -159.3333
v 50 2.057585 -165.6667
v 43.5 2.057585 -136.6667
v 43.16667 2.057585 -137.5
v 42.66667 2.057585 -137.6667
v 42.66667 2.057585 -128
v 50.83334 2.057585 -128
v 51.33334 2.057585 -129.5
v 51.33334 2.057585 -131.1667
v 47 2.057585 -135.3333
v 46 2.057585 -136.1667
v 43.5 2.057585 -136.6667
v 42.66667 2.057585 -128
v 50.83334 2.057585 -128
v 51.33334 2.057585 -131.1667
v 16.33333 2.057585 -164.5
v 16.33333 2.057585 -166
v 15.16667 2.057585 -166
v 2.166667 2.057585 -131.1667
v 1.5 2.057585 -131.1667
v 1.666667 2.057585 -130.8333
v 14.5 2.057585 -168.6667
v 15.5 2.057585 -169.6667
v 15.33333 2.057585 -170.6667
v 0 2.057585 -170.6667
v 16.33333 2.057585 -164.5
v 15.16667 2.057585 -166
v 14.66667 2.057585 -166.5
v 18.16667 2.057585 -158.1667
v 18.33333 2.057585 -161.3333
v 18 2.057585 -161.5
v 18 2.057585 -161.5
v 17.66667 2.057585 -163
v 16.33333 2.057585 -164.5
v 0.5 2.057585 -131.1667
v 1.5 2.057585 -131.1667
v 2.666667 2.057585 -131.8333
v 18 2.057585 -128
v 17.83333 2.057585 -129.3333
v 17.5 2.057585 -131.8333
v 5 2.057585 -131.1667
v 6.166667 2.057585 -128
v 14.66667 2.057585 -166.5
v 14.5 2.057585 -168.6667
v 0 2.057585 -170.6667
v 23.66667 2.057585 -169.3333
v 27.33333 2.057585 -169.3333
v 26.33333 2.057585 -170.6667
v 23.83333 2.057585 -170.6667
v 29 2.057585 -170.1667
v 30.33333 2.057585 -170.1667
v 29.66667 2.057585 -170.6667
v 29 2.057585 -170.6667
v 35.16667 2.057585 -169.8333
v 36.66667 2.057585 -169.8333
v 35.5 2.057585 -170.6667
v 35.16667 2.057585 -170.6667
v 31.83333 2.057585 -156
v 32.16667 2.057585 -154.1667
v 35.83334 2.057585 -151.8333
v 32.16667 2.057585 -154.1667
v 31.66667 2.057585 -153.6667
v 35.83334 2.057585 -151.8333
v 40.5 2.057585 -170.5
v 40.16667 2.057585 -170.5
v 39.5 2.057585 -169.8333
v 9.166667 2.057585 -148
v 32.33334 2.057585 -148
v 26 2.057585 -151.1667
v 31.33333 2.057585 -169.3333
v 31.33333 2.057585 -170.3333
v 30.33333 2.057585 -170.1667
v 30.33333 2.057585 -170.1667
v 29 2.057585 -170.1667
v 28.5 2.057585 -169.3333
v 31.33333 2.057585 -169.3333
v 36.66667 2.057585 -169.8333
v 35.16667 2.057585 -169.8333
v 35.16667 2.057585 -166.6667
v 31.66667 2.057585 -153.6667
v 30.66667 2.057585 -153.6667
v 30 2.057585 -152.8333
v 35.83334 2.057585 -151.8333
v 39.5 2.057585 -169.8333
v 36.66667 2.057585 -169.8333
v 35.16667 2.057585 -166.6667
v 31.33333 2.057585 -169
v 31.33333 2.057585 -169.3333
v 28.5 2.057585 -169.3333
v 31.33333 2.057585 -169
v 28.5 2.057585 -169.3333
v 27.33333 2.057585 -169.3333
v 23.16667 2.057585 -169
v 31.33333 2.057585 -169
v 27.33333 2.057585 -169.3333
v 23.66667 2.057585 -169.3333
v 22.5 2.057585 -169
v 22.16667 2.057585 -169
v 22.16667 2.057585 -167.8333
v 23.16667 2.057585 -169
v 22.5 2.057585 -169
v 22.16667 2.057585 -167.8333
v 22.83333 2.057585 -167.1667
v 23 2.057585 -166.3333
v 31.5 2.057585 -166.5
v 31.16667 2.057585 -166.8333
v 23.16667 2.057585 -169
v 22.83333 2.057585 -167.1667
v 23 2.057585 -166.3333
v 31.16667 2.057585 -166.8333
v 31.33333 2.057585 -169
v 23 2.057585 -166.3333
v 34.33334 2.057585 -166.3333
v 31.5 2.057585 -166.5
v 23.33333 2.057585 -162.6667
v 22.66667 2.057585 -162.3333
v 22.83333 2.057585 -161.3333
v 24 2.057585 -161.3333
v 41.66667 2.057585 -170.5
v 40.5 2.057585 -170.5
v 39.5 2.057585 -169.8333
v 39.5 2.057585 -169.8333
v 35.16667 2.057585 -166.6667
v 34.83334 2.057585 -166.3333
v 24.83333 2.057585 -160.5
v 25 2.057585 -158.8333
v 25.5 2.057585 -158.5
v 27.16667 2.057585 -158.3333
v 23 2.057585 -166.3333
v 22.83333 2.057585 -164.8333
v 23.33333 2.057585 -163.8333
v 23.33333 2.057585 -163.8333
v 23.33333 2.057585 -162.6667
v 24 2.057585 -161.3333
v 24.83333 2.057585 -160.5
v 42.66667 2.057585 -170.6667
v 41.66667 2.057585 -170.5
v 39.5 2.057585 -169.8333
v 34.83334 2.057585 -166.3333
v 34.33334 2.057585 -166.3333
v 30.83333 2.057585 -156.8333
v 31.83333 2.057585 -156
v 27.16667 2.057585 -158.3333
v 27.66667 2.057585 -157.6667
v 30.83333 2.057585 -156.8333
v 23 2.057585 -166.3333
v 23.33333 2.057585 -163.8333
v 24.83333 2.057585 -160.5
v 27.16667 2.057585 -158.3333
v 30.83333 2.057585 -156.8333
v 34.33334 2.057585 -166.3333
v 24 2.057585 -155.1667
v 23.66667 2.057585 -155.1667
v 23.66667 2.057585 -154.8333
v 25 2.057585 -153.8333
v 22.5 2.057585 -153.8333
v 25 2.057585 -153.8333
v 23.66667 2.057585 -154.8333
v 24.83333 2.057585 -152.3333
v 25 2.057585 -153.8333
v 22.5 2.057585 -153.8333
v 24.83333 2.057585 -152.3333
v 22.5 2.057585 -153.8333
v 21.5 2.057585 -153.8333
v 17.5 2.057585 -131.8333
v 3.666667 2.057585 -131.8333
v 5 2.057585 -131.1667
v 28.33333 2.057585 -152.8333
v 28.66667 2.057585 -152.8333
v 28.33333 2.057585 -153.1667
v 28.66667 2.057585 -152.8333
v 28.33333 2.057585 -152.8333
v 28 2.057585 -151.8333
v 30 2.057585 -152.8333
v 28.66667 2.057585 -152.8333
v 28 2.057585 -151.8333
v 35.33334 2.057585 -151.8333
v 42.66667 2.057585 -170.6667
v 42 2.057585 -170.6667
v 41.66667 2.057585 -170.5
v 30 2.057585 -152.8333
v 35.33334 2.057585 -151.8333
v 35.83334 2.057585 -151.8333
v 34.5 2.057585 -151.1667
v 35.33334 2.057585 -151.8333
v 28 2.057585 -151.8333
v 26.83333 2.057585 -151.1667
v 37.16667 2.057585 -147.8333
v 38.83334 2.057585 -146.3333
v 39.66667 2.057585 -146.3333
v 37.16667 2.057585 -147.8333
v 39.66667 2.057585 -146.3333
v 40.66667 2.057585 -146.3333
v 42.66667 2.057585 -170.6667
v 39.5 2.057585 -169.8333
v 34.83334 2.057585 -166.3333
v 18 2.057585 -161.5
v 16.33333 2.057585 -164.5
v 14.66667 2.057585 -166.5
v 32.66667 2.057585 -148.5
v 33.66667 2.057585 -148.5
v 33 2.057585 -149.3333
v 32.33334 2.057585 -148
v 32.66667 2.057585 -148.5
v 33 2.057585 -149.3333
v 33 2.057585 -150.1667
v 26.83333 2.057585 -151.1667
v 26 2.057585 -151.1667
v 17.83333 2.057585 -129.3333
v 18.16667 2.057585 -129.5
v 18.16667 2.057585 -130
v 17.5 2.057585 -131.8333
v 33 2.057585 -150.1667
v 34.5 2.057585 -151.1667
v 26.83333 2.057585 -151.1667
v 8.166667 2.057585 -138.1667
v 7.666667 2.057585 -138.1667
v 3.666667 2.057585 -131.8333
v 17.66667 2.057585 -137.1667
v 18.83333 2.057585 -137.8333
v 1.5 2.057585 -131.1667
v 2.166667 2.057585 -131.1667
v 2.666667 2.057585 -131.8333
v 5.5 2.057585 -147.1667
v 5.833333 2.057585 -147.1667
v 6.833333 2.057585 -148
v 35.83334 2.057585 -151.8333
v 41.66667 2.057585 -145.8333
v 42.33334 2.057585 -145.1667
v 42.66667 2.057585 -170.6667
v 34.83334 2.057585 -166.3333
v 31.83333 2.057585 -156
v 4.333333 2.057585 -147.1667
v 5.5 2.057585 -147.1667
v 6.833333 2.057585 -148
v 3.833333 2.057585 -147.1667
v 4.333333 2.057585 -147.1667
v 6.833333 2.057585 -148
v 36.66667 2.057585 -150.8333
v 40.66667 2.057585 -146.3333
v 41.66667 2.057585 -145.8333
v 35.83334 2.057585 -151.8333
v 9.166667 2.057585 -148
v 10.5 2.057585 -147
v 11 2.057585 -147
v 9.166667 2.057585 -148
v 11 2.057585 -147
v 12.16667 2.057585 -147
v 12.16667 2.057585 -147
v 32.83334 2.057585 -147
v 32.33334 2.057585 -148
v 9.166667 2.057585 -148
v 2.166667 2.057585 -147.1667
v 3.833333 2.057585 -147.1667
v 6.833333 2.057585 -148
v 10.66667 2.057585 -140.5
v 10.33333 2.057585 -140.5
v 10.33333 2.057585 -140.1667
v 35.5 2.057585 -140.1667
v 32.66667 2.057585 -146.1667
v 33.33334 2.057585 -146.8333
v 32.83334 2.057585 -147
v 12.16667 2.057585 -147
v 12.83333 2.057585 -146.1667
v 12.83333 2.057585 -145.3333
v 12.16667 2.057585 -144.6667
v 13 2.057585 -144
v 12.83333 2.057585 -146.1667
v 12.83333 2.057585 -145.3333
v 13 2.057585 -144
v 32.83334 2.057585 -143.8333
v 32.66667 2.057585 -146.1667
v 33.83334 2.057585 -141.5
v 33.66667 2.057585 -143.1667
v 32.83334 2.057585 -143.8333
v 13 2.057585 -144
v 13 2.057585 -143
v 35.5 2.057585 -140.1667
v 33.83334 2.057585 -141.5
v 13 2.057585 -143
v 10.66667 2.057585 -140.5
v 39.66667 2.057585 -146.3333
v 38.83334 2.057585 -146.3333
v 39.16667 2.057585 -146
v 26 2.057585 -151.1667
v 24.83333 2.057585 -152.3333
v 21.5 2.057585 -153.8333
v 9.166667 2.057585 -148
v 19.83333 2.057585 -154.8333
v 19.5 2.057585 -156.5
v 18.16667 2.057585 -158.1667
v 6.833333 2.057585 -148
v 9.166667 2.057585 -148
v 21.5 2.057585 -153.8333
v 21.16667 2.057585 -154.3333
v 19.83333 2.057585 -154.8333
v 9.166667 2.057585 -148
v 37.5 2.057585 -140.1667
v 37.16667 2.057585 -140.8333
v 36.83334 2.057585 -140.8333
v 36.16667 2.057585 -140.1667
v 3.333333 2.057585 -139.5
v 3.166667 2.057585 -140.1667
v 2.333333 2.057585 -139.3333
v 4.333333 2.057585 -138.8333
v 3.333333 2.057585 -139.5
v 2.333333 2.057585 -139.3333
v 0.6666667 2.057585 -138.8333
v 42 2.057585 -138.1667
v 41.83334 2.057585 -138.8333
v 40.66667 2.057585 -139.1667
v 40.66667 2.057585 -139.1667
v 40.16667 2.057585 -139.6667
v 38.83334 2.057585 -139.6667
v 38.83334 2.057585 -139.6667
v 37.5 2.057585 -140.1667
v 36.16667 2.057585 -140.1667
v 38.83334 2.057585 -139.6667
v 36.16667 2.057585 -140.1667
v 35.5 2.057585 -140.1667
v 42 2.057585 -138.1667
v 40.66667 2.057585 -139.1667
v 38.83334 2.057585 -139.6667
v 35.5 2.057585 -140.1667
v 9.833334 2.057585 -138.8333
v 8.166667 2.057585 -138.1667
v 35.5 2.057585 -140.1667
v 10.5 2.057585 -139.5
v 9.833334 2.057585 -138.8333
v 35.5 2.057585 -140.1667
v 10.33333 2.057585 -140.1667
v 10.5 2.057585 -139.5
v 5.666667 2.057585 -138.8333
v 6.666667 2.057585 -138.8333
v 6.166667 2.057585 -139.3333
v 2.166667 2.057585 -147.1667
v 6.833333 2.057585 -148
v 18.16667 2.057585 -158.1667
v 7.666667 2.057585 -138.1667
v 6.666667 2.057585 -138.8333
v 5.666667 2.057585 -138.8333
v 7.666667 2.057585 -138.1667
v 5.666667 2.057585 -138.8333
v 4.333333 2.057585 -138.8333
v 18.16667 2.057585 -158.1667
v 18 2.057585 -161.5
v 14.66667 2.057585 -166.5
v 0 2.057585 -170.6667
v 0 2.057585 -146.6667
v 2.166667 2.057585 -147.1667
v 36.66667 2.057585 -150.8333
v 37.16667 2.057585 -147.8333
v 40.66667 2.057585 -146.3333
v 20.83333 2.057585 -137.8333
v 42.33334 2.057585 -137.8333
v 42 2.057585 -138.1667
v 8.166667 2.057585 -138.1667
v 8.166667 2.057585 -138.1667
v 18.83333 2.057585 -137.8333
v 20.83333 2.057585 -137.8333
v 17.33333 2.057585 -134
v 18 2.057585 -135.5
v 17.66667 2.057585 -136
v 17.33333 2.057585 -134
v 17.66667 2.057585 -136
v 17.66667 2.057585 -137.1667
v 3.666667 2.057585 -131.8333
v 42.33334 2.057585 -145.1667
v 42.33334 2.057585 -144.6667
v 42.66667 2.057585 -144.6667
v 42.66667 2.057585 -170.6667
v 4.333333 2.057585 -138.8333
v 2.666667 2.057585 -131.8333
v 3.666667 2.057585 -131.8333
v 7.666667 2.057585 -138.1667
v 3.666667 2.057585 -131.8333
v 17.5 2.057585 -131.8333
v 17.33333 2.057585 -134
v 22.5 2.057585 -134.5
v 22.83333 2.057585 -134.1667
v 23.66667 2.057585 -134.1667
v 21.83333 2.057585 -137
v 21.83333 2.057585 -135.5
v 26.33333 2.057585 -129.8333
v 26.33333 2.057585 -128.8333
v 27 2.057585 -128
v 42.66667 2.057585 -128
v 21.83333 2.057585 -137
v 23.66667 2.057585 -134.1667
v 25.33333 2.057585 -132.5
v 42.33334 2.057585 -137.8333
v 25.33333 2.057585 -132.5
v 25.5 2.057585 -131.3333
v 26.33333 2.057585 -129.8333
v 42.66667 2.057585 -128
v 42.66667 2.057585 -137.6667
v 42.33334 2.057585 -137.8333
v 42.33334 2.057585 -137.8333
v 20.83333 2.057585 -137.8333
v 21.83333 2.057585 -137
v 20.16667 2.057585 -132.1667
v 21.5 2.057585 -133.1667
v 20.5 2.057585 -133.8333
v 19 2.057585 -134.6667
v 20.16667 2.057585 -132.1667
v 20.5 2.057585 -133.8333
v 20.5 2.057585 -134.3333
v 4.333333 2.057585 -138.8333
v 0.6666667 2.057585 -138.8333
v 0 2.057585 -138.6667
v 0.5 2.057585 -131.1667
v 2.666667 2.057585 -131.8333
v 0 2.057585 -131
v 0.5 2.057585 -131.1667
v 0 2.057585 -138.6667
v -3.666668 2.057585 -129.3333
v -18.33333 2.057585 -129.3333
v -17.66667 2.057585 -129
v -27.16667 2.057585 -170.5
v -20 2.057585 -170.5
v -20.16667 2.057585 -170.6667
v -27 2.057585 -170.6667
v 0 2.057585 -170.6667
v -9.833332 2.057585 -165.1667
v -9 2.057585 -164.3333
v -19.5 2.057585 -170.1667
v -20 2.057585 -170.5
v -27.16667 2.057585 -170.5
v -19.5 2.057585 -170.1667
v -27.16667 2.057585 -170.5
v -30.16667 2.057585 -170.5
v -17 2.057585 -128
v -3.666668 2.057585 -128
v -3.666668 2.057585 -129.3333
v -17.66667 2.057585 -129
v -37.33334 2.057585 -128
v -23.16667 2.057585 -128
v -22.83333 2.057585 -128.3333
v -22.83333 2.057585 -128.3333
v -20 2.057585 -128.6667
v -19.5 2.057585 -129.3333
v -38 2.057585 -129.3333
v -37.33334 2.057585 -128
v -12.16667 2.057585 -165.3333
v -11 2.057585 -165.3333
v -18.66667 2.057585 -170.1667
v -19.5 2.057585 -170.1667
v -30.16667 2.057585 -170.5
v -30.5 2.057585 -170.6667
v -42.66667 2.057585 -170.6667
v -13.83333 2.057585 -140.5
v -27 2.057585 -148.3333
v -32.33334 2.057585 -148.5
v -38 2.057585 -129.3333
v -19.5 2.057585 -129.3333
v -33.16667 2.057585 -163.3333
v -13 2.057585 -163.3333
v -13.16667 2.057585 -164.6667
v -6 2.057585 -150.8333
v -6.333332 2.057585 -150.8333
v -5.833332 2.057585 -150.1667
v -5.166668 2.057585 -151.8333
v -6 2.057585 -150.8333
v -5.833332 2.057585 -150.1667
v -5.166668 2.057585 -157
v -5.166668 2.057585 -155.6667
v -4.666668 2.057585 -155.1667
v -4.666668 2.057585 -153.6667
v -5.333332 2.057585 -153.3333
v -5.166668 2.057585 -151.8333
v -9 2.057585 -162.6667
v -8.333332 2.057585 -161.5
v -7.333332 2.057585 -161.1667
v -9 2.057585 -164.3333
v -5.833332 2.057585 -148.8333
v -6.333332 2.057585 -147.8333
v -3.5 2.057585 -147.8333
v -5.166668 2.057585 -151.8333
v -5.833332 2.057585 -150.1667
v -5.833332 2.057585 -148.8333
v -33.16667 2.057585 -163.3333
v -13.16667 2.057585 -164.6667
v -12.16667 2.057585 -165.3333
v -19.5 2.057585 -170.1667
v -30.16667 2.057585 -170.5
v -34 2.057585 -163.3333
v -3.5 2.057585 -147.8333
v -2.5 2.057585 -146.8333
v 0 2.057585 -146.6667
v -4.666668 2.057585 -155.1667
v -4.666668 2.057585 -153.6667
v -5.166668 2.057585 -151.8333
v -5.833332 2.057585 -148.8333
v -3.5 2.057585 -147.8333
v -4.666668 2.057585 -153.6667
v -19.5 2.057585 -129.3333
v -5.5 2.057585 -138.1667
v -8.333332 2.057585 -138.6667
v 0 2.057585 -138.6667
v -0.5 2.057585 -138.3333
v 0 2.057585 -131
v -19.5 2.057585 -129.3333
v -18.33333 2.057585 -129.3333
v -3.5 2.057585 -137.8333
v -2.333332 2.057585 -130.6667
v -2 2.057585 -137.8333
v -3.5 2.057585 -137.8333
v -18.33333 2.057585 -129.3333
v -3.666668 2.057585 -129.3333
v -37.83334 2.057585 -158.6667
v -37 2.057585 -158.6667
v -37 2.307585 -159.3333
v -38.83334 2.057585 -158.1667
v -38.16667 2.057585 -158.1667
v -37.83334 2.057585 -158.6667
v -38.83334 2.057585 -158.1667
v -37.83334 2.057585 -158.6667
v -37 2.307585 -159.3333
v -40.66667 2.057585 -158.1667
v 0 2.057585 -170.6667
v -6.166668 2.057585 -160
v -5.166668 2.057585 -157
v 0 2.057585 -146.6667
v -5.166668 2.057585 -157
v -4.666668 2.057585 -155.1667
v 0 2.057585 -146.6667
v -41.66667 2.057585 -158.1667
v -40.66667 2.057585 -158.1667
v -37 2.307585 -159.3333
v -32 2.307585 -160.1667
v -32.5 2.390918 -159.8333
v -32.16667 2.057585 -159.6667
v -31.83333 2.057585 -159.6667
v -13 2.057585 -163.3333
v -33.16667 2.057585 -163.3333
v -32 2.057585 -162.1667
v -13.66667 2.057585 -161.6667
v -32 2.307585 -160.1667
v -31.83333 2.057585 -159.6667
v -31 2.057585 -159.6667
v -32 2.057585 -161.5
v -32.33334 2.057585 -161.3333
v -32 2.057585 -162.1667
v -32 2.057585 -161.5
v -31 2.057585 -159.6667
v -13.66667 2.057585 -159.6667
v -13.66667 2.057585 -161.6667
v -30.5 2.057585 -158.8333
v -30.5 2.224252 -158
v -30 2.057585 -157.6667
v -30 2.057585 -157.6667
v -29.66667 2.057585 -156
v -29.16667 2.057585 -156
v -30 2.057585 -157.6667
v -29.16667 2.057585 -156
v -28.5 2.057585 -156
v -30.5 2.057585 -158.8333
v -13.66667 2.057585 -156.8333
v -13.16667 2.057585 -157.6667
v -13.66667 2.057585 -159.6667
v -31 2.057585 -159.6667
v -30.5 2.057585 -158.8333
v -28.5 2.057585 -156
v -28.5 2.057585 -156
v -13.66667 2.057585 -156
v -13.66667 2.057585 -156.8333
v -34.5 2.057585 -162.8333
v -34 2.057585 -163.3333
v -30.16667 2.057585 -170.5
v -38.83334 2.057585 -158.1667
v -40.66667 2.057585 -158.1667
v -40 2.057585 -157.5
v -29.16667 2.057585 -156
v -29.66667 2.057585 -156
v -29.83333 2.057585 -155.6667
v -28.5 2.057585 -156
v -28 2.057585 -155.5
v -25.16667 2.057585 -155.5
v -28.5 2.057585 -156
v -25.16667 2.057585 -155.5
v -24.5 2.057585 -155.5
v -24.5 2.057585 -155.5
v -13.5 2.057585 -155.5
v -13.66667 2.057585 -156
v -28.5 2.057585 -156
v -27.83333 2.307585 -154.3333
v -28.66667 2.057585 -153.6667
v -27.33333 2.724252 -153.8333
v -27.83333 2.307585 -154.3333
v -27.33333 2.724252 -153.8333
v -27 2.057585 -154.8333
v -28 2.057585 -155.5
v -25.16667 2.057585 -155.5
v -28 2.057585 -155.5
v -27 2.057585 -154.8333
v -25.83333 2.057585 -155
v -23.5 2.057585 -155.3333
v -23.16667 2.057585 -154.8333
v -22.33333 2.057585 -154.8333
v -21.66667 2.224252 -152.8333
v -22 2.224252 -152.6667
v -22 2.057585 -151.1667
v -14.83333 2.057585 -151.1667
v -14.83333 2.057585 -154
v -22.66667 2.057585 -150.5
v -24.83333 2.057585 -150.5
v -24.83333 2.057585 -149.5
v -14.16667 2.057585 -148.3333
v -14 2.057585 -150.6667
v -14.83333 2.057585 -151.1667
v -22.66667 2.057585 -150.5
v -24.83333 2.057585 -149.5
v -25.83333 2.057585 -148.3333
v -21.66667 2.057585 -154.1667
v -21.66667 2.224252 -152.8333
v -14.83333 2.057585 -154
v -22.33333 2.057585 -154.8333
v -21.66667 2.057585 -154.1667
v -14.83333 2.057585 -154
v -14.83333 2.057585 -154
v -13.5 2.057585 -155.5
v -24.5 2.057585 -155.5
v -23.5 2.057585 -155.3333
v -22 2.057585 -151.1667
v -22.66667 2.057585 -150.5
v -14.83333 2.057585 -151.1667
v -23.5 2.057585 -155.3333
v -22.33333 2.057585 -154.8333
v -14.83333 2.057585 -154
v -35.33334 2.057585 -150.6667
v -35.33334 2.057585 -151.1667
v -36 2.057585 -151.6667
v -36.83334 2.057585 -150.6667
v -36.83334 2.057585 -150.6667
v -37.5 2.057585 -150.8333
v -38 2.057585 -150
v -35.33334 2.057585 -150.6667
v -36.83334 2.057585 -150.6667
v -38 2.057585 -150
v -34 2.057585 -149.6667
v -39.5 2.057585 -149.6667
v -34 2.057585 -149.6667
v -38 2.057585 -150
v -42.66667 2.057585 -157.5
v -41.66667 2.057585 -158.1667
v -42.66667 2.057585 -170.6667
v -28 2.057585 -149.1667
v -28 2.057585 -149.6667
v -29.5 2.057585 -150
v -29.66667 2.057585 -149.1667
v -27.33333 2.057585 -148.5
v -28 2.057585 -149.1667
v -29.66667 2.057585 -149.1667
v -30.5 2.057585 -148.5
v -37 2.307585 -159.3333
v -34.33334 2.390918 -161.6667
v -34.5 2.057585 -162.8333
v -41.66667 2.057585 -158.1667
v -37 2.307585 -159.3333
v -34.5 2.057585 -162.8333
v -30.16667 2.057585 -170.5
v -42.66667 2.057585 -170.6667
v -17 2.057585 -170.6667
v -18.66667 2.057585 -170.1667
v -11 2.057585 -165.3333
v -9.833332 2.057585 -165.1667
v 0 2.057585 -170.6667
v -27 2.057585 -148.3333
v -27.33333 2.057585 -148.5
v -30.5 2.057585 -148.5
v -27 2.057585 -148.3333
v -30.5 2.057585 -148.5
v -32.33334 2.057585 -148.5
v -9 2.057585 -164.3333
v -7.333332 2.057585 -161.1667
v -6.166668 2.057585 -160
v 0 2.057585 -170.6667
v -32.33334 2.057585 -148.5
v -33.16667 2.057585 -149.5
v -34 2.057585 -149.6667
v -39.5 2.057585 -149.6667
v -14.16667 2.057585 -144.6667
v -13.5 2.057585 -145.3333
v -14.16667 2.057585 -148.3333
v -14.5 2.057585 -142.8333
v -14.16667 2.057585 -144.6667
v -14.16667 2.057585 -148.3333
v -25.83333 2.057585 -148.3333
v -0.5 2.057585 -138.3333
v -1.666668 2.057585 -138.3333
v -2 2.057585 -137.8333
v -2.333332 2.057585 -130.6667
v -0.6666679 2.057585 -130.6667
v 0 2.057585 -131
v -14.33333 2.057585 -141.1667
v -14.5 2.057585 -142.8333
v -25.83333 2.057585 -148.3333
v -13.83333 2.057585 -140.5
v -14.33333 2.057585 -141.1667
v -25.83333 2.057585 -148.3333
v -27 2.057585 -148.3333
v -9.5 2.057585 -139.8333
v -9.5 2.057585 -140.1667
v -10 2.057585 -140.3333
v -10.5 2.057585 -139.8333
v -9.5 2.057585 -139.3333
v -9.5 2.057585 -139.8333
v -10.5 2.057585 -139.8333
v -9.5 2.057585 -139.3333
v -10.5 2.057585 -139.8333
v -11.66667 2.057585 -139.8333
v -11.66667 2.057585 -139.8333
v -12.16667 2.057585 -140.5
v -13.83333 2.057585 -140.5
v -7.333332 2.057585 -138.6667
v -6.166668 2.057585 -138.6667
v -6.666668 2.057585 -139.3333
v -5.5 2.057585 -138.1667
v -6.166668 2.057585 -138.6667
v -7.333332 2.057585 -138.6667
v -5.5 2.057585 -138.1667
v -7.333332 2.057585 -138.6667
v -8.333332 2.057585 -138.6667
v -8.333332 2.057585 -138.6667
v -9.5 2.057585 -139.3333
v -11.66667 2.057585 -139.8333
v -3.5 2.057585 -137.8333
v -4.333332 2.057585 -138.1667
v -5.5 2.057585 -138.1667
v -3.5 2.057585 -137.8333
v -3.833332 2.057585 -138.1667
v -4.333332 2.057585 -138.1667
v -19.5 2.057585 -129.3333
v -3.5 2.057585 -137.8333
v -5.5 2.057585 -138.1667
v -8.333332 2.057585 -138.6667
v -11.66667 2.057585 -139.8333
v -13.83333 2.057585 -140.5
v -19.5 2.057585 -129.3333
v -32.33334 2.057585 -148.5
v -39.5 2.057585 -149.6667
v -40.16667 2.057585 -149.6667
v -40.16667 2.057585 -129.3333
v -38 2.057585 -129.3333
v -40.16667 2.057585 -149.6667
v -41.33334 2.057585 -150.5
v -42.66667 2.057585 -150.3333
v -42.66667 2.057585 -128
v -41.83334 2.057585 -129.1667
v -41.83334 2.057585 -129.1667
v -40.16667 2.057585 -129.3333
v -40.16667 2.057585 -149.6667
v -79.83334 2.057585 -170
v -78.83334 2.057585 -170.1667
v -79.16667 2.057585 -170.6667
v -85.33334 2.057585 -170.6667
v -80.83334 2.057585 -161.1667
v -80.83334 2.057585 -162.1667
v -81.33334 2.057585 -162.5
v -80.83334 2.057585 -153.1667
v -79.83334 2.057585 -154
v -80.33334 2.057585 -154.8333
v -81.33334 2.057585 -164
v -80.83334 2.057585 -164.3333
v -81 2.057585 -165.8333
v -81 2.057585 -165.8333
v -80 2.057585 -166.8333
v -80.5 2.057585 -167.8333
v -80.33334 2.057585 -156.1667
v -79 2.057585 -157.3333
v -80 2.057585 -158.5
v -82.33334 2.057585 -150
v -79.83334 2.057585 -150
v -80.83334 2.057585 -152
v -82.83334 2.057585 -150.5
v -80.5 2.057585 -168.8333
v -79.83334 2.057585 -170
v -85.33334 2.057585 -170.6667
v -80 2.057585 -158.5
v -80 2.057585 -159.3333
v -80.83334 2.057585 -161.1667
v -80.83334 2.057585 -153.1667
v -80.33334 2.057585 -154.8333
v -80.33334 2.057585 -156.1667
v -81 2.057585 -165.8333
v -80.5 2.057585 -167.8333
v -80.5 2.057585 -168.8333
v -82.83334 2.057585 -150.5
v -80.83334 2.057585 -152
v -80.83334 2.057585 -153.1667
v -85.33334 2.057585 -150.6667
v -80 2.057585 -158.5
v -80.83334 2.057585 -161.1667
v -81.33334 2.057585 -162.5
v -81.33334 2.057585 -164
v -81 2.057585 -165.8333
v -80.5 2.057585 -168.8333
v -85.33334 2.057585 -170.6667
v -81.33334 2.057585 -162.5
v -81.33334 2.057585 -164
v -85.33334 2.057585 -170.6667
v -80.83334 2.057585 -153.1667
v -80.33334 2.057585 -156.1667
v -80 2.057585 -158.5
v -81.33334 2.057585 -162.5
v -85.33334 2.057585 -170.6667
v -85.33334 2.057585 -150.6667
v -70.66667 2.057585 -170.6667
v -71 2.057585 -167.8333
v -59.83334 2.057585 -167.8333
v -70.66667 2.057585 -170.6667
v -59.83334 2.057585 -167.8333
v -59 2.057585 -167.8333
v -66 2.557585 -134.5
v -66.66667 2.557585 -134.1667
v -67.83334 2.057585 -132.5
v -61.5 2.057585 -167.6667
v -60 2.057585 -167.6667
v -59.83334 2.057585 -167.8333
v -62.83334 2.057585 -167.6667
v -61.5 2.057585 -167.6667
v -59.83334 2.057585 -167.8333
v -62.83334 2.057585 -167.6667
v -59.83334 2.057585 -167.8333
v -71 2.057585 -167.8333
v -71 2.057585 -167.6667
v -59 2.057585 -167.8333
v -56.5 2.057585 -166.6667
v -55.66667 2.057585 -166.6667
v -59 2.057585 -167.8333
v -55.66667 2.057585 -166.6667
v -54 2.057585 -166.6667
v -59 2.057585 -167.8333
v -54 2.057585 -166.6667
v -53.33334 2.057585 -166.6667
v -72.83334 2.057585 -128.1667
v -73.33334 2.307585 -128.1667
v -74.5 2.057585 -128
v -64.66667 2.057585 -167
v -63.83334 2.057585 -167
v -62.83334 2.057585 -167.6667
v -66.16667 2.057585 -167
v -64.66667 2.057585 -167
v -62.83334 2.057585 -167.6667
v -66.16667 2.057585 -167
v -62.83334 2.057585 -167.6667
v -71 2.057585 -167.6667
v -71.16667 2.057585 -167
v -60 2.057585 -167.6667
v -61.5 2.057585 -167.6667
v -60.83334 2.057585 -166.8333
v -72.33334 2.057585 -161
v -72.66667 2.057585 -160.8333
v -72.16667 2.057585 -159.5
v -68 2.057585 -159.8333
v -68.16667 2.057585 -161.1667
v -68.16667 2.057585 -162
v -67.66667 2.057585 -162.5
v -67.83334 2.057585 -164.3333
v -71.33334 2.057585 -164
v -71.33334 2.057585 -164
v -72.33334 2.057585 -162.8333
v -72.33334 2.057585 -161
v -68.16667 2.057585 -161.1667
v -68.16667 2.057585 -162
v -67.5 2.057585 -165.8333
v -66.16667 2.057585 -167
v -71.16667 2.057585 -167
v -72.16667 2.057585 -159.5
v -67.66667 2.057585 -159.5
v -68 2.057585 -159.8333
v -67.5 2.057585 -165.8333
v -71.16667 2.057585 -167
v -71.33334 2.057585 -164
v -67.83334 2.057585 -164.3333
v -63.83334 2.057585 -167
v -64.66667 2.057585 -167
v -64.16667 2.057585 -166.6667
v -54 2.057585 -166.6667
v -55.66667 2.057585 -166.6667
v -55 2.057585 -165.8333
v -51.66667 2.057585 -155.3333
v -52 2.057585 -154.8333
v -51.33334 2.057585 -153.8333
v -49.5 2.057585 -153.8333
v -48.16667 2.057585 -157.5
v -43.33334 2.057585 -155.5
v -42.83334 2.057585 -155.8333
v -43 2.057585 -157.1667
v -44.16667 2.057585 -153.8333
v -43.33334 2.057585 -155
v -43.33334 2.057585 -155.5
v -43.33334 2.057585 -150.8333
v -43.16667 2.057585 -152.1667
v -44 2.057585 -152.6667
v -47.5 2.057585 -160.8333
v -49.16667 2.057585 -159.8333
v -48.16667 2.057585 -159
v -49.16667 2.057585 -151
v -49.66667 2.057585 -150.6667
v -49.5 2.057585 -149
v -44 2.057585 -152.6667
v -73.33334 2.307585 -128.1667
v -74.33334 2.057585 -128.1667
v -74.5 2.057585 -128
v -50.16667 2.057585 -164.8333
v -49.5 2.057585 -163.1667
v -48.16667 2.057585 -163
v -47.5 2.057585 -160.8333
v -48.16667 2.057585 -159
v -48.16667 2.057585 -157.5
v -43 2.057585 -157.1667
v -42.66667 2.057585 -157.5
v -44.16667 2.057585 -153.8333
v -43.33334 2.057585 -155.5
v -43 2.057585 -157.1667
v -48.16667 2.057585 -157.5
v -74.33334 2.057585 -128.1667
v -73.33334 2.307585 -128.1667
v -74.16667 2.640918 -128.3333
v -48.16667 2.057585 -157.5
v -49.5 2.057585 -153.8333
v -49.16667 2.057585 -153.5
v -76.66667 3.890918 -131.5
v -76.66667 3.890918 -131.6667
v -77.16667 3.890918 -131.6667
v -53.33334 2.057585 -166.6667
v -51.16667 2.057585 -165.8333
v -42.66667 2.057585 -170.6667
v -48.16667 2.057585 -157.5
v -49.16667 2.057585 -153.5
v -49 2.057585 -152.1667
v -48.16667 2.057585 -163
v -47.5 2.057585 -162.3333
v -42.66667 2.057585 -170.6667
v -44.16667 2.057585 -153.8333
v -48.16667 2.057585 -157.5
v -49 2.057585 -152.1667
v -49.16667 2.057585 -151
v -44 2.057585 -152.6667
v -42.66667 2.057585 -170.6667
v -70.66667 2.057585 -170.6667
v -59 2.057585 -167.8333
v -53.33334 2.057585 -166.6667
v -76 3.890918 -136.5
v -77.16667 3.724252 -140.1667
v -77.33334 3.724252 -140.3333
v -82.66667 3.724252 -140.3333
v -65 2.057585 -165.5
v -65.33334 2.057585 -165.8333
v -66 2.057585 -165.6667
v -66.5 2.057585 -164.5
v -66.16667 2.057585 -162.6667
v -68.33334 2.057585 -153.1667
v -67.66667 2.057585 -153.3333
v -67.66667 2.057585 -153.6667
v -68.66667 2.057585 -154.3333
v -65.66667 2.057585 -158.1667
v -65.16667 2.057585 -158.1667
v -65 2.057585 -158.6667
v -65.83334 2.057585 -159.6667
v -68.66667 2.057585 -155.8333
v -67.83334 2.057585 -156.6667
v -67.66667 2.057585 -159.5
v -72.16667 2.057585 -159.5
v -72.16667 2.057585 -154.6667
v -71.16667 2.057585 -154
v -69.16667 2.057585 -152.3333
v -68.66667 2.057585 -154.3333
v -68.66667 2.057585 -155.8333
v -71.16667 2.057585 -154
v -71.16667 2.057585 -151.1667
v -69.16667 2.057585 -152.3333
v -68.33334 2.057585 -153.1667
v -68.66667 2.057585 -154.3333
v -66.16667 2.057585 -157.5
v -65.66667 2.057585 -158.1667
v -65.83334 2.057585 -159.6667
v -67.66667 2.057585 -159.5
v -67.83334 2.057585 -156.6667
v -69.16667 2.057585 -151.1667
v -69.16667 2.057585 -152.3333
v -71.16667 2.057585 -151.1667
v -66.16667 2.057585 -148.5
v -67 2.057585 -150.1667
v -68.33334 2.057585 -150.3333
v -72.16667 2.057585 -148.1667
v -72.83334 2.057585 -147.6667
v -72.83334 2.057585 -147.6667
v -65.16667 2.057585 -147.6667
v -66.16667 2.057585 -148.5
v -71.16667 2.057585 -151.1667
v -72.16667 2.057585 -150
v -72.16667 2.057585 -148.1667
v -68.33334 2.057585 -150.3333
v -69.16667 2.057585 -151.1667
v -52.33334 2.057585 -148.1667
v -52.16667 2.057585 -147.6667
v -51.33334 2.057585 -147.8333
v -50.83334 2.057585 -149
v -51.5 2.057585 -149.5
v -50.83334 2.057585 -150.6667
v -51.16667 2.057585 -150.8333
v -51.5 2.057585 -149.5
v -50.83334 2.057585 -149
v -79.83334 2.057585 -148.5
v -77.33334 2.057585 -148.6667
v -78.66667 2.057585 -150
v -79 2.057585 -150
v -79.83334 2.057585 -150
v -82.33334 2.057585 -150
v -81.66667 2.057585 -149
v -80.16667 2.057585 -149
v -79.83334 2.057585 -148.5
v -79 2.057585 -150
v -79.83334 2.057585 -150
v -80.16667 2.057585 -149
v -73.66667 2.057585 -147.6667
v -74.5 2.057585 -148.5
v -74.5 2.057585 -147.8333
v -74 2.057585 -147.6667
v -62.33334 2.057585 -147
v -60.66667 2.057585 -147
v -61.5 2.057585 -148
v -73.66667 2.057585 -147.6667
v -74 2.057585 -147.6667
v -72.33334 2.057585 -147.5
v -72.83334 2.057585 -147.6667
v -73.66667 2.057585 -147.6667
v -72.33334 2.057585 -147.5
v -72 2.057585 -147
v -63.33334 2.057585 -147
v -65.16667 2.057585 -147.6667
v -72.33334 2.057585 -147.5
v -65.16667 2.057585 -147.6667
v -72.83334 2.057585 -147.6667
v -72.33334 2.057585 -147.5
v -58.33334 2.057585 -146
v -60.66667 2.057585 -147
v -62.33334 2.057585 -147
v -58.33334 2.057585 -146
v -62.33334 2.057585 -147
v -63.33334 2.057585 -147
v -72 2.057585 -146
v -58.33334 2.057585 -146
v -63.33334 2.057585 -147
v -72 2.057585 -147
v -57.66667 2.057585 -146
v -56 2.057585 -146
v -56.83334 2.057585 -146.8333
v -53.83334 2.057585 -146.5
v -52.66667 2.057585 -146.5
v -53.5 2.057585 -146.8333
v -75.16667 2.057585 -146.1667
v -75.16667 2.057585 -146.5
v -75.83334 2.057585 -146.5
v -77.5 2.057585 -146.1667
v -77.16667 2.057585 -144.8333
v -75.66667 2.057585 -145.3333
v -52.66667 2.057585 -146.5
v -53.83334 2.057585 -146.5
v -54.66667 2.057585 -146
v -51.16667 2.057585 -146.5
v -52.66667 2.057585 -146.5
v -54.66667 2.057585 -146
v -47.5 2.057585 -162.3333
v -47.5 2.057585 -160.8333
v -42.66667 2.057585 -157.5
v -42.66667 2.057585 -170.6667
v -72.83334 2.057585 -142.1667
v -72.5 2.557585 -141.5
v -71.33334 2.057585 -141.5
v -72.16667 2.057585 -144.5
v -73 2.057585 -143.5
v -73 2.057585 -143.5
v -74.83334 2.057585 -143.3333
v -74.66667 2.057585 -142.1667
v -72.83334 2.057585 -142.1667
v -51.16667 2.057585 -165.8333
v -50.16667 2.057585 -164.8333
v -48.16667 2.057585 -163
v -42.66667 2.057585 -170.6667
v -56 2.057585 -146
v -57.66667 2.057585 -146
v -67.83334 2.057585 -137.5
v -57.66667 2.057585 -146
v -58.33334 2.057585 -146
v -67.83334 2.057585 -137.5
v -71.33334 2.057585 -141
v -71.66667 2.057585 -137.5
v -69.16667 2.057585 -137.5
v -71.33334 2.057585 -141
v -69.16667 2.057585 -137.5
v -68.66667 2.057585 -137.5
v -72 2.057585 -146
v -72.16667 2.057585 -144.5
v -71.33334 2.057585 -141.5
v -67.83334 2.057585 -137.5
v -58.33334 2.057585 -146
v -71.33334 2.057585 -141
v -68.66667 2.057585 -137.5
v -68.33334 2.057585 -137.5
v -71.33334 2.057585 -141
v -68.33334 2.057585 -137.5
v -67.83334 2.057585 -137.5
v -71.33334 2.057585 -141.5
v -43.33334 2.057585 -150.8333
v -44 2.057585 -152.6667
v -49.5 2.057585 -149
v -49.83334 2.057585 -147.8333
v -79.33334 3.724252 -141
v -80 3.724252 -141.8333
v -80.5 3.724252 -141.8333
v -81.83334 3.724252 -141
v -56 2.057585 -146
v -66 2.640918 -135.5
v -66 2.557585 -134.5
v -54.66667 2.057585 -146
v -71.33334 2.057585 -141
v -71.33334 2.057585 -141.5
v -72.5 2.557585 -141.5
v -72.83334 2.724252 -141
v -77.66667 3.724252 -141
v -77.66667 3.724252 -141.3333
v -78 3.724252 -141.3333
v -78.33334 3.724252 -141
v -75.5 3.890918 -141
v -75.5 3.807585 -141.1667
v -75.66667 3.807585 -141.3333
v -75.66667 3.890918 -140.6667
v -75.5 3.890918 -141
v -75 3.724252 -141
v -75.5 3.807585 -141.1667
v -77.33334 3.724252 -140.3333
v -77.66667 3.724252 -141
v -78.33334 3.724252 -141
v -77.33334 3.724252 -140.3333
v -78.33334 3.724252 -141
v -79.33334 3.724252 -141
v -82.66667 3.724252 -140.3333
v -77.33334 3.724252 -140.3333
v -79.33334 3.724252 -141
v -81.83334 3.724252 -141
v -75.66667 3.890918 -140.6667
v -75.66667 3.890918 -140.5
v -75.5 3.890918 -140.1667
v -72.83334 2.724252 -141
v -75 3.724252 -141
v -75 3.724252 -141
v -75.5 3.890918 -141
v -75.66667 3.890918 -140.6667
v -76.66667 3.890918 -131.6667
v -76.66667 3.890918 -131.5
v -76 3.724252 -131
v -76.16667 3.890918 -133.3333
v -71.66667 2.057585 -137.5
v -71.33334 2.057585 -141
v -72.83334 2.724252 -141
v -75.5 3.890918 -140.1667
v -75.66667 3.890918 -136.6667
v -76 3.890918 -134.3333
v -76.33334 3.890918 -134.1667
v -76.16667 3.890918 -133.3333
v -74.16667 2.640918 -128.3333
v -73.33334 2.307585 -128.1667
v -72.83334 2.057585 -128.1667
v -72.16667 2.057585 -132.5
v -74.5 2.807585 -129.1667
v -76 3.724252 -131
v -74.5 2.807585 -129.1667
v -72.16667 2.057585 -132.5
v -71.66667 2.057585 -137.5
v -75.66667 3.890918 -136.6667
v -76 3.890918 -134.3333
v -76 3.890918 -134.3333
v -76.16667 3.890918 -133.3333
v -76 3.724252 -131
v -75.66667 3.890918 -136.6667
v -76 3.890918 -136.5
v -76 3.890918 -134.3333
v -76 3.724252 -131
v -76.33334 3.724252 -129.3333
v -74.5 2.807585 -129.1667
v -76 3.890918 -140.1667
v -75.5 3.890918 -140.1667
v -75.66667 3.890918 -140.5
v -79.83334 3.724252 -130
v -78.5 3.724252 -131.6667
v -76 3.890918 -136.5
v -82.66667 3.724252 -140.3333
v -83.83334 3.724252 -140.3333
v -78.5 3.724252 -131.6667
v -76.33334 3.890918 -134.1667
v -76 3.890918 -136.5
v -67.83334 2.057585 -137.5
v -67.5 2.557585 -136.6667
v -66 2.640918 -135.5
v -56 2.057585 -146
v -77.16667 3.890918 -131.6667
v -76.66667 3.890918 -131.6667
v -76.16667 3.890918 -133.3333
v -76.33334 3.890918 -134.1667
v -76 3.890918 -134.3333
v -76 3.890918 -136.5
v -77.16667 3.890918 -131.6667
v -76.16667 3.890918 -133.3333
v -76.33334 3.890918 -134.1667
v -78.5 3.724252 -131.6667
v -67.83334 2.057585 -132.5
v -68.33334 2.640918 -132.5
v -72.83334 2.057585 -128.1667
v -75.66667 3.890918 -136.6667
v -75.5 3.890918 -140.1667
v -76 3.890918 -140.1667
v -76 3.890918 -136.5
v -75.66667 3.890918 -136.6667
v -76 3.890918 -140.1667
v -77.16667 3.724252 -140.1667
v -70.16667 2.557585 -136
v -69.16667 2.057585 -137.5
v -71.66667 2.057585 -137.5
v -71 2.057585 -135.6667
v -71 2.057585 -134.3333
v -71 2.057585 -135.6667
v -71.66667 2.057585 -137.5
v -72.16667 2.057585 -132.5
v -72.16667 2.057585 -132.5
v -69.16667 2.057585 -132.5
v -70.16667 2.557585 -134
v -71 2.057585 -134.3333
v -68.33334 2.640918 -132.5
v -68.66667 2.640918 -132.5
v -72.83334 2.057585 -128.1667
v -79.83334 3.724252 -130
v -79 3.724252 -130.3333
v -78.5 3.724252 -131.6667
v -83.83334 3.724252 -140.3333
v -84.5 3.724252 -141.1667
v -85.33334 3.724252 -141.5
v -85.33334 3.724252 -128
v -80.5 3.724252 -128
v -79.83334 3.724252 -130
v -69.16667 2.057585 -132.5
v -72.16667 2.057585 -132.5
v -72.83334 2.057585 -128.1667
v -68.66667 2.640918 -132.5
v -69.16667 2.057585 -132.5
v -72.83334 2.057585 -128.1667
v -42.66667 2.057585 -150.3333
v -43.33334 2.057585 -150.8333
v -49.83334 2.057585 -147.8333
v -51.16667 2.057585 -146.5
v -42.66667 2.057585 -128
v -72.83334 2.057585 -128.1667
v -74.5 2.057585 -128
v -42.66667 2.057585 -128
v -54.66667 2.057585 -146
v -66 2.557585 -134.5
v -67.83334 2.057585 -132.5
v -42.66667 2.057585 -128
v -51.16667 2.057585 -146.5
v -67.83334 2.057585 -132.5
v -72.83334 2.057585 -128.1667
v -42.66667 2.057585 -128
v -122.8333 4.140918 -128
v -122.8333 4.140918 -128.3333
v -124 4.224252 -128.5
v -124.1667 4.140918 -128
v -128 2.057585 -170.6667
v -121.1667 2.057585 -152.1667
v -119.8333 2.057585 -152.1667
v -128 2.057585 -151.5
v -126.8333 2.057585 -150.8333
v -125.3333 2.057585 -151
v -121.6667 2.057585 -151.6667
v -121.1667 2.057585 -152.1667
v -128 2.057585 -170.6667
v -126.8333 2.057585 -150.8333
v -126.6667 2.057585 -150
v -125.3333 2.057585 -151
v -127 4.557585 -130.8333
v -126.5 4.557585 -131.3333
v -128 3.724252 -143
v -119.8333 2.057585 -152.1667
v -119.5 2.057585 -151.8333
v -110.5 2.057585 -151.8333
v -119.8333 2.057585 -152.1667
v -110.5 2.057585 -151.8333
v -109 2.057585 -151.8333
v -126.5 4.557585 -131.3333
v -125.6667 4.557585 -131.3333
v -123.8333 4.474252 -132.5
v -120.5 3.724252 -142.8333
v -127.5 3.724252 -143
v -128 3.724252 -143
v -119.5 2.057585 -151.8333
v -119.5 2.057585 -151.6667
v -119 2.057585 -151.6667
v -119.5 2.057585 -151.8333
v -119 2.057585 -151.6667
v -118 2.057585 -151.6667
v -118 2.057585 -151.6667
v -110.6667 2.057585 -151.6667
v -110.5 2.057585 -151.8333
v -119.5 2.057585 -151.8333
v -128 4.557585 -128.1667
v -127 4.557585 -130
v -127 4.557585 -130.8333
v -128 3.724252 -143
v -125.6667 4.557585 -131.3333
v -124.1667 4.557585 -132
v -123.8333 4.474252 -132.5
v -108.6667 2.057585 -151.5
v -97.16666 2.057585 -151.5
v -109 2.057585 -151.8333
v -118 2.057585 -151.6667
v -117.1667 2.057585 -151
v -116.3333 2.057585 -151
v -113.1667 2.057585 -151
v -110.8333 2.057585 -151.3333
v -110.6667 2.057585 -151.6667
v -118 2.057585 -151.6667
v -114.8333 2.057585 -151
v -118 2.057585 -151.6667
v -116.3333 2.057585 -151
v -114.8333 2.057585 -151
v -108.6667 2.057585 -151.5
v -108.6667 2.057585 -151.3333
v -108.3333 2.057585 -151.3333
v -108.6667 2.057585 -151.5
v -108.3333 2.057585 -151.3333
v -107 2.057585 -151.3333
v -107 2.057585 -151.3333
v -97.66666 2.057585 -151.3333
v -97.16666 2.057585 -151.5
v -108.6667 2.057585 -151.5
v -96.33333 2.057585 -151.5
v -95.83333 2.057585 -151
v -95.16666 2.057585 -151
v -96.33333 2.057585 -151.5
v -95.16666 2.057585 -151
v -94.33333 2.057585 -151
v -109 2.057585 -151.8333
v -97.16666 2.057585 -151.5
v -96.33333 2.057585 -151.5
v -107 2.057585 -151.3333
v -106.3333 2.057585 -150.6667
v -105.5 2.057585 -150.6667
v -100 2.057585 -150.6667
v -97.83333 2.057585 -151
v -97.66666 2.057585 -151.3333
v -107 2.057585 -151.3333
v -104 2.057585 -150.6667
v -107 2.057585 -151.3333
v -105.5 2.057585 -150.6667
v -104 2.057585 -150.6667
v -116.3333 2.057585 -151
v -117.1667 2.057585 -151
v -117 2.057585 -150.5
v -113.1667 2.057585 -151
v -114.8333 2.057585 -151
v -114.5 2.057585 -150.6667
v -95.16666 2.057585 -151
v -95.83333 2.057585 -151
v -95.83333 2.057585 -150.6667
v -119.8333 2.057585 -152.1667
v -109 2.057585 -151.8333
v -96.33333 2.057585 -151.5
v -85.33333 2.057585 -170.6667
v -128 2.057585 -170.6667
v -120.5 3.724252 -142.8333
v -126.1667 3.724252 -143
v -127.5 3.724252 -143
v -94.33333 2.057585 -151
v -93.5 2.057585 -150.3333
v -92.33333 2.057585 -150.3333
v -113.6667 3.724252 -141.8333
v -116.5 3.724252 -142.6667
v -120.5 3.724252 -142.8333
v -123.8333 4.474252 -132.5
v -122.6667 4.307585 -132.5
v -94.33333 2.057585 -151
v -92.33333 2.057585 -150.3333
v -91.33333 2.057585 -150.3333
v -105.5 2.057585 -150.6667
v -106.3333 2.057585 -150.6667
v -106.1667 2.057585 -150.3333
v -101.5 2.057585 -150.3333
v -100.5 2.057585 -150.3333
v -100 2.057585 -150.6667
v -103.1667 2.057585 -150
v -103.1667 2.057585 -149.1667
v -101.5 2.057585 -150.3333
v -104 2.057585 -150.6667
v -103.1667 2.057585 -150
v -101.5 2.057585 -150.3333
v -100 2.057585 -150.6667
v -92.33333 2.057585 -150.3333
v -93.5 2.057585 -150.3333
v -93.16666 2.057585 -149.8333
v -91.33333 2.057585 -150.3333
v -90.33333 2.057585 -149.5
v -89.33333 2.057585 -149.3333
v -88 2.057585 -150.3333
v -86.16666 2.057585 -150.3333
v -86.83333 2.057585 -150.3333
v -86.5 2.057585 -150
v -120.8333 3.724252 -143
v -122.3333 3.724252 -143.8333
v -124 3.724252 -143.8333
v -126.1667 3.724252 -143
v -112.5 3.724252 -143.5
v -112.1667 3.724252 -143.5
v -112.5 3.724252 -143.8333
v -114 3.724252 -143.8333
v -114.1667 3.724252 -143.5
v -113.6667 3.724252 -143.5
v -113.6667 3.724252 -143.5
v -112.5 3.724252 -143.5
v -112.5 3.724252 -143.8333
v -114 3.724252 -143.8333
v -87.16666 3.724252 -143.1667
v -88.16666 3.724252 -143.6667
v -88.83333 3.724252 -143.1667
v -86 3.724252 -141.8333
v -86.16666 3.724252 -143.1667
v -87.16666 3.724252 -143.1667
v -86 3.724252 -141.8333
v -87.16666 3.724252 -143.1667
v -88.83333 3.724252 -143.1667
v -91.66666 3.724252 -141.8333
v -91.66666 3.724252 -141.8333
v -88.83333 3.724252 -143.1667
v -90.16666 3.724252 -143.1667
v -114 3.724252 -142.6667
v -113.6667 3.724252 -143.5
v -114.1667 3.724252 -143.5
v -115 3.724252 -142.6667
v -112.1667 3.724252 -143.5
v -112.5 3.724252 -143.5
v -112.1667 3.724252 -143.1667
v -111.3333 3.724252 -143.5
v -112.1667 3.724252 -143.5
v -112.1667 3.724252 -143.1667
v -111.3333 3.724252 -143.5
v -112.1667 3.724252 -143.1667
v -112.1667 3.724252 -142.3333
v -110 3.724252 -142.6667
v -105.6667 3.724252 -142.3333
v -105.8333 3.724252 -142.6667
v -110 3.724252 -142.6667
v -112.1667 3.724252 -142.3333
v -116.6667 3.724252 -142.8333
v -117.1667 3.724252 -143.3333
v -117.3333 3.724252 -143
v -119.5 3.724252 -142.8333
v -116.6667 3.724252 -142.8333
v -117.3333 3.724252 -143
v -128 3.724252 -143
v -127.5 3.724252 -143
v -128 3.724252 -143.1667
v -99.5 3.724252 -142.3333
v -99.5 3.724252 -143.1667
v -100 3.724252 -143.1667
v -102.3333 3.724252 -142.3333
v -96.33333 2.057585 -151.5
v -94.33333 2.057585 -151
v -91.33333 2.057585 -150.3333
v -88 2.057585 -150.3333
v -85.33333 2.057585 -150.6667
v -85.33333 2.057585 -170.6667
v -88 2.057585 -150.3333
v -86.83333 2.057585 -150.3333
v -85.33333 2.057585 -150.6667
v -86.83333 2.057585 -150.3333
v -86.16666 2.057585 -150.3333
v -85.33333 2.057585 -150.6667
v -116.5 3.724252 -142.6667
v -116.6667 3.724252 -142.8333
v -119.5 3.724252 -142.8333
v -116.5 3.724252 -142.6667
v -119.5 3.724252 -142.8333
v -120.5 3.724252 -142.8333
v -85.83333 3.724252 -141.6667
v -86 3.724252 -141.8333
v -91.66666 3.724252 -141.8333
v -113.6667 3.724252 -141.8333
v -114 3.724252 -142.6667
v -115 3.724252 -142.6667
v -113.6667 3.724252 -141.8333
v -115 3.724252 -142.6667
v -116.5 3.724252 -142.6667
v -120.5 3.724252 -142.8333
v -120.8333 3.724252 -143
v -126.1667 3.724252 -143
v -97.5 3.724252 -142.1667
v -97 3.724252 -142.1667
v -97.5 3.724252 -142.5
v -99.33333 3.724252 -141.8333
v -99.5 3.724252 -142.3333
v -102.3333 3.724252 -142.3333
v -99.33333 3.724252 -141.8333
v -102.3333 3.724252 -142.3333
v -104 3.724252 -142.3333
v -99.33333 3.724252 -141.8333
v -104 3.724252 -142.3333
v -104.3333 3.724252 -142.3333
v -99.33333 3.724252 -141.8333
v -104.3333 3.724252 -142.3333
v -105.6667 3.724252 -142.3333
v -112.5 3.724252 -141.8333
v -99.33333 3.724252 -141.8333
v -105.6667 3.724252 -142.3333
v -112.1667 3.724252 -142.3333
v -97 3.724252 -142.1667
v -97.5 3.724252 -142.1667
v -97.66666 3.724252 -141.8333
v -92.5 3.724252 -141.8333
v -93 3.724252 -142.1667
v -93.33333 3.724252 -142.1667
v -92.5 3.724252 -141.8333
v -93.33333 3.724252 -142.1667
v -94.16666 3.724252 -142.1667
v -92.5 3.724252 -141.8333
v -94.16666 3.724252 -142.1667
v -95 3.724252 -142.1667
v -97.66666 3.724252 -141.8333
v -92.5 3.724252 -141.8333
v -95 3.724252 -142.1667
v -97 3.724252 -142.1667
v -99.16666 3.724252 -141.6667
v -99.33333 3.724252 -141.8333
v -112.5 3.724252 -141.8333
v -92.5 3.724252 -141.8333
v -97.66666 3.724252 -141.8333
v -97.83333 3.724252 -141.6667
v -97.83333 3.724252 -141.6667
v -85.83333 3.724252 -141.6667
v -91.66666 3.724252 -141.8333
v -92.5 3.724252 -141.8333
v -122.6667 4.307585 -132.5
v -122.3333 4.557585 -132
v -120.8333 4.557585 -131.3333
v -120 4.557585 -131.3333
v -113.6667 3.724252 -141.8333
v -119.3333 4.474252 -130.6667
v -119.5 4.557585 -129.8333
v -118.5 4.557585 -128
v -112.5 3.724252 -141.8333
v -113.6667 3.724252 -141.8333
v -119.3333 4.474252 -130.6667
v -118.5 4.557585 -128
v -85.33333 3.724252 -128
v -99.16666 3.724252 -141.6667
v -85.33333 3.724252 -141.5
v -97.83333 3.724252 -141.6667
v -99.16666 3.724252 -141.6667
v -85.33333 3.724252 -128
v -85.33333 3.724252 -141.5
v -85.83333 3.724252 -141.6667
v -97.83333 3.724252 -141.6667
v -113.6667 3.724252 -141.8333
v -120 4.557585 -131.3333
v -119.3333 4.474252 -130.6667
v -148.3333 2.057585 -148
v -146.5 2.057585 -149.8333
v -128 2.057585 -170.6667
v -170.6667 2.057585 -170.6667
v -170.6667 2.057585 -128
v -140.8333 2.057585 -153.3333
v -140 2.057585 -153.3333
v -128 2.057585 -170.6667
v -138.5 3.724252 -128
v -138.3333 3.724252 -128
v -138.5 3.724252 -128.3333
v -145.3333 2.057585 -128
v -145.1667 2.057585 -128.3333
v -146.1667 2.057585 -129.1667
v -170.6667 2.057585 -128
v -135.3333 3.724252 -128.8333
v -136.5 3.724252 -128
v -128 4.557585 -128
v -128 4.557585 -128.1667
v -146.6667 2.057585 -132.1667
v -146.3333 2.057585 -134.5
v -147.5 2.057585 -134.6667
v -151.3333 2.057585 -143.3333
v -149.8333 2.057585 -144.8333
v -149.8333 2.057585 -145.5
v -144.8333 2.057585 -150.6667
v -144 2.057585 -150.6667
v -142.8333 2.057585 -152.5
v -146.1667 2.057585 -129.1667
v -146.1667 2.057585 -130.8333
v -146.6667 2.057585 -132.1667
v -147.5 2.057585 -134.6667
v -148.3333 2.057585 -137.1667
v -149.5 2.057585 -137.5
v -135.3333 3.724252 -129.8333
v -135.3333 3.724252 -128.8333
v -128 4.557585 -128.1667
v -142.1667 5.140918 -137.3333
v -139.8333 5.057585 -135.5
v -137.8333 5.057585 -135.5
v -131.3333 5.140918 -140.3333
v -143.1667 5.057585 -140.3333
v -146.1667 2.057585 -129.1667
v -146.6667 2.057585 -132.1667
v -147.5 2.057585 -134.6667
v -149.5 2.057585 -137.5
v -151.3333 2.057585 -139.1667
v -170.6667 2.057585 -128
v -131 2.057585 -152.1667
v -129.8333 2.057585 -151.1667
v -129 2.057585 -151.5
v -137.8333 5.057585 -135.5
v -137.1667 5.140918 -134.1667
v -136.6667 4.890918 -133.8333
v -130.3333 4.724252 -140.3333
v -131.3333 5.140918 -140.3333
v -140 2.057585 -153.3333
v -135.3333 2.057585 -152.5
v -131 2.057585 -152.1667
v -128 2.057585 -170.6667
v -151.3333 2.057585 -143.3333
v -149.8333 2.057585 -145.5
v -148.3333 2.057585 -148
v -170.6667 2.057585 -128
v -170.6667 2.057585 -128
v -151.3333 2.057585 -139.1667
v -151.8333 2.057585 -140.1667
v -140 2.057585 -153.3333
v -139 2.057585 -152.5
v -136 2.057585 -152.5
v -140 2.057585 -153.3333
v -136 2.057585 -152.5
v -135.3333 2.057585 -152.5
v -170.6667 2.057585 -128
v -151.8333 2.057585 -141.8333
v -151.3333 2.057585 -143.3333
v -138.1667 2.057585 -152
v -137.1667 2.057585 -152
v -137 2.057585 -152.3333
v -139 2.057585 -152.5
v -136 2.057585 -152.5
v -139 2.057585 -152.5
v -137 2.057585 -152.3333
v -142.8333 2.057585 -152.5
v -141.5 2.057585 -153.1667
v -128 2.057585 -170.6667
v -170.6667 2.057585 -128
v -151.8333 2.057585 -140.1667
v -151.8333 2.057585 -141.8333
v -134 2.057585 -152.1667
v -131.6667 2.057585 -152.1667
v -135.3333 2.057585 -152.5
v -131.6667 2.057585 -152.1667
v -134 2.057585 -152.1667
v -133.6667 2.057585 -151.6667
v -129.8333 2.057585 -151.1667
v -129.8333 2.057585 -150.8333
v -129 2.057585 -151.5
v -135.3333 2.057585 -152.5
v -131.6667 2.057585 -152.1667
v -131 2.057585 -152.1667
v -141.5 2.057585 -153.1667
v -140.8333 2.057585 -153.3333
v -128 2.057585 -170.6667
v -144.8333 2.057585 -145.3333
v -143.8333 2.057585 -144
v -142.5 2.057585 -145.5
v -142.5 2.057585 -145.5
v -142.5 2.057585 -147
v -143.3333 2.057585 -147.8333
v -143.3333 2.057585 -147.8333
v -144 2.057585 -149.5
v -145.8333 2.057585 -148.6667
v -144.8333 2.057585 -145.3333
v -142.5 2.057585 -145.5
v -143.3333 2.057585 -147.8333
v -145.8333 2.057585 -148.6667
v -146.6667 2.057585 -147.8333
v -147.8333 2.057585 -145.6667
v -136.6667 5.057585 -144.8333
v -137.8333 5.057585 -146.3333
v -138.5 5.057585 -146.3333
v -140.5 5.057585 -145.6667
v -142.1667 5.140918 -144
v -134.8333 5.057585 -144
v -136.6667 5.057585 -144.8333
v -140.5 5.057585 -145.6667
v -142.6667 2.057585 -143
v -142.6667 2.057585 -142.5
v -142.3333 2.057585 -142.5
v -140.8333 2.057585 -144.8333
v -139.6667 2.057585 -144.8333
v -140.3333 2.057585 -145.1667
v -141.1667 2.057585 -145
v -142.3333 2.057585 -142.5
v -141.1667 2.057585 -141.1667
v -141.1667 2.057585 -144.5
v -142.6667 2.057585 -143
v -141.1667 2.057585 -144.5
v -140.8333 2.057585 -144.8333
v -141.1667 2.057585 -145
v -142.3333 2.057585 -142.5
v -141.6667 2.057585 -141.3333
v -141.1667 2.057585 -141.1667
v -141.1667 2.057585 -144.5
v -141.1667 2.057585 -145
v -142.6667 2.057585 -143
v -144.8333 2.057585 -142.6667
v -144.8333 2.057585 -143.1667
v -145.6667 2.057585 -144.1667
v -148.1667 2.057585 -144.1667
v -147 2.057585 -142.6667
v -134 5.057585 -144
v -133.3333 5.140918 -144
v -133.6667 5.057585 -144.3333
v -142.1667 5.140918 -144
v -142.6667 5.057585 -143.5
v -142.6667 5.057585 -142.6667
v -132.6667 5.057585 -143.1667
v -133.3333 5.140918 -144
v -134 5.057585 -144
v -132.6667 5.057585 -143.1667
v -134 5.057585 -144
v -134.8333 5.057585 -144
v -142.6667 5.057585 -142.6667
v -143.1667 5.057585 -141.8333
v -143.1667 5.057585 -140.3333
v -132.3333 5.057585 -141.1667
v -132.6667 5.057585 -143.1667
v -134.8333 5.057585 -144
v -142.1667 5.140918 -144
v -142.6667 5.057585 -142.6667
v -143.1667 5.057585 -140.3333
v -143.1667 5.057585 -140.3333
v -131.3333 5.140918 -140.3333
v -132.3333 5.057585 -141.1667
v -146.6667 2.057585 -140.8333
v -146 2.057585 -140.8333
v -146.8333 2.057585 -141.5
v -146.6667 2.057585 -140.8333
v -146.8333 2.057585 -141.5
v -147.5 2.057585 -141.5
v -147.8333 2.057585 -139.8333
v -148.3333 2.057585 -138.5
v -148 2.057585 -138.5
v -147.8333 2.057585 -139.8333
v -150.3333 2.057585 -140
v -149.3333 2.057585 -143.5
v -150.1667 2.057585 -142.8333
v -150.6667 2.057585 -141.3333
v -150.3333 2.057585 -140
v -147.8333 2.057585 -139.8333
v -147.5 2.057585 -141.5
v -130.8333 3.724252 -143.3333
v -131.5 3.724252 -143.3333
v -131.3333 3.724252 -143
v -130.8333 3.724252 -143.3333
v -131.3333 3.724252 -143
v -129.1667 3.724252 -143
v -129.6667 3.724252 -143.5
v -131.3333 3.724252 -143
v -131 3.724252 -141.6667
v -130.6667 3.724252 -141.6667
v -131 2.057585 -152.1667
v -129 2.057585 -151.5
v -128 2.057585 -151.5
v -128 2.057585 -170.6667
v -129.1667 3.724252 -143
v -131.3333 3.724252 -143
v -130.6667 3.724252 -141.6667
v -129.6667 3.724252 -141.6667
v -142.8333 2.057585 -152.5
v -142 2.057585 -152.5
v -141.5 2.057585 -153.1667
v -146.5 2.057585 -149.8333
v -144.8333 2.057585 -150.6667
v -142.8333 2.057585 -152.5
v -128 2.057585 -170.6667
v -129.1667 3.724252 -143
v -129.6667 3.724252 -141.6667
v -129.3333 4.390918 -140.8333
v -128 3.724252 -143.1667
v -129.1667 3.724252 -143
v -129.3333 4.390918 -140.8333
v -128 4.557585 -128.1667
v -136.6667 4.890918 -133.8333
v -136.1667 3.807585 -131.1667
v -135.3333 3.724252 -129.8333
v -128 4.557585 -128.1667
v -129.3333 4.390918 -140.8333
v -130.3333 4.724252 -140.3333
v -180.1667 2.057585 -128
v -170.6667 2.057585 -128
v -170.6667 2.057585 -170.6667
v -180.1667 2.057585 -170.6667
v 45.66667 2.057585 -170.6667
v 46.16667 2.057585 -170.6667
v 45.83334 2.057585 -171
v 42.66667 2.057585 -186.1667
v 47.33334 2.057585 -179.3333
v 48.66667 2.057585 -179.3333
v 48.66667 2.057585 -179.3333
v 68.66667 2.057585 -179.3333
v 68.66667 2.057585 -186.1667
v 42.66667 2.057585 -186.1667
v 46.16667 2.057585 -179
v 47 2.057585 -179
v 47.33334 2.057585 -179.3333
v 45.33334 2.057585 -179
v 46.16667 2.057585 -179
v 47.33334 2.057585 -179.3333
v 42.66667 2.057585 -170.6667
v 44.16667 2.057585 -170.6667
v 43.16667 2.057585 -171.3333
v 42.66667 2.057585 -171.3333
v 50.33334 2.057585 -179
v 51.16667 2.057585 -178.1667
v 51.66667 2.057585 -178.1667
v 50.33334 2.057585 -179
v 51.66667 2.057585 -178.1667
v 52.33334 2.057585 -178.1667
v 52.33334 2.057585 -178.1667
v 68.66667 2.057585 -178.1667
v 68.66667 2.057585 -179.3333
v 50.33334 2.057585 -179
v 68.66667 2.057585 -179.3333
v 48.66667 2.057585 -179.3333
v 50.33334 2.057585 -179
v 43.16667 2.057585 -171.3333
v 43.16667 2.057585 -171.6667
v 42.66667 2.057585 -171.3333
v 47 2.057585 -179
v 46.16667 2.057585 -179
v 46.33334 2.057585 -178.6667
v 46.83334 2.057585 -178.6667
v 51.66667 2.057585 -178.1667
v 51.16667 2.057585 -178.1667
v 51.33334 2.057585 -177.8333
v 52.33334 2.057585 -178.1667
v 53 2.057585 -177.5
v 54.33334 2.057585 -177.5
v 52.33334 2.057585 -178.1667
v 54.33334 2.057585 -177.5
v 56.5 2.057585 -177.5
v 56.5 2.057585 -177.5
v 68.66667 2.057585 -177.5
v 68.66667 2.057585 -178.1667
v 52.33334 2.057585 -178.1667
v 53 2.057585 -177.5
v 53.16667 2.057585 -177.1667
v 54 2.057585 -177.1667
v 54.33334 2.057585 -177.5
v 58.5 2.057585 -175.5
v 58.5 2.057585 -174.1667
v 59.33334 2.057585 -172
v 68.66667 2.057585 -170.6667
v 68.66667 2.057585 -177.5
v 59.33334 2.057585 -172
v 59.33334 2.057585 -170.6667
v 68.66667 2.057585 -170.6667
v 68.66667 2.057585 -177.5
v 56.5 2.057585 -177.5
v 57.33334 2.057585 -177.1667
v 68.66667 2.057585 -177.5
v 57.33334 2.057585 -177.1667
v 58.5 2.057585 -175.5
v 54.83334 2.057585 -175.5
v 54.83334 2.057585 -174
v 55.16667 2.057585 -174.3333
v 55.83334 2.057585 -176.3333
v 54.33334 2.057585 -176
v 54.83334 2.057585 -175.5
v 56.5 2.057585 -176.1667
v 55.83334 2.057585 -176.3333
v 54.83334 2.057585 -175.5
v 55.16667 2.057585 -174.3333
v 57.33334 2.057585 -174.3333
v 57.33334 2.057585 -175
v 42.66667 2.057585 -178.3333
v 42.83334 2.057585 -178
v 44 2.057585 -178
v 45.33334 2.057585 -179
v 42.66667 2.057585 -186.1667
v 45.33334 2.057585 -179
v 47.33334 2.057585 -179.3333
v 42.66667 2.057585 -186.1667
v 15.33333 2.057585 -170.6667
v 9.666667 2.057585 -170.8333
v 7 2.057585 -170.8333
v 0 2.057585 -170.6667
v 0 2.057585 -186.1667
v 5.666667 2.057585 -181
v 7.166667 2.057585 -181
v 0 2.057585 -180.1667
v 4 2.057585 -180.5
v 5.666667 2.057585 -181
v 0 2.057585 -186.1667
v 42.66667 2.057585 -186.1667
v 42 2.057585 -178.8333
v 42.66667 2.057585 -178.3333
v 15.33333 2.057585 -170.6667
v 15.33333 2.057585 -170.8333
v 9.666667 2.057585 -170.8333
v 7.166667 2.057585 -181
v 7.5 2.057585 -180.6667
v 19 2.057585 -180.6667
v 7.166667 2.057585 -181
v 19 2.057585 -180.6667
v 20 2.057585 -180.6667
v 0 2.057585 -180.1667
v 2.5 2.057585 -179.8333
v 4 2.057585 -180.5
v 7.5 2.057585 -180.6667
v 7.5 2.057585 -180.5
v 7.833333 2.057585 -180.5
v 7.5 2.057585 -180.6667
v 7.833333 2.057585 -180.5
v 9.166667 2.057585 -180.5
v 9.166667 2.057585 -180.5
v 18.5 2.057585 -180.5
v 19 2.057585 -180.6667
v 7.5 2.057585 -180.6667
v 20 2.057585 -180.6667
v 20.33333 2.057585 -180.1667
v 21 2.057585 -180.1667
v 20 2.057585 -180.6667
v 21 2.057585 -180.1667
v 21.83333 2.057585 -180.1667
v 4 2.057585 -180.5
v 5.333333 2.057585 -180.5
v 5.666667 2.057585 -181
v 9.166667 2.057585 -180.5
v 9.833334 2.057585 -179.8333
v 10.66667 2.057585 -179.8333
v 16.16667 2.057585 -179.8333
v 18.33333 2.057585 -180.1667
v 18.5 2.057585 -180.5
v 9.166667 2.057585 -180.5
v 12.33333 2.057585 -179.8333
v 9.166667 2.057585 -180.5
v 10.66667 2.057585 -179.8333
v 12.33333 2.057585 -179.8333
v 21 2.057585 -180.1667
v 20.33333 2.057585 -180.1667
v 20.33333 2.057585 -179.8333
v 21.83333 2.057585 -180.1667
v 22.16667 2.057585 -180
v 30.66667 2.057585 -180
v 21.83333 2.057585 -180.1667
v 30.66667 2.057585 -180
v 31.33333 2.057585 -180
v 0 2.057585 -186.1667
v 7.166667 2.057585 -181
v 20 2.057585 -180.6667
v 29.5 2.057585 -179.5
v 30 2.057585 -179.5
v 30.66667 2.057585 -180
v 22.16667 2.057585 -180
v 22.66667 2.057585 -179.5
v 23.66667 2.057585 -179.5
v 28.16667 2.057585 -179.5
v 29.5 2.057585 -179.5
v 30.66667 2.057585 -180
v 22.16667 2.057585 -180
v 23.66667 2.057585 -179.5
v 24.83333 2.057585 -179.5
v 24.83333 2.057585 -179.5
v 28.16667 2.057585 -179.5
v 30.66667 2.057585 -180
v 22.16667 2.057585 -180
v 35.16667 2.057585 -170.6667
v 35.5 2.057585 -170.6667
v 35.16667 2.057585 -171
v 26.33333 2.057585 -170.6667
v 26.16667 2.057585 -171
v 24.5 2.057585 -171
v 23.83333 2.057585 -170.6667
v 24.5 2.057585 -171
v 23.83333 2.057585 -171
v 23.83333 2.057585 -170.6667
v 10.66667 2.057585 -179.8333
v 9.833334 2.057585 -179.8333
v 10 2.057585 -179.5
v 14.66667 2.057585 -179.5
v 15.66667 2.057585 -179.5
v 16.16667 2.057585 -179.8333
v 13 2.057585 -179.3333
v 13.16667 2.057585 -178.5
v 14.66667 2.057585 -179.5
v 12.33333 2.057585 -179.8333
v 13 2.057585 -179.3333
v 14.66667 2.057585 -179.5
v 16.16667 2.057585 -179.8333
v 23.66667 2.057585 -179.5
v 22.66667 2.057585 -179.5
v 23 2.057585 -179
v 28.16667 2.057585 -179.5
v 24.83333 2.057585 -179.5
v 25.83333 2.057585 -178.6667
v 27.16667 2.057585 -178.6667
v 30 2.057585 -179.5
v 29.5 2.057585 -179.5
v 29.66667 2.057585 -179.1667
v 34.66667 2.057585 -178.1667
v 35.83334 2.057585 -178.1667
v 36.33334 2.057585 -179
v 33.66667 2.057585 -179.5
v 37.66667 2.057585 -179.5
v 33.66667 2.057585 -179.5
v 36.33334 2.057585 -179
v 20 2.057585 -180.6667
v 21.83333 2.057585 -180.1667
v 31.33333 2.057585 -180
v 42.66667 2.057585 -186.1667
v 0 2.057585 -186.1667
v 38.83334 2.057585 -179.5
v 39.5 2.057585 -178.8333
v 40.5 2.057585 -178.8333
v 31.33333 2.057585 -180
v 37.66667 2.057585 -179.5
v 38.83334 2.057585 -179.5
v 40.5 2.057585 -178.8333
v 39.5 2.057585 -178.8333
v 39.83334 2.057585 -178.3333
v 42.66667 2.057585 -186.1667
v 31.33333 2.057585 -180
v 38.83334 2.057585 -179.5
v 4 2.057585 -172
v 3.666667 2.057585 -172.5
v 2.333333 2.057585 -172
v 42.66667 2.057585 -186.1667
v 38.83334 2.057585 -179.5
v 42 2.057585 -178.8333
v 7 2.057585 -170.8333
v 5.666667 2.057585 -172
v 4 2.057585 -172
v 24.5 2.057585 -171
v 26.16667 2.057585 -171
v 25.66667 2.057585 -172
v 10.33333 2.057585 -171.5
v 10.83333 2.057585 -171.5
v 10.33333 2.057585 -171.8333
v 14.83333 2.057585 -171.5
v 15.66667 2.057585 -171.5
v 16 2.057585 -171.8333
v 15.33333 2.057585 -170.8333
v 15.66667 2.057585 -171.5
v 14.83333 2.057585 -171.5
v 10.83333 2.057585 -171.5
v 10.33333 2.057585 -171.5
v 9.666667 2.057585 -170.8333
v 11.83333 2.057585 -171.5
v 10.83333 2.057585 -171.5
v 9.666667 2.057585 -170.8333
v 12.16667 2.057585 -171.5
v 11.83333 2.057585 -171.5
v 9.666667 2.057585 -170.8333
v 15.33333 2.057585 -170.8333
v 14.83333 2.057585 -171.5
v 12.16667 2.057585 -171.5
v 9.666667 2.057585 -170.8333
v 29 2.057585 -170.6667
v 29.66667 2.057585 -170.6667
v 29 2.057585 -171.5
v 42 2.057585 -170.6667
v 42.66667 2.057585 -170.6667
v 42.66667 2.057585 -171.3333
v 23.66667 2.057585 -171
v 23.83333 2.057585 -171
v 23.5 2.057585 -171.1667
v 23.83333 2.057585 -171
v 23.66667 2.057585 -171
v 23.83333 2.057585 -170.6667
v 31.33333 2.057585 -180
v 33.66667 2.057585 -179.5
v 37.66667 2.057585 -179.5
v 38.83334 2.057585 -179.5
v 40.5 2.057585 -178.8333
v 42 2.057585 -178.8333
v 2.333333 2.057585 -172
v 0 2.057585 -171.8333
v 0 2.057585 -170.6667
v 7 2.057585 -170.8333
v 4 2.057585 -172
v -20.16667 2.057585 -170.6667
v -20.33333 2.057585 -171
v -25.33333 2.057585 -171
v -27 2.057585 -170.6667
v -42.66667 2.057585 -186.1667
v -24.83333 2.057585 -182.5
v -23.83333 2.057585 -182.5
v -42.66667 2.057585 -186.1667
v -42.66667 2.057585 -181
v -42.33334 2.057585 -180.6667
v -31 2.057585 -180.6667
v -24.83333 2.057585 -182.5
v -25.33333 2.057585 -171
v -26 2.057585 -171
v -27 2.057585 -170.6667
v -29.83333 2.057585 -180.6667
v -26.83333 2.057585 -180.6667
v -24.83333 2.057585 -182.5
v -31 2.057585 -180.6667
v -29.83333 2.057585 -180.6667
v -24.83333 2.057585 -182.5
v -23.83333 2.057585 -182.5
v -22.83333 2.057585 -181.6667
v -20 2.057585 -181.6667
v -23.83333 2.057585 -182.5
v -20 2.057585 -181.6667
v -19 2.057585 -181.6667
v -26 2.057585 -171
v -26.66667 2.057585 -171
v -27 2.057585 -170.6667
v -22.83333 2.057585 -181.6667
v -22.66667 2.057585 -181.3333
v -21.83333 2.057585 -181.1667
v -20.83333 2.057585 -181.1667
v -20 2.057585 -181.6667
v -19 2.057585 -181.6667
v -17.83333 2.057585 -181.3333
v -15.5 2.057585 -181.3333
v -17 2.057585 -170.6667
v 0 2.057585 -170.6667
v -4 2.057585 -171.1667
v -16.66667 2.057585 -171.1667
v -19 2.057585 -181.6667
v -15.5 2.057585 -181.3333
v -14.83333 2.057585 -181.3333
v 0 2.057585 -170.6667
v -1.166668 2.057585 -171.1667
v -4 2.057585 -171.1667
v 0 2.057585 -186.1667
v -3.666668 2.057585 -181.3333
v -1.833332 2.057585 -180.8333
v -15.5 2.057585 -181.3333
v -17.83333 2.057585 -181.3333
v -17.33333 2.057585 -180.8333
v -6.666668 2.057585 -180.8333
v -5.5 2.057585 -180.8333
v -5 2.057585 -181.3333
v -14.83333 2.057585 -181.3333
v -13.5 2.057585 -180
v -12.16667 2.057585 -180
v -14.83333 2.057585 -181.3333
v -12.16667 2.057585 -180
v -11.5 2.057585 -180
v -9.5 2.057585 -180
v -6.666668 2.057585 -180.8333
v -5 2.057585 -181.3333
v -14.83333 2.057585 -181.3333
v -11.5 2.057585 -180
v -3.666668 2.057585 -181.3333
v -3.333332 2.057585 -180.8333
v -2.833332 2.057585 -180.8333
v -23.83333 2.057585 -182.5
v -19 2.057585 -181.6667
v -14.83333 2.057585 -181.3333
v -5 2.057585 -181.3333
v 0 2.057585 -186.1667
v -42.66667 2.057585 -186.1667
v -2.833332 2.057585 -180.8333
v -1.833332 2.057585 -180.8333
v -3.666668 2.057585 -181.3333
v -5 2.057585 -181.3333
v -3.666668 2.057585 -181.3333
v 0 2.057585 -186.1667
v -42.33334 2.057585 -180.6667
v -42.33334 2.057585 -180.3333
v -40.66667 2.057585 -180.5
v -40.66667 2.057585 -180.5
v -31.33333 2.057585 -180.5
v -31 2.057585 -180.6667
v -42.33334 2.057585 -180.6667
v -29.83333 2.057585 -180.6667
v -29.5 2.057585 -180.1667
v -28.83333 2.057585 -180.1667
v -28 2.057585 -180.1667
v -27 2.057585 -180.1667
v -26.83333 2.057585 -180.6667
v -28 2.057585 -180.1667
v -26.83333 2.057585 -180.6667
v -29.83333 2.057585 -180.6667
v -28.83333 2.057585 -180.1667
v -40.66667 2.057585 -180.5
v -40 2.057585 -179.8333
v -39.33334 2.057585 -179.8333
v -33.66667 2.057585 -179.8333
v -31.5 2.057585 -180.1667
v -31.33333 2.057585 -180.5
v -40.66667 2.057585 -180.5
v -37.5 2.057585 -179.8333
v -40.66667 2.057585 -180.5
v -39.33334 2.057585 -179.8333
v -37.5 2.057585 -179.8333
v -27 2.057585 -179.3333
v -27 2.057585 -179
v -26.66667 2.057585 -179
v -27 2.057585 -179.3333
v -26.66667 2.057585 -179
v -26.5 2.057585 -179.3333
v -27 2.057585 -179.6667
v -27 2.057585 -180.1667
v -28 2.057585 -180.1667
v -27 2.057585 -179.6667
v -28 2.057585 -180.1667
v -27 2.057585 -179.3333
v -27 2.057585 -179.6667
v -12.16667 2.057585 -180
v -13.5 2.057585 -180
v -13.5 2.057585 -179.3333
v -11.5 2.057585 -180
v -11 2.057585 -179.1667
v -10.33333 2.057585 -179.1667
v -9.5 2.057585 -180
v -39.33334 2.057585 -179.8333
v -40 2.057585 -179.8333
v -39.83334 2.057585 -179.5
v -35.16667 2.057585 -179.5
v -34.16667 2.057585 -179.5
v -33.66667 2.057585 -179.8333
v -36.83334 2.057585 -179.3333
v -36.66667 2.057585 -178.5
v -35.16667 2.057585 -179.5
v -37.5 2.057585 -179.8333
v -36.83334 2.057585 -179.3333
v -35.16667 2.057585 -179.5
v -33.66667 2.057585 -179.8333
v -6.833332 2.057585 -172.3333
v -7.166668 2.057585 -172.8333
v -7.666668 2.057585 -172.8333
v -9.5 2.057585 -172.1667
v -9.5 2.057585 -172.1667
v -5.166668 2.057585 -172.1667
v -6.833332 2.057585 -172.3333
v -15.83333 2.640918 -172.1667
v -12.66667 2.057585 -172.1667
v -13.16667 2.057585 -172.5
v -15.66667 2.807585 -172.5
v -25 2.057585 -171.1667
v -22.33333 2.057585 -171.1667
v -23.83333 2.057585 -172.3333
v -15.83333 2.640918 -172.1667
v -16.66667 2.057585 -172
v -16.66667 2.057585 -171.1667
v -12.66667 2.057585 -172.1667
v -16.66667 2.057585 -171.1667
v -4 2.057585 -171.1667
v -9.5 2.057585 -172.1667
v -11.33333 2.057585 -172.1667
v -12 2.057585 -172.1667
v -12.66667 2.057585 -172.1667
v -16.66667 2.057585 -171.1667
v -11.33333 2.057585 -172.1667
v -12 2.057585 -172.1667
v -16.66667 2.057585 -171.1667
v -4 2.057585 -171.1667
v -5.166668 2.057585 -172.1667
v -9.5 2.057585 -172.1667
v -35 2.057585 -171.5
v -32.83334 2.057585 -171.5
v -33.66667 2.057585 -172
v -1.833332 2.057585 -180.8333
v -0.8333321 2.057585 -179.8333
v 0 2.057585 -180.1667
v 0 2.057585 -186.1667
v -39 2.057585 -171.5
v -39.5 2.057585 -171.5
v -40.16667 2.057585 -170.8333
v -30.5 2.057585 -170.6667
v -31.33333 2.057585 -171.5
v -32.16667 2.057585 -171.5
v -38 2.057585 -171.5
v -39 2.057585 -171.5
v -40.16667 2.057585 -170.8333
v -30.5 2.057585 -170.6667
v -32.16667 2.057585 -171.5
v -32.83334 2.057585 -171.5
v -40.16667 2.057585 -170.8333
v -42.66667 2.057585 -170.8333
v -42.66667 2.057585 -170.6667
v -30.5 2.057585 -170.6667
v -37.66667 2.057585 -171.5
v -38 2.057585 -171.5
v -40.16667 2.057585 -170.8333
v -30.5 2.057585 -170.6667
v -32.83334 2.057585 -171.5
v -35 2.057585 -171.5
v -35 2.057585 -171.5
v -37.66667 2.057585 -171.5
v -40.16667 2.057585 -170.8333
v -30.5 2.057585 -170.6667
v -21.33333 2.057585 -171.1667
v -20.5 2.057585 -171.1667
v -20.83333 2.057585 -171.5
v -26.66667 2.057585 -171
v -26 2.057585 -171
v -26.66667 2.057585 -171.3333
v -20.33333 2.057585 -171
v -20.5 2.057585 -171.1667
v -21.33333 2.057585 -171.1667
v -20.33333 2.057585 -171
v -21.33333 2.057585 -171.1667
v -22.33333 2.057585 -171.1667
v -25.33333 2.057585 -171
v -20.33333 2.057585 -171
v -22.33333 2.057585 -171.1667
v -25 2.057585 -171.1667
v 0 2.057585 -171.8333
v -0.5 2.057585 -172
v -1.166668 2.057585 -171.1667
v 0 2.057585 -170.6667
v -42.66667 2.057585 -170.6667
v -51 2.057585 -171.1667
v -53.83334 2.057585 -171.1667
v -85.33334 2.057585 -186.1667
v -79.83334 2.057585 -183.8333
v -78.16667 2.057585 -183.8333
v -85.33334 2.057585 -170.6667
v -81.33334 2.057585 -177
v -81.33334 2.057585 -179.8333
v -85.33334 2.057585 -186.1667
v -79.16667 2.057585 -170.6667
v -79.33334 2.057585 -171.1667
v -80 2.057585 -171.5
v -85.33334 2.057585 -170.6667
v -80.66667 2.057585 -181.5
v -80.16667 2.057585 -181.8333
v -80.33334 2.057585 -183.3333
v -81 2.057585 -173.8333
v -81 2.057585 -176
v -81.33334 2.057585 -177
v -85.33334 2.057585 -170.6667
v -70.66667 2.057585 -170.6667
v -42.66667 2.057585 -170.6667
v -53.83334 2.057585 -171.1667
v -70.5 2.057585 -171.1667
v -42.66667 2.057585 -170.6667
v -42.66667 2.057585 -170.8333
v -43.5 2.057585 -171.1667
v -51 2.057585 -171.1667
v -53.83334 2.057585 -171.1667
v -54.5 2.057585 -171.6667
v -63.83334 2.057585 -171.6667
v -70.5 2.057585 -171.1667
v -85.33334 2.057585 -170.6667
v -80 2.057585 -171.5
v -81 2.057585 -173.8333
v -77 2.057585 -183.5
v -76.33334 2.057585 -182.5
v -74.66667 2.057585 -182.5
v -77 2.057585 -183.5
v -74.66667 2.057585 -182.5
v -73.66667 2.057585 -182.5
v -80.33334 2.057585 -183.3333
v -79.83334 2.057585 -183.8333
v -85.33334 2.057585 -186.1667
v -81.33334 2.057585 -179.8333
v -80.66667 2.057585 -181.5
v -80.33334 2.057585 -183.3333
v -85.33334 2.057585 -186.1667
v -74.66667 2.057585 -182.5
v -76.33334 2.057585 -182.5
v -76.33334 2.057585 -181.1667
v -73.66667 2.057585 -182.5
v -72.66667 2.057585 -181.6667
v -69.83334 2.057585 -181.6667
v -73.66667 2.057585 -182.5
v -69.83334 2.057585 -181.6667
v -69 2.057585 -181.6667
v -85.33334 2.057585 -186.1667
v -78.16667 2.057585 -183.8333
v -77 2.057585 -183.5
v -71.66667 2.057585 -181.1667
v -70.83334 2.057585 -181.1667
v -70.66667 2.057585 -181.5
v -72.66667 2.057585 -181.6667
v -72.5 2.057585 -181.3333
v -69.83334 2.057585 -181.6667
v -72.66667 2.057585 -181.6667
v -70.66667 2.057585 -181.5
v -69 2.057585 -181.6667
v -67.66667 2.057585 -181.3333
v -65.5 2.057585 -181.3333
v -69 2.057585 -181.6667
v -65.5 2.057585 -181.3333
v -64.66667 2.057585 -181.3333
v -63.83334 2.057585 -171.6667
v -66.83334 2.057585 -171.6667
v -70.5 2.057585 -171.1667
v -66.83334 2.057585 -171.6667
v -70.5 2.057585 -171.6667
v -70.5 2.057585 -171.1667
v -43.5 2.057585 -171.1667
v -44.16667 2.057585 -171.8333
v -48.83334 2.057585 -171.8333
v -51 2.057585 -171.1667
v -67.66667 2.057585 -181.3333
v -67.33334 2.057585 -180.8333
v -66.5 2.057585 -180.8333
v -65.5 2.057585 -181.3333
v -64.66667 2.057585 -181.3333
v -63.83334 2.057585 -180.6667
v -62.66667 2.057585 -180.6667
v -57 2.057585 -180.6667
v -55.33334 2.057585 -180.8333
v -54.83334 2.057585 -181.3333
v -64.66667 2.057585 -181.3333
v -61.66667 2.057585 -180.6667
v -64.66667 2.057585 -181.3333
v -62.66667 2.057585 -180.6667
v -61.66667 2.057585 -180.6667
v -53.5 2.057585 -181.3333
v -53.16667 2.057585 -180.8333
v -52.83334 2.057585 -180.8333
v -54.83334 2.057585 -181.3333
v -53.5 2.057585 -181.3333
v -42.66667 2.057585 -186.1667
v -53.5 2.057585 -181.3333
v -52.83334 2.057585 -180.8333
v -51.66667 2.057585 -180.8333
v -51.66667 2.057585 -180.8333
v -50.83334 2.057585 -180.1667
v -50 2.057585 -180.1667
v -46.83334 2.057585 -180.1667
v -44.5 2.057585 -180.5
v -44.33334 2.057585 -180.8333
v -51.66667 2.057585 -180.8333
v -48.5 2.057585 -180.1667
v -51.66667 2.057585 -180.8333
v -50 2.057585 -180.1667
v -48.5 2.057585 -180.1667
v -62.66667 2.057585 -180.6667
v -63.83334 2.057585 -180.6667
v -63.5 2.057585 -180.1667
v -60.5 2.057585 -180
v -60.5 2.057585 -179.1667
v -59 2.057585 -180.1667
v -61.66667 2.057585 -180.6667
v -60.5 2.057585 -180
v -59 2.057585 -180.1667
v -57 2.057585 -180.6667
v -50 2.057585 -180.1667
v -50.83334 2.057585 -180.1667
v -50.66667 2.057585 -179.6667
v -46.83334 2.057585 -180.1667
v -48.5 2.057585 -180.1667
v -48.16667 2.057585 -179.8333
v -70.66667 2.057585 -172.6667
v -69.5 2.057585 -172.6667
v -70.16667 2.057585 -173.3333
v -70.66667 2.057585 -172.6667
v -70.16667 2.057585 -173.3333
v -70.16667 2.057585 -173.8333
v -71 2.057585 -174.5
v -69.5 2.057585 -172.6667
v -70.66667 2.057585 -172.6667
v -70.5 2.057585 -171.6667
v -66.83334 2.057585 -171.6667
v -68 2.057585 -172.6667
v -68.66667 2.057585 -172.6667
v -70.5 2.057585 -171.6667
v -70.5 2.057585 -171.6667
v -68.66667 2.057585 -172.6667
v -69.5 2.057585 -172.6667
v -59.33334 2.057585 -172.1667
v -55 2.057585 -172.1667
v -57.66667 2.057585 -172.6667
v -63.33334 2.057585 -172.1667
v -62.66667 2.057585 -172.1667
v -63.16667 2.057585 -172.5
v -45.83334 2.057585 -172
v -46.16667 2.057585 -172.5
v -46.83334 2.057585 -172.5
v -48.16667 2.057585 -172
v -62.66667 2.057585 -172.1667
v -63.33334 2.057585 -172.1667
v -63.83334 2.057585 -171.6667
v -61.83334 2.057585 -172.1667
v -62.66667 2.057585 -172.1667
v -63.83334 2.057585 -171.6667
v -61.16667 2.057585 -172.1667
v -61.83334 2.057585 -172.1667
v -63.83334 2.057585 -171.6667
v -59.33334 2.057585 -172.1667
v -61.16667 2.057585 -172.1667
v -63.83334 2.057585 -171.6667
v -54.5 2.057585 -171.6667
v -55 2.057585 -172.1667
v -59.33334 2.057585 -172.1667
v -63.83334 2.057585 -171.6667
v -44.16667 2.057585 -171.8333
v -44.33334 2.057585 -172.1667
v -45.83334 2.057585 -172
v -45.83334 2.057585 -172
v -48.16667 2.057585 -172
v -48.83334 2.057585 -171.8333
v -44.16667 2.057585 -171.8333
v -50 2.057585 -171.8333
v -50.33334 2.057585 -171.8333
v -51 2.057585 -171.1667
v -48.83334 2.057585 -171.8333
v -50 2.057585 -171.8333
v -51 2.057585 -171.1667
v -77 2.057585 -183.5
v -73.66667 2.057585 -182.5
v -69 2.057585 -181.6667
v -77 2.057585 -183.5
v -69 2.057585 -181.6667
v -64.66667 2.057585 -181.3333
v -54.83334 2.057585 -181.3333
v -42.66667 2.057585 -186.1667
v -85.33334 2.057585 -186.1667
v -44.33334 2.057585 -180.8333
v -42.66667 2.057585 -181
v -42.66667 2.057585 -186.1667
v -53.5 2.057585 -181.3333
v -51.66667 2.057585 -180.8333
v -128 2.057585 -170.6667
v -85.33333 2.057585 -170.6667
v -85.33333 2.057585 -186.1667
v -128 2.057585 -186.1667
v -170.6667 2.057585 -170.6667
v -128 2.057585 -170.6667
v -128 2.057585 -186.1667
v -170.6667 2.057585 -186.1667
v -180.1667 2.057585 -170.6667
v -170.6667 2.057585 -170.6667
v -170.6667 2.057585 -186.1667
v -180.1667 2.057585 -186.1667
f 1 2 3
f 1 3 4
f 5 6 7
f 5 7 8
f 5 8 9
f 10 11 12
f 13 14 15
f 16 17 18
f 19 20 21
f 19 21 22
f 23 24 25
f 26 27 28
f 26 28 29
f 26 29 30
f 26 30 31
f 32 33 34
f 35 36 37
f 38 39 40
f 38 40 41
f 42 43 44
f 42 44 45
f 46 47 48
f 49 50 51
f 52 53 54
f 55 56 57
f 55 57 58
f 59 60 61
f 62 63 64
f 62 64 65
f 62 65 66
f 67 68 69
f 70 71 72
f 70 72 73
f 74 75 76
f 77 78 79
f 77 79 80
f 81 82 83
f 81 83 84
f 81 84 85
f 86 87 88
f 89 90 91
f 92 93 94
f 95 96 97
f 98 99 100
f 101 102 103
f 101 103 104
f 101 104 105
f 106 107 108
f 109 110 111
f 112 113 114
f 115 116 117
f 115 117 118
f 119 120 121
f 122 123 124
f 125 126 127
f 128 129 130
f 131 132 133
f 131 133 134
f 131 134 135
f 136 137 138
f 139 140 141
f 142 143 144
f 145 146 147
f 148 149 150
f 148 150 151
f 152 153 154
f 155 156 157
f 155 157 158
f 155 158 159
f 160 161 162
f 163 164 165
f 166 167 168
f 169 170 171
f 172 173 174
f 175 176 177
f 175 177 178
f 179 180 181
f 182 183 184
f 185 186 187
f 188 189 190
f 191 192 193
f 194 195 196
f 197 198 199
f 197 199 200
f 201 202 203
f 204 205 206
f 207 208 209
f 210 211 212
f 210 212 213
f 214 215 216
f 214 216 217
f 214 217 218
f 214 218 219
f 220 221 222
f 223 224 225
f 226 227 228
f 229 230 231
f 232 233 234
f 235 236 237
f 238 239 240
f 238 240 241
f 242 243 244
f 242 244 245
f 242 245 246
f 247 248 249
f 250 251 252
f 253 254 255
f 253 255 256
f 257 258 259
f 260 261 262
f 263 264 265
f 263 265 266
f 267 268 269
f 270 271 272
f 270 272 273
f 274 275 276
f 277 278 279
f 280 281 282
f 280 282 283
f 284 285 286
f 287 288 289
f 290 291 292
f 290 292 293
f 290 293 294
f 295 296 297
f 298 299 300
f 301 302 303
f 301 303 304
f 301 304 305
f 306 307 308
f 309 310 311
f 312 313 314
f 315 316 317
f 315 317 318
f 319 320 321
f 322 323 324
f 325 326 327
f 325 327 328
f 329 330 331
f 332 333 334
f 335 336 337
f 338 339 340
f 341 342 343
f 341 343 344
f 345 346 347
f 348 349 350
f 351 352 353
f 351 353 354
f 355 356 357
f 358 359 360
f 361 362 363
f 361 363 364
f 365 366 367
f 368 369 370
f 371 372 373
f 371 373 374
f 375 376 377
f 378 379 380
f 378 380 381
f 382 383 384
f 385 386 387
f 388 389 390
f 391 392 393
f 394 395 396
f 394 396 397
f 398 399 400
f 401 402 403
f 404 405 406
f 404 406 407
f 404 407 408
f 409 410 411
f 412 413 414
f 415 416 417
f 418 419 420
f 421 422 423
f 421 423 424
f 421 424 425
f 426 427 428
f 429 430 431
f 429 431 432
f 433 434 435
f 436 437 438
f 439 440 441
f 442 443 444
f 445 446 447
f 448 449 450
f 451 452 453
f 454 455 456
f 454 456 457
f 454 457 458
f 459 460 461
f 462 463 464
f 465 466 467
f 468 469 470
f 471 472 473
f 474 475 476
f 477 478 479
f 477 479 480
f 481 482 483
f 484 485 486
f 487 488 489
f 490 491 492
f 490 492 493
f 494 495 496
f 494 496 497
f 494 497 498
f 494 498 499
f 500 501 502
f 503 504 505
f 506 507 508
f 509 510 511
f 512 513 514
f 515 516 517
f 515 517 518
f 519 520 521
f 522 523 524
f 522 524 525
f 526 527 528
f 529 530 531
f 532 533 534
f 535 536 537
f 538 539 540
f 541 542 543
f 541 543 544
f 541 544 545
f 546 547 548
f 546 548 549
f 550 551 552
f 553 554 555
f 556 557 558
f 556 558 559
f 556 559 560
f 561 562 563
f 564 565 566
f 567 568 569
f 570 571 572
f 573 574 575
f 576 577 578
f 576 578 579
f 576 579 580
f 581 582 583
f 584 585 586
f 587 588 589
f 590 591 592
f 593 594 595
f 596 597 598
f 599 600 601
f 599 601 602
f 603 604 605
f 606 607 608
f 609 610 611
f 609 611 612
f 613 614 615
f 613 615 616
f 617 618 619
f 620 621 622
f 620 622 623
f 624 625 626
f 624 626 627
f 624 627 628
f 629 630 631
f 632 633 634
f 635 636 637
f 638 639 640
f 638 640 641
f 642 643 644
f 645 646 647
f 645 647 648
f 649 650 651
f 652 653 654
f 652 654 655
f 656 657 658
f 659 660 661
f 659 661 662
f 663 664 665
f 666 667 668
f 669 670 671
f 669 671 672
f 669 672 673
f 674 675 676
f 674 676 677
f 674 677 678
f 679 680 681
f 682 683 684
f 685 686 687
f 688 689 690
f 688 690 691
f 688 691 692
f 688 692 693
f 694 695 696
f 697 698 699
f 697 699 700
f 701 702 703
f 701 703 704
f 705 706 707
f 708 709 710
f 711 712 713
f 714 715 716
f 717 718 719
f 720 721 722
f 723 724 725
f 723 725 726
f 727 728 729
f 730 731 732
f 733 734 735
f 736 737 738
f 736 738 739
f 740 741 742
f 743 744 745
f 746 747 748
f 749 750 751
f 749 751 752
f 753 754 755
f 756 757 758
f 756 758 759
f 756 759 760
f 761 762 763
f 764 765 766
f 767 768 769
f 770 771 772
f 770 772 773
f 774 775 776
f 777 778 779
f 780 781 782
f 783 784 785
f 783 785 786
f 787 788 789
f 790 791 792
f 790 792 793
f 794 795 796
f 794 796 797
f 794 797 798
f 794 798 799
f 800 801 802
f 800 802 803
f 804 805 806
f 804 806 807
f 808 809 810
f 811 812 813
f 814 815 816
f 817 818 819
f 820 821 822
f 823 824 825
f 826 827 828
f 829 830 831
f 832 833 834
f 832 834 835
f 832 835 836
f 832 836 837
f 838 839 840
f 841 842 843
f 841 843 844
f 841 844 845
f 841 845 846
f 847 848 849
f 850 851 852
f 850 852 853
f 854 855 856
f 857 858 859
f 857 859 860
f 861 862 863
f 864 865 866
f 867 868 869
f 870 871 872
f 870 872 873
f 870 873 874
f 870 874 875
f 876 877 878
f 879 880 881
f 882 883 884
f 882 884 885
f 886 887 888
f 889 890 891
f 892 893 894
f 895 896 897
f 898 899 900
f 898 900 901
f 902 903 904
f 902 904 905
f 902 905 906
f 907 908 909
f 910 911 912
f 913 914 915
f 913 915 916
f 917 918 919
f 920 921 922
f 923 924 925
f 926 927 928
f 926 928 929
f 930 931 932
f 933 934 935
f 936 937 938
f 936 938 939
f 940 941 942
f 943 944 945
f 943 945 946
f 943 946 947
f 948 949 950
f 948 950 951
f 952 953 954
f 955 956 957
f 958 959 960
f 958 960 961
f 958 961 962
f 958 962 963
f 964 965 966
f 967 968 969
f 970 971 972
f 973 974 975
f 973 975 976
f 977 978 979
f 980 981 982
f 980 982 983
f 984 985 986
f 987 988 989
f 990 991 992
f 993 994 995
f 996 997 998
f 996 998 999
f 1000 1001 1002
f 1000 1002 1003
f 1004 1005 1006
f 1007 1008 1009
f 1007 1009 1010
f 1011 1012 1013
f 1011 1013 1014
f 1011 1014 1015
f 1016 1017 1018
f 1019 1020 1021
f 1022 1023 1024
f 1022 1024 1025
f 1026 1027 1028
f 1029 1030 1031
f 1029 1031 1032
f 1033 1034 1035
f 1036 1037 1038
f 1039 1040 1041
f 1039 1041 1042
f 1043 1044 1045
f 1046 1047 1048
f 1049 1050 1051
f 1052 1053 1054
f 1055 1056 1057
f 1055 1057 1058
f 1059 1060 1061
f 1062 1063 1064
f 1065 1066 1067
f 1068 1069 1070
f 1071 1072 1073
f 1074 1075 1076
f 1077 1078 1079
f 1080 1081 1082
f 1083 1084 1085
f 1083 1085 1086
f 1083 1086 1087
f 1088 1089 1090
f 1091 1092 1093
f 1091 1093 1094
f 1091 1094 1095
f 1091 1095 1096
f 1097 1098 1099
f 1097 1099 1100
f 1101 1102 1103
f 1104 1105 1106
f 1107 1108 1109
f 1110 1111 1112
f 1110 1112 1113
f 1110 1113 1114
f 1115 1116 1117
f 1118 1119 1120
f 1118 1120 1121
f 1122 1123 1124
f 1125 1126 1127
f 1128 1129 1130
f 1131 1132 1133
f 1134 1135 1136
f 1137 1138 1139
f 1140 1141 1142
f 1143 1144 1145
f 1143 1145 1146
f 1143 1146 1147
f 1148 1149 1150
f 1148 1150 1151
f 1148 1151 1152
f 1148 1152 1153
f 1154 1155 1156
f 1154 1156 1157
f 1158 1159 1160
f 1161 1162 1163
f 1161 1163 1164
f 1161 1164 1165
f 1166 1167 1168
f 1166 1168 1169
f 1170 1171 1172
f 1173 1174 1175
f 1173 1175 1176
f 1177 1178 1179
f 1180 1181 1182
f 1183 1184 1185
f 1183 1185 1186
f 1187 1188 1189
f 1190 1191 1192
f 1190 1192 1193
f 1194 1195 1196
f 1197 1198 1199
f 1197 1199 1200
f 1197 1200 1201
f 1202 1203 1204
f 1205 1206 1207
f 1205 1207 1208
f 1205 1208 1209
f 1210 1211 1212
f 1210 1212 1213
f 1210 1213 1214
f 1210 1214 1215
f 1216 1217 1218
f 1219 1220 1221
f 1222 1223 1224
f 1222 1224 1225
f 1226 1227 1228
f 1229 1230 1231
f 1232 1233 1234
f 1235 1236 1237
f 1238 1239 1240
f 1238 1240 1241
f 1242 1243 1244
f 1242 1244 1245
f 1242 1245 1246
f 1242 1246 1247
f 1248 1249 1250
f 1248 1250 1251
f 1252 1253 1254
f 1255 1256 1257
f 1258 1259 1260
f 1258 1260 1261
f 1262 1263 1264
f 1262 1264 1265
f 1262 1265 1266
f 1262 1266 1267
f 1268 1269 1270
f 1271 1272 1273
f 1274 1275 1276
f 1274 1276 1277
f 1278 1279 1280
f 1281 1282 1283
f 1281 1283 1284
f 1281 1284 1285
f 1281 1285 1286
f 1287 1288 1289
f 1290 1291 1292
f 1293 1294 1295
f 1293 1295 1296
f 1293 1296 1297
f 1293 1297 1298
f 1299 1300 1301
f 1302 1303 1304
f 1305 1306 1307
f 1308 1309 1310
f 1308 1310 1311
f 1308 1311 1312
f 1313 1314 1315
f 1316 1317 1318
f 1316 1318 1319
f 1316 1319 1320
f 1316 1320 1321
f 1322 1323 1324
f 1322 1324 1325
f 1326 1327 1328
f 1326 1328 1329
f 1330 1331 1332
f 1333 1334 1335
f 1336 1337 1338
f 1339 1340 1341
f 1342 1343 1344
f 1345 1346 1347
f 1345 1347 1348
f 1349 1350 1351
f 1349 1351 1352
f 1353 1354 1355
f 1356 1357 1358
f 1356 1358 1359
f 1360 1361 1362
f 1360 1362 1363
f 1364 1365 1366
f 1367 1368 1369
f 1370 1371 1372
f 1373 1374 1375
f 1373 1375 1376
f 1373 1376 1377
f 1378 1379 1380
f 1381 1382 1383
f 1381 1383 1384
f 1385 1386 1387
f 1388 1389 1390
f 1391 1392 1393
f 1394 1395 1396
f 1397 1398 1399
f 1400 1401 1402
f 1403 1404 1405
f 1403 1405 1406
f 1407 1408 1409
f 1410 1411 1412
f 1413 1414 1415
f 1416 1417 1418
f 1416 1418 1419
f 1420 1421 1422
f 1423 1424 1425
f 1426 1427 1428
f 1429 1430 1431
f 1429 1431 1432
f 1429 1432 1433
f 1429 1433 1434
f 1435 1436 1437
f 1438 1439 1440
f 1441 1442 1443
f 1444 1445 1446
f 1447 1448 1449
f 1447 1449 1450
f 1451 1452 1453
f 1454 1455 1456
f 1457 1458 1459
f 1460 1461 1462
f 1463 1464 1465
f 1463 1465 1466
f 1467 1468 1469
f 1470 1471 1472
f 1473 1474 1475
f 1476 1477 1478
f 1479 1480 1481
f 1482 1483 1484
f 1482 1484 1485
f 1486 1487 1488
f 1489 1490 1491
f 1489 1491 1492
f 1493 1494 1495
f 1493 1495 1496
f 1497 1498 1499
f 1500 1501 1502
f 1503 1504 1505
f 1503 1505 1506
f 1507 1508 1509
f 1507 1509 1510
f 1511 1512 1513
f 1514 1515 1516
f 1514 1516 1517
f 1514 1517 1518
f 1519 1520 1521
f 1519 1521 1522
f 1523 1524 1525
f 1526 1527 1528
f 1529 1530 1531
f 1532 1533 1534
f 1532 1534 1535
f 1536 1537 1538
f 1539 1540 1541
f 1542 1543 1544
f 1542 1544 1545
f 1546 1547 1548
f 1549 1550 1551
f 1552 1553 1554
f 1555 1556 1557
f 1555 1557 1558
f 1559 1560 1561
f 1562 1563 1564
f 1565 1566 1567
f 1565 1567 1568
f 1569 1570 1571
f 1572 1573 1574
f 1575 1576 1577
f 1578 1579 1580
f 1581 1582 1583
f 1581 1583 1584
f 1585 1586 1587
f 1588 1589 1590
f 1591 1592 1593
f 1591 1593 1594
f 1595 1596 1597
f 1598 1599 1600
f 1601 1602 1603
f 1604 1605 1606
f 1604 1606 1607
f 1608 1609 1610
f 1611 1612 1613
f 1614 1615 1616
f 1614 1616 1617
f 1618 1619 1620
f 1621 1622 1623
f 1621 1623 1624
f 1625 1626 1627
f 1628 1629 1630
f 1631 1632 1633
f 1634 1635 1636
f 1637 1638 1639
f 1640 1641 1642
f 1640 1642 1643
f 1644 1645 1646
f 1644 1646 1647
f 1644 1647 1648
f 1649 1650 1651
f 1649 1651 1652
f 1653 1654 1655
f 1656 1657 1658
f 1659 1660 1661
f 1662 1663 1664
f 1665 1666 1667
f 1668 1669 1670
f 1671 1672 1673
f 1674 1675 1676
f 1677 1678 1679
f 1680 1681 1682
f 1680 1682 1683
f 1680 1683 1684
f 1680 1684 1685
f 1686 1687 1688
f 1686 1688 1689
f 1686 1689 1690
f 1691 1692 1693
f 1691 1693 1694
f 1691 1694 1695
f 1696 1697 1698
f 1696 1698 1699
f 1696 1699 1700
f 1701 1702 1703
f 1701 1703 1704
f 1705 1706 1707
f 1708 1709 1710
f 1711 1712 1713
f 1714 1715 1716
f 1717 1718 1719
f 1720 1721 1722
f 1723 1724 1725
f 1726 1727 1728
f 1726 1728 1729
f 1726 1729 1730
f 1726 1730 1731
f 1732 1733 1734
f 1735 1736 1737
f 1738 1739 1740
f 1741 1742 1743
f 1744 1745 1746
f 1747 1748 1749
f 1747 1749 1750
f 1751 1752 1753
f 1754 1755 1756
f 1757 1758 1759
f 1760 1761 1762
f 1760 1762 1763
f 1764 1765 1766
f 1767 1768 1769
f 1767 1769 1770
f 1771 1772 1773
f 1774 1775 1776
f 1777 1778 1779
f 1780 1781 1782
f 1780 1782 1783
f 1780 1783 1784
f 1785 1786 1787
f 1788 1789 1790
f 1788 1790 1791
f 1788 1791 1792
f 1788 1792 1793
f 1794 1795 1796
f 1797 1798 1799
f 1797 1799 1800
f 1801 1802 1803
f 1801 1803 1804
f 1805 1806 1807
f 1808 1809 1810
f 1811 1812 1813
f 1814 1815 1816
f 1817 1818 1819
f 1820 1821 1822
f 1823 1824 1825
f 1823 1825 1826
f 1827 1828 1829
f 1827 1829 1830
f 1831 1832 1833
f 1831 1833 1834
f 1835 1836 1837
f 1838 1839 1840
f 1841 1842 1843
f 1841 1843 1844
f 1841 1844 1845
f 1846 1847 1848
f 1849 1850 1851
f 1852 1853 1854
f 1855 1856 1857
f 1858 1859 1860
f 1861 1862 1863
f 1864 1865 1866
f 1867 1868 1869
f 1870 1871 1872
f 1873 1874 1875
f 1876 1877 1878
f 1879 1880 1881
f 1879 1881 1882
f 1883 1884 1885
f 1886 1887 1888
f 1889 1890 1891
f 1889 1891 1892
f 1893 1894 1895
f 1896 1897 1898
f 1899 1900 1901
f 1902 1903 1904
f 1905 1906 1907
f 1908 1909 1910
f 1908 1910 1911
f 1908 1911 1912
f 1913 1914 1915
f 1916 1917 1918
f 1916 1918 1919
f 1916 1919 1920
f 1916 1920 1921
f 1922 1923 1924
f 1925 1926 1927
f 1925 1927 1928
f 1925 1928 1929
f 1925 1929 1930
f 1931 1932 1933
f 1931 1933 1934
f 1931 1934 1935
f 1936 1937 1938
f 1939 1940 1941
f 1939 1941 1942
f 1943 1944 1945
f 1946 1947 1948
f 1949 1950 1951
f 1949 1951 1952
f 1949 1952 1953
f 1954 1955 1956
f 1957 1958 1959
f 1960 1961 1962
f 1960 1962 1963
f 1964 1965 1966
f 1964 1966 1967
f 1968 1969 1970
f 1971 1972 1973
f 1971 1973 1974
f 1975 1976 1977
f 1975 1977 1978
f 1975 1978 1979
f 1975 1979 1980
f 1981 1982 1983
f 1981 1983 1984
f 1981 1984 1985
f 1981 1985 1986
f 1987 1988 1989
f 1990 1991 1992
f 1993 1994 1995
f 1996 1997 1998
f 1999 2000 2001
f 2002 2003 2004
f 2002 2004 2005
f 2006 2007 2008
f 2006 2008 2009
f 2010 2011 2012
f 2010 2012 2013
f 2014 2015 2016
f 2014 2016 2017
f 2018 2019 2020
f 2018 2020 2021
f 2018 2021 2022
f 2018 2022 2023
f 2024 2025 2026
f 2024 2026 2027
f 2024 2027 2028
f 2024 2028 2029
f 2030 2031 2032
f 2033 2034 2035
f 2033 2035 2036
f 2037 2038 2039
f 2040 2041 2042
f 2043 2044 2045
f 2043 2045 2046
f 2047 2048 2049
f 2050 2051 2052
f 2053 2054 2055
f 2056 2057 2058
f 2056 2058 2059
f 2060 2061 2062
f 2060 2062 2063
f 2064 2065 2066
f 2067 2068 2069
f 2070 2071 2072
f 2070 2072 2073
f 2074 2075 2076
f 2074 2076 2077
f 2078 2079 2080
f 2078 2080 2081
f 2082 2083 2084
f 2085 2086 2087
f 2088 2089 2090
f 2088 2090 2091
f 2092 2093 2094
f 2092 2094 2095
f 2096 2097 2098
f 2099 2100 2101
f 2102 2103 2104
f 2105 2106 2107
f 2108 2109 2110
f 2108 2110 2111
f 2112 2113 2114
f 2112 2114 2115
f 2112 2115 2116
f 2117 2118 2119
f 2120 2121 2122
f 2120 2122 2123
f 2124 2125 2126
f 2127 2128 2129
f 2130 2131 2132
f 2130 2132 2133
f 2134 2135 2136
f 2134 2136 2137
f 2138 2139 2140
f 2138 2140 2141
f 2138 2141 2142
f 2143 2144 2145
f 2146 2147 2148
f 2146 2148 2149
f 2146 2149 2150
f 2151 2152 2153
f 2154 2155 2156
f 2157 2158 2159
f 2160 2161 2162
f 2163 2164 2165
f 2166 2167 2168
f 2169 2170 2171
f 2172 2173 2174
f 2175 2176 2177
f 2178 2179 2180
f 2178 2180 2181
f 2178 2181 2182
f 2183 2184 2185
f 2186 2187 2188
f 2186 2188 2189
f 2186 2189 2190
f 2191 2192 2193
f 2194 2195 2196
f 2194 2196 2197
f 2198 2199 2200
f 2198 2200 2201
f 2198 2201 2202
f 2203 2204 2205
f 2206 2207 2208
f 2206 2208 2209
f 2206 2209 2210
f 2211 2212 2213
f 2211 2213 2214
f 2211 2214 2215
f 2216 2217 2218
f 2216 2218 2219
f 2216 2219 2220
f 2216 2220 2221
f 2222 2223 2224
f 2225 2226 2227
f 2228 2229 2230
f 2228 2230 2231
f 2228 2231 2232
f 2233 2234 2235
f 2233 2235 2236
f 2233 2236 2237
f 2233 2237 2238
f 2239 2240 2241
f 2242 2243 2244
f 2245 2246 2247
f 2245 2247 2248
f 2249 2250 2251
f 2249 2251 2252
f 2253 2254 2255
f 2256 2257 2258
f 2259 2260 2261
f 2259 2261 2262
f 2259 2262 2263
f 2264 2265 2266
f 2264 2266 2267
f 2268 2269 2270
f 2271 2272 2273
f 2271 2273 2274
f 2275 2276 2277
f 2278 2279 2280
f 2278 2280 2281
f 2282 2283 2284
f 2285 2286 2287
f 2288 2289 2290
f 2291 2292 2293
f 2294 2295 2296
f 2297 2298 2299
f 2297 2299 2300
f 2301 2302 2303
f 2304 2305 2306
f 2307 2308 2309
f 2310 2311 2312
f 2310 2312 2313
f 2314 2315 2316
f 2317 2318 2319
f 2317 2319 2320
f 2321 2322 2323
f 2324 2325 2326
f 2327 2328 2329
f 2327 2329 2330
f 2327 2330 2331
f 2332 2333 2334
f 2335 2336 2337
f 2338 2339 2340
f 2341 2342 2343
f 2344 2345 2346
f 2344 2346 2347
f 2348 2349 2350
f 2351 2352 2353
f 2351 2353 2354
f 2355 2356 2357
f 2355 2357 2358
f 2355 2358 2359
f 2355 2359 2360
f 2361 2362 2363
f 2361 2363 2364
f 2365 2366 2367
f 2368 2369 2370
f 2368 2370 2371
f 2372 2373 2374
f 2375 2376 2377
f 2378 2379 2380
f 2381 2382 2383
f 2384 2385 2386
f 2387 2388 2389
f 2390 2391 2392
f 2393 2394 2395
f 2393 2395 2396
f 2393 2396 2397
f 2393 2397 2398
f 2399 2400 2401
f 2402 2403 2404
f 2405 2406 2407
f 2408 2409 2410
f 2411 2412 2413
f 2414 2415 2416
f 2414 2416 2417
f 2418 2419 2420
f 2421 2422 2423
f 2421 2423 2424
f 2425 2426 2427
f 2428 2429 2430
f 2431 2432 2433
f 2431 2433 2434
f 2431 2434 2435
f 2436 2437 2438
f 2436 2438 2439
f 2440 2441 2442
f 2440 2442 2443
f 2440 2443 2444
f 2445 2446 2447
f 2445 2447 2448
f 2449 2450 2451
f 2452 2453 2454
f 2455 2456 2457
f 2455 2457 2458
f 2459 2460 2461
f 2462 2463 2464
f 2465 2466 2467
f 2465 2467 2468
f 2469 2470 2471
f 2472 2473 2474
f 2475 2476 2477
f 2475 2477 2478
f 2479 2480 2481
f 2482 2483 2484
f 2485 2486 2487
f 2488 2489 2490
f 2491 2492 2493
f 2491 2493 2494
f 2495 2496 2497
f 2498 2499 2500
f 2501 2502 2503
f 2501 2503 2504
f 2505 2506 2507
f 2508 2509 2510
f 2511 2512 2513
f 2511 2513 2514
f 2515 2516 2517
f 2515 2517 2518
f 2515 2518 2519
f 2520 2521 2522
f 2523 2524 2525
f 2526 2527 2528
f 2526 2528 2529
f 2526 2529 2530
f 2531 2532 2533
f 2531 2533 2534
f 2535 2536 2537
f 2538 2539 2540
f 2541 2542 2543
f 2541 2543 2544
f 2545 2546 2547
f 2548 2549 2550
f 2551 2552 2553
f 2554 2555 2556
f 2557 2558 2559
f 2560 2561 2562
f 2563 2564 2565
f 2566 2567 2568
f 2569 2570 2571
f 2572 2573 2574
f 2575 2576 2577
f 2578 2579 2580
f 2581 2582 2583
f 2584 2585 2586
f 2587 2588 2589
f 2590 2591 2592
f 2593 2594 2595
f 2596 2597 2598
f 2599 2600 2601
f 2599 2601 2602
f 2599 2602 2603
f 2604 2605 2606
f 2604 2606 2607
f 2604 2607 2608
f 2609 2610 2611
f 2609 2611 2612
f 2609 2612 2613
f 2614 2615 2616
f 2617 2618 2619
f 2617 2619 2620
f 2621 2622 2623
f 2624 2625 2626
f 2627 2628 2629
f 2630 2631 2632
f 2630 2632 2633
f 2634 2635 2636
f 2637 2638 2639
f 2640 2641 2642
f 2643 2644 2645
f 2646 2647 2648
f 2646 2648 2649
f 2650 2651 2652
f 2650 2652 2653
f 2654 2655 2656
f 2654 2656 2657
f 2658 2659 2660
f 2661 2662 2663
f 2664 2665 2666
f 2667 2668 2669
f 2667 2669 2670
f 2667 2670 2671
f 2672 2673 2674
f 2675 2676 2677
f 2678 2679 2680
f 2681 2682 2683
f 2684 2685 2686
f 2687 2688 2689
f 2687 2689 2690
f 2687 2690 2691
f 2692 2693 2694
f 2692 2694 2695
f 2696 2697 2698
f 2696 2698 2699
f 2700 2701 2702
f 2700 2702 2703
f 2700 2703 2704
f 2700 2704 2705
f 2706 2707 2708
f 2709 2710 2711
f 2712 2713 2714
f 2715 2716 2717
f 2718 2719 2720
f 2718 2720 2721
f 2722 2723 2724
f 2725 2726 2727
f 2728 2729 2730
f 2728 2730 2731
f 2732 2733 2734
f 2735 2736 2737
f 2738 2739 2740
f 2741 2742 2743
f 2744 2745 2746
f 2744 2746 2747
f 2744 2747 2748
f 2749 2750 2751
f 2752 2753 2754
f 2752 2754 2755
f 2752 2755 2756
f 2757 2758 2759
f 2760 2761 2762
f 2763 2764 2765
f 2766 2767 2768
f 2769 2770 2771
f 2772 2773 2774
f 2775 2776 2777
f 2775 2777 2778
f 2775 2778 2779
f 2780 2781 2782
f 2780 2782 2783
f 2784 2785 2786
f 2787 2788 2789
f 2790 2791 2792
f 2790 2792 2793
f 2790 2793 2794
f 2795 2796 2797
f 2798 2799 2800
f 2798 2800 2801
f 2802 2803 2804
f 2805 2806 2807
f 2805 2807 2808
f 2805 2808 2809
f 2810 2811 2812
f 2810 2812 2813
f 2814 2815 2816
f 2814 2816 2817
f 2814 2817 2818
f 2819 2820 2821
f 2822 2823 2824
f 2825 2826 2827
f 2825 2827 2828
f 2829 2830 2831
f 2832 2833 2834
f 2832 2834 2835
f 2836 2837 2838
f 2836 2838 2839
f 2840 2841 2842
f 2840 2842 2843
f 2840 2843 2844
f 2845 2846 2847
f 2845 2847 2848
f 2845 2848 2849
f 2850 2851 2852
f 2853 2854 2855
f 2856 2857 2858
f 2859 2860 2861
f 2862 2863 2864
f 2862 2864 2865
f 2866 2867 2868
f 2869 2870 2871
f 2872 2873 2874
f 2872 2874 2875
f 2876 2877 2878
f 2876 2878 2879
f 2876 2879 2880
f 2881 2882 2883
f 2884 2885 2886
f 2887 2888 2889
f 2890 2891 2892
f 2890 2892 2893
f 2894 2895 2896
f 2894 2896 2897
f 2898 2899 2900
f 2898 2900 2901
f 2902 2903 2904
f 2905 2906 2907
f 2905 2907 2908
f 2905 2908 2909
f 2910 2911 2912
f 2913 2914 2915
f 2916 2917 2918
f 2916 2918 2919
f 2920 2921 2922
f 2923 2924 2925
f 2926 2927 2928
f 2926 2928 2929
f 2930 2931 2932
f 2933 2934 2935
f 2936 2937 2938
f 2936 2938 2939
f 2940 2941 2942
f 2940 2942 2943
f 2944 2945 2946
f 2947 2948 2949
f 2950 2951 2952
f 2953 2954 2955
f 2953 2955 2956
f 2957 2958 2959
f 2960 2961 2962
f 2960 2962 2963
f 2960 2963 2964
f 2960 2964 2965
f 2966 2967 2968
f 2966 2968 2969
f 2970 2971 2972
f 2970 2972 2973
f 2970 2973 2974
f 2970 2974 2975
f 2976 2977 2978
f 2979 2980 2981
f 2979 2981 2982
f 2983 2984 2985
f 2986 2987 2988
f 2986 2988 2989
f 2990 2991 2992
f 2993 2994 2995
f 2996 2997 2998
f 2996 2998 2999
f 3000 3001 3002
f 3003 3004 3005
f 3003 3005 3006
f 3007 3008 3009
f 3007 3009 3010
f 3011 3012 3013
f 3014 3015 3016
f 3017 3018 3019
f 3017 3019 3020
f 3017 3020 3021
f 3022 3023 3024
f 3025 3026 3027
f 3028 3029 3030
f 3031 3032 3033
f 3034 3035 3036
f 3034 3036 3037
f 3038 3039 3040
f 3038 3040 3041
f 3038 3041 3042
f 3038 3042 3043
f 3044 3045 3046
f 3047 3048 3049
f 3050 3051 3052
f 3050 3052 3053
f 3054 3055 3056
f 3057 3058 3059
f 3060 3061 3062
f 3063 3064 3065
f 3063 3065 3066
f 3063 3066 3067
f 3068 3069 3070
f 3068 3070 3071
f 3072 3073 3074
f 3072 3074 3075
f 3076 3077 3078
f 3079 3080 3081
f 3079 3081 3082
f 3079 3082 3083
f 3084 3085 3086
f 3087 3088 3089
f 3090 3091 3092
f 3090 3092 3093
f 3094 3095 3096
f 3097 3098 3099
f 3100 3101 3102
f 3100 3102 3103
f 3100 3103 3104
f 3105 3106 3107
f 3108 3109 3110
f 3111 3112 3113
f 3114 3115 3116
f 3114 3116 3117
f 3114 3117 3118
f 3114 3118 3119
f 3120 3121 3122
f 3123 3124 3125
f 3126 3127 3128
f 3129 3130 3131
f 3129 3131 3132
f 3129 3132 3133
f 3134 3135 3136
f 3134 3136 3137
f 3134 3137 3138
f 3139 3140 3141
f 3139 3141 3142
f 3143 3144 3145
f 3143 3145 3146
f 3147 3148 3149
f 3150 3151 3152
f 3153 3154 3155
f 3156 3157 3158
f 3159 3160 3161
f 3159 3161 3162
f 3163 3164 3165
f 3163 3165 3166
f 3167 3168 3169
f 3170 3171 3172
f 3173 3174 3175
f 3176 3177 3178
f 3176 3178 3179
f 3180 3181 3182
f 3183 3184 3185
f 3183 3185 3186
f 3183 3186 3187
f 3188 3189 3190
f 3191 3192 3193
f 3194 3195 3196
f 3197 3198 3199
f 3200 3201 3202
f 3203 3204 3205
f 3206 3207 3208
f 3209 3210 3211
f 3212 3213 3214
f 3212 3214 3215
f 3216 3217 3218
f 3216 3218 3219
f 3220 3221 3222
f 3220 3222 3223
f 3224 3225 3226
f 3224 3226 3227
f 3228 3229 3230
f 3228 3230 3231
f 3232 3233 3234
f 3235 3236 3237
f 3238 3239 3240
f 3238 3240 3241
f 3238 3241 3242
f 3238 3242 3243
f 3244 3245 3246
f 3244 3246 3247
f 3244 3247 3248
f 3244 3248 3249
f 3250 3251 3252
f 3250 3252 3253
f 3250 3253 3254
f 3250 3254 3255
f 3256 3257 3258
f 3259 3260 3261
f 3259 3261 3262
f 3263 3264 3265
f 3266 3267 3268
f 3269 3270 3271
f 3269 3271 3272
f 3269 3272 3273
f 3274 3275 3276
f 3277 3278 3279
f 3277 3279 3280
f 3281 3282 3283
f 3284 3285 3286
f 3287 3288 3289
f 3287 3289 3290
f 3291 3292 3293
f 3291 3293 3294
f 3295 3296 3297
f 3298 3299 3300
f 3298 3300 3301
f 3298 3301 3302
f 3298 3302 3303
f 3304 3305 3306
f 3307 3308 3309
f 3310 3311 3312
f 3313 3314 3315
f 3313 3315 3316
f 3313 3316 3317
f 3313 3317 3318
f 3319 3320 3321
f 3322 3323 3324
f 3325 3326 3327
f 3328 3329 3330
f 3328 3330 3331
f 3332 3333 3334
f 3332 3334 3335
f 3336 3337 3338
f 3339 3340 3341
f 3342 3343 3344
f 3342 3344 3345
f 3346 3347 3348
f 3346 3348 3349
f 3346 3349 3350
f 3351 3352 3353
f 3354 3355 3356
f 3357 3358 3359
f 3357 3359 3360
f 3361 3362 3363
f 3364 3365 3366
f 3364 3366 3367
f 3368 3369 3370
f 3368 3370 3371
f 3368 3371 3372
f 3373 3374 3375
f 3376 3377 3378
f 3379 3380 3381
f 3382 3383 3384
f 3385 3386 3387
f 3385 3387 3388
f 3385 3388 3389
f 3390 3391 3392
f 3393 3394 3395
f 3393 3395 3396
f 3397 3398 3399
f 3400 3401 3402
f 3403 3404 3405
f 3406 3407 3408
f 3409 3410 3411
f 3412 3413 3414
f 3412 3414 3415
f 3416 3417 3418
f 3416 3418 3419
f 3416 3419 3420
f 3421 3422 3423
f 3421 3423 3424
f 3421 3424 3425
f 3426 3427 3428
f 3429 3430 3431
f 3432 3433 3434
f 3435 3436 3437
f 3438 3439 3440
f 3441 3442 3443
f 3444 3445 3446
f 3447 3448 3449
f 3450 3451 3452
f 3453 3454 3455
f 3456 3457 3458
f 3459 3460 3461
f 3462 3463 3464
f 3465 3466 3467
f 3468 3469 3470
f 3471 3472 3473
f 3474 3475 3476
f 3477 3478 3479
f 3480 3481 3482
f 3480 3482 3483
f 3480 3483 3484
f 3480 3484 3485
f 3486 3487 3488
f 3486 3488 3489
f 3486 3489 3490
f 3486 3490 3491
f 3492 3493 3494
f 3492 3494 3495
f 3492 3495 3496
f 3497 3498 3499
f 3497 3499 3500
f 3497 3500 3501
f 3502 3503 3504
f 3505 3506 3507
f 3508 3509 3510
f 3511 3512 3513
f 3514 3515 3516
f 3514 3516 3517
f 3514 3517 3518
f 3514 3518 3519
f 3520 3521 3522
f 3523 3524 3525
f 3523 3525 3526
f 3527 3528 3529
f 3530 3531 3532
f 3533 3534 3535
f 3533 3535 3536
f 3533 3536 3537
f 3538 3539 3540
f 3541 3542 3543
f 3544 3545 3546
f 3547 3548 3549
f 3547 3549 3550
f 3551 3552 3553
f 3554 3555 3556
f 3557 3558 3559
f 3557 3559 3560
f 3561 3562 3563
f 3564 3565 3566
f 3564 3566 3567
f 3568 3569 3570
f 3571 3572 3573
f 3574 3575 3576
f 3577 3578 3579
f 3577 3579 3580
f 3577 3580 3581
f 3577 3581 3582
f 3583 3584 3585
f 3586 3587 3588
f 3586 3588 3589
f 3590 3591 3592
f 3590 3592 3593
f 3590 3593 3594
f 3590 3594 3595
f 3596 3597 3598
f 3599 3600 3601
f 3599 3601 3602
f 3599 3602 3603
f 3599 3603 3604
f 3605 3606 3607
f 3608 3609 3610
f 3611 3612 3613
f 3614 3615 3616
f 3617 3618 3619
f 3620 3621 3622
f 3620 3622 3623
f 3624 3625 3626
f 3627 3628 3629
f 3630 3631 3632
f 3633 3634 3635
f 3636 3637 3638
f 3639 3640 3641
f 3642 3643 3644
f 3645 3646 3647
f 3645 3647 3648
f 3645 3648 3649
f 3650 3651 3652
f 3653 3654 3655
f 3656 3657 3658
f 3656 3658 3659
f 3660 3661 3662
f 3663 3664 3665
f 3663 3665 3666
f 3667 3668 3669
f 3670 3671 3672
f 3670 3672 3673
f 3670 3673 3674
f 3670 3674 3675
f 3676 3677 3678
f 3676 3678 3679
f 3676 3679 3680
f 3681 3682 3683
f 3681 3683 3684
f 3681 3684 3685
f 3686 3687 3688
f 3689 3690 3691
f 3689 3691 3692
f 3693 3694 3695
f 3696 3697 3698
f 3699 3700 3701
f 3702 3703 3704
f 3705 3706 3707
f 3705 3707 3708
f 3709 3710 3711
f 3709 3711 3712
f 3709 3712 3713
f 3714 3715 3716
f 3717 3718 3719
f 3720 3721 3722
f 3720 3722 3723
f 3720 3723 3724
f 3725 3726 3727
f 3728 3729 3730
f 3731 3732 3733
f 3734 3735 3736
f 3737 3738 3739
f 3737 3739 3740
f 3737 3740 3741
f 3737 3741 3742
f 3743 3744 3745
f 3746 3747 3748
f 3749 3750 3751
f 3752 3753 3754
f 3752 3754 3755
f 3756 3757 3758
f 3759 3760 3761
f 3762 3763 3764
f 3762 3764 3765
f 3766 3767 3768
f 3766 3768 3769
f 3770 3771 3772
f 3773 3774 3775
f 3773 3775 3776
f 3773 3776 3777
f 3773 3777 3778
f 3779 3780 3781
f 3779 3781 3782
f 3783 3784 3785
f 3783 3785 3786
f 3787 3788 3789
f 3790 3791 3792
f 3793 3794 3795
f 3796 3797 3798
f 3796 3798 3799
f 3796 3799 3800
f 3796 3800 3801
f 3802 3803 3804
f 3805 3806 3807
f 3805 3807 3808
f 3809 3810 3811
f 3809 3811 3812
f 3813 3814 3815
f 3813 3815 3816
f 3817 3818 3819
f 3820 3821 3822
f 3823 3824 3825
f 3826 3827 3828
f 3829 3830 3831
f 3832 3833 3834
f 3835 3836 3837
f 3838 3839 3840
f 3838 3840 3841
f 3842 3843 3844
f 3842 3844 3845
f 3842 3845 3846
f 3847 3848 3849
f 3850 3851 3852
f 3850 3852 3853
f 3854 3855 3856
f 3857 3858 3859
f 3860 3861 3862
f 3860 3862 3863
f 3860 3863 3864
f 3865 3866 3867
f 3865 3867 3868
f 3865 3868 3869
f 3865 3869 3870
f 3871 3872 3873
f 3874 3875 3876
f 3877 3878 3879
f 3880 3881 3882
f 3883 3884 3885
f 3886 3887 3888
f 3886 3888 3889
f 3890 3891 3892
f 3890 3892 3893
f 3890 3893 3894
f 3895 3896 3897
f 3898 3899 3900
f 3901 3902 3903
f 3904 3905 3906
f 3904 3906 3907
f 3908 3909 3910
f 3911 3912 3913
f 3911 3913 3914
f 3915 3916 3917
f 3918 3919 3920
f 3918 3920 3921
f 3922 3923 3924
f 3922 3924 3925
f 3926 3927 3928
f 3929 3930 3931
f 3929 3931 3932
f 3929 3932 3933
f 3929 3933 3934
f 3935 3936 3937
f 3938 3939 3940
f 3941 3942 3943
f 3944 3945 3946
f 3947 3948 3949
f 3950 3951 3952
f 3953 3954 3955
f 3953 3955 3956
f 3953 3956 3957
f 3958 3959 3960
f 3958 3960 3961
f 3962 3963 3964
f 3965 3966 3967
f 3965 3967 3968
f 3969 3970 3971
f 3972 3973 3974
f 3972 3974 3975
f 3976 3977 3978
f 3979 3980 3981
f 3982 3983 3984
f 3982 3984 3985
f 3986 3987 3988
f 3986 3988 3989
f 3990 3991 3992
f 3993 3994 3995
f 3996 3997 3998
f 3999 4000 4001
f 3999 4001 4002
f 3999 4002 4003
f 4004 4005 4006
f 4007 4008 4009
f 4007 4009 4010
f 4007 4010 4011
f 4007 4011 4012
f 4013 4014 4015
f 4016 4017 4018
f 4016 4018 4019
f 4020 4021 4022
f 4020 4022 4023
f 4020 4023 4024
f 4025 4026 4027
f 4028 4029 4030
f 4031 4032 4033
f 4031 4033 4034
f 4035 4036 4037
f 4038 4039 4040
f 4038 4040 4041
f 4042 4043 4044
f 4042 4044 4045
f 4046 4047 4048
f 4046 4048 4049
f 4050 4051 4052
f 4050 4052 4053
f 4050 4053 4054
f 4050 4054 4055
f 4056 4057 4058
f 4059 4060 4061
f 4062 4063 4064
f 4065 4066 4067
f 4068 4069 4070
f 4071 4072 4073
f 4074 4075 4076
f 4074 4076 4077
f 4074 4077 4078
f 4074 4078 4079
f 4080 4081 4082
f 4080 4082 4083
f 4084 4085 4086
f 4084 4086 4087
f 4084 4087 4088
f 4084 4088 4089
f 4090 4091 4092
f 4090 4092 4093
f 4094 4095 4096
f 4097 4098 4099
f 4097 4099 4100
f 4097 4100 4101
f 4097 4101 4102
f 4103 4104 4105
f 4103 4105 4106
f 4107 4108 4109
f 4107 4109 4110
f 4111 4112 4113
f 4114 4115 4116
f 4114 4116 4117
f 4118 4119 4120
f 4121 4122 4123
f 4121 4123 4124
f 4121 4124 4125
f 4126 4127 4128
f 4129 4130 4131
f 4132 4133 4134
f 4135 4136 4137
f 4135 4137 4138
f 4139 4140 4141
f 4139 4141 4142
f 4143 4144 4145
f 4143 4145 4146
f 4147 4148 4149
f 4147 4149 4150
f 4147 4150 4151
f 4147 4151 4152
f 4153 4154 4155
f 4156 4157 4158
f 4159 4160 4161
f 4159 4161 4162
f 4163 4164 4165
f 4166 4167 4168
f 4166 4168 4169
f 4170 4171 4172
f 4173 4174 4175
f 4173 4175 4176
f 4177 4178 4179
f 4177 4179 4180
f 4177 4180 4181
f 4177 4181 4182
f 4183 4184 4185
f 4186 4187 4188
f 4189 4190 4191
f 4192 4193 4194
f 4192 4194 4195
f 4192 4195 4196
f 4197 4198 4199
f 4197 4199 4200
f 4201 4202 4203
f 4204 4205 4206
f 4207 4208 4209
f 4210 4211 4212
f 4210 4212 4213
f 4210 4213 4214
f 4210 4214 4215
f 4216 4217 4218
f 4219 4220 4221
f 4219 4221 4222
f 4223 4224 4225
f 4223 4225 4226
f 4223 4226 4227
f 4223 4227 4228
f 4229 4230 4231
f 4232 4233 4234
f 4235 4236 4237
f 4238 4239 4240
f 4238 4240 4241
f 4242 4243 4244
f 4245 4246 4247
f 4245 4247 4248
f 4249 4250 4251
f 4252 4253 4254
f 4252 4254 4255
f 4256 4257 4258
f 4259 4260 4261
f 4259 4261 4262
f 4259 4262 4263
f 4264 4265 4266
f 4267 4268 4269
f 4270 4271 4272
f 4270 4272 4273
f 4274 4275 4276
f 4274 4276 4277
f 4274 4277 4278
f 4279 4280 4281
f 4279 4281 4282
f 4283 4284 4285
f 4286 4287 4288
f 4286 4288 4289
f 4290 4291 4292
f 4293 4294 4295
f 4296 4297 4298
f 4296 4298 4299
f 4300 4301 4302
f 4300 4302 4303
f 4300 4303 4304
f 4305 4306 4307
f 4308 4309 4310
f 4308 4310 4311
f 4312 4313 4314
f 4315 4316 4317
f 4318 4319 4320
f 4321 4322 4323
f 4324 4325 4326
f 4324 4326 4327
f 4324 4327 4328
f 4329 4330 4331
f 4329 4331 4332
f 4329 4332 4333
f 4329 4333 4334
f 4335 4336 4337
f 4338 4339 4340
f 4341 4342 4343
f 4344 4345 4346
f 4347 4348 4349
f 4347 4349 4350
f 4347 4350 4351
f 4347 4351 4352
f 4353 4354 4355
f 4353 4355 4356
f 4357 4358 4359
f 4357 4359 4360
f 4357 4360 4361
f 4357 4361 4362
f 4363 4364 4365
f 4363 4365 4366
f 4367 4368 4369
f 4367 4369 4370
f 4367 4370 4371
f 4372 4373 4374
f 4375 4376 4377
f 4378 4379 4380
f 4381 4382 4383
f 4384 4385 4386
f 4387 4388 4389
f 4390 4391 4392
f 4393 4394 4395
f 4396 4397 4398
f 4399 4400 4401
f 4399 4401 4402
f 4403 4404 4405
f 4406 4407 4408
f 4409 4410 4411
f 4412 4413 4414
f 4412 4414 4415
f 4416 4417 4418
f 4416 4418 4419
f 4420 4421 4422
f 4420 4422 4423
f 4424 4425 4426
f 4424 4426 4427
f 4424 4427 4428
f 4429 4430 4431
f 4432 4433 4434
f 4435 4436 4437
f 4438 4439 4440
f 4441 4442 4443
f 4444 4445 4446
f 4444 4446 4447
f 4444 4447 4448
f 4449 4450 4451
f 4452 4453 4454
f 4452 4454 4455
f 4452 4455 4456
f 4457 4458 4459
f 4457 4459 4460
f 4457 4460 4461
f 4462 4463 4464
f 4465 4466 4467
f 4465 4467 4468
f 4465 4468 4469
f 4470 4471 4472
f 4473 4474 4475
f 4476 4477 4478
f 4479 4480 4481
f 4482 4483 4484
f 4482 4484 4485
f 4486 4487 4488
f 4489 4490 4491
f 4489 4491 4492
f 4493 4494 4495
f 4496 4497 4498
f 4496 4498 4499
f 4500 4501 4502
f 4500 4502 4503
f 4504 4505 4506
f 4504 4506 4507
f 4504 4507 4508
f 4509 4510 4511
f 4512 4513 4514
f 4515 4516 4517
f 4518 4519 4520
f 4521 4522 4523
f 4524 4525 4526
f 4527 4528 4529
f 4530 4531 4532
f 4530 4532 4533
f 4534 4535 4536
f 4537 4538 4539
f 4540 4541 4542
f 4540 4542 4543
f 4544 4545 4546
f 4547 4548 4549
f 4547 4549 4550
f 4547 4550 4551
f 4547 4551 4552
f 4553 4554 4555
f 4553 4555 4556
f 4557 4558 4559
f 4560 4561 4562
f 4563 4564 4565
f 4563 4565 4566
f 4567 4568 4569
f 4570 4571 4572
f 4573 4574 4575
f 4576 4577 4578
f 4576 4578 4579
f 4580 4581 4582
f 4583 4584 4585
f 4583 4585 4586
f 4583 4586 4587
f 4583 4587 4588
f 4589 4590 4591
f 4592 4593 4594
f 4595 4596 4597
f 4598 4599 4600
f 4598 4600 4601
f 4602 4603 4604
f 4605 4606 4607
f 4608 4609 4610
f 4608 4610 4611
f 4608 4611 4612
f 4608 4612 4613
f 4614 4615 4616
f 4617 4618 4619
f 4620 4621 4622
f 4620 4622 4623
f 4620 4623 4624
f 4625 4626 4627
f 4625 4627 4628
f 4629 4630 4631
f 4632 4633 4634
f 4635 4636 4637
f 4635 4637 4638
f 4639 4640 4641
f 4642 4643 4644
f 4645 4646 4647
f 4648 4649 4650
f 4648 4650 4651
f 4652 4653 4654
f 4655 4656 4657
f 4658 4659 4660
f 4661 4662 4663
f 4664 4665 4666
f 4667 4668 4669
f 4667 4669 4670
f 4671 4672 4673
f 4674 4675 4676
f 4674 4676 4677
f 4678 4679 4680
f 4681 4682 4683
f 4681 4683 4684
f 4681 4684 4685
f 4686 4687 4688
f 4686 4688 4689
f 4690 4691 4692
f 4690 4692 4693
f 4690 4693 4694
f 4695 4696 4697
f 4698 4699 4700
f 4698 4700 4701
f 4702 4703 4704
f 4705 4706 4707
f 4705 4707 4708
f 4705 4708 4709
f 4705 4709 4710
f 4711 4712 4713
f 4714 4715 4716
f 4714 4716 4717
f 4718 4719 4720
f 4721 4722 4723
f 4724 4725 4726
f 4724 4726 4727
f 4728 4729 4730
f 4728 4730 4731
f 4732 4733 4734
f 4732 4734 4735
f 4736 4737 4738
f 4739 4740 4741
f 4742 4743 4744
f 4742 4744 4745
f 4746 4747 4748
f 4749 4750 4751
f 4749 4751 4752
f 4753 4754 4755
f 4756 4757 4758
f 4759 4760 4761
f 4762 4763 4764
f 4765 4766 4767
f 4768 4769 4770
f 4768 4770 4771
f 4772 4773 4774
f 4772 4774 4775
f 4776 4777 4778
f 4779 4780 4781
f 4779 4781 4782
f 4783 4784 4785
f 4786 4787 4788
f 4789 4790 4791
f 4792 4793 4794
f 4795 4796 4797
f 4798 4799 4800
f 4798 4800 4801
f 4802 4803 4804
f 4805 4806 4807
f 4808 4809 4810
f 4811 4812 4813
f 4811 4813 4814
f 4811 4814 4815
f 4811 4815 4816
f 4817 4818 4819
f 4820 4821 4822
f 4820 4822 4823
f 4820 4823 4824
f 4820 4824 4825
f 4826 4827 4828
f 4826 4828 4829
f 4826 4829 4830
f 4831 4832 4833
f 4831 4833 4834
f 4835 4836 4837
f 4838 4839 4840
f 4841 4842 4843
f 4841 4843 4844
f 4841 4844 4845
f 4846 4847 4848
f 4846 4848 4849
f 4846 4849 4850
f 4851 4852 4853
f 4854 4855 4856
f 4854 4856 4857
f 4854 4857 4858
f 4859 4860 4861
f 4859 4861 4862
f 4859 4862 4863
f 4864 4865 4866
f 4864 4866 4867
f 4868 4869 4870
f 4871 4872 4873
f 4874 4875 4876
f 4877 4878 4879
f 4880 4881 4882
f 4883 4884 4885
f 4883 4885 4886
f 4887 4888 4889
f 4890 4891 4892
f 4890 4892 4893
f 4894 4895 4896
f 4897 4898 4899
f 4900 4901 4902
f 4900 4902 4903
f 4900 4903 4904
f 4905 4906 4907
f 4908 4909 4910
f 4908 4910 4911
f 4912 4913 4914
f 4912 4914 4915
f 4916 4917 4918
f 4916 4918 4919
f 4916 4919 4920
f 4921 4922 4923
f 4924 4925 4926
f 4924 4926 4927
f 4928 4929 4930
f 4928 4930 4931
f 4932 4933 4934
f 4935 4936 4937
f 4938 4939 4940
f 4938 4940 4941
f 4942 4943 4944
f 4942 4944 4945
f 4942 4945 4946
f 4947 4948 4949
f 4947 4949 4950
f 4951 4952 4953
f 4954 4955 4956
f 4957 4958 4959
f 4957 4959 4960
f 4961 4962 4963
f 4961 4963 4964
f 4961 4964 4965
f 4961 4965 4966
f 4967 4968 4969
f 4970 4971 4972
f 4973 4974 4975
f 4976 4977 4978
f 4979 4980 4981
f 4979 4981 4982
f 4979 4982 4983
f 4984 4985 4986
f 4987 4988 4989
f 4987 4989 4990
f 4991 4992 4993
f 4994 4995 4996
f 4997 4998 4999
f 4997 4999 5000
f 5001 5002 5003
f 5004 5005 5006
f 5007 5008 5009
f 5010 5011 5012
f 5013 5014 5015
f 5016 5017 5018
f 5016 5018 5019
f 5020 5021 5022
f 5020 5022 5023
f 5024 5025 5026
f 5027 5028 5029
f 5027 5029 5030
f 5027 5030 5031
f 5032 5033 5034
f 5035 5036 5037
f 5038 5039 5040
f 5041 5042 5043
f 5044 5045 5046
f 5044 5046 5047
f 5048 5049 5050
f 5051 5052 5053
f 5051 5053 5054
f 5055 5056 5057
f 5058 5059 5060
f 5058 5060 5061
f 5058 5061 5062
f 5063 5064 5065
f 5066 5067 5068
f 5069 5070 5071
f 5072 5073 5074
f 5075 5076 5077
f 5078 5079 5080
f 5078 5080 5081
f 5082 5083 5084
f 5085 5086 5087
f 5088 5089 5090
f 5091 5092 5093
f 5094 5095 5096
f 5097 5098 5099
f 5100 5101 5102
f 5100 5102 5103
f 5104 5105 5106
f 5107 5108 5109
f 5110 5111 5112
f 5113 5114 5115
f 5113 5115 5116
f 5113 5116 5117
f 5118 5119 5120
f 5118 5120 5121
f 5118 5121 5122
f 5118 5122 5123
f 5124 5125 5126
f 5127 5128 5129
f 5130 5131 5132
f 5133 5134 5135
f 5136 5137 5138
f 5139 5140 5141
f 5139 5141 5142
f 5143 5144 5145
f 5143 5145 5146
f 5147 5148 5149
f 5147 5149 5150
f 5151 5152 5153
f 5151 5153 5154
f 5155 5156 5157
f 5158 5159 5160
f 5161 5162 5163
f 5161 5163 5164
f 5161 5164 5165
f 5166 5167 5168
f 5166 5168 5169
f 5170 5171 5172
f 5170 5172 5173
f 5174 5175 5176
f 5177 5178 5179
f 5180 5181 5182
f 5180 5182 5183
f 5184 5185 5186
f 5187 5188 5189
f 5190 5191 5192
f 5190 5192 5193
f 5194 5195 5196
f 5194 5196 5197
f 5198 5199 5200
f 5201 5202 5203
f 5201 5203 5204
f 5205 5206 5207
f 5205 5207 5208
f 5209 5210 5211
f 5209 5211 5212
f 5213 5214 5215
f 5216 5217 5218
f 5216 5218 5219
f 5220 5221 5222
f 5220 5222 5223
f 5220 5223 5224
f 5225 5226 5227
f 5228 5229 5230
f 5228 5230 5231
f 5228 5231 5232
f 5228 5232 5233
f 5234 5235 5236
f 5237 5238 5239
f 5240 5241 5242
f 5243 5244 5245
f 5243 5245 5246
f 5243 5246 5247
f 5248 5249 5250
f 5251 5252 5253
f 5251 5253 5254
f 5255 5256 5257
f 5258 5259 5260
f 5258 5260 5261
f 5262 5263 5264
f 5265 5266 5267
f 5268 5269 5270
f 5268 5270 5271
f 5268 5271 5272
f 5273 5274 5275
f 5273 5275 5276
f 5277 5278 5279
f 5277 5279 5280
f 5281 5282 5283
f 5284 5285 5286
f 5287 5288 5289
f 5287 5289 5290
f 5287 5290 5291
f 5292 5293 5294
f 5292 5294 5295
f 5296 5297 5298
f 5299 5300 5301
f 5302 5303 5304
f 5305 5306 5307
f 5308 5309 5310
f 5311 5312 5313
f 5311 5313 5314
f 5311 5314 5315
f 5311 5315 5316
f 5317 5318 5319
f 5317 5319 5320
f 5321 5322 5323
f 5321 5323 5324
f 5321 5324 5325
f 5321 5325 5326
f 5327 5328 5329
f 5330 5331 5332
f 5330 5332 5333
f 5334 5335 5336
f 5334 5336 5337
f 5338 5339 5340
f 5338 5340 5341
f 5342 5343 5344
f 5345 5346 5347
f 5348 5349 5350
f 5348 5350 5351
f 5352 5353 5354
f 5355 5356 5357
f 5355 5357 5358
f 5355 5358 5359
f 5360 5361 5362
f 5360 5362 5363
f 5364 5365 5366
f 5364 5366 5367
f 5368 5369 5370
f 5368 5370 5371
f 5372 5373 5374
f 5375 5376 5377
f 5378 5379 5380
f 5381 5382 5383
f 5381 5383 5384
f 5385 5386 5387
f 5385 5387 5388
f 5385 5388 5389
f 5390 5391 5392
f 5393 5394 5395
f 5393 5395 5396
f 5397 5398 5399
f 5400 5401 5402
f 5400 5402 5403
f 5404 5405 5406
f 5407 5408 5409
f 5410 5411 5412
f 5410 5412 5413
f 5410 5413 5414
f 5415 5416 5417
f 5415 5417 5418
f 5419 5420 5421
f 5422 5423 5424
f 5425 5426 5427
f 5428 5429 5430
f 5428 5430 5431
f 5428 5431 5432
f 5433 5434 5435
f 5436 5437 5438
f 5439 5440 5441
f 5439 5441 5442
f 5443 5444 5445
f 5446 5447 5448
f 5449 5450 5451
f 5452 5453 5454
f 5452 5454 5455
f 5452 5455 5456
f 5457 5458 5459
f 5460 5461 5462
f 5460 5462 5463
f 5460 5463 5464
f 5465 5466 5467
f 5465 5467 5468
f 5465 5468 5469
f 5465 5469 5470
f 5471 5472 5473
f 5474 5475 5476
f 5474 5476 5477
f 5474 5477 5478
f 5479 5480 5481
f 5479 5481 5482
f 5483 5484 5485
f 5486 5487 5488
f 5489 5490 5491
f 5492 5493 5494
f 5495 5496 5497
f 5498 5499 5500
f 5498 5500 5501
f 5498 5501 5502
f 5503 5504 5505
f 5506 5507 5508
f 5509 5510 5511
f 5509 5511 5512
f 5513 5514 5515
f 5513 5515 5516
f 5513 5516 5517
f 5513 5517 5518
f 5519 5520 5521
f 5522 5523 5524
f 5525 5526 5527
f 5525 5527 5528
f 5529 5530 5531
f 5532 5533 5534
f 5535 5536 5537
f 5538 5539 5540
f 5538 5540 5541
f 5542 5543 5544
f 5545 5546 5547
f 5548 5549 5550
f 5551 5552 5553
f 5554 5555 5556
f 5554 5556 5557
f 5558 5559 5560
f 5561 5562 5563
f 5564 5565 5566
f 5567 5568 5569
f 5570 5571 5572
f 5570 5572 5573
f 5574 5575 5576
f 5577 5578 5579
f 5580 5581 5582
f 5583 5584 5585
f 5586 5587 5588
f 5589 5590 5591
f 5592 5593 5594
f 5592 5594 5595
f 5596 5597 5598
f 5599 5600 5601
f 5602 5603 5604
f 5605 5606 5607
f 5605 5607 5608
f 5609 5610 5611
f 5612 5613 5614
f 5615 5616 5617
f 5618 5619 5620
f 5618 5620 5621
f 5622 5623 5624
f 5625 5626 5627
f 5628 5629 5630
f 5628 5630 5631
f 5628 5631 5632
f 5628 5632 5633
f 5634 5635 5636
f 5634 5636 5637
f 5638 5639 5640
f 5641 5642 5643
f 5644 5645 5646
f 5647 5648 5649
f 5650 5651 5652
f 5653 5654 5655
f 5656 5657 5658
f 5656 5658 5659
f 5660 5661 5662
f 5660 5662 5663
f 5664 5665 5666
f 5667 5668 5669
f 5667 5669 5670
f 5667 5670 5671
f 5667 5671 5672
f 5673 5674 5675
f 5673 5675 5676
f 5677 5678 5679
f 5677 5679 5680
f 5681 5682 5683
f 5684 5685 5686
f 5684 5686 5687
f 5688 5689 5690
f 5691 5692 5693
f 5694 5695 5696
f 5697 5698 5699
f 5697 5699 5700
f 5697 5700 5701
f 5702 5703 5704
f 5705 5706 5707
f 5705 5707 5708
f 5709 5710 5711
f 5712 5713 5714
f 5712 5714 5715
f 5712 5715 5716
f 5712 5716 5717
f 5718 5719 5720
f 5718 5720 5721
f 5718 5721 5722
f 5723 5724 5725
f 5726 5727 5728
f 5726 5728 5729
f 5730 5731 5732
f 5730 5732 5733
f 5734 5735 5736
f 5737 5738 5739
f 5740 5741 5742
f 5743 5744 5745
f 5746 5747 5748
f 5749 5750 5751
f 5752 5753 5754
f 5755 5756 5757
f 5755 5757 5758
f 5759 5760 5761
f 5759 5761 5762
f 5763 5764 5765
f 5766 5767 5768
f 5769 5770 5771
f 5769 5771 5772
f 5769 5772 5773
f 5769 5773 5774
f 5775 5776 5777
f 5775 5777 5778
f 5779 5780 5781
f 5782 5783 5784
f 5785 5786 5787
f 5785 5787 5788
f 5789 5790 5791
f 5789 5791 5792
f 5793 5794 5795
f 5796 5797 5798
f 5796 5798 5799
f 5796 5799 5800
f 5796 5800 5801
f 5802 5803 5804
f 5802 5804 5805
f 5806 5807 5808
f 5806 5808 5809
f 5810 5811 5812
f 5810 5812 5813
f 5810 5813 5814
f 5815 5816 5817
f 5818 5819 5820
f 5818 5820 5821
f 5818 5821 5822
f 5823 5824 5825
f 5823 5825 5826
f 5827 5828 5829
f 5827 5829 5830
f 5827 5830 5831
f 5832 5833 5834
f 5832 5834 5835
f 5836 5837 5838
f 5839 5840 5841
f 5842 5843 5844
f 5845 5846 5847
f 5845 5847 5848
f 5849 5850 5851
f 5852 5853 5854
f 5852 5854 5855
f 5856 5857 5858
f 5859 5860 5861
f 5859 5861 5862
f 5859 5862 5863
f 5864 5865 5866
f 5867 5868 5869
f 5867 5869 5870
f 5867 5870 5871
f 5867 5871 5872
f 5873 5874 5875
f 5876 5877 5878
f 5876 5878 5879
f 5880 5881 5882
f 5880 5882 5883
f 5880 5883 5884
f 5885 5886 5887
f 5888 5889 5890
f 5891 5892 5893
f 5894 5895 5896
f 5894 5896 5897
f 5894 5897 5898
f 5894 5898 5899
f 5900 5901 5902
f 5903 5904 5905
f 5906 5907 5908
f 5906 5908 5909
f 5910 5911 5912
f 5910 5912 5913
f 5914 5915 5916
f 5914 5916 5917
f 5918 5919 5920
f 5921 5922 5923
f 5924 5925 5926
f 5927 5928 5929
f 5927 5929 5930
f 5931 5932 5933
f 5934 5935 5936
f 5937 5938 5939
f 5937 5939 5940
f 5941 5942 5943
f 5941 5943 5944
f 5945 5946 5947
f 5945 5947 5948
f 5949 5950 5951
f 5949 5951 5952
f 5953 5954 5955
f 5956 5957 5958
f 5956 5958 5959
f 5960 5961 5962
f 5963 5964 5965
f 5963 5965 5966
f 5967 5968 5969
f 5970 5971 5972
f 5973 5974 5975
f 5976 5977 5978
f 5976 5978 5979
f 5976 5979 5980
f 5976 5980 5981
f 5982 5983 5984
f 5985 5986 5987
f 5988 5989 5990
f 5991 5992 5993
f 5994 5995 5996
f 5994 5996 5997
f 5998 5999 6000
f 6001 6002 6003
f 6004 6005 6006
f 6007 6008 6009
f 6010 6011 6012
f 6013 6014 6015
f 6016 6017 6018
f 6019 6020 6021
f 6019 6021 6022
f 6023 6024 6025
f 6023 6025 6026
f 6027 6028 6029
f 6027 6029 6030
f 6031 6032 6033
f 6034 6035 6036
f 6034 6036 6037
f 6034 6037 6038
f 6034 6038 6039
f 6040 6041 6042
f 6043 6044 6045
f 6043 6045 6046
f 6047 6048 6049
f 6050 6051 6052
f 6053 6054 6055
f 6056 6057 6058
f 6059 6060 6061
f 6062 6063 6064
f 6065 6066 6067
f 6068 6069 6070
f 6071 6072 6073
f 6074 6075 6076
f 6077 6078 6079
f 6080 6081 6082
f 6080 6082 6083
f 6084 6085 6086
f 6084 6086 6087
f 6088 6089 6090
f 6091 6092 6093
f 6094 6095 6096
f 6097 6098 6099
f 6097 6099 6100
f 6097 6100 6101
f 6097 6101 6102
f 6103 6104 6105
f 6103 6105 6106
f 6107 6108 6109
f 6110 6111 6112
f 6113 6114 6115
f 6116 6117 6118
f 6119 6120 6121
f 6119 6121 6122
f 6123 6124 6125
f 6126 6127 6128
f 6126 6128 6129
f 6130 6131 6132
f 6130 6132 6133
f 6130 6133 6134
f 6130 6134 6135
f 6136 6137 6138
f 6136 6138 6139
f 6140 6141 6142
f 6140 6142 6143
f 6144 6145 6146
f 6147 6148 6149
f 6147 6149 6150
f 6151 6152 6153
f 6154 6155 6156
f 6157 6158 6159
f 6160 6161 6162
f 6160 6162 6163
f 6160 6163 6164
f 6165 6166 6167
f 6165 6167 6168
f 6169 6170 6171
f 6172 6173 6174
f 6172 6174 6175
f 6176 6177 6178
f 6176 6178 6179
f 6180 6181 6182
f 6183 6184 6185
f 6186 6187 6188
f 6189 6190 6191
f 6189 6191 6192
f 6193 6194 6195
f 6193 6195 6196
f 6197 6198 6199
f 6197 6199 6200
f 6197 6200 6201
f 6202 6203 6204
f 6205 6206 6207
f 6208 6209 6210
f 6208 6210 6211
f 6212 6213 6214
f 6212 6214 6215
f 6216 6217 6218
f 6219 6220 6221
f 6222 6223 6224
f 6225 6226 6227
f 6225 6227 6228
f 6229 6230 6231
f 6229 6231 6232
f 6233 6234 6235
f 6236 6237 6238
f 6236 6238 6239
f 6236 6239 6240
f 6241 6242 6243
f 6241 6243 6244
f 6245 6246 6247
f 6248 6249 6250
f 6248 6250 6251
f 6252 6253 6254
f 6252 6254 6255
f 6256 6257 6258
f 6256 6258 6259
f 6260 6261 6262
f 6263 6264 6265
f 6263 6265 6266
f 6267 6268 6269
f 6267 6269 6270
f 6267 6270 6271
f 6272 6273 6274
f 6272 6274 6275
f 6272 6275 6276
f 6277 6278 6279
f 6280 6281 6282
f 6280 6282 6283
f 6284 6285 6286
f 6284 6286 6287
f 6284 6287 6288
f 6289 6290 6291
f 6292 6293 6294
f 6295 6296 6297
f 6295 6297 6298
f 6299 6300 6301
f 6302 6303 6304
f 6302 6304 6305
f 6306 6307 6308
f 6309 6310 6311
f 6312 6313 6314
f 6312 6314 6315
f 6316 6317 6318
f 6319 6320 6321
f 6319 6321 6322
f 6319 6322 6323
f 6319 6323 6324
f 6325 6326 6327
f 6325 6327 6328
f 6329 6330 6331
f 6332 6333 6334
f 6335 6336 6337
f 6335 6337 6338
f 6335 6338 6339
f 6335 6339 6340
f 6341 6342 6343
f 6341 6343 6344
f 6345 6346 6347
f 6348 6349 6350
f 6351 6352 6353
f 6351 6353 6354
f 6355 6356 6357
f 6358 6359 6360
f 6358 6360 6361
f 6358 6361 6362
f 6358 6362 6363
f 6364 6365 6366
f 6367 6368 6369
f 6370 6371 6372
f 6370 6372 6373
f 6374 6375 6376
f 6374 6376 6377
f 6378 6379 6380
f 6381 6382 6383
f 6384 6385 6386
f 6387 6388 6389
f 6387 6389 6390
f 6387 6390 6391
f 6387 6391 6392
f 6393 6394 6395
f 6393 6395 6396
f 6397 6398 6399
f 6400 6401 6402
f 6403 6404 6405
f 6403 6405 6406
f 6407 6408 6409
f 6407 6409 6410
f 6411 6412 6413
f 6414 6415 6416
f 6414 6416 6417
f 6418 6419 6420
f 6421 6422 6423
f 6421 6423 6424
f 6421 6424 6425
f 6426 6427 6428
f 6429 6430 6431
f 6429 6431 6432
f 6429 6432 6433
f 6434 6435 6436
f 6434 6436 6437
f 6434 6437 6438
f 6439 6440 6441
f 6439 6441 6442
f 6439 6442 6443
f 6444 6445 6446
f 6447 6448 6449
f 6450 6451 6452
f 6450 6452 6453
f 6454 6455 6456
f 6454 6456 6457
f 6458 6459 6460
f 6458 6460 6461
f 6462 6463 6464
f 6465 6466 6467
f 6465 6467 6468
f 6469 6470 6471
f 6472 6473 6474
f 6475 6476 6477
f 6475 6477 6478
f 6479 6480 6481
f 6479 6481 6482
f 6483 6484 6485
f 6486 6487 6488
f 6489 6490 6491
f 6492 6493 6494
f 6495 6496 6497
f 6495 6497 6498
f 6499 6500 6501
f 6502 6503 6504
f 6505 6506 6507
f 6505 6507 6508
f 6505 6508 6509
f 6505 6509 6510
f 6511 6512 6513
f 6514 6515 6516
f 6514 6516 6517
f 6518 6519 6520
f 6521 6522 6523
f 6524 6525 6526
f 6527 6528 6529
f 6530 6531 6532
f 6530 6532 6533
f 6530 6533 6534
f 6530 6534 6535
f 6536 6537 6538
f 6539 6540 6541
f 6539 6541 6542
f 6539 6542 6543
f 6544 6545 6546
f 6544 6546 6547
f 6548 6549 6550
f 6551 6552 6553
f 6554 6555 6556
f 6557 6558 6559
f 6560 6561 6562
f 6563 6564 6565
f 6563 6565 6566
f 6567 6568 6569
f 6570 6571 6572
f 6573 6574 6575
f 6576 6577 6578
f 6576 6578 6579
f 6576 6579 6580
f 6576 6580 6581
f 6582 6583 6584
f 6585 6586 6587
f 6585 6587 6588
f 6589 6590 6591
f 6592 6593 6594
f 6595 6596 6597
f 6595 6597 6598
f 6599 6600 6601
f 6602 6603 6604
f 6605 6606 6607
f 6608 6609 6610
f 6611 6612 6613
f 6614 6615 6616
f 6617 6618 6619
f 6620 6621 6622
f 6623 6624 6625
f 6623 6625 6626
f 6623 6626 6627
f 6628 6629 6630
f 6628 6630 6631
f 6632 6633 6634
f 6635 6636 6637
f 6638 6639 6640
f 6641 6642 6643
f 6644 6645 6646
f 6644 6646 6647
f 6648 6649 6650
f 6648 6650 6651
f 6648 6651 6652
f 6653 6654 6655
f 6656 6657 6658
f 6659 6660 6661
f 6662 6663 6664
f 6662 6664 6665
f 6662 6665 6666
f 6667 6668 6669
f 6667 6669 6670
f 6671 6672 6673
f 6674 6675 6676
f 6674 6676 6677
f 6678 6679 6680
f 6681 6682 6683
f 6681 6683 6684
f 6681 6684 6685
f 6686 6687 6688
f 6686 6688 6689
f 6690 6691 6692
f 6693 6694 6695
f 6693 6695 6696
f 6697 6698 6699
f 6700 6701 6702
f 6700 6702 6703
f 6704 6705 6706
f 6707 6708 6709
f 6707 6709 6710
f 6711 6712 6713
f 6714 6715 6716
f 6714 6716 6717
f 6718 6719 6720
f 6718 6720 6721
f 6718 6721 6722
f 6723 6724 6725
f 6723 6725 6726
f 6727 6728 6729
f 6730 6731 6732
f 6733 6734 6735
f 6733 6735 6736
f 6733 6736 6737
f 6733 6737 6738
f 6739 6740 6741
f 6742 6743 6744
f 6742 6744 6745
f 6746 6747 6748
f 6749 6750 6751
f 6749 6751 6752
f 6749 6752 6753
f 6749 6753 6754
f 6755 6756 6757
f 6755 6757 6758
f 6759 6760 6761
f 6759 6761 6762
f 6763 6764 6765
f 6766 6767 6768
f 6766 6768 6769
f 6770 6771 6772
f 6773 6774 6775
f 6776 6777 6778
f 6776 6778 6779
f 6780 6781 6782
f 6780 6782 6783
f 6784 6785 6786
f 6787 6788 6789
f 6787 6789 6790
f 6791 6792 6793
f 6794 6795 6796
f 6797 6798 6799
f 6797 6799 6800
f 6801 6802 6803
f 6801 6803 6804
f 6801 6804 6805
f 6806 6807 6808
f 6809 6810 6811
f 6809 6811 6812
f 6809 6812 6813
f 6809 6813 6814
f 6815 6816 6817
f 6815 6817 6818
f 6815 6818 6819
f 6820 6821 6822
f 6823 6824 6825
f 6826 6827 6828
f 6826 6828 6829
f 6830 6831 6832
f 6833 6834 6835
f 6836 6837 6838
f 6839 6840 6841
f 6839 6841 6842
f 6843 6844 6845
f 6843 6845 6846
f 6847 6848 6849
f 6847 6849 6850
f 6847 6850 6851
f 6852 6853 6854
f 6852 6854 6855
f 6856 6857 6858
f 6859 6860 6861
f 6862 6863 6864
f 6862 6864 6865
f 6866 6867 6868
f 6866 6868 6869
f 6870 6871 6872
f 6873 6874 6875
f 6876 6877 6878
f 6879 6880 6881
f 6879 6881 6882
f 6883 6884 6885
f 6886 6887 6888
f 6886 6888 6889
f 6890 6891 6892
f 6893 6894 6895
f 6893 6895 6896
f 6897 6898 6899
f 6900 6901 6902
f 6903 6904 6905
f 6906 6907 6908
f 6909 6910 6911
f 6909 6911 6912
f 6909 6912 6913
f 6914 6915 6916
f 6917 6918 6919
f 6920 6921 6922
f 6923 6924 6925
f 6923 6925 6926
f 6927 6928 6929
f 6930 6931 6932
f 6930 6932 6933
f 6930 6933 6934
f 6930 6934 6935
f 6936 6937 6938
f 6939 6940 6941
f 6942 6943 6944
f 6942 6944 6945
f 6946 6947 6948
f 6949 6950 6951
f 6952 6953 6954
f 6952 6954 6955
f 6952 6955 6956
f 6952 6956 6957
f 6958 6959 6960
f 6961 6962 6963
f 6964 6965 6966
f 6964 6966 6967
f 6968 6969 6970
f 6971 6972 6973
f 6974 6975 6976
f 6974 6976 6977
f 6978 6979 6980
f 6981 6982 6983
f 6984 6985 6986
f 6984 6986 6987
f 6988 6989 6990
f 6991 6992 6993
f 6991 6993 6994
f 6995 6996 6997
f 6995 6997 6998
f 6999 7000 7001
f 7002 7003 7004
f 7005 7006 7007
f 7008 7009 7010
f 7008 7010 7011
f 7012 7013 7014
f 7015 7016 7017
f 7018 7019 7020
f 7021 7022 7023
f 7021 7023 7024
f 7025 7026 7027
f 7028 7029 7030
f 7031 7032 7033
f 7034 7035 7036
f 7037 7038 7039
f 7040 7041 7042
f 7040 7042 7043
f 7040 7043 7044
f 7045 7046 7047
f 7045 7047 7048
f 7049 7050 7051
f 7052 7053 7054
f 7052 7054 7055
f 7056 7057 7058
f 7059 7060 7061
f 7059 7061 7062
f 7059 7062 7063
f 7064 7065 7066
f 7064 7066 7067
f 7068 7069 7070
f 7068 7070 7071
f 7072 7073 7074
f 7072 7074 7075
f 7076 7077 7078
f 7076 7078 7079
f 7080 7081 7082
f 7083 7084 7085
f 7086 7087 7088
f 7089 7090 7091
f 7092 7093 7094
f 7092 7094 7095
f 7092 7095 7096
f 7097 7098 7099
f 7100 7101 7102
f 7103 7104 7105
f 7103 7105 7106
f 7107 7108 7109
f 7110 7111 7112
f 7110 7112 7113
f 7114 7115 7116
f 7117 7118 7119
f 7120 7121 7122
f 7123 7124 7125
f 7123 7125 7126
f 7123 7126 7127
f 7128 7129 7130
f 7128 7130 7131
f 7128 7131 7132
f 7128 7132 7133
f 7134 7135 7136
f 7137 7138 7139
f 7140 7141 7142
f 7143 7144 7145
f 7146 7147 7148
f 7146 7148 7149
f 7150 7151 7152
f 7150 7152 7153
f 7154 7155 7156
f 7157 7158 7159
f 7160 7161 7162
f 7160 7162 7163
f 7164 7165 7166
f 7164 7166 7167
f 7164 7167 7168
f 7164 7168 7169
f 7170 7171 7172
f 7170 7172 7173
f 7174 7175 7176
f 7177 7178 7179
f 7180 7181 7182
f 7180 7182 7183
f 7180 7183 7184
f 7185 7186 7187
f 7185 7187 7188
f 7189 7190 7191
f 7192 7193 7194
f 7192 7194 7195
f 7196 7197 7198
f 7196 7198 7199
f 7200 7201 7202
f 7200 7202 7203
f 7204 7205 7206
f 7204 7206 7207
f 7204 7207 7208
f 7209 7210 7211
f 7212 7213 7214
f 7215 7216 7217
f 7215 7217 7218
f 7215 7218 7219
f 7215 7219 7220
f 7221 7222 7223
f 7224 7225 7226
f 7227 7228 7229
f 7227 7229 7230
f 7231 7232 7233
f 7234 7235 7236
f 7237 7238 7239
f 7240 7241 7242
f 7243 7244 7245
f 7243 7245 7246
f 7247 7248 7249
f 7250 7251 7252
f 7253 7254 7255
f 7256 7257 7258
f 7259 7260 7261
f 7262 7263 7264
f 7265 7266 7267
f 7265 7267 7268
f 7269 7270 7271
f 7269 7271 7272
f 7269 7272 7273
f 7274 7275 7276
f 7277 7278 7279
f 7277 7279 7280
f 7281 7282 7283
f 7281 7283 7284
f 7285 7286 7287
f 7288 7289 7290
f 7291 7292 7293
f 7291 7293 7294
f 7291 7294 7295
f 7296 7297 7298
f 7299 7300 7301
f 7302 7303 7304
f 7302 7304 7305
f 7306 7307 7308
f 7309 7310 7311
f 7309 7311 7312
f 7313 7314 7315
f 7316 7317 7318
f 7319 7320 7321
f 7322 7323 7324
f 7325 7326 7327
f 7325 7327 7328
f 7329 7330 7331
f 7332 7333 7334
f 7335 7336 7337
f 7338 7339 7340
f 7338 7340 7341
f 7342 7343 7344
f 7345 7346 7347
f 7348 7349 7350
f 7348 7350 7351
f 7348 7351 7352
f 7353 7354 7355
f 7356 7357 7358
f 7359 7360 7361
f 7362 7363 7364
f 7362 7364 7365
f 7366 7367 7368
f 7369 7370 7371
f 7372 7373 7374
f 7375 7376 7377
f 7378 7379 7380
f 7378 7380 7381
f 7378 7381 7382
f 7378 7382 7383
f 7384 7385 7386
f 7384 7386 7387
f 7388 7389 7390
f 7388 7390 7391
f 7392 7393 7394
f 7392 7394 7395
f 7396 7397 7398
f 7396 7398 7399
f 7400 7401 7402
f 7403 7404 7405
f 7406 7407 7408
f 7409 7410 7411
f 7412 7413 7414
f 7412 7414 7415
f 7412 7415 7416
f 7417 7418 7419
f 7420 7421 7422
f 7420 7422 7423
f 7424 7425 7426
f 7424 7426 7427
f 7424 7427 7428
f 7424 7428 7429
f 7430 7431 7432
f 7430 7432 7433
f 7430 7433 7434
f 7430 7434 7435
f 7436 7437 7438
f 7439 7440 7441
f 7442 7443 7444
f 7445 7446 7447
f 7448 7449 7450
f 7448 7450 7451
f 7452 7453 7454
f 7455 7456 7457
f 7455 7457 7458
f 7459 7460 7461
f 7462 7463 7464
f 7462 7464 7465
f 7466 7467 7468
f 7466 7468 7469
f 7470 7471 7472
f 7473 7474 7475
f 7476 7477 7478
f 7476 7478 7479
f 7480 7481 7482
f 7480 7482 7483
f 7484 7485 7486
f 7487 7488 7489
f 7490 7491 7492
f 7493 7494 7495
f 7493 7495 7496
f 7497 7498 7499
f 7500 7501 7502
f 7500 7502 7503
f 7500 7503 7504
f 7505 7506 7507
f 7505 7507 7508
f 7505 7508 7509
f 7510 7511 7512
f 7510 7512 7513
f 7514 7515 7516
f 7517 7518 7519
f 7517 7519 7520
f 7517 7520 7521
f 7522 7523 7524
f 7522 7524 7525
f 7522 7525 7526
f 7522 7526 7527
f 7528 7529 7530
f 7531 7532 7533
f 7531 7533 7534
f 7535 7536 7537
f 7538 7539 7540
f 7541 7542 7543
f 7541 7543 7544
f 7545 7546 7547
f 7548 7549 7550
f 7548 7550 7551
f 7548 7551 7552
f 7548 7552 7553
f 7554 7555 7556
f 7557 7558 7559
f 7560 7561 7562
f 7560 7562 7563
f 7560 7563 7564
f 7560 7564 7565
f 7566 7567 7568
f 7569 7570 7571
f 7569 7571 7572
f 7573 7574 7575
f 7573 7575 7576
f 7577 7578 7579
f 7580 7581 7582
f 7583 7584 7585
f 7583 7585 7586
f 7587 7588 7589
f 7590 7591 7592
f 7593 7594 7595
f 7593 7595 7596
f 7597 7598 7599
f 7600 7601 7602
f 7600 7602 7603
f 7600 7603 7604
f 7600 7604 7605
f 7606 7607 7608
f 7609 7610 7611
f 7612 7613 7614
f 7612 7614 7615
f 7616 7617 7618
f 7616 7618 7619
f 7620 7621 7622
f 7623 7624 7625
f 7626 7627 7628
f 7629 7630 7631
f 7632 7633 7634
f 7632 7634 7635
f 7636 7637 7638
f 7639 7640 7641
f 7642 7643 7644
f 7642 7644 7645
f 7646 7647 7648
f 7649 7650 7651
f 7652 7653 7654
f 7655 7656 7657
f 7658 7659 7660
f 7661 7662 7663
f 7661 7663 7664
f 7661 7664 7665
f 7666 7667 7668
f 7669 7670 7671
f 7669 7671 7672
f 7673 7674 7675
f 7676 7677 7678
f 7679 7680 7681
f 7679 7681 7682
f 7683 7684 7685
f 7686 7687 7688
f 7689 7690 7691
f 7692 7693 7694
f 7695 7696 7697
f 7695 7697 7698
f 7699 7700 7701
f 7702 7703 7704
f 7705 7706 7707
f 7705 7707 7708
f 7709 7710 7711
f 7712 7713 7714
f 7712 7714 7715
f 7716 7717 7718
f 7719 7720 7721
f 7719 7721 7722
f 7723 7724 7725
f 7726 7727 7728
f 7729 7730 7731
f 7732 7733 7734
f 7735 7736 7737
f 7738 7739 7740
f 7741 7742 7743
f 7744 7745 7746
f 7744 7746 7747
f 7744 7747 7748
f 7749 7750 7751
f 7752 7753 7754
f 7755 7756 7757
f 7758 7759 7760
f 7761 7762 7763
f 7764 7765 7766
f 7764 7766 7767
f 7768 7769 7770
f 7771 7772 7773
f 7774 7775 7776
f 7774 7776 7777
f 7778 7779 7780
f 7781 7782 7783
f 7784 7785 7786
f 7787 7788 7789
f 7790 7791 7792
f 7793 7794 7795
f 7793 7795 7796
f 7793 7796 7797
f 7793 7797 7798
f 7799 7800 7801
f 7799 7801 7802
f 7799 7802 7803
f 7804 7805 7806
f 7807 7808 7809
f 7810 7811 7812
f 7813 7814 7815
f 7813 7815 7816
f 7817 7818 7819
f 7820 7821 7822
f 7823 7824 7825
f 7823 7825 7826
f 7827 7828 7829
f 7830 7831 7832
f 7830 7832 7833
f 7834 7835 7836
f 7834 7836 7837
f 7838 7839 7840
f 7841 7842 7843
f 7844 7845 7846
f 7844 7846 7847
f 7848 7849 7850
f 7851 7852 7853
f 7851 7853 7854
f 7851 7854 7855
f 7851 7855 7856
f 7857 7858 7859
f 7860 7861 7862
f 7863 7864 7865
f 7866 7867 7868
f 7869 7870 7871
f 7872 7873 7874
f 7875 7876 7877
f 7875 7877 7878
f 7879 7880 7881
f 7882 7883 7884
f 7885 7886 7887
f 7885 7887 7888
f 7889 7890 7891
f 7892 7893 7894
f 7895 7896 7897
f 7895 7897 7898
f 7899 7900 7901
f 7899 7901 7902
f 7903 7904 7905
f 7906 7907 7908
f 7909 7910 7911
f 7909 7911 7912
f 7913 7914 7915
f 7916 7917 7918
f 7919 7920 7921
f 7922 7923 7924
f 7922 7924 7925
f 7926 7927 7928
f 7926 7928 7929
f 7926 7929 7930
f 7931 7932 7933
f 7931 7933 7934
f 7935 7936 7937
f 7935 7937 7938
f 7939 7940 7941
f 7942 7943 7944
f 7945 7946 7947
f 7945 7947 7948
f 7949 7950 7951
f 7949 7951 7952
f 7953 7954 7955
f 7953 7955 7956
f 7957 7958 7959
f 7960 7961 7962
f 7963 7964 7965
f 7963 7965 7966
f 7967 7968 7969
f 7967 7969 7970
f 7967 7970 7971
f 7967 7971 7972
f 7973 7974 7975
f 7976 7977 7978
f 7979 7980 7981
f 7982 7983 7984
f 7985 7986 7987
f 7985 7987 7988
f 7989 7990 7991
f 7992 7993 7994
f 7992 7994 7995
f 7996 7997 7998
f 7999 8000 8001
f 8002 8003 8004
f 8005 8006 8007
f 8008 8009 8010
f 8008 8010 8011
f 8008 8011 8012
f 8013 8014 8015
f 8016 8017 8018
f 8016 8018 8019
f 8020 8021 8022
f 8023 8024 8025
f 8023 8025 8026
f 8023 8026 8027
f 8028 8029 8030
f 8031 8032 8033
f 8034 8035 8036
f 8037 8038 8039
f 8040 8041 8042
f 8043 8044 8045
f 8043 8045 8046
f 8047 8048 8049
f 8050 8051 8052
f 8053 8054 8055
f 8053 8055 8056
f 8057 8058 8059
f 8060 8061 8062
f 8063 8064 8065
f 8063 8065 8066
f 8067 8068 8069
f 8067 8069 8070
f 8067 8070 8071
f 8072 8073 8074
f 8075 8076 8077
f 8078 8079 8080
f 8078 8080 8081
f 8078 8081 8082
f 8083 8084 8085
f 8083 8085 8086
f 8083 8086 8087
f 8088 8089 8090
f 8088 8090 8091
f 8088 8091 8092
f 8093 8094 8095
f 8096 8097 8098
f 8099 8100 8101
f 8102 8103 8104
f 8102 8104 8105
f 8106 8107 8108
f 8109 8110 8111
f 8112 8113 8114
f 8115 8116 8117
f 8115 8117 8118
f 8119 8120 8121
f 8122 8123 8124
f 8125 8126 8127
f 8128 8129 8130
f 8131 8132 8133
f 8131 8133 8134
f 8135 8136 8137
f 8135 8137 8138
f 8135 8138 8139
f 8140 8141 8142
f 8140 8142 8143
f 8144 8145 8146
f 8147 8148 8149
f 8147 8149 8150
f 8151 8152 8153
f 8154 8155 8156
f 8157 8158 8159
f 8160 8161 8162
f 8160 8162 8163
f 8160 8163 8164
f 8165 8166 8167
f 8165 8167 8168
f 8165 8168 8169
f 8165 8169 8170
f 8171 8172 8173
f 8171 8173 8174
f 8175 8176 8177
f 8175 8177 8178
f 8175 8178 8179
f 8180 8181 8182
f 8180 8182 8183
f 8180 8183 8184
f 8185 8186 8187
f 8185 8187 8188
f 8185 8188 8189
f 8190 8191 8192
f 8193 8194 8195
f 8196 8197 8198
f 8199 8200 8201
f 8202 8203 8204
f 8205 8206 8207
f 8208 8209 8210
f 8208 8210 8211
f 8212 8213 8214
f 8215 8216 8217
f 8215 8217 8218
f 8215 8218 8219
f 8220 8221 8222
f 8223 8224 8225
f 8226 8227 8228
f 8229 8230 8231
f 8229 8231 8232
f 8233 8234 8235
f 8236 8237 8238
f 8236 8238 8239
f 8240 8241 8242
f 8243 8244 8245
f 8246 8247 8248
f 8249 8250 8251
f 8252 8253 8254
f 8252 8254 8255
f 8256 8257 8258
f 8256 8258 8259
f 8260 8261 8262
f 8260 8262 8263
f 8264 8265 8266
f 8267 8268 8269
f 8270 8271 8272
f 8273 8274 8275
f 8276 8277 8278
f 8276 8278 8279
f 8280 8281 8282
f 8280 8282 8283
f 8284 8285 8286
f 8284 8286 8287
f 8284 8287 8288
f 8289 8290 8291
f 8289 8291 8292
f 8289 8292 8293
f 8294 8295 8296
f 8297 8298 8299
f 8297 8299 8300
f 8297 8300 8301
f 8302 8303 8304
f 8305 8306 8307
f 8308 8309 8310
f 8311 8312 8313
f 8314 8315 8316
f 8314 8316 8317
f 8318 8319 8320
f 8321 8322 8323
f 8324 8325 8326
f 8324 8326 8327
f 8328 8329 8330
f 8331 8332 8333
f 8334 8335 8336
f 8334 8336 8337
f 8338 8339 8340
f 8338 8340 8341
f 8338 8341 8342
f 8338 8342 8343
f 8344 8345 8346
f 8344 8346 8347
f 8344 8347 8348
f 8349 8350 8351
f 8352 8353 8354
f 8352 8354 8355
f 8352 8355 8356
f 8352 8356 8357
f 8358 8359 8360
f 8361 8362 8363
f 8364 8365 8366
f 8367 8368 8369
f 8370 8371 8372
f 8370 8372 8373
f 8370 8373 8374
f 8375 8376 8377
f 8378 8379 8380
f 8381 8382 8383
f 8381 8383 8384
f 8385 8386 8387
f 8385 8387 8388
f 8389 8390 8391
f 8392 8393 8394
f 8392 8394 8395
f 8396 8397 8398
f 8399 8400 8401
f 8402 8403 8404
f 8405 8406 8407
f 8408 8409 8410
f 8411 8412 8413
f 8411 8413 8414
f 8415 8416 8417
f 8418 8419 8420
f 8421 8422 8423
f 8421 8423 8424
f 8425 8426 8427
f 8428 8429 8430
f 8428 8430 8431
f 8432 8433 8434
f 8435 8436 8437
f 8438 8439 8440
f 8438 8440 8441
f 8442 8443 8444
f 8442 8444 8445
f 8446 8447 8448
f 8446 8448 8449
f 8446 8449 8450
f 8451 8452 8453
f 8454 8455 8456
f 8454 8456 8457
f 8458 8459 8460
f 8458 8460 8461
f 8458 8461 8462
f 8463 8464 8465
f 8463 8465 8466
f 8467 8468 8469
f 8470 8471 8472
f 8473 8474 8475
f 8476 8477 8478
f 8476 8478 8479
f 8480 8481 8482
f 8480 8482 8483
f 8484 8485 8486
f 8484 8486 8487
f 8484 8487 8488
f 8484 8488 8489
f 8490 8491 8492
f 8493 8494 8495
f 8496 8497 8498
f 8499 8500 8501
f 8502 8503 8504
f 8505 8506 8507
f 8508 8509 8510
f 8511 8512 8513
f 8514 8515 8516
f 8517 8518 8519
f 8520 8521 8522
f 8520 8522 8523
f 8520 8523 8524
f 8525 8526 8527
f 8525 8527 8528
f 8529 8530 8531
f 8532 8533 8534
f 8532 8534 8535
f 8536 8537 8538
f 8536 8538 8539
f 8536 8539 8540
f 8536 8540 8541
f 8542 8543 8544
f 8542 8544 8545
f 8546 8547 8548
f 8549 8550 8551
f 8549 8551 8552
f 8549 8552 8553
f 8554 8555 8556
f 8557 8558 8559
f 8560 8561 8562
f 8560 8562 8563
f 8564 8565 8566
f 8567 8568 8569
f 8567 8569 8570
f 8567 8570 8571
f 8567 8571 8572
f 8573 8574 8575
f 8576 8577 8578
f 8579 8580 8581
f 8582 8583 8584
f 8582 8584 8585
f 8586 8587 8588
f 8586 8588 8589
f 8586 8589 8590
f 8586 8590 8591
f 8592 8593 8594
f 8595 8596 8597
f 8598 8599 8600
f 8598 8600 8601
f 8598 8601 8602
f 8598 8602 8603
f 8604 8605 8606
f 8604 8606 8607
f 8608 8609 8610
f 8608 8610 8611
f 8612 8613 8614
f 8612 8614 8615
f 8612 8615 8616
f 8617 8618 8619
f 8617 8619 8620
f 8621 8622 8623
f 8621 8623 8624
f 8625 8626 8627
f 8628 8629 8630
f 8628 8630 8631
f 8632 8633 8634
f 8635 8636 8637
f 8638 8639 8640
f 8641 8642 8643
f 8641 8643 8644
f 8641 8644 8645
f 8646 8647 8648
f 8646 8648 8649
f 8646 8649 8650
f 8651 8652 8653
f 8654 8655 8656
f 8657 8658 8659
f 8660 8661 8662
f 8660 8662 8663
f 8660 8663 8664
f 8660 8664 8665
f 8666 8667 8668
f 8666 8668 8669
f 8666 8669 8670
f 8671 8672 8673
f 8671 8673 8674
f 8671 8674 8675
f 8671 8675 8676
f 8677 8678 8679
f 8677 8679 8680
f 8677 8680 8681
f 8682 8683 8684
f 8682 8684 8685
f 8686 8687 8688
f 8686 8688 8689
f 8686 8689 8690
f 8691 8692 8693
f 8694 8695 8696
f 8697 8698 8699
f 8697 8699 8700
f 8701 8702 8703
f 8704 8705 8706
f 8704 8706 8707
f 8708 8709 8710
f 8711 8712 8713
f 8711 8713 8714
f 8715 8716 8717
f 8715 8717 8718
f 8715 8718 8719
f 8720 8721 8722
f 8720 8722 8723
f 8724 8725 8726
f 8727 8728 8729
f 8730 8731 8732
f 8733 8734 8735
f 8733 8735 8736
f 8737 8738 8739
f 8740 8741 8742
f 8743 8744 8745
f 8746 8747 8748
f 8746 8748 8749
f 8750 8751 8752
f 8753 8754 8755
f 8753 8755 8756
f 8757 8758 8759
f 8760 8761 8762
f 8763 8764 8765
f 8763 8765 8766
f 8763 8766 8767
f 8768 8769 8770
f 8771 8772 8773
f 8774 8775 8776
f 8774 8776 8777
f 8778 8779 8780
f 8781 8782 8783
f 8784 8785 8786
f 8784 8786 8787
f 8784 8787 8788
f 8789 8790 8791
f 8792 8793 8794
f 8795 8796 8797
f 8798 8799 8800
f 8801 8802 8803
f 8801 8803 8804
f 8801 8804 8805
f 8806 8807 8808
f 8809 8810 8811
f 8809 8811 8812
f 8809 8812 8813
f 8809 8813 8814
f 8815 8816 8817
f 8815 8817 8818
f 8819 8820 8821
f 8819 8821 8822
f 8819 8822 8823
f 8819 8823 8824
f 8825 8826 8827
f 8825 8827 8828
f 8829 8830 8831
f 8832 8833 8834
f 8832 8834 8835
f 8836 8837 8838
f 8839 8840 8841
f 8842 8843 8844
f 8842 8844 8845
f 8846 8847 8848
f 8849 8850 8851
f 8852 8853 8854
f 8855 8856 8857
f 8855 8857 8858
f 8859 8860 8861
f 8859 8861 8862
f 8863 8864 8865
f 8866 8867 8868
f 8869 8870 8871
f 8869 8871 8872
f 8873 8874 8875
f 8876 8877 8878
f 8879 8880 8881
f 8879 8881 8882
f 8879 8882 8883
f 8884 8885 8886
f 8887 8888 8889
f 8887 8889 8890
f 8891 8892 8893
f 8891 8893 8894
f 8891 8894 8895
f 8891 8895 8896
f 8897 8898 8899
f 8900 8901 8902
f 8900 8902 8903
f 8904 8905 8906
f 8907 8908 8909
f 8910 8911 8912
f 8910 8912 8913
f 8910 8913 8914
f 8910 8914 8915
f 8916 8917 8918
f 8919 8920 8921
f 8919 8921 8922
f 8923 8924 8925
f 8923 8925 8926
f 8923 8926 8927
f 8928 8929 8930
f 8931 8932 8933
f 8931 8933 8934
f 8931 8934 8935
f 8936 8937 8938
f 8939 8940 8941
f 8942 8943 8944
f 8942 8944 8945
f 8946 8947 8948
f 8946 8948 8949
f 8950 8951 8952
f 8953 8954 8955
f 8956 8957 8958
f 8956 8958 8959
f 8960 8961 8962
f 8960 8962 8963
f 8964 8965 8966
f 8964 8966 8967
f 8968 8969 8970
f 8968 8970 8971
f 8972 8973 8974
f 8972 8974 8975
f 8976 8977 8978
f 8979 8980 8981
f 8979 8981 8982
f 8983 8984 8985
f 8983 8985 8986
f 8983 8986 8987
f 8988 8989 8990
f 8988 8990 8991
f 8988 8991 8992
f 8993 8994 8995
f 8996 8997 8998
f 8996 8998 8999
f 9000 9001 9002
f 9000 9002 9003
f 9004 9005 9006
f 9007 9008 9009
f 9010 9011 9012
f 9010 9012 9013
f 9014 9015 9016
f 9014 9016 9017
f 9018 9019 9020
f 9018 9020 9021
f 9018 9021 9022
f 9023 9024 9025
f 9026 9027 9028
f 9026 9028 9029
f 9030 9031 9032
f 9033 9034 9035
f 9036 9037 9038
f 9036 9038 9039
f 9036 9039 9040
f 9041 9042 9043
f 9044 9045 9046
f 9047 9048 9049
f 9050 9051 9052
f 9053 9054 9055
f 9056 9057 9058
f 9056 9058 9059
f 9056 9059 9060
f 9056 9060 9061
f 9062 9063 9064
f 9065 9066 9067
f 9068 9069 9070
f 9071 9072 9073
f 9071 9073 9074
f 9075 9076 9077
f 9078 9079 9080
f 9081 9082 9083
f 9081 9083 9084
f 9085 9086 9087
f 9088 9089 9090
f 9088 9090 9091
f 9092 9093 9094
f 9092 9094 9095
f 9096 9097 9098
f 9099 9100 9101
f 9099 9101 9102
f 9103 9104 9105
f 9103 9105 9106
f 9107 9108 9109
f 9107 9109 9110
f 9107 9110 9111
f 9107 9111 9112
f 9113 9114 9115
f 9116 9117 9118
f 9119 9120 9121
f 9122 9123 9124
f 9125 9126 9127
f 9125 9127 9128
f 9129 9130 9131
f 9129 9131 9132
f 9133 9134 9135
f 9133 9135 9136
f 9137 9138 9139
f 9137 9139 9140
f 9141 9142 9143
f 9144 9145 9146
f 9147 9148 9149
f 9150 9151 9152
f 9150 9152 9153
f 9154 9155 9156
f 9157 9158 9159
f 9160 9161 9162
f 9163 9164 9165
f 9166 9167 9168
f 9169 9170 9171
f 9172 9173 9174
f 9175 9176 9177
f 9178 9179 9180
f 9178 9180 9181
f 9182 9183 9184
f 9182 9184 9185
f 9186 9187 9188
f 9189 9190 9191
f 9192 9193 9194
f 9192 9194 9195
f 9196 9197 9198
f 9199 9200 9201
f 9202 9203 9204
f 9202 9204 9205
f 9206 9207 9208
f 9209 9210 9211
f 9212 9213 9214
f 9215 9216 9217
f 9215 9217 9218
f 9219 9220 9221
f 9219 9221 9222
f 9219 9222 9223
f 9219 9223 9224
f 9225 9226 9227
f 9225 9227 9228
f 9229 9230 9231
f 9232 9233 9234
f 9235 9236 9237
f 9238 9239 9240
f 9238 9240 9241
f 9238 9241 9242
f 9238 9242 9243
f 9244 9245 9246
f 9247 9248 9249
f 9250 9251 9252
f 9253 9254 9255
f 9256 9257 9258
f 9256 9258 9259
f 9260 9261 9262
f 9263 9264 9265
f 9266 9267 9268
f 9266 9268 9269
f 9270 9271 9272
f 9270 9272 9273
f 9270 9273 9274
f 9270 9274 9275
f 9276 9277 9278
f 9276 9278 9279
f 9276 9279 9280
f 9281 9282 9283
f 9281 9283 9284
f 9285 9286 9287
f 9288 9289 9290
f 9291 9292 9293
f 9294 9295 9296
f 9297 9298 9299
f 9297 9299 9300
f 9297 9300 9301
f 9302 9303 9304
f 9302 9304 9305
f 9306 9307 9308
f 9309 9310 9311
f 9312 9313 9314
f 9315 9316 9317
f 9315 9317 9318
f 9319 9320 9321
f 9322 9323 9324
f 9322 9324 9325
f 9322 9325 9326
f 9322 9326 9327
f 9328 9329 9330
f 9331 9332 9333
f 9334 9335 9336
f 9337 9338 9339
f 9340 9341 9342
f 9343 9344 9345
f 9343 9345 9346
f 9347 9348 9349
f 9347 9349 9350
f 9351 9352 9353
f 9351 9353 9354
f 9355 9356 9357
f 9355 9357 9358
f 9359 9360 9361
f 9359 9361 9362
f 9363 9364 9365
f 9363 9365 9366
f 9363 9366 9367
f 9368 9369 9370
f 9368 9370 9371
f 9368 9371 9372
f 9373 9374 9375
f 9373 9375 9376
f 9377 9378 9379
f 9380 9381 9382
f 9383 9384 9385
f 9386 9387 9388
f 9389 9390 9391
f 9389 9391 9392
f 9393 9394 9395
f 9396 9397 9398
f 9396 9398 9399
f 9400 9401 9402
f 9403 9404 9405
f 9406 9407 9408
f 9406 9408 9409
f 9410 9411 9412
f 9413 9414 9415
f 9416 9417 9418
f 9416 9418 9419
f 9420 9421 9422
f 9420 9422 9423
f 9424 9425 9426
f 9427 9428 9429
f 9430 9431 9432
f 9433 9434 9435
f 9433 9435 9436
f 9433 9436 9437
f 9438 9439 9440
f 9438 9440 9441
f 9442 9443 9444
f 9445 9446 9447
f 9445 9447 9448
f 9445 9448 9449
f 9450 9451 9452
f 9453 9454 9455
f 9453 9455 9456
f 9453 9456 9457
f 9458 9459 9460
f 9461 9462 9463
f 9461 9463 9464
f 9465 9466 9467
f 9468 9469 9470
f 9471 9472 9473
f 9471 9473 9474
f 9475 9476 9477
f 9478 9479 9480
f 9478 9480 9481
f 9482 9483 9484
f 9482 9484 9485
f 9486 9487 9488
f 9489 9490 9491
f 9489 9491 9492
f 9493 9494 9495
f 9496 9497 9498
f 9499 9500 9501
f 9499 9501 9502
f 9499 9502 9503
f 9504 9505 9506
f 9507 9508 9509
f 9510 9511 9512
f 9510 9512 9513
f 9514 9515 9516
f 9517 9518 9519
f 9517 9519 9520
f 9517 9520 9521
f 9522 9523 9524
f 9522 9524 9525
f 9522 9525 9526
f 9527 9528 9529
f 9527 9529 9530
f 9531 9532 9533
f 9531 9533 9534
f 9531 9534 9535
f 9531 9535 9536
f 9537 9538 9539
f 9540 9541 9542
f 9540 9542 9543
f 9540 9543 9544
f 9540 9544 9545
f 9546 9547 9548
f 9546 9548 9549
f 9550 9551 9552
f 9553 9554 9555
f 9556 9557 9558
f 9556 9558 9559
f 9560 9561 9562
f 9563 9564 9565
f 9566 9567 9568
f 9566 9568 9569
f 9570 9571 9572
f 9573 9574 9575
f 9576 9577 9578
f 9576 9578 9579
f 9576 9579 9580
f 9576 9580 9581
f 9582 9583 9584
f 9585 9586 9587
f 9588 9589 9590
f 9591 9592 9593
f 9591 9593 9594
f 9591 9594 9595
f 9591 9595 9596
f 9597 9598 9599
f 9597 9599 9600
f 9601 9602 9603
f 9601 9603 9604
f 9605 9606 9607
f 9605 9607 9608
f 9605 9608 9609
f 9610 9611 9612
f 9610 9612 9613
f 9614 9615 9616
f 9617 9618 9619
f 9620 9621 9622
f 9620 9622 9623
f 9620 9623 9624
f 9625 9626 9627
f 9628 9629 9630
f 9631 9632 9633
f 9631 9633 9634
f 9635 9636 9637
f 9635 9637 9638
f 9639 9640 9641
f 9642 9643 9644
f 9645 9646 9647
f 9645 9647 9648
f 9649 9650 9651
f 9652 9653 9654
f 9655 9656 9657
f 9658 9659 9660
f 9661 9662 9663
f 9664 9665 9666
f 9664 9666 9667
f 9668 9669 9670
f 9668 9670 9671
f 9672 9673 9674
f 9672 9674 9675
f 9672 9675 9676
f 9672 9676 9677
f 9678 9679 9680
f 9681 9682 9683
f 9681 9683 9684
f 9681 9684 9685
f 9681 9685 9686
f 9687 9688 9689
f 9690 9691 9692
f 9693 9694 9695
f 9696 9697 9698
f 9699 9700 9701
f 9699 9701 9702
f 9703 9704 9705
f 9703 9705 9706
f 9703 9706 9707
f 9703 9707 9708
f 9709 9710 9711
f 9712 9713 9714
f 9715 9716 9717
f 9718 9719 9720
f 9721 9722 9723
f 9724 9725 9726
f 9727 9728 9729
f 9730 9731 9732
f 9733 9734 9735
f 9736 9737 9738
f 9736 9738 9739
f 9736 9739 9740
f 9736 9740 9741
f 9742 9743 9744
f 9742 9744 9745
f 9746 9747 9748
f 9749 9750 9751
f 9749 9751 9752
f 9753 9754 9755
f 9753 9755 9756
f 9753 9756 9757
f 9753 9757 9758
f 9759 9760 9761
f 9762 9763 9764
f 9765 9766 9767
f 9768 9769 9770
f 9768 9770 9771
f 9772 9773 9774
f 9772 9774 9775
f 9776 9777 9778
f 9779 9780 9781
f 9782 9783 9784
f 9785 9786 9787
f 9788 9789 9790
f 9791 9792 9793
f 9794 9795 9796
f 9797 9798 9799
f 9800 9801 9802
f 9803 9804 9805
f 9806 9807 9808
f 9806 9808 9809
f 9810 9811 9812
f 9810 9812 9813
f 9810 9813 9814
f 9815 9816 9817
f 9815 9817 9818
f 9819 9820 9821
f 9822 9823 9824
f 9825 9826 9827
f 9828 9829 9830
f 9828 9830 9831
f 9832 9833 9834
f 9832 9834 9835
f 9836 9837 9838
f 9836 9838 9839
f 9840 9841 9842
f 9843 9844 9845
f 9846 9847 9848
f 9849 9850 9851
f 9852 9853 9854
f 9855 9856 9857
f 9855 9857 9858
f 9859 9860 9861
f 9862 9863 9864
f 9865 9866 9867
f 9865 9867 9868
f 9865 9868 9869
f 9870 9871 9872
f 9870 9872 9873
f 9874 9875 9876
f 9874 9876 9877
f 9874 9877 9878
f 9879 9880 9881
f 9879 9881 9882
f 9883 9884 9885
f 9883 9885 9886
f 9887 9888 9889
f 9890 9891 9892
f 9893 9894 9895
f 9896 9897 9898
f 9896 9898 9899
f 9896 9899 9900
f 9896 9900 9901
f 9902 9903 9904
f 9902 9904 9905
f 9902 9905 9906
f 9907 9908 9909
f 9910 9911 9912
f 9913 9914 9915
f 9916 9917 9918
f 9919 9920 9921
f 9922 9923 9924
f 9922 9924 9925
f 9922 9925 9926
f 9927 9928 9929
f 9927 9929 9930
f 9931 9932 9933
f 9931 9933 9934
f 9935 9936 9937
f 9935 9937 9938
f 9935 9938 9939
f 9935 9939 9940
f 9941 9942 9943
f 9944 9945 9946
f 9944 9946 9947
f 9944 9947 9948
f 9949 9950 9951
f 9949 9951 9952
f 9953 9954 9955
f 9956 9957 9958
f 9959 9960 9961
f 9959 9961 9962
f 9963 9964 9965
f 9966 9967 9968
f 9969 9970 9971
f 9972 9973 9974
f 9972 9974 9975
f 9972 9975 9976
f 9972 9976 9977
f 9978 9979 9980
f 9981 9982 9983
f 9984 9985 9986
f 9984 9986 9987
f 9984 9987 9988
f 9989 9990 9991
f 9989 9991 9992
f 9993 9994 9995
f 9993 9995 9996
f 9997 9998 9999
f 10000 10001 10002
f 10003 10004 10005
f 10003 10005 10006
f 10003 10006 10007
f 10008 10009 10010
f 10011 10012 10013
f 10014 10015 10016
f 10017 10018 10019
f 10020 10021 10022
f 10023 10024 10025
f 10023 10025 10026
f 10027 10028 10029
f 10027 10029 10030
f 10031 10032 10033
f 10034 10035 10036
f 10037 10038 10039
f 10037 10039 10040
f 10041 10042 10043
f 10041 10043 10044
f 10041 10044 10045
f 10046 10047 10048
f 10049 10050 10051
f 10049 10051 10052
f 10049 10052 10053
f 10054 10055 10056
f 10054 10056 10057
f 10058 10059 10060
f 10061 10062 10063
f 10064 10065 10066
f 10067 10068 10069
f 10070 10071 10072
f 10070 10072 10073
f 10070 10073 10074
f 10075 10076 10077
f 10075 10077 10078
f 10079 10080 10081
f 10082 10083 10084
f 10085 10086 10087
f 10088 10089 10090
f 10091 10092 10093
f 10094 10095 10096
f 10097 10098 10099
f 10097 10099 10100
f 10097 10100 10101
f 10097 10101 10102
f 10103 10104 10105
f 10106 10107 10108
f 10109 10110 10111
f 10112 10113 10114
f 10112 10114 10115
f 10116 10117 10118
f 10119 10120 10121
f 10122 10123 10124
f 10125 10126 10127
f 10125 10127 10128
f 10125 10128 10129
f 10130 10131 10132
f 10133 10134 10135
f 10136 10137 10138
f 10139 10140 10141
f 10142 10143 10144
f 10145 10146 10147
f 10145 10147 10148
f 10149 10150 10151
f 10152 10153 10154
f 10152 10154 10155
f 10156 10157 10158
f 10159 10160 10161
f 10159 10161 10162
f 10159 10162 10163
f 10159 10163 10164
f 10165 10166 10167
f 10165 10167 10168
f 10169 10170 10171
f 10169 10171 10172
f 10169 10172 10173
f 10169 10173 10174
f 10175 10176 10177
f 10178 10179 10180
f 10178 10180 10181
f 10182 10183 10184
f 10185 10186 10187
f 10185 10187 10188
f 10189 10190 10191
f 10189 10191 10192
f 10193 10194 10195
f 10196 10197 10198
f 10196 10198 10199
f 10196 10199 10200
f 10196 10200 10201
f 10202 10203 10204
f 10205 10206 10207
f 10208 10209 10210
f 10208 10210 10211
f 10212 10213 10214
f 10212 10214 10215
f 10212 10215 10216
f 10217 10218 10219
f 10217 10219 10220
f 10221 10222 10223
f 10224 10225 10226
f 10227 10228 10229
f 10227 10229 10230
f 10227 10230 10231
f 10232 10233 10234
f 10235 10236 10237
f 10238 10239 10240
f 10241 10242 10243
f 10241 10243 10244
f 10241 10244 10245
f 10246 10247 10248
f 10246 10248 10249
f 10250 10251 10252
f 10250 10252 10253
f 10254 10255 10256
f 10254 10256 10257
f 10258 10259 10260
f 10258 10260 10261
f 10262 10263 10264
f 10262 10264 10265
f 10266 10267 10268
f 10269 10270 10271
f 10269 10271 10272
f 10273 10274 10275
f 10276 10277 10278
f 10279 10280 10281
f 10279 10281 10282
f 10283 10284 10285
f 10286 10287 10288
f 10286 10288 10289
f 10290 10291 10292
f 10290 10292 10293
f 10290 10293 10294
f 10295 10296 10297
f 10295 10297 10298
f 10295 10298 10299
f 10300 10301 10302
f 10303 10304 10305
f 10306 10307 10308
f 10306 10308 10309
f 10310 10311 10312
f 10310 10312 10313
f 10310 10313 10314
f 10310 10314 10315
f 10316 10317 10318
f 10316 10318 10319
f 10320 10321 10322
f 10323 10324 10325
f 10326 10327 10328
f 10326 10328 10329
f 10330 10331 10332
f 10333 10334 10335
f 10333 10335 10336
f 10337 10338 10339
f 10340 10341 10342
f 10343 10344 10345
f 10346 10347 10348
f 10349 10350 10351
f 10349 10351 10352
f 10349 10352 10353
f 10349 10353 10354
f 10355 10356 10357
f 10358 10359 10360
f 10358 10360 10361
f 10358 10361 10362
f 10363 10364 10365
f 10363 10365 10366
f 10367 10368 10369
f 10367 10369 10370
f 10371 10372 10373
f 10371 10373 10374
f 10375 10376 10377
f 10375 10377 10378
f 10379 10380 10381
f 10382 10383 10384
f 10382 10384 10385
f 10386 10387 10388
f 10389 10390 10391
f 10389 10391 10392
f 10393 10394 10395
f 10393 10395 10396
f 10393 10396 10397
f 10398 10399 10400
f 10401 10402 10403
f 10404 10405 10406
f 10404 10406 10407
f 10408 10409 10410
f 10408 10410 10411
f 10408 10411 10412
f 10413 10414 10415
f 10413 10415 10416
f 10417 10418 10419
f 10417 10419 10420
f 10421 10422 10423
f 10424 10425 10426
f 10427 10428 10429
f 10427 10429 10430
f 10431 10432 10433
f 10434 10435 10436
f 10437 10438 10439
f 10440 10441 10442
f 10443 10444 10445
f 10443 10445 10446
f 10447 10448 10449
f 10447 10449 10450
f 10447 10450 10451
f 10447 10451 10452
f 10453 10454 10455
f 10456 10457 10458
f 10456 10458 10459
f 10460 10461 10462
f 10463 10464 10465
f 10466 10467 10468
f 10469 10470 10471
f 10469 10471 10472
f 10473 10474 10475
f 10473 10475 10476
f 10477 10478 10479
f 10480 10481 10482
f 10483 10484 10485
f 10486 10487 10488
f 10489 10490 10491
f 10489 10491 10492
f 10493 10494 10495
f 10496 10497 10498
f 10499 10500 10501
f 10502 10503 10504
f 10505 10506 10507
f 10505 10507 10508
f 10509 10510 10511
f 10509 10511 10512
f 10513 10514 10515
f 10516 10517 10518
f 10519 10520 10521
f 10522 10523 10524
f 10522 10524 10525
f 10526 10527 10528
f 10529 10530 10531
f 10529 10531 10532
f 10529 10532 10533
f 10534 10535 10536
f 10537 10538 10539
f 10540 10541 10542
f 10543 10544 10545
f 10543 10545 10546
f 10547 10548 10549
f 10550 10551 10552
f 10550 10552 10553
f 10550 10553 10554
f 10555 10556 10557
f 10558 10559 10560
f 10561 10562 10563
f 10561 10563 10564
f 10561 10564 10565
f 10561 10565 10566
f 10567 10568 10569
f 10570 10571 10572
f 10570 10572 10573
f 10570 10573 10574
f 10575 10576 10577
f 10578 10579 10580
f 10578 10580 10581
f 10578 10581 10582
f 10583 10584 10585
f 10586 10587 10588
f 10586 10588 10589
f 10590 10591 10592
f 10590 10592 10593
f 10594 10595 10596
f 10594 10596 10597
f 10594 10597 10598
f 10599 10600 10601
f 10602 10603 10604
f 10602 10604 10605
f 10606 10607 10608
f 10609 10610 10611
f 10609 10611 10612
f 10609 10612 10613
f 10609 10613 10614
f 10615 10616 10617
f 10618 10619 10620
f 10621 10622 10623
f 10621 10623 10624
f 10625 10626 10627
f 10628 10629 10630
f 10631 10632 10633
f 10634 10635 10636
f 10637 10638 10639
f 10637 10639 10640
f 10637 10640 10641
f 10642 10643 10644
f 10645 10646 10647
f 10645 10647 10648
f 10649 10650 10651
f 10649 10651 10652
f 10653 10654 10655
f 10653 10655 10656
f 10657 10658 10659
f 10660 10661 10662
f 10663 10664 10665
f 10666 10667 10668
f 10669 10670 10671
f 10672 10673 10674
f 10672 10674 10675
f 10676 10677 10678
f 10679 10680 10681
f 10679 10681 10682
f 10683 10684 10685
f 10686 10687 10688
f 10689 10690 10691
f 10692 10693 10694
f 10692 10694 10695
f 10696 10697 10698
f 10699 10700 10701
f 10699 10701 10702
f 10703 10704 10705
f 10706 10707 10708
f 10706 10708 10709
f 10706 10709 10710
f 10711 10712 10713
f 10714 10715 10716
f 10714 10716 10717
f 10718 10719 10720
f 10721 10722 10723
f 10724 10725 10726
f 10724 10726 10727
f 10728 10729 10730
f 10731 10732 10733
f 10731 10733 10734
f 10735 10736 10737
f 10738 10739 10740
f 10738 10740 10741
f 10742 10743 10744
f 10745 10746 10747
f 10745 10747 10748
f 10745 10748 10749
f 10745 10749 10750
f 10751 10752 10753
f 10751 10753 10754
f 10755 10756 10757
f 10758 10759 10760
f 10761 10762 10763
f 10764 10765 10766
f 10767 10768 10769
f 10770 10771 10772
f 10773 10774 10775
f 10773 10775 10776
f 10777 10778 10779
f 10780 10781 10782
f 10783 10784 10785
f 10783 10785 10786
f 10787 10788 10789
f 10790 10791 10792
f 10793 10794 10795
f 10796 10797 10798
f 10799 10800 10801
f 10802 10803 10804
f 10802 10804 10805
f 10802 10805 10806
f 10802 10806 10807
f 10808 10809 10810
f 10808 10810 10811
f 10812 10813 10814
f 10815 10816 10817
f 10815 10817 10818
f 10815 10818 10819
f 10820 10821 10822
f 10823 10824 10825
f 10826 10827 10828
f 10826 10828 10829
f 10826 10829 10830
f 10826 10830 10831
f 10832 10833 10834
f 10835 10836 10837
f 10838 10839 10840
f 10838 10840 10841
f 10842 10843 10844
f 10845 10846 10847
f 10848 10849 10850
f 10848 10850 10851
f 10852 10853 10854
f 10855 10856 10857
f 10855 10857 10858
f 10859 10860 10861
f 10859 10861 10862
f 10859 10862 10863
f 10864 10865 10866
f 10867 10868 10869
f 10867 10869 10870
f 10867 10870 10871
f 10872 10873 10874
f 10872 10874 10875
f 10872 10875 10876
f 10877 10878 10879
f 10877 10879 10880
f 10881 10882 10883
f 10884 10885 10886
f 10884 10886 10887
f 10888 10889 10890
f 10888 10890 10891
f 10888 10891 10892
f 10893 10894 10895
f 10893 10895 10896
f 10897 10898 10899
f 10897 10899 10900
f 10901 10902 10903
f 10904 10905 10906
f 10904 10906 10907
f 10908 10909 10910
f 10911 10912 10913
f 10914 10915 10916
f 10917 10918 10919
f 10920 10921 10922
f 10920 10922 10923
f 10920 10923 10924
f 10920 10924 10925
f 10926 10927 10928
f 10929 10930 10931
f 10932 10933 10934
f 10935 10936 10937
f 10938 10939 10940
f 10941 10942 10943
f 10944 10945 10946
f 10944 10946 10947
f 10944 10947 10948
f 10944 10948 10949
f 10950 10951 10952
f 10953 10954 10955
f 10953 10955 10956
f 10957 10958 10959
f 10960 10961 10962
f 10963 10964 10965
f 10963 10965 10966
f 10967 10968 10969
f 10967 10969 10970
f 10971 10972 10973
f 10971 10973 10974
f 10975 10976 10977
f 10978 10979 10980
f 10978 10980 10981
f 10978 10981 10982
f 10983 10984 10985
f 10983 10985 10986
f 10987 10988 10989
f 10987 10989 10990
f 10991 10992 10993
f 10991 10993 10994
f 10991 10994 10995
f 10991 10995 10996
f 10997 10998 10999
f 11000 11001 11002
f 11003 11004 11005
f 11003 11005 11006
f 11007 11008 11009
f 11007 11009 11010
f 11007 11010 11011
f 11012 11013 11014
f 11015 11016 11017
f 11018 11019 11020
f 11018 11020 11021
f 11022 11023 11024
f 11025 11026 11027
f 11028 11029 11030
f 11031 11032 11033
f 11031 11033 11034
f 11035 11036 11037
f 11038 11039 11040
f 11038 11040 11041
f 11038 11041 11042
f 11043 11044 11045
f 11043 11045 11046
f 11047 11048 11049
f 11050 11051 11052
f 11050 11052 11053
f 11050 11053 11054
f 11055 11056 11057
f 11058 11059 11060
f 11061 11062 11063
f 11064 11065 11066
f 11067 11068 11069
f 11070 11071 11072
f 11070 11072 11073
f 11074 11075 11076
f 11077 11078 11079
f 11080 11081 11082
f 11080 11082 11083
f 11080 11083 11084
f 11080 11084 11085
f 11086 11087 11088
f 11086 11088 11089
f 11086 11089 11090
f 11091 11092 11093
f 11091 11093 11094
f 11095 11096 11097
f 11098 11099 11100
f 11101 11102 11103
f 11104 11105 11106
f 11104 11106 11107
f 11104 11107 11108
f 11109 11110 11111
f 11112 11113 11114
f 11115 11116 11117
f 11115 11117 11118
f 11119 11120 11121
f 11119 11121 11122
f 11123 11124 11125
f 11126 11127 11128
f 11129 11130 11131
f 11129 11131 11132
f 11133 11134 11135
f 11133 11135 11136
f 11137 11138 11139
f 11137 11139 11140
f 11137 11140 11141
f 11142 11143 11144
f 11142 11144 11145
f 11142 11145 11146
f 11147 11148 11149
f 11150 11151 11152
f 11153 11154 11155
f 11153 11155 11156
f 11157 11158 11159
f 11157 11159 11160
f 11157 11160 11161
f 11157 11161 11162
f 11163 11164 11165
f 11166 11167 11168
f 11169 11170 11171
f 11172 11173 11174
f 11175 11176 11177
f 11178 11179 11180
f 11181 11182 11183
f 11181 11183 11184
f 11185 11186 11187
f 11188 11189 11190
f 11188 11190 11191
f 11192 11193 11194
f 11192 11194 11195
f 11196 11197 11198
f 11199 11200 11201
f 11199 11201 11202
f 11199 11202 11203
f 11204 11205 11206
f 11207 11208 11209
f 11207 11209 11210
f 11207 11210 11211
f 11207 11211 11212
f 11213 11214 11215
f 11216 11217 11218
f 11219 11220 11221
f 11219 11221 11222
f 11223 11224 11225
f 11226 11227 11228
f 11229 11230 11231
f 11229 11231 11232
f 11233 11234 11235
f 11236 11237 11238
f 11236 11238 11239
f 11240 11241 11242
f 11243 11244 11245
f 11246 11247 11248
f 11246 11248 11249
f 11250 11251 11252
f 11250 11252 11253
f 11254 11255 11256
f 11257 11258 11259
f 11257 11259 11260
f 11257 11260 11261
f 11262 11263 11264
f 11262 11264 11265
f 11262 11265 11266
f 11267 11268 11269
f 11270 11271 11272
f 11273 11274 11275
f 11273 11275 11276
f 11277 11278 11279
f 11277 11279 11280
f 11281 11282 11283
f 11284 11285 11286
f 11284 11286 11287
f 11288 11289 11290
f 11288 11290 11291
f 11288 11291 11292
f 11288 11292 11293
f 11294 11295 11296
f 11297 11298 11299
f 11297 11299 11300
f 11301 11302 11303
f 11301 11303 11304
f 11305 11306 11307
f 11308 11309 11310
f 11311 11312 11313
f 11314 11315 11316
f 11317 11318 11319
f 11320 11321 11322
f 11323 11324 11325
f 11326 11327 11328
f 11329 11330 11331
f 11332 11333 11334
f 11335 11336 11337
f 11335 11337 11338
f 11339 11340 11341
f 11339 11341 11342
f 11339 11342 11343
f 11344 11345 11346
f 11344 11346 11347
f 11344 11347 11348
f 11349 11350 11351
f 11352 11353 11354
f 11352 11354 11355
f 11356 11357 11358
f 11359 11360 11361
f 11362 11363 11364
f 11365 11366 11367
f 11368 11369 11370
f 11371 11372 11373
f 11371 11373 11374
f 11375 11376 11377
f 11378 11379 11380
f 11381 11382 11383
f 11384 11385 11386
f 11387 11388 11389
f 11387 11389 11390
f 11391 11392 11393
f 11394 11395 11396
f 11394 11396 11397
f 11398 11399 11400
f 11401 11402 11403
f 11401 11403 11404
f 11401 11404 11405
f 11401 11405 11406
f 11407 11408 11409
f 11410 11411 11412
f 11413 11414 11415
f 11416 11417 11418
f 11419 11420 11421
f 11422 11423 11424
f 11422 11424 11425
f 11426 11427 11428
f 11429 11430 11431
f 11432 11433 11434
f 11435 11436 11437
f 11438 11439 11440
f 11441 11442 11443
f 11444 11445 11446
f 11444 11446 11447
f 11448 11449 11450
f 11451 11452 11453
f 11451 11453 11454
f 11451 11454 11455
f 11456 11457 11458
f 11456 11458 11459
f 11460 11461 11462
f 11460 11462 11463
f 11460 11463 11464
f 11465 11466 11467
f 11468 11469 11470
f 11471 11472 11473
f 11471 11473 11474
f 11475 11476 11477
f 11478 11479 11480
f 11481 11482 11483
f 11481 11483 11484
f 11481 11484 11485
f 11486 11487 11488
f 11489 11490 11491
f 11492 11493 11494
f 11495 11496 11497
f 11498 11499 11500
f 11498 11500 11501
f 11502 11503 11504
f 11505 11506 11507
f 11508 11509 11510
f 11508 11510 11511
f 11508 11511 11512
f 11513 11514 11515
f 11513 11515 11516
f 11517 11518 11519
f 11520 11521 11522
f 11523 11524 11525
f 11526 11527 11528
f 11529 11530 11531
f 11532 11533 11534
f 11535 11536 11537
f 11535 11537 11538
f 11535 11538 11539
f 11540 11541 11542
f 11540 11542 11543
f 11544 11545 11546
f 11544 11546 11547
f 11548 11549 11550
f 11548 11550 11551
f 11548 11551 11552
f 11553 11554 11555
f 11553 11555 11556
f 11557 11558 11559
f 11557 11559 11560
f 11561 11562 11563
f 11561 11563 11564
f 11561 11564 11565
f 11561 11565 11566
f 11567 11568 11569
f 11567 11569 11570
f 11567 11570 11571
f 11572 11573 11574
f 11575 11576 11577
f 11575 11577 11578
f 11575 11578 11579
f 11580 11581 11582
f 11583 11584 11585
f 11583 11585 11586
f 11583 11586 11587
f 11588 11589 11590
f 11591 11592 11593
f 11591 11593 11594
f 11591 11594 11595
f 11596 11597 11598
f 11596 11598 11599
f 11596 11599 11600
f 11601 11602 11603
f 11601 11603 11604
f 11605 11606 11607
f 11605 11607 11608
f 11609 11610 11611
f 11609 11611 11612
f 11613 11614 11615
f 11613 11615 11616
f 11617 11618 11619
f 11617 11619 11620
f 11621 11622 11623
f 11624 11625 11626
f 11627 11628 11629
f 11630 11631 11632
f 11630 11632 11633
f 11634 11635 11636
f 11637 11638 11639
f 11640 11641 11642
f 11643 11644 11645
f 11643 11645 11646
f 11647 11648 11649
f 11650 11651 11652
f 11653 11654 11655
f 11653 11655 11656
f 11653 11656 11657
f 11653 11657 11658
f 11659 11660 11661
f 11662 11663 11664
f 11665 11666 11667
f 11665 11667 11668
f 11669 11670 11671
f 11669 11671 11672
f 11669 11672 11673
f 11674 11675 11676
f 11674 11676 11677
f 11678 11679 11680
f 11678 11680 11681
f 11682 11683 11684
f 11685 11686 11687
f 11688 11689 11690
f 11691 11692 11693
f 11694 11695 11696
f 11694 11696 11697
f 11694 11697 11698
f 11699 11700 11701
f 11702 11703 11704
f 11702 11704 11705
f 11706 11707 11708
f 11706 11708 11709
f 11710 11711 11712
f 11710 11712 11713
f 11714 11715 11716
f 11714 11716 11717
f 11718 11719 11720
f 11718 11720 11721
f 11722 11723 11724
f 11722 11724 11725
f 11726 11727 11728
f 11726 11728 11729
f 11730 11731 11732
f 11733 11734 11735
f 11736 11737 11738
f 11739 11740 11741
f 11739 11741 11742
f 11743 11744 11745
f 11743 11745 11746
f 11743 11746 11747
f 11748 11749 11750
f 11751 11752 11753
f 11751 11753 11754
f 11755 11756 11757
f 11755 11757 11758
f 11755 11758 11759
f 11760 11761 11762
f 11763 11764 11765
f 11763 11765 11766
f 11763 11766 11767
f 11768 11769 11770
f 11768 11770 11771
f 11768 11771 11772
f 11768 11772 11773
f 11774 11775 11776
f 11777 11778 11779
f 11780 11781 11782
f 11783 11784 11785
f 11786 11787 11788
f 11786 11788 11789
f 11786 11789 11790
f 11791 11792 11793
f 11794 11795 11796
f 11794 11796 11797
f 11798 11799 11800
f 11801 11802 11803
f 11804 11805 11806
f 11804 11806 11807
f 11808 11809 11810
f 11811 11812 11813
f 11814 11815 11816
f 11814 11816 11817
f 11818 11819 11820
f 11818 11820 11821
f 11822 11823 11824
f 11822 11824 11825
f 11826 11827 11828
f 11826 11828 11829
f 11830 11831 11832
f 11833 11834 11835
f 11836 11837 11838
f 11836 11838 11839
f 11836 11839 11840
f 11836 11840 11841
f 11842 11843 11844
f 11845 11846 11847
f 11848 11849 11850
f 11848 11850 11851
f 11848 11851 11852
f 11853 11854 11855
f 11856 11857 11858
f 11856 11858 11859
f 11856 11859 11860
f 11861 11862 11863
f 11864 11865 11866
f 11864 11866 11867
f 11868 11869 11870
f 11871 11872 11873
f 11871 11873 11874
f 11871 11874 11875
f 11871 11875 11876
f 11877 11878 11879
f 11880 11881 11882
f 11883 11884 11885
f 11886 11887 11888
f 11889 11890 11891
f 11889 11891 11892
f 11889 11892 11893
f 11889 11893 11894
f 11895 11896 11897
f 11898 11899 11900
f 11901 11902 11903
f 11901 11903 11904
f 11905 11906 11907
f 11905 11907 11908
f 11909 11910 11911
f 11912 11913 11914
f 11915 11916 11917
f 11918 11919 11920
f 11918 11920 11921
f 11918 11921 11922
f 11923 11924 11925
f 11926 11927 11928
f 11929 11930 11931
f 11932 11933 11934
f 11932 11934 11935
f 11936 11937 11938
f 11939 11940 11941
f 11942 11943 11944
f 11945 11946 11947
f 11948 11949 11950
f 11948 11950 11951
f 11948 11951 11952
f 11953 11954 11955
f 11956 11957 11958
f 11959 11960 11961
f 11962 11963 11964
f 11965 11966 11967
f 11965 11967 11968
f 11965 11968 11969
f 11970 11971 11972
f 11973 11974 11975
f 11976 11977 11978
f 11976 11978 11979
f 11976 11979 11980
f 11981 11982 11983
f 11984 11985 11986
f 11987 11988 11989
f 11990 11991 11992
f 11993 11994 11995
f 11993 11995 11996
f 11997 11998 11999
f 12000 12001 12002
f 12000 12002 12003
f 12004 12005 12006
f 12007 12008 12009
f 12007 12009 12010
f 12011 12012 12013
f 12014 12015 12016
f 12017 12018 12019
f 12017 12019 12020
f 12021 12022 12023
f 12024 12025 12026
f 12027 12028 12029
f 12027 12029 12030
f 12031 12032 12033
f 12034 12035 12036
f 12034 12036 12037
f 12038 12039 12040
f 12041 12042 12043
f 12044 12045 12046
f 12044 12046 12047
f 12048 12049 12050
f 12048 12050 12051
f 12052 12053 12054
f 12055 12056 12057
f 12058 12059 12060
f 12061 12062 12063
f 12061 12063 12064
f 12065 12066 12067
f 12065 12067 12068
f 12065 12068 12069
f 12065 12069 12070
f 12071 12072 12073
f 12074 12075 12076
f 12077 12078 12079
f 12080 12081 12082
f 12083 12084 12085
f 12086 12087 12088
f 12089 12090 12091
f 12092 12093 12094
f 12095 12096 12097
f 12098 12099 12100
f 12101 12102 12103
f 12104 12105 12106
f 12107 12108 12109
f 12110 12111 12112
f 12110 12112 12113
f 12114 12115 12116
f 12117 12118 12119
f 12120 12121 12122
f 12123 12124 12125
f 12126 12127 12128
f 12126 12128 12129
f 12130 12131 12132
f 12133 12134 12135
f 12136 12137 12138
f 12136 12138 12139
f 12140 12141 12142
f 12140 12142 12143
f 12140 12143 12144
f 12145 12146 12147
f 12148 12149 12150
f 12148 12150 12151
f 12148 12151 12152
f 12148 12152 12153
f 12154 12155 12156
f 12154 12156 12157
f 12158 12159 12160
f 12161 12162 12163
f 12164 12165 12166
f 12164 12166 12167
f 12164 12167 12168
f 12169 12170 12171
f 12172 12173 12174
f 12175 12176 12177
f 12175 12177 12178
f 12179 12180 12181
f 12179 12181 12182
f 12183 12184 12185
f 12186 12187 12188
f 12189 12190 12191
f 12192 12193 12194
f 12195 12196 12197
f 12198 12199 12200
f 12201 12202 12203
f 12201 12203 12204
f 12201 12204 12205
f 12206 12207 12208
f 12206 12208 12209
f 12206 12209 12210
f 12206 12210 12211
f 12212 12213 12214
f 12215 12216 12217
f 12215 12217 12218
f 12215 12218 12219
f 12220 12221 12222
f 12220 12222 12223
f 12224 12225 12226
f 12224 12226 12227
f 12228 12229 12230
f 12231 12232 12233
f 12234 12235 12236
f 12237 12238 12239
f 12240 12241 12242
f 12240 12242 12243
f 12244 12245 12246
f 12247 12248 12249
f 12250 12251 12252
f 12253 12254 12255
f 12256 12257 12258
f 12259 12260 12261
f 12262 12263 12264
f 12265 12266 12267
f 12268 12269 12270
f 12271 12272 12273
f 12274 12275 12276
f 12277 12278 12279
f 12277 12279 12280
f 12277 12280 12281
f 12277 12281 12282
f 12283 12284 12285
f 12283 12285 12286
f 12287 12288 12289
f 12287 12289 12290
f 12291 12292 12293
f 12294 12295 12296
f 12294 12296 12297
f 12298 12299 12300
f 12298 12300 12301
f 12302 12303 12304
f 12305 12306 12307
f 12308 12309 12310
f 12311 12312 12313
f 12311 12313 12314
f 12311 12314 12315
f 12316 12317 12318
f 12319 12320 12321
f 12322 12323 12324
f 12325 12326 12327
f 12328 12329 12330
f 12331 12332 12333
f 12331 12333 12334
f 12331 12334 12335
f 12331 12335 12336
f 12337 12338 12339
f 12340 12341 12342
f 12343 12344 12345
f 12343 12345 12346
f 12347 12348 12349
f 12347 12349 12350
f 12351 12352 12353
f 12351 12353 12354
f 12351 12354 12355
f 12351 12355 12356
f 12357 12358 12359
f 12360 12361 12362
f 12360 12362 12363
f 12364 12365 12366
f 12367 12368 12369
f 12367 12369 12370
f 12371 12372 12373
f 12371 12373 12374
f 12375 12376 12377
f 12378 12379 12380
f 12378 12380 12381
f 12382 12383 12384
f 12385 12386 12387
f 12385 12387 12388
f 12389 12390 12391
f 12389 12391 12392
f 12389 12392 12393
f 12389 12393 12394
f 12395 12396 12397
f 12395 12397 12398
f 12399 12400 12401
f 12402 12403 12404
f 12405 12406 12407
f 12405 12407 12408
f 12409 12410 12411
f 12412 12413 12414
f 12415 12416 12417
f 12415 12417 12418
f 12419 12420 12421
f 12422 12423 12424
f 12425 12426 12427
f 12425 12427 12428
f 12429 12430 12431
f 12432 12433 12434
f 12435 12436 12437
f 12435 12437 12438
f 12439 12440 12441
f 12442 12443 12444
f 12445 12446 12447
f 12448 12449 12450
f 12448 12450 12451
f 12452 12453 12454
f 12452 12454 12455
f 12456 12457 12458
f 12456 12458 12459
f 12456 12459 12460
f 12461 12462 12463
f 12464 12465 12466
f 12467 12468 12469
f 12470 12471 12472
f 12473 12474 12475
f 12476 12477 12478
f 12476 12478 12479
f 12476 12479 12480
f 12476 12480 12481
f 12482 12483 12484
f 12482 12484 12485
f 12482 12485 12486
f 12487 12488 12489
f 12490 12491 12492
f 12490 12492 12493
f 12494 12495 12496
f 12497 12498 12499
f 12497 12499 12500
f 12501 12502 12503
f 12504 12505 12506
f 12507 12508 12509
f 12510 12511 12512
f 12513 12514 12515
f 12516 12517 12518
f 12519 12520 12521
f 12522 12523 12524
f 12522 12524 12525
f 12526 12527 12528
f 12529 12530 12531
f 12532 12533 12534
f 12535 12536 12537
f 12538 12539 12540
f 12538 12540 12541
f 12538 12541 12542
f 12543 12544 12545
f 12546 12547 12548
f 12549 12550 12551
f 12552 12553 12554
f 12555 12556 12557
f 12558 12559 12560
f 12561 12562 12563
f 12564 12565 12566
f 12567 12568 12569
f 12570 12571 12572
f 12570 12572 12573
f 12574 12575 12576
f 12577 12578 12579
f 12577 12579 12580
f 12581 12582 12583
f 12584 12585 12586
f 12587 12588 12589
f 12590 12591 12592
f 12593 12594 12595
f 12593 12595 12596
f 12597 12598 12599
f 12600 12601 12602
f 12600 12602 12603
f 12604 12605 12606
f 12607 12608 12609
f 12607 12609 12610
f 12611 12612 12613
f 12614 12615 12616
f 12614 12616 12617
f 12614 12617 12618
f 12619 12620 12621
f 12622 12623 12624
f 12625 12626 12627
f 12628 12629 12630
f 12631 12632 12633
f 12634 12635 12636
f 12637 12638 12639
f 12640 12641 12642
f 12643 12644 12645
f 12646 12647 12648
f 12649 12650 12651
f 12652 12653 12654
f 12655 12656 12657
f 12658 12659 12660
f 12661 12662 12663
f 12661 12663 12664
f 12665 12666 12667
f 12668 12669 12670
f 12671 12672 12673
f 12674 12675 12676
f 12677 12678 12679
f 12680 12681 12682
f 12683 12684 12685
f 12683 12685 12686
f 12683 12686 12687
f 12688 12689 12690
f 12688 12690 12691
f 12692 12693 12694
f 12695 12696 12697
f 12695 12697 12698
f 12695 12698 12699
f 12700 12701 12702
f 12703 12704 12705
f 12706 12707 12708
f 12709 12710 12711
f 12712 12713 12714
f 12715 12716 12717
f 12718 12719 12720
f 12718 12720 12721
f 12718 12721 12722
f 12723 12724 12725
f 12726 12727 12728
f 12726 12728 12729
f 12730 12731 12732
f 12733 12734 12735
f 12736 12737 12738
f 12739 12740 12741
f 12742 12743 12744
f 12745 12746 12747
f 12748 12749 12750
f 12751 12752 12753
f 12751 12753 12754
f 12751 12754 12755
f 12756 12757 12758
f 12759 12760 12761
f 12759 12761 12762
f 12759 12762 12763
f 12759 12763 12764
f 12765 12766 12767
f 12768 12769 12770
f 12771 12772 12773
f 12774 12775 12776
f 12774 12776 12777
f 12778 12779 12780
f 12781 12782 12783
f 12784 12785 12786
f 12784 12786 12787
f 12788 12789 12790
f 12791 12792 12793
f 12791 12793 12794
f 12791 12794 12795
f 12796 12797 12798
f 12799 12800 12801
f 12802 12803 12804
f 12802 12804 12805
f 12806 12807 12808
f 12809 12810 12811
f 12812 12813 12814
f 12815 12816 12817
f 12815 12817 12818
f 12819 12820 12821
f 12822 12823 12824
f 12825 12826 12827
f 12828 12829 12830
f 12828 12830 12831
f 12832 12833 12834
f 12832 12834 12835
f 12836 12837 12838
f 12839 12840 12841
f 12839 12841 12842
f 12843 12844 12845
f 12846 12847 12848
f 12846 12848 12849
f 12850 12851 12852
f 12850 12852 12853
f 12854 12855 12856
f 12857 12858 12859
f 12860 12861 12862
f 12863 12864 12865
f 12866 12867 12868
f 12866 12868 12869
f 12870 12871 12872
f 12873 12874 12875
f 12876 12877 12878
f 12879 12880 12881
f 12882 12883 12884
f 12882 12884 12885
f 12886 12887 12888
f 12889 12890 12891
f 12892 12893 12894
f 12892 12894 12895
f 12896 12897 12898
f 12899 12900 12901
f 12902 12903 12904
f 12905 12906 12907
f 12908 12909 12910
f 12908 12910 12911
f 12912 12913 12914
f 12912 12914 12915
f 12916 12917 12918
f 12919 12920 12921
f 12922 12923 12924
f 12922 12924 12925
f 12926 12927 12928
f 12926 12928 12929
f 12930 12931 12932
f 12933 12934 12935
f 12933 12935 12936
f 12937 12938 12939
f 12937 12939 12940
f 12941 12942 12943
f 12941 12943 12944
f 12945 12946 12947
f 12945 12947 12948
f 12949 12950 12951
f 12952 12953 12954
f 12955 12956 12957
f 12958 12959 12960
f 12961 12962 12963
f 12961 12963 12964
f 12965 12966 12967
f 12968 12969 12970
f 12971 12972 12973
f 12974 12975 12976
f 12977 12978 12979
f 12977 12979 12980
f 12977 12980 12981
f 12982 12983 12984
f 12985 12986 12987
f 12988 12989 12990
f 12991 12992 12993
f 12994 12995 12996
f 12997 12998 12999
f 12997 12999 13000
f 13001 13002 13003
f 13001 13003 13004
f 13005 13006 13007
f 13008 13009 13010
f 13008 13010 13011
f 13008 13011 13012
f 13013 13014 13015
f 13016 13017 13018
f 13019 13020 13021
f 13022 13023 13024
f 13025 13026 13027
f 13028 13029 13030
f 13028 13030 13031
f 13028 13031 13032
f 13033 13034 13035
f 13036 13037 13038
f 13039 13040 13041
f 13042 13043 13044
f 13042 13044 13045
f 13046 13047 13048
f 13049 13050 13051
f 13052 13053 13054
f 13055 13056 13057
f 13055 13057 13058
f 13059 13060 13061
f 13062 13063 13064
f 13062 13064 13065
f 13066 13067 13068
f 13069 13070 13071
f 13072 13073 13074
f 13075 13076 13077
f 13075 13077 13078
f 13079 13080 13081
f 13082 13083 13084
f 13085 13086 13087
f 13088 13089 13090
f 13091 13092 13093
f 13091 13093 13094
f 13095 13096 13097
f 13098 13099 13100
f 13098 13100 13101
f 13102 13103 13104
f 13105 13106 13107
f 13108 13109 13110
f 13111 13112 13113
f 13111 13113 13114
f 13111 13114 13115
f 13111 13115 13116
f 13117 13118 13119
f 13117 13119 13120
f 13117 13120 13121
f 13122 13123 13124
f 13122 13124 13125
f 13126 13127 13128
f 13126 13128 13129
f 13130 13131 13132
f 13130 13132 13133
